{
  "type": "FeatureCollection",
  "source": "opensky",
  "dataset": "aircraft_italy",
  "generated_at": "2026-08-07T11:27:29.111516+00:00",
  "opensky_time": 1786102046,
  "count": 896,
  "features": [
    {
      "type": "Feature",
      "geometry": {
        "type": "Point",
        "coordinates": [
          14.4105,
          35.7566
        ]
      },
      "properties": {
        "icao24": "39de4e",
        "callsign": "TVF95ZB",
        "origin_country": "France",
        "time_position": 1786102046,
        "last_contact": 1786102046,
        "baro_altitude": 1607.82,
        "on_ground": false,
        "velocity": 132.52,
        "true_track": 238.65,
        "vertical_rate": 12.35,
        "geo_altitude": 1737.36,
        "squawk": "6563",
        "spi": false,
        "position_source": 0
      }
    },
    {
      "type": "Feature",
      "geometry": {
        "type": "Point",
        "coordinates": [
          9.2787,
          45.4521
        ]
      },
      "properties": {
        "icao24": "500493",
        "callsign": "T7NYDJ",
        "origin_country": "San Marino",
        "time_position": 1786102045,
        "last_contact": 1786102045,
        "baro_altitude": null,
        "on_ground": true,
        "velocity": 8.75,
        "true_track": 185.62,
        "vertical_rate": null,
        "geo_altitude": null,
        "squawk": null,
        "spi": false,
        "position_source": 0
      }
    },
    {
      "type": "Feature",
      "geometry": {
        "type": "Point",
        "coordinates": [
          16.3425,
          39.0146
        ]
      },
      "properties": {
        "icao24": "39de51",
        "callsign": "TVF49MD",
        "origin_country": "France",
        "time_position": 1786102045,
        "last_contact": 1786102045,
        "baro_altitude": 10675.62,
        "on_ground": false,
        "velocity": 235.44,
        "true_track": 133.49,
        "vertical_rate": -0.33,
        "geo_altitude": 11315.7,
        "squawk": "0437",
        "spi": false,
        "position_source": 0
      }
    },
    {
      "type": "Feature",
      "geometry": {
        "type": "Point",
        "coordinates": [
          11.252,
          43.1566
        ]
      },
      "properties": {
        "icao24": "39de44",
        "callsign": "TVF11JJ",
        "origin_country": "France",
        "time_position": 1786102045,
        "last_contact": 1786102045,
        "baro_altitude": 10965.18,
        "on_ground": false,
        "velocity": 216.44,
        "true_track": 314.71,
        "vertical_rate": 0,
        "geo_altitude": 11574.78,
        "squawk": "1000",
        "spi": false,
        "position_source": 0
      }
    },
    {
      "type": "Feature",
      "geometry": {
        "type": "Point",
        "coordinates": [
          12.8509,
          40.7949
        ]
      },
      "properties": {
        "icao24": "511181",
        "callsign": "VPC002",
        "origin_country": "Estonia",
        "time_position": 1786102045,
        "last_contact": 1786102046,
        "baro_altitude": 12496.8,
        "on_ground": false,
        "velocity": 231.5,
        "true_track": 90.38,
        "vertical_rate": 0,
        "geo_altitude": 13205.46,
        "squawk": null,
        "spi": false,
        "position_source": 0
      }
    },
    {
      "type": "Feature",
      "geometry": {
        "type": "Point",
        "coordinates": [
          6.5643,
          45.7102
        ]
      },
      "properties": {
        "icao24": "511172",
        "callsign": "MBU2QV",
        "origin_country": "Estonia",
        "time_position": 1786102045,
        "last_contact": 1786102045,
        "baro_altitude": 11269.98,
        "on_ground": false,
        "velocity": 225.01,
        "true_track": 206.92,
        "vertical_rate": 0.33,
        "geo_altitude": 11833.86,
        "squawk": "1000",
        "spi": false,
        "position_source": 0
      }
    },
    {
      "type": "Feature",
      "geometry": {
        "type": "Point",
        "coordinates": [
          12.5134,
          43.0963
        ]
      },
      "properties": {
        "icao24": "440291",
        "callsign": "OECCO",
        "origin_country": "Austria",
        "time_position": 1786102045,
        "last_contact": 1786102045,
        "baro_altitude": 213.36,
        "on_ground": false,
        "velocity": 37.68,
        "true_track": 14.23,
        "vertical_rate": 2.6,
        "geo_altitude": 266.7,
        "squawk": null,
        "spi": false,
        "position_source": 0
      }
    },
    {
      "type": "Feature",
      "geometry": {
        "type": "Point",
        "coordinates": [
          16.6304,
          45.1741
        ]
      },
      "properties": {
        "icao24": "471efb",
        "callsign": "WZZ3LT",
        "origin_country": "Hungary",
        "time_position": 1786102045,
        "last_contact": 1786102045,
        "baro_altitude": 10668,
        "on_ground": false,
        "velocity": 244.72,
        "true_track": 125.76,
        "vertical_rate": 0,
        "geo_altitude": 11247.12,
        "squawk": "4631",
        "spi": false,
        "position_source": 0
      }
    },
    {
      "type": "Feature",
      "geometry": {
        "type": "Point",
        "coordinates": [
          6.6447,
          45.0104
        ]
      },
      "properties": {
        "icao24": "3455d7",
        "callsign": "VOE9VC",
        "origin_country": "Spain",
        "time_position": 1786102045,
        "last_contact": 1786102045,
        "baro_altitude": 11887.2,
        "on_ground": false,
        "velocity": 256.55,
        "true_track": 94.72,
        "vertical_rate": 0.33,
        "geo_altitude": 12489.18,
        "squawk": "1000",
        "spi": false,
        "position_source": 0
      }
    },
    {
      "type": "Feature",
      "geometry": {
        "type": "Point",
        "coordinates": [
          7.217,
          43.6636
        ]
      },
      "properties": {
        "icao24": "4acb58",
        "callsign": "SAS4702",
        "origin_country": "Sweden",
        "time_position": 1786101558,
        "last_contact": 1786102045,
        "baro_altitude": null,
        "on_ground": true,
        "velocity": 3.09,
        "true_track": 165.94,
        "vertical_rate": null,
        "geo_altitude": null,
        "squawk": null,
        "spi": false,
        "position_source": 0
      }
    },
    {
      "type": "Feature",
      "geometry": {
        "type": "Point",
        "coordinates": [
          16.0433,
          46.0998
        ]
      },
      "properties": {
        "icao24": "470bc8",
        "callsign": "FCA1MA",
        "origin_country": "Hungary",
        "time_position": 1786102045,
        "last_contact": 1786102046,
        "baro_altitude": 13716,
        "on_ground": false,
        "velocity": 201.78,
        "true_track": 317.89,
        "vertical_rate": -0.33,
        "geo_altitude": 14348.46,
        "squawk": "7222",
        "spi": false,
        "position_source": 0
      }
    },
    {
      "type": "Feature",
      "geometry": {
        "type": "Point",
        "coordinates": [
          11.7134,
          47.1618
        ]
      },
      "properties": {
        "icao24": "3c5ee3",
        "callsign": "EWG32G",
        "origin_country": "Germany",
        "time_position": 1786102046,
        "last_contact": 1786102046,
        "baro_altitude": 11879.58,
        "on_ground": false,
        "velocity": 225.33,
        "true_track": 179.74,
        "vertical_rate": 0.33,
        "geo_altitude": 12412.98,
        "squawk": "1126",
        "spi": false,
        "position_source": 0
      }
    },
    {
      "type": "Feature",
      "geometry": {
        "type": "Point",
        "coordinates": [
          16.5752,
          41.1217
        ]
      },
      "properties": {
        "icao24": "46b82a",
        "callsign": "AEE855",
        "origin_country": "Greece",
        "time_position": 1786102045,
        "last_contact": 1786102045,
        "baro_altitude": 11269.98,
        "on_ground": false,
        "velocity": 239.86,
        "true_track": 124.34,
        "vertical_rate": 0,
        "geo_altitude": 11925.3,
        "squawk": "5715",
        "spi": false,
        "position_source": 0
      }
    },
    {
      "type": "Feature",
      "geometry": {
        "type": "Point",
        "coordinates": [
          7.2712,
          40.5905
        ]
      },
      "properties": {
        "icao24": "46b82b",
        "callsign": "AEE711",
        "origin_country": "Greece",
        "time_position": 1786102045,
        "last_contact": 1786102046,
        "baro_altitude": 10370.82,
        "on_ground": false,
        "velocity": 246.57,
        "true_track": 98.52,
        "vertical_rate": 0,
        "geo_altitude": 11003.28,
        "squawk": "1421",
        "spi": false,
        "position_source": 0
      }
    },
    {
      "type": "Feature",
      "geometry": {
        "type": "Point",
        "coordinates": [
          16.4812,
          45.1736
        ]
      },
      "properties": {
        "icao24": "4bc8da",
        "callsign": "PGT80EF",
        "origin_country": "Turkey",
        "time_position": 1786102044,
        "last_contact": 1786102045,
        "baro_altitude": 10347.96,
        "on_ground": false,
        "velocity": 218.65,
        "true_track": 270.67,
        "vertical_rate": 0.33,
        "geo_altitude": 10919.46,
        "squawk": "2337",
        "spi": false,
        "position_source": 0
      }
    },
    {
      "type": "Feature",
      "geometry": {
        "type": "Point",
        "coordinates": [
          9.5593,
          46.8236
        ]
      },
      "properties": {
        "icao24": "3d2530",
        "callsign": "DEMII",
        "origin_country": "Germany",
        "time_position": 1786102045,
        "last_contact": 1786102045,
        "baro_altitude": 4572,
        "on_ground": false,
        "velocity": 85.34,
        "true_track": 214.94,
        "vertical_rate": -0.33,
        "geo_altitude": 4861.56,
        "squawk": "4252",
        "spi": false,
        "position_source": 0
      }
    },
    {
      "type": "Feature",
      "geometry": {
        "type": "Point",
        "coordinates": [
          17.4403,
          41.0903
        ]
      },
      "properties": {
        "icao24": "46b832",
        "callsign": "AEE831",
        "origin_country": "Greece",
        "time_position": 1786102045,
        "last_contact": 1786102045,
        "baro_altitude": 10660.38,
        "on_ground": false,
        "velocity": 243.07,
        "true_track": 136.37,
        "vertical_rate": 0,
        "geo_altitude": 11285.22,
        "squawk": "7706",
        "spi": false,
        "position_source": 0
      }
    },
    {
      "type": "Feature",
      "geometry": {
        "type": "Point",
        "coordinates": [
          18.6687,
          40.266
        ]
      },
      "properties": {
        "icao24": "46b833",
        "callsign": "AEE3BR",
        "origin_country": "Greece",
        "time_position": 1786102045,
        "last_contact": 1786102046,
        "baro_altitude": 11269.98,
        "on_ground": false,
        "velocity": 235.71,
        "true_track": 150.3,
        "vertical_rate": 0,
        "geo_altitude": 11955.78,
        "squawk": "0114",
        "spi": false,
        "position_source": 0
      }
    },
    {
      "type": "Feature",
      "geometry": {
        "type": "Point",
        "coordinates": [
          18.9399,
          45.9015
        ]
      },
      "properties": {
        "icao24": "46b837",
        "callsign": "AEE2WD",
        "origin_country": "Greece",
        "time_position": 1786102045,
        "last_contact": 1786102045,
        "baro_altitude": 11269.98,
        "on_ground": false,
        "velocity": 241.38,
        "true_track": 152.45,
        "vertical_rate": 0.33,
        "geo_altitude": 11856.72,
        "squawk": "7607",
        "spi": false,
        "position_source": 0
      }
    },
    {
      "type": "Feature",
      "geometry": {
        "type": "Point",
        "coordinates": [
          14.4946,
          35.8487
        ]
      },
      "properties": {
        "icao24": "440209",
        "callsign": "EJU4285",
        "origin_country": "Austria",
        "time_position": 1786102005,
        "last_contact": 1786102009,
        "baro_altitude": null,
        "on_ground": true,
        "velocity": 0,
        "true_track": 0,
        "vertical_rate": null,
        "geo_altitude": null,
        "squawk": "1211",
        "spi": false,
        "position_source": 0
      }
    },
    {
      "type": "Feature",
      "geometry": {
        "type": "Point",
        "coordinates": [
          17.5289,
          40.8893
        ]
      },
      "properties": {
        "icao24": "46b825",
        "callsign": "AEE61PG",
        "origin_country": "Greece",
        "time_position": 1786102045,
        "last_contact": 1786102045,
        "baro_altitude": 10058.4,
        "on_ground": false,
        "velocity": 251.13,
        "true_track": 133.17,
        "vertical_rate": 0,
        "geo_altitude": 10660.38,
        "squawk": "0403",
        "spi": false,
        "position_source": 0
      }
    },
    {
      "type": "Feature",
      "geometry": {
        "type": "Point",
        "coordinates": [
          15.0248,
          45.1279
        ]
      },
      "properties": {
        "icao24": "500472",
        "callsign": "T7AVRO",
        "origin_country": "San Marino",
        "time_position": 1786102045,
        "last_contact": 1786102045,
        "baro_altitude": 9448.8,
        "on_ground": false,
        "velocity": 221.58,
        "true_track": 139.8,
        "vertical_rate": -0.33,
        "geo_altitude": 9966.96,
        "squawk": "7301",
        "spi": false,
        "position_source": 0
      }
    },
    {
      "type": "Feature",
      "geometry": {
        "type": "Point",
        "coordinates": [
          14.8638,
          45.8151
        ]
      },
      "properties": {
        "icao24": "44022d",
        "callsign": "AUA425X",
        "origin_country": "Austria",
        "time_position": 1786102045,
        "last_contact": 1786102045,
        "baro_altitude": 10043.16,
        "on_ground": false,
        "velocity": 229.66,
        "true_track": 248.72,
        "vertical_rate": 5.53,
        "geo_altitude": 10591.8,
        "squawk": "1000",
        "spi": false,
        "position_source": 0
      }
    },
    {
      "type": "Feature",
      "geometry": {
        "type": "Point",
        "coordinates": [
          11.2987,
          47.6243
        ]
      },
      "properties": {
        "icao24": "44022b",
        "callsign": "AUA136",
        "origin_country": "Austria",
        "time_position": 1786102046,
        "last_contact": 1786102046,
        "baro_altitude": 9441.18,
        "on_ground": false,
        "velocity": 243.46,
        "true_track": 76.93,
        "vertical_rate": 0,
        "geo_altitude": 9913.62,
        "squawk": "1000",
        "spi": false,
        "position_source": 0
      }
    },
    {
      "type": "Feature",
      "geometry": {
        "type": "Point",
        "coordinates": [
          16.7688,
          41.1382
        ]
      },
      "properties": {
        "icao24": "a101f9",
        "callsign": "N164QS",
        "origin_country": "United States",
        "time_position": 1786102041,
        "last_contact": 1786102045,
        "baro_altitude": null,
        "on_ground": true,
        "velocity": 0,
        "true_track": 25.31,
        "vertical_rate": null,
        "geo_altitude": null,
        "squawk": null,
        "spi": false,
        "position_source": 0
      }
    },
    {
      "type": "Feature",
      "geometry": {
        "type": "Point",
        "coordinates": [
          15.3624,
          46.9793
        ]
      },
      "properties": {
        "icao24": "3ffbc2",
        "callsign": "DMWZI",
        "origin_country": "Germany",
        "time_position": 1786102046,
        "last_contact": 1786102046,
        "baro_altitude": 1295.4,
        "on_ground": false,
        "velocity": 50.23,
        "true_track": 212.88,
        "vertical_rate": -0.33,
        "geo_altitude": null,
        "squawk": "7000",
        "spi": false,
        "position_source": 0
      }
    },
    {
      "type": "Feature",
      "geometry": {
        "type": "Point",
        "coordinates": [
          15.1514,
          42.8022
        ]
      },
      "properties": {
        "icao24": "471f9f",
        "callsign": "WZZ4NY",
        "origin_country": "Hungary",
        "time_position": 1786102045,
        "last_contact": 1786102045,
        "baro_altitude": 10363.2,
        "on_ground": false,
        "velocity": 223.43,
        "true_track": 242.43,
        "vertical_rate": 0,
        "geo_altitude": 10957.56,
        "squawk": "7352",
        "spi": false,
        "position_source": 0
      }
    },
    {
      "type": "Feature",
      "geometry": {
        "type": "Point",
        "coordinates": [
          7.8981,
          40.9753
        ]
      },
      "properties": {
        "icao24": "471f6d",
        "callsign": "WMT716",
        "origin_country": "Hungary",
        "time_position": 1786102046,
        "last_contact": 1786102046,
        "baro_altitude": 10675.62,
        "on_ground": false,
        "velocity": 226.85,
        "true_track": 283.37,
        "vertical_rate": 0.33,
        "geo_altitude": 11315.7,
        "squawk": "4143",
        "spi": false,
        "position_source": 0
      }
    },
    {
      "type": "Feature",
      "geometry": {
        "type": "Point",
        "coordinates": [
          16.7925,
          47.0578
        ]
      },
      "properties": {
        "icao24": "471f69",
        "callsign": "WMT277",
        "origin_country": "Hungary",
        "time_position": 1786102045,
        "last_contact": 1786102045,
        "baro_altitude": 10972.8,
        "on_ground": false,
        "velocity": 218.21,
        "true_track": 285.87,
        "vertical_rate": -0.33,
        "geo_altitude": 11506.2,
        "squawk": "2650",
        "spi": false,
        "position_source": 0
      }
    },
    {
      "type": "Feature",
      "geometry": {
        "type": "Point",
        "coordinates": [
          18.9305,
          41.981
        ]
      },
      "properties": {
        "icao24": "471f66",
        "callsign": "WMT1983",
        "origin_country": "Hungary",
        "time_position": 1786101774,
        "last_contact": 1786101814,
        "baro_altitude": 5875.02,
        "on_ground": false,
        "velocity": 212.83,
        "true_track": 148.04,
        "vertical_rate": -10.73,
        "geo_altitude": 6202.68,
        "squawk": "0240",
        "spi": false,
        "position_source": 0
      }
    },
    {
      "type": "Feature",
      "geometry": {
        "type": "Point",
        "coordinates": [
          14.6367,
          43.3198
        ]
      },
      "properties": {
        "icao24": "471f5c",
        "callsign": "WZZ9790",
        "origin_country": "Hungary",
        "time_position": 1786102025,
        "last_contact": 1786102035,
        "baro_altitude": 10363.2,
        "on_ground": false,
        "velocity": 225.84,
        "true_track": 196,
        "vertical_rate": 0,
        "geo_altitude": 10957.56,
        "squawk": "1000",
        "spi": false,
        "position_source": 0
      }
    },
    {
      "type": "Feature",
      "geometry": {
        "type": "Point",
        "coordinates": [
          17.3597,
          39.313
        ]
      },
      "properties": {
        "icao24": "4400b3",
        "callsign": "EJU4163",
        "origin_country": "Austria",
        "time_position": 1786102046,
        "last_contact": 1786102046,
        "baro_altitude": 11734.8,
        "on_ground": false,
        "velocity": 239.8,
        "true_track": 121.13,
        "vertical_rate": 3.58,
        "geo_altitude": 12435.84,
        "squawk": null,
        "spi": false,
        "position_source": 0
      }
    },
    {
      "type": "Feature",
      "geometry": {
        "type": "Point",
        "coordinates": [
          6.7798,
          40.9577
        ]
      },
      "properties": {
        "icao24": "4400dc",
        "callsign": "EJU78QH",
        "origin_country": "Austria",
        "time_position": 1786102045,
        "last_contact": 1786102045,
        "baro_altitude": 11277.6,
        "on_ground": false,
        "velocity": 229.03,
        "true_track": 279.57,
        "vertical_rate": 0,
        "geo_altitude": 11955.78,
        "squawk": null,
        "spi": false,
        "position_source": 0
      }
    },
    {
      "type": "Feature",
      "geometry": {
        "type": "Point",
        "coordinates": [
          10.4737,
          47.4548
        ]
      },
      "properties": {
        "icao24": "471f55",
        "callsign": "WMT4RD",
        "origin_country": "Hungary",
        "time_position": 1786102045,
        "last_contact": 1786102046,
        "baro_altitude": 11277.6,
        "on_ground": false,
        "velocity": 245.04,
        "true_track": 98.57,
        "vertical_rate": 0,
        "geo_altitude": 11788.14,
        "squawk": "6734",
        "spi": false,
        "position_source": 0
      }
    },
    {
      "type": "Feature",
      "geometry": {
        "type": "Point",
        "coordinates": [
          15.4541,
          42.4342
        ]
      },
      "properties": {
        "icao24": "471f37",
        "callsign": "WMT6PK",
        "origin_country": "Hungary",
        "time_position": 1786102045,
        "last_contact": 1786102045,
        "baro_altitude": 10957.56,
        "on_ground": false,
        "velocity": 219.74,
        "true_track": 255.22,
        "vertical_rate": 0.33,
        "geo_altitude": 11597.64,
        "squawk": "4151",
        "spi": false,
        "position_source": 0
      }
    },
    {
      "type": "Feature",
      "geometry": {
        "type": "Point",
        "coordinates": [
          8.7188,
          45.6305
        ]
      },
      "properties": {
        "icao24": "471f06",
        "callsign": "WMT7HT",
        "origin_country": "Hungary",
        "time_position": 1786102046,
        "last_contact": 1786102046,
        "baro_altitude": null,
        "on_ground": true,
        "velocity": 2.06,
        "true_track": 78.75,
        "vertical_rate": null,
        "geo_altitude": null,
        "squawk": null,
        "spi": false,
        "position_source": 0
      }
    },
    {
      "type": "Feature",
      "geometry": {
        "type": "Point",
        "coordinates": [
          9.0881,
          44.359
        ]
      },
      "properties": {
        "icao24": "a88d4f",
        "callsign": "N650FZ",
        "origin_country": "United States",
        "time_position": 1786102045,
        "last_contact": 1786102045,
        "baro_altitude": 1051.56,
        "on_ground": false,
        "velocity": 127.43,
        "true_track": 286.9,
        "vertical_rate": -7.15,
        "geo_altitude": 1158.24,
        "squawk": "7464",
        "spi": false,
        "position_source": 0
      }
    },
    {
      "type": "Feature",
      "geometry": {
        "type": "Point",
        "coordinates": [
          15.8657,
          45.5371
        ]
      },
      "properties": {
        "icao24": "500388",
        "callsign": "T7MAHA",
        "origin_country": "San Marino",
        "time_position": 1786102046,
        "last_contact": 1786102046,
        "baro_altitude": 13708.38,
        "on_ground": false,
        "velocity": 266.98,
        "true_track": 132.11,
        "vertical_rate": 0.33,
        "geo_altitude": 14340.84,
        "squawk": "2721",
        "spi": false,
        "position_source": 0
      }
    },
    {
      "type": "Feature",
      "geometry": {
        "type": "Point",
        "coordinates": [
          15.5302,
          47.1702
        ]
      },
      "properties": {
        "icao24": "44038c",
        "callsign": "OE5578",
        "origin_country": "Austria",
        "time_position": 1786102046,
        "last_contact": 1786102046,
        "baro_altitude": 2209.8,
        "on_ground": false,
        "velocity": 29.68,
        "true_track": 115.68,
        "vertical_rate": -0.33,
        "geo_altitude": 2392.68,
        "squawk": "7000",
        "spi": false,
        "position_source": 0
      }
    },
    {
      "type": "Feature",
      "geometry": {
        "type": "Point",
        "coordinates": [
          15.7773,
          46.6372
        ]
      },
      "properties": {
        "icao24": "4bb4eb",
        "callsign": "CAI107",
        "origin_country": "Turkey",
        "time_position": 1786102045,
        "last_contact": 1786102046,
        "baro_altitude": 11277.6,
        "on_ground": false,
        "velocity": 240.35,
        "true_track": 126.82,
        "vertical_rate": 0.33,
        "geo_altitude": 11841.48,
        "squawk": "6425",
        "spi": false,
        "position_source": 0
      }
    },
    {
      "type": "Feature",
      "geometry": {
        "type": "Point",
        "coordinates": [
          9.6262,
          45.2648
        ]
      },
      "properties": {
        "icao24": "500313",
        "callsign": "T7JMM",
        "origin_country": "San Marino",
        "time_position": 1786102045,
        "last_contact": 1786102046,
        "baro_altitude": 5006.34,
        "on_ground": false,
        "velocity": 205.2,
        "true_track": 141,
        "vertical_rate": 14.96,
        "geo_altitude": 5318.76,
        "squawk": "1000",
        "spi": false,
        "position_source": 0
      }
    },
    {
      "type": "Feature",
      "geometry": {
        "type": "Point",
        "coordinates": [
          14.9081,
          44.3253
        ]
      },
      "properties": {
        "icao24": "471fa5",
        "callsign": "WZZ4450",
        "origin_country": "Hungary",
        "time_position": 1786102045,
        "last_contact": 1786102045,
        "baro_altitude": 10972.8,
        "on_ground": false,
        "velocity": 218.83,
        "true_track": 297.59,
        "vertical_rate": 0,
        "geo_altitude": 11567.16,
        "squawk": "7353",
        "spi": false,
        "position_source": 0
      }
    },
    {
      "type": "Feature",
      "geometry": {
        "type": "Point",
        "coordinates": [
          7.1182,
          43.3812
        ]
      },
      "properties": {
        "icao24": "44034b",
        "callsign": "EJU63AG",
        "origin_country": "Austria",
        "time_position": 1786102046,
        "last_contact": 1786102046,
        "baro_altitude": 3627.12,
        "on_ground": false,
        "velocity": 174.16,
        "true_track": 247.6,
        "vertical_rate": 15.28,
        "geo_altitude": 3870.96,
        "squawk": null,
        "spi": false,
        "position_source": 0
      }
    },
    {
      "type": "Feature",
      "geometry": {
        "type": "Point",
        "coordinates": [
          7.0756,
          47.133
        ]
      },
      "properties": {
        "icao24": "4b51f5",
        "callsign": "HB3406",
        "origin_country": "Switzerland",
        "time_position": 1786102046,
        "last_contact": 1786102046,
        "baro_altitude": 2049.78,
        "on_ground": false,
        "velocity": 34.49,
        "true_track": 162.65,
        "vertical_rate": -0.33,
        "geo_altitude": 2217.42,
        "squawk": "7000",
        "spi": false,
        "position_source": 0
      }
    },
    {
      "type": "Feature",
      "geometry": {
        "type": "Point",
        "coordinates": [
          18.5576,
          45.3294
        ]
      },
      "properties": {
        "icao24": "471fad",
        "callsign": "WZZ1VA",
        "origin_country": "Hungary",
        "time_position": 1786102044,
        "last_contact": 1786102044,
        "baro_altitude": 8511.54,
        "on_ground": false,
        "velocity": 209.98,
        "true_track": 291.41,
        "vertical_rate": 6.18,
        "geo_altitude": 8991.6,
        "squawk": "6006",
        "spi": false,
        "position_source": 0
      }
    },
    {
      "type": "Feature",
      "geometry": {
        "type": "Point",
        "coordinates": [
          7.6937,
          47.1871
        ]
      },
      "properties": {
        "icao24": "44033e",
        "callsign": "EJU75FG",
        "origin_country": "Austria",
        "time_position": 1786102046,
        "last_contact": 1786102046,
        "baro_altitude": 3147.06,
        "on_ground": false,
        "velocity": 140.6,
        "true_track": 27.69,
        "vertical_rate": -13.33,
        "geo_altitude": 3375.66,
        "squawk": "1000",
        "spi": false,
        "position_source": 0
      }
    },
    {
      "type": "Feature",
      "geometry": {
        "type": "Point",
        "coordinates": [
          13.4962,
          44.241
        ]
      },
      "properties": {
        "icao24": "39dde6",
        "callsign": "OYO1",
        "origin_country": "France",
        "time_position": 1786102045,
        "last_contact": 1786102045,
        "baro_altitude": 10363.2,
        "on_ground": false,
        "velocity": 168.63,
        "true_track": 282.51,
        "vertical_rate": 0,
        "geo_altitude": 10904.22,
        "squawk": "7355",
        "spi": false,
        "position_source": 0
      }
    },
    {
      "type": "Feature",
      "geometry": {
        "type": "Point",
        "coordinates": [
          12.2812,
          45.1762
        ]
      },
      "properties": {
        "icao24": "8015a6",
        "callsign": "AIC2026",
        "origin_country": "India",
        "time_position": 1786102046,
        "last_contact": 1786102046,
        "baro_altitude": 10058.4,
        "on_ground": false,
        "velocity": 258.5,
        "true_track": 137.42,
        "vertical_rate": 0.33,
        "geo_altitude": 10591.8,
        "squawk": "7652",
        "spi": false,
        "position_source": 0
      }
    },
    {
      "type": "Feature",
      "geometry": {
        "type": "Point",
        "coordinates": [
          15.8031,
          41.6051
        ]
      },
      "properties": {
        "icao24": "3cf19d",
        "callsign": "VJH365",
        "origin_country": "Germany",
        "time_position": 1786102046,
        "last_contact": 1786102046,
        "baro_altitude": 12192,
        "on_ground": false,
        "velocity": 214.75,
        "true_track": 301.48,
        "vertical_rate": -0.33,
        "geo_altitude": 12862.56,
        "squawk": "5523",
        "spi": false,
        "position_source": 0
      }
    },
    {
      "type": "Feature",
      "geometry": {
        "type": "Point",
        "coordinates": [
          18.188,
          42.5966
        ]
      },
      "properties": {
        "icao24": "4bc853",
        "callsign": "PGT5AA",
        "origin_country": "Turkey",
        "time_position": 1786102045,
        "last_contact": 1786102045,
        "baro_altitude": 10972.8,
        "on_ground": false,
        "velocity": 222.78,
        "true_track": 293.55,
        "vertical_rate": 0,
        "geo_altitude": 11605.26,
        "squawk": "3206",
        "spi": false,
        "position_source": 0
      }
    },
    {
      "type": "Feature",
      "geometry": {
        "type": "Point",
        "coordinates": [
          8.0742,
          43.3695
        ]
      },
      "properties": {
        "icao24": "4401d1",
        "callsign": "EJU46XB",
        "origin_country": "Austria",
        "time_position": 1786102046,
        "last_contact": 1786102046,
        "baro_altitude": 3406.14,
        "on_ground": false,
        "velocity": 150.71,
        "true_track": 295.69,
        "vertical_rate": -2.28,
        "geo_altitude": 3680.46,
        "squawk": "1000",
        "spi": false,
        "position_source": 0
      }
    },
    {
      "type": "Feature",
      "geometry": {
        "type": "Point",
        "coordinates": [
          14.9814,
          44.587
        ]
      },
      "properties": {
        "icao24": "4521b2",
        "callsign": "GPX808",
        "origin_country": "Bulgaria",
        "time_position": 1786102045,
        "last_contact": 1786102045,
        "baro_altitude": 10363.2,
        "on_ground": false,
        "velocity": 219.26,
        "true_track": 300.3,
        "vertical_rate": 0,
        "geo_altitude": null,
        "squawk": "6537",
        "spi": false,
        "position_source": 0
      }
    },
    {
      "type": "Feature",
      "geometry": {
        "type": "Point",
        "coordinates": [
          7.4919,
          46.688
        ]
      },
      "properties": {
        "icao24": "4b5204",
        "callsign": "HB3421",
        "origin_country": "Switzerland",
        "time_position": 1786099695,
        "last_contact": 1786102045,
        "baro_altitude": 1676.4,
        "on_ground": false,
        "velocity": 34.93,
        "true_track": 313.81,
        "vertical_rate": -0.33,
        "geo_altitude": null,
        "squawk": "7000",
        "spi": false,
        "position_source": 0
      }
    },
    {
      "type": "Feature",
      "geometry": {
        "type": "Point",
        "coordinates": [
          18.1466,
          40.4927
        ]
      },
      "properties": {
        "icao24": "739349",
        "callsign": "4XCNL",
        "origin_country": "Israel",
        "time_position": 1786102045,
        "last_contact": 1786102045,
        "baro_altitude": 10972.8,
        "on_ground": false,
        "velocity": 243.33,
        "true_track": 302.48,
        "vertical_rate": -0.33,
        "geo_altitude": 11628.12,
        "squawk": "4133",
        "spi": false,
        "position_source": 0
      }
    },
    {
      "type": "Feature",
      "geometry": {
        "type": "Point",
        "coordinates": [
          17.6379,
          41.6393
        ]
      },
      "properties": {
        "icao24": "4401fa",
        "callsign": "EJU87YT",
        "origin_country": "Austria",
        "time_position": 1786102045,
        "last_contact": 1786102045,
        "baro_altitude": 11277.6,
        "on_ground": false,
        "velocity": 238.38,
        "true_track": 125.34,
        "vertical_rate": 0,
        "geo_altitude": 11932.92,
        "squawk": "0473",
        "spi": false,
        "position_source": 0
      }
    },
    {
      "type": "Feature",
      "geometry": {
        "type": "Point",
        "coordinates": [
          12.415,
          42.0106
        ]
      },
      "properties": {
        "icao24": "4bc848",
        "callsign": "PGT46KR",
        "origin_country": "Turkey",
        "time_position": 1786102045,
        "last_contact": 1786102045,
        "baro_altitude": 2034.54,
        "on_ground": false,
        "velocity": 133.25,
        "true_track": 342.47,
        "vertical_rate": -7.8,
        "geo_altitude": 2232.66,
        "squawk": "2332",
        "spi": false,
        "position_source": 0
      }
    },
    {
      "type": "Feature",
      "geometry": {
        "type": "Point",
        "coordinates": [
          13.3751,
          36.3246
        ]
      },
      "properties": {
        "icao24": "4401ea",
        "callsign": "JTY52W",
        "origin_country": "Austria",
        "time_position": 1786102045,
        "last_contact": 1786102046,
        "baro_altitude": 6400.8,
        "on_ground": false,
        "velocity": 164.7,
        "true_track": 141.34,
        "vertical_rate": 0,
        "geo_altitude": 6812.28,
        "squawk": "3140",
        "spi": false,
        "position_source": 0
      }
    },
    {
      "type": "Feature",
      "geometry": {
        "type": "Point",
        "coordinates": [
          7.213,
          43.6641
        ]
      },
      "properties": {
        "icao24": "c06a82",
        "callsign": "TSC628",
        "origin_country": "Canada",
        "time_position": 1786102041,
        "last_contact": 1786102041,
        "baro_altitude": null,
        "on_ground": true,
        "velocity": 1.54,
        "true_track": 351.56,
        "vertical_rate": null,
        "geo_altitude": null,
        "squawk": "1142",
        "spi": false,
        "position_source": 0
      }
    },
    {
      "type": "Feature",
      "geometry": {
        "type": "Point",
        "coordinates": [
          11.9345,
          47.4043
        ]
      },
      "properties": {
        "icao24": "4bc88a",
        "callsign": "PGT71HQ",
        "origin_country": "Turkey",
        "time_position": 1786102045,
        "last_contact": 1786102045,
        "baro_altitude": 7444.74,
        "on_ground": false,
        "velocity": 222.84,
        "true_track": 187.96,
        "vertical_rate": 5.53,
        "geo_altitude": 7856.22,
        "squawk": "6414",
        "spi": false,
        "position_source": 0
      }
    },
    {
      "type": "Feature",
      "geometry": {
        "type": "Point",
        "coordinates": [
          12.8331,
          45.0946
        ]
      },
      "properties": {
        "icao24": "4bc88b",
        "callsign": "PGT1235",
        "origin_country": "Turkey",
        "time_position": 1786102045,
        "last_contact": 1786102046,
        "baro_altitude": 4122.42,
        "on_ground": false,
        "velocity": 186.44,
        "true_track": 288.83,
        "vertical_rate": -18.53,
        "geo_altitude": 4427.22,
        "squawk": "2316",
        "spi": false,
        "position_source": 0
      }
    },
    {
      "type": "Feature",
      "geometry": {
        "type": "Point",
        "coordinates": [
          7.5274,
          47.5996
        ]
      },
      "properties": {
        "icao24": "4bc899",
        "callsign": "PGT29TY",
        "origin_country": "Turkey",
        "time_position": 1786102037,
        "last_contact": 1786102042,
        "baro_altitude": null,
        "on_ground": true,
        "velocity": 0,
        "true_track": 22.5,
        "vertical_rate": null,
        "geo_altitude": null,
        "squawk": null,
        "spi": false,
        "position_source": 0
      }
    },
    {
      "type": "Feature",
      "geometry": {
        "type": "Point",
        "coordinates": [
          18.8682,
          47.114
        ]
      },
      "properties": {
        "icao24": "4bc896",
        "callsign": "PGT706H",
        "origin_country": "Turkey",
        "time_position": 1786102046,
        "last_contact": 1786102046,
        "baro_altitude": 10363.2,
        "on_ground": false,
        "velocity": 222.03,
        "true_track": 306.71,
        "vertical_rate": 0,
        "geo_altitude": 10904.22,
        "squawk": "5303",
        "spi": false,
        "position_source": 0
      }
    },
    {
      "type": "Feature",
      "geometry": {
        "type": "Point",
        "coordinates": [
          6.5539,
          45.9941
        ]
      },
      "properties": {
        "icao24": "344501",
        "callsign": "VLG1827",
        "origin_country": "Spain",
        "time_position": 1786102045,
        "last_contact": 1786102045,
        "baro_altitude": 11269.98,
        "on_ground": false,
        "velocity": 222.6,
        "true_track": 202.42,
        "vertical_rate": 0.33,
        "geo_altitude": 11833.86,
        "squawk": "1112",
        "spi": false,
        "position_source": 0
      }
    },
    {
      "type": "Feature",
      "geometry": {
        "type": "Point",
        "coordinates": [
          11.3702,
          47.7816
        ]
      },
      "properties": {
        "icao24": "4bb562",
        "callsign": "CAI5023",
        "origin_country": "Turkey",
        "time_position": 1786102045,
        "last_contact": 1786102046,
        "baro_altitude": 11285.22,
        "on_ground": false,
        "velocity": 245.5,
        "true_track": 127.42,
        "vertical_rate": 0,
        "geo_altitude": 11788.14,
        "squawk": "0102",
        "spi": false,
        "position_source": 0
      }
    },
    {
      "type": "Feature",
      "geometry": {
        "type": "Point",
        "coordinates": [
          14.4936,
          43.822
        ]
      },
      "properties": {
        "icao24": "738061",
        "callsign": "ELY346",
        "origin_country": "Israel",
        "time_position": 1786102044,
        "last_contact": 1786102045,
        "baro_altitude": 10668,
        "on_ground": false,
        "velocity": 249.72,
        "true_track": 111.38,
        "vertical_rate": 0,
        "geo_altitude": 11247.12,
        "squawk": "5756",
        "spi": false,
        "position_source": 0
      }
    },
    {
      "type": "Feature",
      "geometry": {
        "type": "Point",
        "coordinates": [
          7.3221,
          46.4361
        ]
      },
      "properties": {
        "icao24": "4b5184",
        "callsign": "HB3293",
        "origin_country": "Switzerland",
        "time_position": 1786101824,
        "last_contact": 1786102046,
        "baro_altitude": 0,
        "on_ground": false,
        "velocity": 44.44,
        "true_track": 69.68,
        "vertical_rate": -0.33,
        "geo_altitude": null,
        "squawk": null,
        "spi": false,
        "position_source": 0
      }
    },
    {
      "type": "Feature",
      "geometry": {
        "type": "Point",
        "coordinates": [
          17.1116,
          43.3611
        ]
      },
      "properties": {
        "icao24": "3c4a04",
        "callsign": "DLH590",
        "origin_country": "Germany",
        "time_position": 1786102044,
        "last_contact": 1786102044,
        "baro_altitude": 10660.38,
        "on_ground": false,
        "velocity": 262.31,
        "true_track": 145.06,
        "vertical_rate": 0,
        "geo_altitude": 11269.98,
        "squawk": "2511",
        "spi": false,
        "position_source": 0
      }
    },
    {
      "type": "Feature",
      "geometry": {
        "type": "Point",
        "coordinates": [
          8.3855,
          46.9706
        ]
      },
      "properties": {
        "icao24": "4b0f0a",
        "callsign": "PCH060",
        "origin_country": "Switzerland",
        "time_position": 1786102026,
        "last_contact": 1786102026,
        "baro_altitude": null,
        "on_ground": true,
        "velocity": 3.34,
        "true_track": 73.12,
        "vertical_rate": null,
        "geo_altitude": null,
        "squawk": null,
        "spi": false,
        "position_source": 0
      }
    },
    {
      "type": "Feature",
      "geometry": {
        "type": "Point",
        "coordinates": [
          18.7564,
          46.8279
        ]
      },
      "properties": {
        "icao24": "738054",
        "callsign": "ELY338",
        "origin_country": "Israel",
        "time_position": 1786102045,
        "last_contact": 1786102045,
        "baro_altitude": 10668,
        "on_ground": false,
        "velocity": 244.52,
        "true_track": 119.91,
        "vertical_rate": 0,
        "geo_altitude": 11216.64,
        "squawk": "5431",
        "spi": false,
        "position_source": 0
      }
    },
    {
      "type": "Feature",
      "geometry": {
        "type": "Point",
        "coordinates": [
          7.5392,
          40.4854
        ]
      },
      "properties": {
        "icao24": "738052",
        "callsign": "ELY396",
        "origin_country": "Israel",
        "time_position": 1786102046,
        "last_contact": 1786102046,
        "baro_altitude": 10363.2,
        "on_ground": false,
        "velocity": 242.58,
        "true_track": 94.62,
        "vertical_rate": 0,
        "geo_altitude": 10988.04,
        "squawk": "1445",
        "spi": false,
        "position_source": 0
      }
    },
    {
      "type": "Feature",
      "geometry": {
        "type": "Point",
        "coordinates": [
          13.7965,
          44.1751
        ]
      },
      "properties": {
        "icao24": "738057",
        "callsign": "ELY382",
        "origin_country": "Israel",
        "time_position": 1786102046,
        "last_contact": 1786102046,
        "baro_altitude": 10668,
        "on_ground": false,
        "velocity": 244.79,
        "true_track": 130.65,
        "vertical_rate": 0,
        "geo_altitude": 11231.88,
        "squawk": "0463",
        "spi": false,
        "position_source": 0
      }
    },
    {
      "type": "Feature",
      "geometry": {
        "type": "Point",
        "coordinates": [
          17.1993,
          39.0241
        ]
      },
      "properties": {
        "icao24": "738055",
        "callsign": "ELY394",
        "origin_country": "Israel",
        "time_position": 1786102045,
        "last_contact": 1786102045,
        "baro_altitude": 10668,
        "on_ground": false,
        "velocity": 242.25,
        "true_track": 109.09,
        "vertical_rate": 0,
        "geo_altitude": 11300.46,
        "squawk": "0217",
        "spi": false,
        "position_source": 0
      }
    },
    {
      "type": "Feature",
      "geometry": {
        "type": "Point",
        "coordinates": [
          18.3969,
          44.4583
        ]
      },
      "properties": {
        "icao24": "44006c",
        "callsign": "AUA745",
        "origin_country": "Austria",
        "time_position": 1786102045,
        "last_contact": 1786102045,
        "baro_altitude": 11277.6,
        "on_ground": false,
        "velocity": 240.47,
        "true_track": 163.85,
        "vertical_rate": 0,
        "geo_altitude": 11902.44,
        "squawk": "5161",
        "spi": false,
        "position_source": 0
      }
    },
    {
      "type": "Feature",
      "geometry": {
        "type": "Point",
        "coordinates": [
          11.95,
          47.3102
        ]
      },
      "properties": {
        "icao24": "4b0f50",
        "callsign": "HUE40H",
        "origin_country": "Switzerland",
        "time_position": 1786102045,
        "last_contact": 1786102045,
        "baro_altitude": 7924.8,
        "on_ground": false,
        "velocity": 125.71,
        "true_track": 285.91,
        "vertical_rate": 0,
        "geo_altitude": 8359.14,
        "squawk": "6654",
        "spi": false,
        "position_source": 0
      }
    },
    {
      "type": "Feature",
      "geometry": {
        "type": "Point",
        "coordinates": [
          7.6346,
          44.3413
        ]
      },
      "properties": {
        "icao24": "4b0f49",
        "callsign": "HBFUN",
        "origin_country": "Switzerland",
        "time_position": 1786102044,
        "last_contact": 1786102046,
        "baro_altitude": 6096,
        "on_ground": false,
        "velocity": 140.6,
        "true_track": 25.35,
        "vertical_rate": 0,
        "geo_altitude": 6492.24,
        "squawk": "3354",
        "spi": false,
        "position_source": 0
      }
    },
    {
      "type": "Feature",
      "geometry": {
        "type": "Point",
        "coordinates": [
          8.9284,
          44.7209
        ]
      },
      "properties": {
        "icao24": "440083",
        "callsign": "EJU83CB",
        "origin_country": "Austria",
        "time_position": 1786102045,
        "last_contact": 1786102045,
        "baro_altitude": 11285.22,
        "on_ground": false,
        "velocity": 239.45,
        "true_track": 114.36,
        "vertical_rate": 0,
        "geo_altitude": 11849.1,
        "squawk": "1000",
        "spi": false,
        "position_source": 0
      }
    },
    {
      "type": "Feature",
      "geometry": {
        "type": "Point",
        "coordinates": [
          8.7211,
          45.6454
        ]
      },
      "properties": {
        "icao24": "440018",
        "callsign": "EJU84HX",
        "origin_country": "Austria",
        "time_position": 1786101950,
        "last_contact": 1786101952,
        "baro_altitude": null,
        "on_ground": true,
        "velocity": 3.86,
        "true_track": 2.81,
        "vertical_rate": null,
        "geo_altitude": null,
        "squawk": "1000",
        "spi": false,
        "position_source": 0
      }
    },
    {
      "type": "Feature",
      "geometry": {
        "type": "Point",
        "coordinates": [
          11.4707,
          39.2061
        ]
      },
      "properties": {
        "icao24": "440005",
        "callsign": "EJU73UG",
        "origin_country": "Austria",
        "time_position": 1786102044,
        "last_contact": 1786102044,
        "baro_altitude": 9425.94,
        "on_ground": false,
        "velocity": 218.87,
        "true_track": 113.55,
        "vertical_rate": -2.6,
        "geo_altitude": 10020.3,
        "squawk": "1000",
        "spi": false,
        "position_source": 0
      }
    },
    {
      "type": "Feature",
      "geometry": {
        "type": "Point",
        "coordinates": [
          18.152,
          45.4712
        ]
      },
      "properties": {
        "icao24": "440039",
        "callsign": "AUA753Y",
        "origin_country": "Austria",
        "time_position": 1786102046,
        "last_contact": 1786102046,
        "baro_altitude": 10668,
        "on_ground": false,
        "velocity": 231.94,
        "true_track": 159.76,
        "vertical_rate": 0,
        "geo_altitude": 11239.5,
        "squawk": "5150",
        "spi": false,
        "position_source": 0
      }
    },
    {
      "type": "Feature",
      "geometry": {
        "type": "Point",
        "coordinates": [
          16.4516,
          43.189
        ]
      },
      "properties": {
        "icao24": "500205",
        "callsign": "MEA214",
        "origin_country": "San Marino",
        "time_position": 1786102046,
        "last_contact": 1786102046,
        "baro_altitude": 10058.4,
        "on_ground": false,
        "velocity": 252.24,
        "true_track": 113.69,
        "vertical_rate": 0,
        "geo_altitude": 10645.14,
        "squawk": "5741",
        "spi": false,
        "position_source": 0
      }
    },
    {
      "type": "Feature",
      "geometry": {
        "type": "Point",
        "coordinates": [
          11.332,
          45.5009
        ]
      },
      "properties": {
        "icao24": "8960f2",
        "callsign": "UAE6AQ",
        "origin_country": "United Arab Emirates",
        "time_position": 1786102045,
        "last_contact": 1786102045,
        "baro_altitude": 11894.82,
        "on_ground": false,
        "velocity": 272.11,
        "true_track": 135.46,
        "vertical_rate": 0,
        "geo_altitude": 12481.56,
        "squawk": "7503",
        "spi": false,
        "position_source": 0
      }
    },
    {
      "type": "Feature",
      "geometry": {
        "type": "Point",
        "coordinates": [
          8.1065,
          45.3593
        ]
      },
      "properties": {
        "icao24": "4b0f8e",
        "callsign": "HBFXE",
        "origin_country": "Switzerland",
        "time_position": 1786102046,
        "last_contact": 1786102046,
        "baro_altitude": 6705.6,
        "on_ground": false,
        "velocity": 129.76,
        "true_track": 309.37,
        "vertical_rate": -0.33,
        "geo_altitude": 7117.08,
        "squawk": "0446",
        "spi": false,
        "position_source": 0
      }
    },
    {
      "type": "Feature",
      "geometry": {
        "type": "Point",
        "coordinates": [
          15.2725,
          46.4016
        ]
      },
      "properties": {
        "icao24": "5001d3",
        "callsign": "MEA218",
        "origin_country": "San Marino",
        "time_position": 1786102045,
        "last_contact": 1786102045,
        "baro_altitude": 10058.4,
        "on_ground": false,
        "velocity": 245.25,
        "true_track": 125.52,
        "vertical_rate": 0,
        "geo_altitude": 10591.8,
        "squawk": "7657",
        "spi": false,
        "position_source": 0
      }
    },
    {
      "type": "Feature",
      "geometry": {
        "type": "Point",
        "coordinates": [
          11.4664,
          45.6411
        ]
      },
      "properties": {
        "icao24": "300a18",
        "callsign": "VND005I",
        "origin_country": "Italy",
        "time_position": 1786102046,
        "last_contact": 1786102046,
        "baro_altitude": 8534.4,
        "on_ground": false,
        "velocity": 220.72,
        "true_track": 269.2,
        "vertical_rate": 0,
        "geo_altitude": 9022.08,
        "squawk": "4715",
        "spi": false,
        "position_source": 0
      }
    },
    {
      "type": "Feature",
      "geometry": {
        "type": "Point",
        "coordinates": [
          10.4668,
          36.1757
        ]
      },
      "properties": {
        "icao24": "4891ab",
        "callsign": "ENT1360",
        "origin_country": "Poland",
        "time_position": 1786101956,
        "last_contact": 1786101964,
        "baro_altitude": 1272.54,
        "on_ground": false,
        "velocity": 120.79,
        "true_track": 14.81,
        "vertical_rate": 8.78,
        "geo_altitude": 1424.94,
        "squawk": "6141",
        "spi": false,
        "position_source": 0
      }
    },
    {
      "type": "Feature",
      "geometry": {
        "type": "Point",
        "coordinates": [
          14.3736,
          42.1842
        ]
      },
      "properties": {
        "icao24": "471d6a",
        "callsign": "WMT4646",
        "origin_country": "Hungary",
        "time_position": 1786102046,
        "last_contact": 1786102046,
        "baro_altitude": 10363.2,
        "on_ground": false,
        "velocity": 225.15,
        "true_track": 307.76,
        "vertical_rate": 0,
        "geo_altitude": 10957.56,
        "squawk": "4132",
        "spi": false,
        "position_source": 0
      }
    },
    {
      "type": "Feature",
      "geometry": {
        "type": "Point",
        "coordinates": [
          14.0497,
          45.1019
        ]
      },
      "properties": {
        "icao24": "471d69",
        "callsign": "WZZ86YZ",
        "origin_country": "Hungary",
        "time_position": 1786102045,
        "last_contact": 1786102046,
        "baro_altitude": 10668,
        "on_ground": false,
        "velocity": 247.47,
        "true_track": 83.55,
        "vertical_rate": 0.33,
        "geo_altitude": 11224.26,
        "squawk": "0451",
        "spi": false,
        "position_source": 0
      }
    },
    {
      "type": "Feature",
      "geometry": {
        "type": "Point",
        "coordinates": [
          16.8418,
          41.1615
        ]
      },
      "properties": {
        "icao24": "471d67",
        "callsign": "WZZ55MM",
        "origin_country": "Hungary",
        "time_position": 1786102030,
        "last_contact": 1786102030,
        "baro_altitude": 381,
        "on_ground": false,
        "velocity": 75.69,
        "true_track": 249.72,
        "vertical_rate": -4.23,
        "geo_altitude": 525.78,
        "squawk": null,
        "spi": false,
        "position_source": 0
      }
    },
    {
      "type": "Feature",
      "geometry": {
        "type": "Point",
        "coordinates": [
          18.2639,
          42.5604
        ]
      },
      "properties": {
        "icao24": "471d65",
        "callsign": "WZZ21XH",
        "origin_country": "Hungary",
        "time_position": 1786102017,
        "last_contact": 1786102026,
        "baro_altitude": null,
        "on_ground": true,
        "velocity": 0,
        "true_track": 208.12,
        "vertical_rate": null,
        "geo_altitude": null,
        "squawk": null,
        "spi": false,
        "position_source": 0
      }
    },
    {
      "type": "Feature",
      "geometry": {
        "type": "Point",
        "coordinates": [
          17.0535,
          47.1389
        ]
      },
      "properties": {
        "icao24": "471d5e",
        "callsign": "WMT734",
        "origin_country": "Hungary",
        "time_position": 1786102046,
        "last_contact": 1786102046,
        "baro_altitude": 10972.8,
        "on_ground": false,
        "velocity": 215.05,
        "true_track": 270.69,
        "vertical_rate": 0,
        "geo_altitude": 11521.44,
        "squawk": "1000",
        "spi": false,
        "position_source": 0
      }
    },
    {
      "type": "Feature",
      "geometry": {
        "type": "Point",
        "coordinates": [
          7.5345,
          47.5935
        ]
      },
      "properties": {
        "icao24": "a2de6c",
        "callsign": "N284SE",
        "origin_country": "United States",
        "time_position": 1786102004,
        "last_contact": 1786102028,
        "baro_altitude": 304.8,
        "on_ground": false,
        "velocity": 0,
        "true_track": 0,
        "vertical_rate": 0,
        "geo_altitude": 327.66,
        "squawk": null,
        "spi": false,
        "position_source": 0
      }
    },
    {
      "type": "Feature",
      "geometry": {
        "type": "Point",
        "coordinates": [
          9.5247,
          47.6856
        ]
      },
      "properties": {
        "icao24": "3ffa93",
        "callsign": "DMMDY",
        "origin_country": "Germany",
        "time_position": 1786102045,
        "last_contact": 1786102045,
        "baro_altitude": 594.36,
        "on_ground": false,
        "velocity": 40.8,
        "true_track": 311.93,
        "vertical_rate": -0.33,
        "geo_altitude": 731.52,
        "squawk": null,
        "spi": false,
        "position_source": 0
      }
    },
    {
      "type": "Feature",
      "geometry": {
        "type": "Point",
        "coordinates": [
          14.0106,
          44.3107
        ]
      },
      "properties": {
        "icao24": "4b0dd0",
        "callsign": "HUE28P",
        "origin_country": "Switzerland",
        "time_position": 1786102039,
        "last_contact": 1786102042,
        "baro_altitude": 7924.8,
        "on_ground": false,
        "velocity": 129.89,
        "true_track": 316.12,
        "vertical_rate": 0,
        "geo_altitude": 8389.62,
        "squawk": "2065",
        "spi": false,
        "position_source": 0
      }
    },
    {
      "type": "Feature",
      "geometry": {
        "type": "Point",
        "coordinates": [
          18.3392,
          47.1179
        ]
      },
      "properties": {
        "icao24": "896198",
        "callsign": "UAE62T",
        "origin_country": "United Arab Emirates",
        "time_position": 1786102045,
        "last_contact": 1786102045,
        "baro_altitude": 11582.4,
        "on_ground": false,
        "velocity": 239.75,
        "true_track": 297.33,
        "vertical_rate": 0,
        "geo_altitude": 12146.28,
        "squawk": "2675",
        "spi": false,
        "position_source": 0
      }
    },
    {
      "type": "Feature",
      "geometry": {
        "type": "Point",
        "coordinates": [
          6.2113,
          46.6022
        ]
      },
      "properties": {
        "icao24": "4b5106",
        "callsign": "HB3167",
        "origin_country": "Switzerland",
        "time_position": 1786102045,
        "last_contact": 1786102046,
        "baro_altitude": 2156.46,
        "on_ground": false,
        "velocity": 34.59,
        "true_track": 202.75,
        "vertical_rate": -0.33,
        "geo_altitude": 2331.72,
        "squawk": "7000",
        "spi": false,
        "position_source": 0
      }
    },
    {
      "type": "Feature",
      "geometry": {
        "type": "Point",
        "coordinates": [
          13.0078,
          41.6822
        ]
      },
      "properties": {
        "icao24": "896185",
        "callsign": "UAE6JL",
        "origin_country": "United Arab Emirates",
        "time_position": 1786102046,
        "last_contact": 1786102046,
        "baro_altitude": 4358.64,
        "on_ground": false,
        "velocity": 178.84,
        "true_track": 291.25,
        "vertical_rate": -3.25,
        "geo_altitude": 4663.44,
        "squawk": "2046",
        "spi": false,
        "position_source": 0
      }
    },
    {
      "type": "Feature",
      "geometry": {
        "type": "Point",
        "coordinates": [
          7.3821,
          46.5494
        ]
      },
      "properties": {
        "icao24": "4b514c",
        "callsign": "HB3237",
        "origin_country": "Switzerland",
        "time_position": 1786092956,
        "last_contact": 1786102044,
        "baro_altitude": 861.06,
        "on_ground": false,
        "velocity": 3.13,
        "true_track": 189.46,
        "vertical_rate": -0.33,
        "geo_altitude": null,
        "squawk": null,
        "spi": false,
        "position_source": 0
      }
    },
    {
      "type": "Feature",
      "geometry": {
        "type": "Point",
        "coordinates": [
          17.2966,
          46.5212
        ]
      },
      "properties": {
        "icao24": "505d68",
        "callsign": "OMKNH",
        "origin_country": "Slovakia",
        "time_position": 1786102045,
        "last_contact": 1786102045,
        "baro_altitude": 3352.8,
        "on_ground": false,
        "velocity": 82.83,
        "true_track": 11.1,
        "vertical_rate": 0,
        "geo_altitude": 3550.92,
        "squawk": "4450",
        "spi": false,
        "position_source": 0
      }
    },
    {
      "type": "Feature",
      "geometry": {
        "type": "Point",
        "coordinates": [
          13.4766,
          45.2149
        ]
      },
      "properties": {
        "icao24": "40690d",
        "callsign": "EZY91AJ",
        "origin_country": "United Kingdom",
        "time_position": 1786102045,
        "last_contact": 1786102045,
        "baro_altitude": 11582.4,
        "on_ground": false,
        "velocity": 219.68,
        "true_track": 301.01,
        "vertical_rate": 0,
        "geo_altitude": 12184.38,
        "squawk": "7762",
        "spi": false,
        "position_source": 0
      }
    },
    {
      "type": "Feature",
      "geometry": {
        "type": "Point",
        "coordinates": [
          7.2048,
          43.6485
        ]
      },
      "properties": {
        "icao24": "39dd44",
        "callsign": "CCM87DW",
        "origin_country": "France",
        "time_position": 1786102046,
        "last_contact": 1786102046,
        "baro_altitude": 160.02,
        "on_ground": false,
        "velocity": 65.87,
        "true_track": 223.42,
        "vertical_rate": 8.78,
        "geo_altitude": 220.98,
        "squawk": null,
        "spi": false,
        "position_source": 0
      }
    },
    {
      "type": "Feature",
      "geometry": {
        "type": "Point",
        "coordinates": [
          12.211,
          41.7939
        ]
      },
      "properties": {
        "icao24": "440181",
        "callsign": "EJU95ZU",
        "origin_country": "Austria",
        "time_position": 1786102046,
        "last_contact": 1786102046,
        "baro_altitude": 441.96,
        "on_ground": false,
        "velocity": 88.82,
        "true_track": 251.77,
        "vertical_rate": 6.18,
        "geo_altitude": 518.16,
        "squawk": null,
        "spi": false,
        "position_source": 0
      }
    },
    {
      "type": "Feature",
      "geometry": {
        "type": "Point",
        "coordinates": [
          14.2099,
          43.7454
        ]
      },
      "properties": {
        "icao24": "39ca61",
        "callsign": "TLJ210J",
        "origin_country": "France",
        "time_position": 1786102045,
        "last_contact": 1786102045,
        "baro_altitude": 11277.6,
        "on_ground": false,
        "velocity": 242.18,
        "true_track": 111.17,
        "vertical_rate": 0.65,
        "geo_altitude": 11925.3,
        "squawk": "0477",
        "spi": false,
        "position_source": 0
      }
    },
    {
      "type": "Feature",
      "geometry": {
        "type": "Point",
        "coordinates": [
          17.2861,
          40.644
        ]
      },
      "properties": {
        "icao24": "440172",
        "callsign": "EJU78FJ",
        "origin_country": "Austria",
        "time_position": 1786102045,
        "last_contact": 1786102045,
        "baro_altitude": 11277.6,
        "on_ground": false,
        "velocity": 237.54,
        "true_track": 135.09,
        "vertical_rate": 0,
        "geo_altitude": 11940.54,
        "squawk": "0401",
        "spi": false,
        "position_source": 0
      }
    },
    {
      "type": "Feature",
      "geometry": {
        "type": "Point",
        "coordinates": [
          10.9314,
          42.5868
        ]
      },
      "properties": {
        "icao24": "440198",
        "callsign": "EJU501L",
        "origin_country": "Austria",
        "time_position": 1786102046,
        "last_contact": 1786102046,
        "baro_altitude": 11292.84,
        "on_ground": false,
        "velocity": 247.98,
        "true_track": 164.72,
        "vertical_rate": 0,
        "geo_altitude": 11955.78,
        "squawk": "1000",
        "spi": false,
        "position_source": 0
      }
    },
    {
      "type": "Feature",
      "geometry": {
        "type": "Point",
        "coordinates": [
          8.6975,
          47.5063
        ]
      },
      "properties": {
        "icao24": "45216e",
        "callsign": "GPX1BL",
        "origin_country": "Bulgaria",
        "time_position": 1786102045,
        "last_contact": 1786102045,
        "baro_altitude": 6103.62,
        "on_ground": false,
        "velocity": 183.59,
        "true_track": 296.64,
        "vertical_rate": -0.98,
        "geo_altitude": 6408.42,
        "squawk": "1000",
        "spi": false,
        "position_source": 0
      }
    },
    {
      "type": "Feature",
      "geometry": {
        "type": "Point",
        "coordinates": [
          10.0042,
          43.5272
        ]
      },
      "properties": {
        "icao24": "452179",
        "callsign": "LBT2873",
        "origin_country": "Bulgaria",
        "time_position": 1786102045,
        "last_contact": 1786102046,
        "baro_altitude": 10652.76,
        "on_ground": false,
        "velocity": 242,
        "true_track": 159.99,
        "vertical_rate": 0,
        "geo_altitude": 11254.74,
        "squawk": "2534",
        "spi": false,
        "position_source": 0
      }
    },
    {
      "type": "Feature",
      "geometry": {
        "type": "Point",
        "coordinates": [
          8.8247,
          43.6602
        ]
      },
      "properties": {
        "icao24": "39dd53",
        "callsign": "CCM21AW",
        "origin_country": "France",
        "time_position": 1786102045,
        "last_contact": 1786102045,
        "baro_altitude": 8244.84,
        "on_ground": false,
        "velocity": 248.03,
        "true_track": 352.49,
        "vertical_rate": 7.15,
        "geo_altitude": 8747.76,
        "squawk": "1000",
        "spi": false,
        "position_source": 0
      }
    },
    {
      "type": "Feature",
      "geometry": {
        "type": "Point",
        "coordinates": [
          8.5128,
          43.1392
        ]
      },
      "properties": {
        "icao24": "44017c",
        "callsign": "EJU64HV",
        "origin_country": "Austria",
        "time_position": 1786102046,
        "last_contact": 1786102046,
        "baro_altitude": 10668,
        "on_ground": false,
        "velocity": 226.38,
        "true_track": 204,
        "vertical_rate": 0,
        "geo_altitude": 11285.22,
        "squawk": "1000",
        "spi": false,
        "position_source": 0
      }
    },
    {
      "type": "Feature",
      "geometry": {
        "type": "Point",
        "coordinates": [
          12.4866,
          41.9575
        ]
      },
      "properties": {
        "icao24": "440188",
        "callsign": "OECCB",
        "origin_country": "Austria",
        "time_position": 1786102045,
        "last_contact": 1786102046,
        "baro_altitude": 320.04,
        "on_ground": false,
        "velocity": 48.36,
        "true_track": 179.39,
        "vertical_rate": -2.28,
        "geo_altitude": 365.76,
        "squawk": null,
        "spi": false,
        "position_source": 0
      }
    },
    {
      "type": "Feature",
      "geometry": {
        "type": "Point",
        "coordinates": [
          9.2999,
          44.8813
        ]
      },
      "properties": {
        "icao24": "300a87",
        "callsign": "ITY050",
        "origin_country": "Italy",
        "time_position": 1786102045,
        "last_contact": 1786102046,
        "baro_altitude": 6019.8,
        "on_ground": false,
        "velocity": 184.88,
        "true_track": 196.82,
        "vertical_rate": 8.13,
        "geo_altitude": 6377.94,
        "squawk": "1000",
        "spi": false,
        "position_source": 0
      }
    },
    {
      "type": "Feature",
      "geometry": {
        "type": "Point",
        "coordinates": [
          14.1936,
          46.2614
        ]
      },
      "properties": {
        "icao24": "471dc1",
        "callsign": "WZZ15TD",
        "origin_country": "Hungary",
        "time_position": 1786102045,
        "last_contact": 1786102045,
        "baro_altitude": 10363.2,
        "on_ground": false,
        "velocity": 218.46,
        "true_track": 229.11,
        "vertical_rate": 0,
        "geo_altitude": 10911.84,
        "squawk": "1000",
        "spi": false,
        "position_source": 0
      }
    },
    {
      "type": "Feature",
      "geometry": {
        "type": "Point",
        "coordinates": [
          11.9411,
          37.0059
        ]
      },
      "properties": {
        "icao24": "440128",
        "callsign": "EJU3637",
        "origin_country": "Austria",
        "time_position": 1786102045,
        "last_contact": 1786102045,
        "baro_altitude": 11269.98,
        "on_ground": false,
        "velocity": 229.12,
        "true_track": 174.07,
        "vertical_rate": -0.33,
        "geo_altitude": 11963.4,
        "squawk": "0422",
        "spi": false,
        "position_source": 0
      }
    },
    {
      "type": "Feature",
      "geometry": {
        "type": "Point",
        "coordinates": [
          13.0727,
          45.4179
        ]
      },
      "properties": {
        "icao24": "300a5c",
        "callsign": "LSI252",
        "origin_country": "Italy",
        "time_position": 1786102045,
        "last_contact": 1786102045,
        "baro_altitude": 10363.2,
        "on_ground": false,
        "velocity": 236.1,
        "true_track": 283.1,
        "vertical_rate": 0,
        "geo_altitude": 10896.6,
        "squawk": "2305",
        "spi": false,
        "position_source": 0
      }
    },
    {
      "type": "Feature",
      "geometry": {
        "type": "Point",
        "coordinates": [
          12.5414,
          37.9475
        ]
      },
      "properties": {
        "icao24": "471dad",
        "callsign": "WMT694",
        "origin_country": "Hungary",
        "time_position": 1786102046,
        "last_contact": 1786102046,
        "baro_altitude": 10058.4,
        "on_ground": false,
        "velocity": 225.86,
        "true_track": 179.35,
        "vertical_rate": 0,
        "geo_altitude": 10690.86,
        "squawk": null,
        "spi": false,
        "position_source": 0
      }
    },
    {
      "type": "Feature",
      "geometry": {
        "type": "Point",
        "coordinates": [
          11.7956,
          44.1793
        ]
      },
      "properties": {
        "icao24": "300a6f",
        "callsign": "IMCPL",
        "origin_country": "Italy",
        "time_position": 1786102045,
        "last_contact": 1786102045,
        "baro_altitude": 876.3,
        "on_ground": false,
        "velocity": 40.67,
        "true_track": 161.57,
        "vertical_rate": 0.65,
        "geo_altitude": 975.36,
        "squawk": null,
        "spi": false,
        "position_source": 0
      }
    },
    {
      "type": "Feature",
      "geometry": {
        "type": "Point",
        "coordinates": [
          11.8176,
          44.353
        ]
      },
      "properties": {
        "icao24": "300a55",
        "callsign": "IOZZT",
        "origin_country": "Italy",
        "time_position": 1786102045,
        "last_contact": 1786102045,
        "baro_altitude": 426.72,
        "on_ground": false,
        "velocity": 45.33,
        "true_track": 117.73,
        "vertical_rate": 0.98,
        "geo_altitude": 502.92,
        "squawk": null,
        "spi": false,
        "position_source": 0
      }
    },
    {
      "type": "Feature",
      "geometry": {
        "type": "Point",
        "coordinates": [
          11.9885,
          44.6076
        ]
      },
      "properties": {
        "icao24": "300a53",
        "callsign": "IOZZK",
        "origin_country": "Italy",
        "time_position": 1786102045,
        "last_contact": 1786102045,
        "baro_altitude": 754.38,
        "on_ground": false,
        "velocity": 52.66,
        "true_track": 255.28,
        "vertical_rate": 0.98,
        "geo_altitude": 838.2,
        "squawk": "7000",
        "spi": false,
        "position_source": 0
      }
    },
    {
      "type": "Feature",
      "geometry": {
        "type": "Point",
        "coordinates": [
          11.5507,
          44.4988
        ]
      },
      "properties": {
        "icao24": "300a54",
        "callsign": "IOZZY",
        "origin_country": "Italy",
        "time_position": 1786102045,
        "last_contact": 1786102045,
        "baro_altitude": 426.72,
        "on_ground": false,
        "velocity": 46.55,
        "true_track": 290.04,
        "vertical_rate": -5.2,
        "geo_altitude": 495.3,
        "squawk": null,
        "spi": false,
        "position_source": 0
      }
    },
    {
      "type": "Feature",
      "geometry": {
        "type": "Point",
        "coordinates": [
          12.282,
          41.3148
        ]
      },
      "properties": {
        "icao24": "4bb2a5",
        "callsign": "TKJ4QU",
        "origin_country": "Turkey",
        "time_position": 1786102046,
        "last_contact": 1786102046,
        "baro_altitude": 4724.4,
        "on_ground": false,
        "velocity": 197.41,
        "true_track": 128.33,
        "vertical_rate": 11.05,
        "geo_altitude": 5052.06,
        "squawk": null,
        "spi": false,
        "position_source": 0
      }
    },
    {
      "type": "Feature",
      "geometry": {
        "type": "Point",
        "coordinates": [
          9.5713,
          42.6255
        ]
      },
      "properties": {
        "icao24": "ab5c12",
        "callsign": "AAL719",
        "origin_country": "United States",
        "time_position": 1786102045,
        "last_contact": 1786102046,
        "baro_altitude": 10081.26,
        "on_ground": false,
        "velocity": 246.32,
        "true_track": 302.46,
        "vertical_rate": 5.85,
        "geo_altitude": 10683.24,
        "squawk": "1246",
        "spi": false,
        "position_source": 0
      }
    },
    {
      "type": "Feature",
      "geometry": {
        "type": "Point",
        "coordinates": [
          18.5011,
          45.4351
        ]
      },
      "properties": {
        "icao24": "4bb1c7",
        "callsign": "THY3KE",
        "origin_country": "Turkey",
        "time_position": 1786102046,
        "last_contact": 1786102046,
        "baro_altitude": 11887.2,
        "on_ground": false,
        "velocity": 253.04,
        "true_track": 120.68,
        "vertical_rate": 0,
        "geo_altitude": 12496.8,
        "squawk": "4541",
        "spi": false,
        "position_source": 0
      }
    },
    {
      "type": "Feature",
      "geometry": {
        "type": "Point",
        "coordinates": [
          14.9783,
          46.0083
        ]
      },
      "properties": {
        "icao24": "7380cb",
        "callsign": "ELY008",
        "origin_country": "Israel",
        "time_position": 1786102045,
        "last_contact": 1786102045,
        "baro_altitude": 11879.58,
        "on_ground": false,
        "velocity": 263.77,
        "true_track": 131.84,
        "vertical_rate": 0.33,
        "geo_altitude": 12489.18,
        "squawk": "5256",
        "spi": false,
        "position_source": 0
      }
    },
    {
      "type": "Feature",
      "geometry": {
        "type": "Point",
        "coordinates": [
          6.9367,
          38.7108
        ]
      },
      "properties": {
        "icao24": "39dd03",
        "callsign": "TVF8964",
        "origin_country": "France",
        "time_position": 1786102044,
        "last_contact": 1786102044,
        "baro_altitude": 11894.82,
        "on_ground": false,
        "velocity": 241.11,
        "true_track": 153.38,
        "vertical_rate": 0,
        "geo_altitude": 12595.86,
        "squawk": "7650",
        "spi": false,
        "position_source": 0
      }
    },
    {
      "type": "Feature",
      "geometry": {
        "type": "Point",
        "coordinates": [
          11.8006,
          43.1963
        ]
      },
      "properties": {
        "icao24": "39dd05",
        "callsign": "TVF38EG",
        "origin_country": "France",
        "time_position": 1786102045,
        "last_contact": 1786102045,
        "baro_altitude": 11574.78,
        "on_ground": false,
        "velocity": 221.41,
        "true_track": 310.76,
        "vertical_rate": -0.33,
        "geo_altitude": 12222.48,
        "squawk": "1000",
        "spi": false,
        "position_source": 0
      }
    },
    {
      "type": "Feature",
      "geometry": {
        "type": "Point",
        "coordinates": [
          11.2185,
          45.5742
        ]
      },
      "properties": {
        "icao24": "39dd00",
        "callsign": "TVF73JT",
        "origin_country": "France",
        "time_position": 1786102046,
        "last_contact": 1786102046,
        "baro_altitude": 8511.54,
        "on_ground": false,
        "velocity": 202.89,
        "true_track": 274.8,
        "vertical_rate": 8.45,
        "geo_altitude": 8983.98,
        "squawk": "1000",
        "spi": false,
        "position_source": 0
      }
    },
    {
      "type": "Feature",
      "geometry": {
        "type": "Point",
        "coordinates": [
          7.7318,
          43.0959
        ]
      },
      "properties": {
        "icao24": "4bb321",
        "callsign": "THY1316",
        "origin_country": "Turkey",
        "time_position": 1786102046,
        "last_contact": 1786102046,
        "baro_altitude": 10668,
        "on_ground": false,
        "velocity": 258.3,
        "true_track": 98.94,
        "vertical_rate": 0,
        "geo_altitude": 11269.98,
        "squawk": "3373",
        "spi": false,
        "position_source": 0
      }
    },
    {
      "type": "Feature",
      "geometry": {
        "type": "Point",
        "coordinates": [
          6.0847,
          46.2215
        ]
      },
      "properties": {
        "icao24": "3451da",
        "callsign": "ANE1281",
        "origin_country": "Spain",
        "time_position": 1786101871,
        "last_contact": 1786101871,
        "baro_altitude": 441.96,
        "on_ground": false,
        "velocity": 73.87,
        "true_track": 46.41,
        "vertical_rate": -5.2,
        "geo_altitude": 586.74,
        "squawk": "1000",
        "spi": false,
        "position_source": 0
      }
    },
    {
      "type": "Feature",
      "geometry": {
        "type": "Point",
        "coordinates": [
          7.3675,
          43.3782
        ]
      },
      "properties": {
        "icao24": "3451d8",
        "callsign": "ANE2228",
        "origin_country": "Spain",
        "time_position": 1786102045,
        "last_contact": 1786102045,
        "baro_altitude": 1013.46,
        "on_ground": false,
        "velocity": 125.87,
        "true_track": 44.67,
        "vertical_rate": -2.93,
        "geo_altitude": 1120.14,
        "squawk": "1000",
        "spi": false,
        "position_source": 0
      }
    },
    {
      "type": "Feature",
      "geometry": {
        "type": "Point",
        "coordinates": [
          16.2841,
          47.1648
        ]
      },
      "properties": {
        "icao24": "4bb21a",
        "callsign": "THY3RF",
        "origin_country": "Turkey",
        "time_position": 1786102046,
        "last_contact": 1786102046,
        "baro_altitude": 10972.8,
        "on_ground": false,
        "velocity": 215.52,
        "true_track": 291.42,
        "vertical_rate": 0,
        "geo_altitude": 11521.44,
        "squawk": "4602",
        "spi": false,
        "position_source": 0
      }
    },
    {
      "type": "Feature",
      "geometry": {
        "type": "Point",
        "coordinates": [
          6.7469,
          45.9262
        ]
      },
      "properties": {
        "icao24": "4bb275",
        "callsign": "THY9CH",
        "origin_country": "Turkey",
        "time_position": 1786102045,
        "last_contact": 1786102045,
        "baro_altitude": 6210.3,
        "on_ground": false,
        "velocity": 183.83,
        "true_track": 290.82,
        "vertical_rate": -5.2,
        "geo_altitude": 6591.3,
        "squawk": "3221",
        "spi": false,
        "position_source": 0
      }
    },
    {
      "type": "Feature",
      "geometry": {
        "type": "Point",
        "coordinates": [
          17.5037,
          42.7873
        ]
      },
      "properties": {
        "icao24": "4bb26d",
        "callsign": "THY4GH",
        "origin_country": "Turkey",
        "time_position": 1786102045,
        "last_contact": 1786102045,
        "baro_altitude": 9745.98,
        "on_ground": false,
        "velocity": 226.04,
        "true_track": 257.51,
        "vertical_rate": -0.33,
        "geo_altitude": 10309.86,
        "squawk": null,
        "spi": false,
        "position_source": 0
      }
    },
    {
      "type": "Feature",
      "geometry": {
        "type": "Point",
        "coordinates": [
          8.8226,
          40.5047
        ]
      },
      "properties": {
        "icao24": "4bb282",
        "callsign": "THY7CT",
        "origin_country": "Turkey",
        "time_position": 1786102045,
        "last_contact": 1786102045,
        "baro_altitude": 10355.58,
        "on_ground": false,
        "velocity": 236.74,
        "true_track": 85.89,
        "vertical_rate": 0.33,
        "geo_altitude": 11003.28,
        "squawk": "1263",
        "spi": false,
        "position_source": 0
      }
    },
    {
      "type": "Feature",
      "geometry": {
        "type": "Point",
        "coordinates": [
          13.6991,
          45.1457
        ]
      },
      "properties": {
        "icao24": "4bb281",
        "callsign": "THY2HG",
        "origin_country": "Turkey",
        "time_position": 1786102045,
        "last_contact": 1786102045,
        "baro_altitude": 10370.82,
        "on_ground": false,
        "velocity": 220.73,
        "true_track": 283.62,
        "vertical_rate": 0,
        "geo_altitude": 10934.7,
        "squawk": "2341",
        "spi": false,
        "position_source": 0
      }
    },
    {
      "type": "Feature",
      "geometry": {
        "type": "Point",
        "coordinates": [
          6.3656,
          40.7639
        ]
      },
      "properties": {
        "icao24": "020182",
        "callsign": "CNTMH",
        "origin_country": "Morocco",
        "time_position": 1786102045,
        "last_contact": 1786102045,
        "baro_altitude": 11163.3,
        "on_ground": false,
        "velocity": 244.04,
        "true_track": 70.8,
        "vertical_rate": -5.53,
        "geo_altitude": 11841.48,
        "squawk": "1000",
        "spi": false,
        "position_source": 0
      }
    },
    {
      "type": "Feature",
      "geometry": {
        "type": "Point",
        "coordinates": [
          8.635,
          46.0832
        ]
      },
      "properties": {
        "icao24": "320084",
        "callsign": "DRAG171",
        "origin_country": "Italy",
        "time_position": 1786102044,
        "last_contact": 1786102044,
        "baro_altitude": 1082.04,
        "on_ground": false,
        "velocity": 44.92,
        "true_track": 20.1,
        "vertical_rate": 5.85,
        "geo_altitude": 1219.2,
        "squawk": "7000",
        "spi": false,
        "position_source": 0
      }
    },
    {
      "type": "Feature",
      "geometry": {
        "type": "Point",
        "coordinates": [
          7.036,
          47.7362
        ]
      },
      "properties": {
        "icao24": "4c80a6",
        "callsign": "CYP381",
        "origin_country": "Cyprus",
        "time_position": 1786102045,
        "last_contact": 1786102045,
        "baro_altitude": 11049,
        "on_ground": false,
        "velocity": 251.81,
        "true_track": 120.44,
        "vertical_rate": 2.28,
        "geo_altitude": 11513.82,
        "squawk": "7554",
        "spi": false,
        "position_source": 0
      }
    },
    {
      "type": "Feature",
      "geometry": {
        "type": "Point",
        "coordinates": [
          14.9402,
          38.3471
        ]
      },
      "properties": {
        "icao24": "320076",
        "callsign": "VOLPE423",
        "origin_country": "Italy",
        "time_position": 1786102037,
        "last_contact": 1786102037,
        "baro_altitude": 457.2,
        "on_ground": false,
        "velocity": 70.45,
        "true_track": 260.33,
        "vertical_rate": 0,
        "geo_altitude": 541.02,
        "squawk": null,
        "spi": false,
        "position_source": 0
      }
    },
    {
      "type": "Feature",
      "geometry": {
        "type": "Point",
        "coordinates": [
          17.0053,
          42.3361
        ]
      },
      "properties": {
        "icao24": "3e4109",
        "callsign": "DIPVD",
        "origin_country": "Germany",
        "time_position": 1786102046,
        "last_contact": 1786102046,
        "baro_altitude": 12496.8,
        "on_ground": false,
        "velocity": 212.83,
        "true_track": 107.3,
        "vertical_rate": 0,
        "geo_altitude": 13167.36,
        "squawk": "0433",
        "spi": false,
        "position_source": 0
      }
    },
    {
      "type": "Feature",
      "geometry": {
        "type": "Point",
        "coordinates": [
          8.5901,
          43.0142
        ]
      },
      "properties": {
        "icao24": "3caaab",
        "callsign": "DBJUK",
        "origin_country": "Germany",
        "time_position": 1786102045,
        "last_contact": 1786102046,
        "baro_altitude": 9555.48,
        "on_ground": false,
        "velocity": 247.83,
        "true_track": 20.92,
        "vertical_rate": -5.53,
        "geo_altitude": 10111.74,
        "squawk": "1000",
        "spi": false,
        "position_source": 0
      }
    },
    {
      "type": "Feature",
      "geometry": {
        "type": "Point",
        "coordinates": [
          8.7178,
          45.6283
        ]
      },
      "properties": {
        "icao24": "780a8a",
        "callsign": "CPA234",
        "origin_country": "China",
        "time_position": 1786102036,
        "last_contact": 1786102045,
        "baro_altitude": null,
        "on_ground": true,
        "velocity": 0,
        "true_track": 348.75,
        "vertical_rate": null,
        "geo_altitude": null,
        "squawk": null,
        "spi": false,
        "position_source": 0
      }
    },
    {
      "type": "Feature",
      "geometry": {
        "type": "Point",
        "coordinates": [
          14.263,
          42.1918
        ]
      },
      "properties": {
        "icao24": "32002e",
        "callsign": "I2311",
        "origin_country": "Italy",
        "time_position": 1786102045,
        "last_contact": 1786102046,
        "baro_altitude": 6347.46,
        "on_ground": false,
        "velocity": 111.64,
        "true_track": 269.74,
        "vertical_rate": 6.5,
        "geo_altitude": 6736.08,
        "squawk": null,
        "spi": false,
        "position_source": 0
      }
    },
    {
      "type": "Feature",
      "geometry": {
        "type": "Point",
        "coordinates": [
          7.3166,
          43.5846
        ]
      },
      "properties": {
        "icao24": "34530d",
        "callsign": "ANE74TK",
        "origin_country": "Spain",
        "time_position": 1786102045,
        "last_contact": 1786102045,
        "baro_altitude": 10058.4,
        "on_ground": false,
        "velocity": 214,
        "true_track": 256.8,
        "vertical_rate": 0,
        "geo_altitude": 10622.28,
        "squawk": "1000",
        "spi": false,
        "position_source": 0
      }
    },
    {
      "type": "Feature",
      "geometry": {
        "type": "Point",
        "coordinates": [
          13.1059,
          44.7104
        ]
      },
      "properties": {
        "icao24": "89630d",
        "callsign": "UAE2W",
        "origin_country": "United Arab Emirates",
        "time_position": 1786102045,
        "last_contact": 1786102045,
        "baro_altitude": 10058.4,
        "on_ground": false,
        "velocity": 265.55,
        "true_track": 147.02,
        "vertical_rate": 0,
        "geo_altitude": 10599.42,
        "squawk": "3154",
        "spi": false,
        "position_source": 0
      }
    },
    {
      "type": "Feature",
      "geometry": {
        "type": "Point",
        "coordinates": [
          9.2782,
          45.4345
        ]
      },
      "properties": {
        "icao24": "44ce72",
        "callsign": "BEL3LZ",
        "origin_country": "Belgium",
        "time_position": 1786102004,
        "last_contact": 1786102004,
        "baro_altitude": null,
        "on_ground": true,
        "velocity": 1.29,
        "true_track": 326.25,
        "vertical_rate": null,
        "geo_altitude": null,
        "squawk": null,
        "spi": false,
        "position_source": 0
      }
    },
    {
      "type": "Feature",
      "geometry": {
        "type": "Point",
        "coordinates": [
          6.0932,
          46.2255
        ]
      },
      "properties": {
        "icao24": "0200ed",
        "callsign": null,
        "origin_country": "Morocco",
        "time_position": 1786102044,
        "last_contact": 1786102044,
        "baro_altitude": null,
        "on_ground": true,
        "velocity": 0.06,
        "true_track": 258.75,
        "vertical_rate": null,
        "geo_altitude": null,
        "squawk": null,
        "spi": false,
        "position_source": 0
      }
    },
    {
      "type": "Feature",
      "geometry": {
        "type": "Point",
        "coordinates": [
          11.3406,
          43.7729
        ]
      },
      "properties": {
        "icao24": "34660d",
        "callsign": "VOE9BA",
        "origin_country": "Spain",
        "time_position": 1786102045,
        "last_contact": 1786102045,
        "baro_altitude": 9806.94,
        "on_ground": false,
        "velocity": 227.24,
        "true_track": 185.07,
        "vertical_rate": 5.53,
        "geo_altitude": 10355.58,
        "squawk": "7423",
        "spi": false,
        "position_source": 0
      }
    },
    {
      "type": "Feature",
      "geometry": {
        "type": "Point",
        "coordinates": [
          15.3335,
          44.7856
        ]
      },
      "properties": {
        "icao24": "4bb20a",
        "callsign": "THY1GP",
        "origin_country": "Turkey",
        "time_position": 1786102045,
        "last_contact": 1786102045,
        "baro_altitude": 10972.8,
        "on_ground": false,
        "velocity": 220.46,
        "true_track": 280.76,
        "vertical_rate": 0,
        "geo_altitude": 11574.78,
        "squawk": "2343",
        "spi": false,
        "position_source": 0
      }
    },
    {
      "type": "Feature",
      "geometry": {
        "type": "Point",
        "coordinates": [
          8.8739,
          43.2494
        ]
      },
      "properties": {
        "icao24": "8963f2",
        "callsign": "UAE1GP",
        "origin_country": "United Arab Emirates",
        "time_position": 1786102045,
        "last_contact": 1786102046,
        "baro_altitude": 6172.2,
        "on_ground": false,
        "velocity": 202.15,
        "true_track": 294.35,
        "vertical_rate": -8.13,
        "geo_altitude": 6583.68,
        "squawk": "2036",
        "spi": false,
        "position_source": 0
      }
    },
    {
      "type": "Feature",
      "geometry": {
        "type": "Point",
        "coordinates": [
          16.7123,
          40.4079
        ]
      },
      "properties": {
        "icao24": "8963f7",
        "callsign": "UAE4PV",
        "origin_country": "United Arab Emirates",
        "time_position": 1786102045,
        "last_contact": 1786102045,
        "baro_altitude": 12192,
        "on_ground": false,
        "velocity": 252.97,
        "true_track": 301.78,
        "vertical_rate": 0,
        "geo_altitude": 12877.8,
        "squawk": "2077",
        "spi": false,
        "position_source": 0
      }
    },
    {
      "type": "Feature",
      "geometry": {
        "type": "Point",
        "coordinates": [
          16.3563,
          44.1716
        ]
      },
      "properties": {
        "icao24": "489226",
        "callsign": "ENT3KX",
        "origin_country": "Poland",
        "time_position": 1786102046,
        "last_contact": 1786102046,
        "baro_altitude": 11582.4,
        "on_ground": false,
        "velocity": 225.12,
        "true_track": 298.38,
        "vertical_rate": 0,
        "geo_altitude": 12230.1,
        "squawk": "2006",
        "spi": false,
        "position_source": 0
      }
    },
    {
      "type": "Feature",
      "geometry": {
        "type": "Point",
        "coordinates": [
          15.6781,
          45.4545
        ]
      },
      "properties": {
        "icao24": "489225",
        "callsign": "ENT443",
        "origin_country": "Poland",
        "time_position": 1786102045,
        "last_contact": 1786102046,
        "baro_altitude": 10668,
        "on_ground": false,
        "velocity": 240.14,
        "true_track": 113.21,
        "vertical_rate": 0,
        "geo_altitude": 11224.26,
        "squawk": "3455",
        "spi": false,
        "position_source": 0
      }
    },
    {
      "type": "Feature",
      "geometry": {
        "type": "Point",
        "coordinates": [
          13.5274,
          45.325
        ]
      },
      "properties": {
        "icao24": "484ee4",
        "callsign": "KLM1972",
        "origin_country": "Kingdom of the Netherlands",
        "time_position": 1786102045,
        "last_contact": 1786102045,
        "baro_altitude": 10363.2,
        "on_ground": false,
        "velocity": 226.66,
        "true_track": 316.01,
        "vertical_rate": 0,
        "geo_altitude": 10904.22,
        "squawk": "1000",
        "spi": false,
        "position_source": 0
      }
    },
    {
      "type": "Feature",
      "geometry": {
        "type": "Point",
        "coordinates": [
          16.066,
          42.835
        ]
      },
      "properties": {
        "icao24": "4067f2",
        "callsign": "TOM6CV",
        "origin_country": "United Kingdom",
        "time_position": 1786102045,
        "last_contact": 1786102046,
        "baro_altitude": 10972.8,
        "on_ground": false,
        "velocity": 229.59,
        "true_track": 316.18,
        "vertical_rate": 0,
        "geo_altitude": 11597.64,
        "squawk": null,
        "spi": false,
        "position_source": 0
      }
    },
    {
      "type": "Feature",
      "geometry": {
        "type": "Point",
        "coordinates": [
          17.7529,
          44.3795
        ]
      },
      "properties": {
        "icao24": "4ac9f4",
        "callsign": "SAS7386",
        "origin_country": "Sweden",
        "time_position": 1786102044,
        "last_contact": 1786102046,
        "baro_altitude": 10965.18,
        "on_ground": false,
        "velocity": 232.51,
        "true_track": 331.45,
        "vertical_rate": 0,
        "geo_altitude": 11574.78,
        "squawk": "1762",
        "spi": false,
        "position_source": 0
      }
    },
    {
      "type": "Feature",
      "geometry": {
        "type": "Point",
        "coordinates": [
          8.0098,
          47.1847
        ]
      },
      "properties": {
        "icao24": "4b0c1d",
        "callsign": "HBEPH",
        "origin_country": "Switzerland",
        "time_position": 1786102045,
        "last_contact": 1786102045,
        "baro_altitude": 1303.02,
        "on_ground": false,
        "velocity": 61.26,
        "true_track": 262.28,
        "vertical_rate": 0.33,
        "geo_altitude": 1447.8,
        "squawk": "7000",
        "spi": false,
        "position_source": 0
      }
    },
    {
      "type": "Feature",
      "geometry": {
        "type": "Point",
        "coordinates": [
          9.0189,
          45.7907
        ]
      },
      "properties": {
        "icao24": "38371d",
        "callsign": "FJHSL",
        "origin_country": "France",
        "time_position": 1786102045,
        "last_contact": 1786102045,
        "baro_altitude": 899.16,
        "on_ground": false,
        "velocity": 38.72,
        "true_track": 340.6,
        "vertical_rate": -0.33,
        "geo_altitude": 990.6,
        "squawk": "4612",
        "spi": false,
        "position_source": 0
      }
    },
    {
      "type": "Feature",
      "geometry": {
        "type": "Point",
        "coordinates": [
          14.1594,
          46.9436
        ]
      },
      "properties": {
        "icao24": "345398",
        "callsign": "VLG287Y",
        "origin_country": "Spain",
        "time_position": 1786102046,
        "last_contact": 1786102046,
        "baro_altitude": 10325.1,
        "on_ground": false,
        "velocity": 250.12,
        "true_track": 59.06,
        "vertical_rate": -5.2,
        "geo_altitude": 10866.12,
        "squawk": "1000",
        "spi": false,
        "position_source": 0
      }
    },
    {
      "type": "Feature",
      "geometry": {
        "type": "Point",
        "coordinates": [
          14.5721,
          42.2153
        ]
      },
      "properties": {
        "icao24": "89647c",
        "callsign": "UAE25K",
        "origin_country": "United Arab Emirates",
        "time_position": 1786102045,
        "last_contact": 1786102045,
        "baro_altitude": 11887.2,
        "on_ground": false,
        "velocity": 263.87,
        "true_track": 129.46,
        "vertical_rate": 0,
        "geo_altitude": 12550.14,
        "squawk": "0674",
        "spi": false,
        "position_source": 0
      }
    },
    {
      "type": "Feature",
      "geometry": {
        "type": "Point",
        "coordinates": [
          6.1627,
          46.1358
        ]
      },
      "properties": {
        "icao24": "4d02ba",
        "callsign": "JFA96W",
        "origin_country": "Luxembourg",
        "time_position": 1786102046,
        "last_contact": 1786102046,
        "baro_altitude": 1874.52,
        "on_ground": false,
        "velocity": 127.7,
        "true_track": 225.82,
        "vertical_rate": -5.2,
        "geo_altitude": 2049.78,
        "squawk": "6263",
        "spi": false,
        "position_source": 0
      }
    },
    {
      "type": "Feature",
      "geometry": {
        "type": "Point",
        "coordinates": [
          8.5606,
          47.4584
        ]
      },
      "properties": {
        "icao24": "896477",
        "callsign": "UAE11M",
        "origin_country": "United Arab Emirates",
        "time_position": 1786102042,
        "last_contact": 1786102042,
        "baro_altitude": null,
        "on_ground": true,
        "velocity": 0,
        "true_track": 275.62,
        "vertical_rate": null,
        "geo_altitude": null,
        "squawk": "1000",
        "spi": false,
        "position_source": 0
      }
    },
    {
      "type": "Feature",
      "geometry": {
        "type": "Point",
        "coordinates": [
          12.4102,
          46.8992
        ]
      },
      "properties": {
        "icao24": "896451",
        "callsign": "UAE3TK",
        "origin_country": "United Arab Emirates",
        "time_position": 1786102045,
        "last_contact": 1786102045,
        "baro_altitude": 11277.6,
        "on_ground": false,
        "velocity": 269.87,
        "true_track": 116.37,
        "vertical_rate": 0.33,
        "geo_altitude": 11818.62,
        "squawk": "1160",
        "spi": false,
        "position_source": 0
      }
    },
    {
      "type": "Feature",
      "geometry": {
        "type": "Point",
        "coordinates": [
          7.399,
          39.6881
        ]
      },
      "properties": {
        "icao24": "02008b",
        "callsign": "RAM571A",
        "origin_country": "Morocco",
        "time_position": 1786102045,
        "last_contact": 1786102045,
        "baro_altitude": 11277.6,
        "on_ground": false,
        "velocity": 235.29,
        "true_track": 277.92,
        "vertical_rate": -0.33,
        "geo_altitude": 11940.54,
        "squawk": null,
        "spi": false,
        "position_source": 0
      }
    },
    {
      "type": "Feature",
      "geometry": {
        "type": "Point",
        "coordinates": [
          12.8895,
          38.2226
        ]
      },
      "properties": {
        "icao24": "4d02dd",
        "callsign": "JFA06L",
        "origin_country": "Luxembourg",
        "time_position": 1786102046,
        "last_contact": 1786102046,
        "baro_altitude": 7620,
        "on_ground": false,
        "velocity": 137.01,
        "true_track": 129.67,
        "vertical_rate": 0,
        "geo_altitude": 8115.3,
        "squawk": null,
        "spi": false,
        "position_source": 0
      }
    },
    {
      "type": "Feature",
      "geometry": {
        "type": "Point",
        "coordinates": [
          12.5273,
          42.2258
        ]
      },
      "properties": {
        "icao24": "4d02dc",
        "callsign": "JFA59N",
        "origin_country": "Luxembourg",
        "time_position": 1786102045,
        "last_contact": 1786102046,
        "baro_altitude": 7924.8,
        "on_ground": false,
        "velocity": 131.77,
        "true_track": 288.43,
        "vertical_rate": 0,
        "geo_altitude": 8420.1,
        "squawk": null,
        "spi": false,
        "position_source": 0
      }
    },
    {
      "type": "Feature",
      "geometry": {
        "type": "Point",
        "coordinates": [
          7.5326,
          47.5978
        ]
      },
      "properties": {
        "icao24": "38dfff",
        "callsign": "BUS02",
        "origin_country": "France",
        "time_position": 1786102043,
        "last_contact": 1786102043,
        "baro_altitude": null,
        "on_ground": true,
        "velocity": 4.63,
        "true_track": 261.56,
        "vertical_rate": null,
        "geo_altitude": null,
        "squawk": null,
        "spi": false,
        "position_source": 0
      }
    },
    {
      "type": "Feature",
      "geometry": {
        "type": "Point",
        "coordinates": [
          12.7605,
          43.1044
        ]
      },
      "properties": {
        "icao24": "738488",
        "callsign": "AIZ521",
        "origin_country": "Israel",
        "time_position": 1786102045,
        "last_contact": 1786102046,
        "baro_altitude": 11582.4,
        "on_ground": false,
        "velocity": 224.88,
        "true_track": 303.14,
        "vertical_rate": 0,
        "geo_altitude": 12230.1,
        "squawk": "2217",
        "spi": false,
        "position_source": 0
      }
    },
    {
      "type": "Feature",
      "geometry": {
        "type": "Point",
        "coordinates": [
          10.618,
          42.2228
        ]
      },
      "properties": {
        "icao24": "ab3c0d",
        "callsign": "AAL111",
        "origin_country": "United States",
        "time_position": 1786102045,
        "last_contact": 1786102045,
        "baro_altitude": 7459.98,
        "on_ground": false,
        "velocity": 238.88,
        "true_track": 319.1,
        "vertical_rate": 7.15,
        "geo_altitude": 7947.66,
        "squawk": null,
        "spi": false,
        "position_source": 0
      }
    },
    {
      "type": "Feature",
      "geometry": {
        "type": "Point",
        "coordinates": [
          9.0222,
          47.1594
        ]
      },
      "properties": {
        "icao24": "4b0acb",
        "callsign": "HBECH",
        "origin_country": "Switzerland",
        "time_position": 1786102046,
        "last_contact": 1786102046,
        "baro_altitude": 1287.78,
        "on_ground": false,
        "velocity": 43.29,
        "true_track": 315.48,
        "vertical_rate": 3.25,
        "geo_altitude": 1432.56,
        "squawk": "7000",
        "spi": false,
        "position_source": 0
      }
    },
    {
      "type": "Feature",
      "geometry": {
        "type": "Point",
        "coordinates": [
          8.5548,
          47.4597
        ]
      },
      "properties": {
        "icao24": "c023aa",
        "callsign": "ACA881",
        "origin_country": "Canada",
        "time_position": 1786102046,
        "last_contact": 1786102046,
        "baro_altitude": null,
        "on_ground": true,
        "velocity": 1.8,
        "true_track": 95.62,
        "vertical_rate": null,
        "geo_altitude": null,
        "squawk": "3077",
        "spi": false,
        "position_source": 0
      }
    },
    {
      "type": "Feature",
      "geometry": {
        "type": "Point",
        "coordinates": [
          10.3473,
          43.8907
        ]
      },
      "properties": {
        "icao24": "c023b7",
        "callsign": "ACA899",
        "origin_country": "Canada",
        "time_position": 1786102045,
        "last_contact": 1786102045,
        "baro_altitude": 9753.6,
        "on_ground": false,
        "velocity": 241.04,
        "true_track": 300.67,
        "vertical_rate": 0,
        "geo_altitude": 10309.86,
        "squawk": "1277",
        "spi": false,
        "position_source": 0
      }
    },
    {
      "type": "Feature",
      "geometry": {
        "type": "Point",
        "coordinates": [
          7.2102,
          43.6586
        ]
      },
      "properties": {
        "icao24": "3ccf01",
        "callsign": "ECA4RT",
        "origin_country": "Germany",
        "time_position": 1786102045,
        "last_contact": 1786102045,
        "baro_altitude": null,
        "on_ground": true,
        "velocity": 7.72,
        "true_track": 45,
        "vertical_rate": null,
        "geo_altitude": null,
        "squawk": "6322",
        "spi": false,
        "position_source": 0
      }
    },
    {
      "type": "Feature",
      "geometry": {
        "type": "Point",
        "coordinates": [
          13.936,
          40.7371
        ]
      },
      "properties": {
        "icao24": "4bb068",
        "callsign": "THY8TY",
        "origin_country": "Turkey",
        "time_position": 1786102046,
        "last_contact": 1786102046,
        "baro_altitude": 11582.4,
        "on_ground": false,
        "velocity": 223.93,
        "true_track": 267.89,
        "vertical_rate": 0,
        "geo_altitude": 12252.96,
        "squawk": "2330",
        "spi": false,
        "position_source": 0
      }
    },
    {
      "type": "Feature",
      "geometry": {
        "type": "Point",
        "coordinates": [
          10.2164,
          47.7227
        ]
      },
      "properties": {
        "icao24": "4064a4",
        "callsign": "TOM9WK",
        "origin_country": "United Kingdom",
        "time_position": 1786102046,
        "last_contact": 1786102046,
        "baro_altitude": 10972.8,
        "on_ground": false,
        "velocity": 218.68,
        "true_track": 316.24,
        "vertical_rate": 0,
        "geo_altitude": 11445.24,
        "squawk": "6603",
        "spi": false,
        "position_source": 0
      }
    },
    {
      "type": "Feature",
      "geometry": {
        "type": "Point",
        "coordinates": [
          9.4622,
          45.0589
        ]
      },
      "properties": {
        "icao24": "345084",
        "callsign": "VLG1SE",
        "origin_country": "Spain",
        "time_position": 1786102046,
        "last_contact": 1786102046,
        "baro_altitude": 11468.1,
        "on_ground": false,
        "velocity": 203.65,
        "true_track": 304.81,
        "vertical_rate": 2.6,
        "geo_altitude": 12031.98,
        "squawk": "1000",
        "spi": false,
        "position_source": 0
      }
    },
    {
      "type": "Feature",
      "geometry": {
        "type": "Point",
        "coordinates": [
          18.7228,
          39.2533
        ]
      },
      "properties": {
        "icao24": "4bb073",
        "callsign": "THY597",
        "origin_country": "Turkey",
        "time_position": 1786102046,
        "last_contact": 1786102046,
        "baro_altitude": 10363.2,
        "on_ground": false,
        "velocity": 233.98,
        "true_track": 259.36,
        "vertical_rate": 0,
        "geo_altitude": 10980.42,
        "squawk": "2333",
        "spi": false,
        "position_source": 0
      }
    },
    {
      "type": "Feature",
      "geometry": {
        "type": "Point",
        "coordinates": [
          8.2149,
          47.5025
        ]
      },
      "properties": {
        "icao24": "4b0b11",
        "callsign": "HBEEZ",
        "origin_country": "Switzerland",
        "time_position": 1786102046,
        "last_contact": 1786102046,
        "baro_altitude": 0,
        "on_ground": false,
        "velocity": 57.93,
        "true_track": 146.59,
        "vertical_rate": 0.65,
        "geo_altitude": null,
        "squawk": "7000",
        "spi": false,
        "position_source": 0
      }
    },
    {
      "type": "Feature",
      "geometry": {
        "type": "Point",
        "coordinates": [
          7.8221,
          47.2409
        ]
      },
      "properties": {
        "icao24": "4b1e47",
        "callsign": "IBD95T",
        "origin_country": "Switzerland",
        "time_position": 1786102046,
        "last_contact": 1786102046,
        "baro_altitude": 1775.46,
        "on_ground": false,
        "velocity": 74.24,
        "true_track": 284.04,
        "vertical_rate": 0.33,
        "geo_altitude": 1958.34,
        "squawk": "1000",
        "spi": false,
        "position_source": 0
      }
    },
    {
      "type": "Feature",
      "geometry": {
        "type": "Point",
        "coordinates": [
          11.0321,
          35.2663
        ]
      },
      "properties": {
        "icao24": "018086",
        "callsign": "LWA810",
        "origin_country": "Libyan Arab Jamahiriya",
        "time_position": 1786102033,
        "last_contact": 1786102033,
        "baro_altitude": 8587.74,
        "on_ground": false,
        "velocity": 224.5,
        "true_track": 343.77,
        "vertical_rate": -11.05,
        "geo_altitude": 9075.42,
        "squawk": "5050",
        "spi": false,
        "position_source": 0
      }
    },
    {
      "type": "Feature",
      "geometry": {
        "type": "Point",
        "coordinates": [
          13.1805,
          46.0369
        ]
      },
      "properties": {
        "icao24": "3008c4",
        "callsign": "IDNAM",
        "origin_country": "Italy",
        "time_position": 1786102035,
        "last_contact": 1786102036,
        "baro_altitude": 114.3,
        "on_ground": false,
        "velocity": 7.72,
        "true_track": 180,
        "vertical_rate": 0.33,
        "geo_altitude": 167.64,
        "squawk": "1040",
        "spi": false,
        "position_source": 0
      }
    },
    {
      "type": "Feature",
      "geometry": {
        "type": "Point",
        "coordinates": [
          12.5767,
          45.6769
        ]
      },
      "properties": {
        "icao24": "3008d6",
        "callsign": "IPVGA",
        "origin_country": "Italy",
        "time_position": 1786102044,
        "last_contact": 1786102045,
        "baro_altitude": 975.36,
        "on_ground": false,
        "velocity": 42.95,
        "true_track": 316.94,
        "vertical_rate": -2.93,
        "geo_altitude": 1097.28,
        "squawk": "4252",
        "spi": false,
        "position_source": 0
      }
    },
    {
      "type": "Feature",
      "geometry": {
        "type": "Point",
        "coordinates": [
          6.7094,
          43.5364
        ]
      },
      "properties": {
        "icao24": "40780e",
        "callsign": "BAW329",
        "origin_country": "United Kingdom",
        "time_position": 1786102045,
        "last_contact": 1786102045,
        "baro_altitude": 4099.56,
        "on_ground": false,
        "velocity": 183.8,
        "true_track": 304.62,
        "vertical_rate": 14.63,
        "geo_altitude": 4373.88,
        "squawk": "4074",
        "spi": false,
        "position_source": 0
      }
    },
    {
      "type": "Feature",
      "geometry": {
        "type": "Point",
        "coordinates": [
          9.2496,
          44.1681
        ]
      },
      "properties": {
        "icao24": "484c1b",
        "callsign": "KLM37M",
        "origin_country": "Kingdom of the Netherlands",
        "time_position": 1786102045,
        "last_contact": 1786102045,
        "baro_altitude": 2438.4,
        "on_ground": false,
        "velocity": 126.97,
        "true_track": 53.73,
        "vertical_rate": -7.48,
        "geo_altitude": 2644.14,
        "squawk": "0175",
        "spi": false,
        "position_source": 0
      }
    },
    {
      "type": "Feature",
      "geometry": {
        "type": "Point",
        "coordinates": [
          18.4475,
          46.1938
        ]
      },
      "properties": {
        "icao24": "740827",
        "callsign": "RJA294",
        "origin_country": "Jordan",
        "time_position": 1786102045,
        "last_contact": 1786102045,
        "baro_altitude": 12489.18,
        "on_ground": false,
        "velocity": 264.67,
        "true_track": 127.89,
        "vertical_rate": 0,
        "geo_altitude": 13106.4,
        "squawk": "5206",
        "spi": false,
        "position_source": 0
      }
    },
    {
      "type": "Feature",
      "geometry": {
        "type": "Point",
        "coordinates": [
          17.5964,
          47.4774
        ]
      },
      "properties": {
        "icao24": "740821",
        "callsign": "RJA263",
        "origin_country": "Jordan",
        "time_position": 1786102045,
        "last_contact": 1786102045,
        "baro_altitude": 10972.8,
        "on_ground": false,
        "velocity": 245.85,
        "true_track": 319.24,
        "vertical_rate": 0,
        "geo_altitude": 11513.82,
        "squawk": "2242",
        "spi": false,
        "position_source": 0
      }
    },
    {
      "type": "Feature",
      "geometry": {
        "type": "Point",
        "coordinates": [
          11.5872,
          45.4146
        ]
      },
      "properties": {
        "icao24": "3009b6",
        "callsign": "DLA1CV",
        "origin_country": "Italy",
        "time_position": 1786102045,
        "last_contact": 1786102045,
        "baro_altitude": 10401.3,
        "on_ground": false,
        "velocity": 214.58,
        "true_track": 181.37,
        "vertical_rate": -7.15,
        "geo_altitude": 10942.32,
        "squawk": "1000",
        "spi": false,
        "position_source": 0
      }
    },
    {
      "type": "Feature",
      "geometry": {
        "type": "Point",
        "coordinates": [
          10.0191,
          46.5153
        ]
      },
      "properties": {
        "icao24": "3009b7",
        "callsign": "DLA8880",
        "origin_country": "Italy",
        "time_position": 1786102045,
        "last_contact": 1786102045,
        "baro_altitude": 9448.8,
        "on_ground": false,
        "velocity": 208.83,
        "true_track": 149.01,
        "vertical_rate": 0.33,
        "geo_altitude": 9951.72,
        "squawk": "1000",
        "spi": false,
        "position_source": 0
      }
    },
    {
      "type": "Feature",
      "geometry": {
        "type": "Point",
        "coordinates": [
          13.0161,
          45.5063
        ]
      },
      "properties": {
        "icao24": "406540",
        "callsign": "EZY85JY",
        "origin_country": "United Kingdom",
        "time_position": 1786102045,
        "last_contact": 1786102045,
        "baro_altitude": 11277.6,
        "on_ground": false,
        "velocity": 244.59,
        "true_track": 127.74,
        "vertical_rate": 0.65,
        "geo_altitude": 11841.48,
        "squawk": "2724",
        "spi": false,
        "position_source": 0
      }
    },
    {
      "type": "Feature",
      "geometry": {
        "type": "Point",
        "coordinates": [
          13.2724,
          45.3018
        ]
      },
      "properties": {
        "icao24": "44cc42",
        "callsign": "BEL1VC",
        "origin_country": "Belgium",
        "time_position": 1786102046,
        "last_contact": 1786102046,
        "baro_altitude": 11590.02,
        "on_ground": false,
        "velocity": 228.84,
        "true_track": 319.65,
        "vertical_rate": 0,
        "geo_altitude": 12184.38,
        "squawk": "1000",
        "spi": false,
        "position_source": 0
      }
    },
    {
      "type": "Feature",
      "geometry": {
        "type": "Point",
        "coordinates": [
          9.375,
          43.525
        ]
      },
      "properties": {
        "icao24": "406532",
        "callsign": "BAW552F",
        "origin_country": "United Kingdom",
        "time_position": 1786102045,
        "last_contact": 1786102046,
        "baro_altitude": 10515.6,
        "on_ground": false,
        "velocity": 248.88,
        "true_track": 136.34,
        "vertical_rate": -4.55,
        "geo_altitude": 11125.2,
        "squawk": "0554",
        "spi": false,
        "position_source": 0
      }
    },
    {
      "type": "Feature",
      "geometry": {
        "type": "Point",
        "coordinates": [
          16.2737,
          45.2721
        ]
      },
      "properties": {
        "icao24": "44cc47",
        "callsign": "BEL1TE",
        "origin_country": "Belgium",
        "time_position": 1786102044,
        "last_contact": 1786102045,
        "baro_altitude": 11887.2,
        "on_ground": false,
        "velocity": 244.16,
        "true_track": 131.58,
        "vertical_rate": -0.33,
        "geo_altitude": 12496.8,
        "squawk": "0111",
        "spi": false,
        "position_source": 0
      }
    },
    {
      "type": "Feature",
      "geometry": {
        "type": "Point",
        "coordinates": [
          10.9363,
          43.7415
        ]
      },
      "properties": {
        "icao24": "49118d",
        "callsign": "NJE461E",
        "origin_country": "Portugal",
        "time_position": 1786102046,
        "last_contact": 1786102046,
        "baro_altitude": 2171.7,
        "on_ground": false,
        "velocity": 132.42,
        "true_track": 147.05,
        "vertical_rate": -5.2,
        "geo_altitude": 2346.96,
        "squawk": "0520",
        "spi": false,
        "position_source": 0
      }
    },
    {
      "type": "Feature",
      "geometry": {
        "type": "Point",
        "coordinates": [
          18.9533,
          45.9114
        ]
      },
      "properties": {
        "icao24": "896587",
        "callsign": "ABY266",
        "origin_country": "United Arab Emirates",
        "time_position": 1786102045,
        "last_contact": 1786102045,
        "baro_altitude": 10058.4,
        "on_ground": false,
        "velocity": 244.83,
        "true_track": 135.6,
        "vertical_rate": 0,
        "geo_altitude": 10599.42,
        "squawk": "4661",
        "spi": false,
        "position_source": 0
      }
    },
    {
      "type": "Feature",
      "geometry": {
        "type": "Point",
        "coordinates": [
          18.5471,
          46.6221
        ]
      },
      "properties": {
        "icao24": "4b990e",
        "callsign": "FHY1321",
        "origin_country": "Turkey",
        "time_position": 1786102045,
        "last_contact": 1786102045,
        "baro_altitude": 10972.8,
        "on_ground": false,
        "velocity": 219.19,
        "true_track": 289.75,
        "vertical_rate": 0,
        "geo_altitude": 11544.3,
        "squawk": "3255",
        "spi": false,
        "position_source": 0
      }
    },
    {
      "type": "Feature",
      "geometry": {
        "type": "Point",
        "coordinates": [
          7.5298,
          47.5986
        ]
      },
      "properties": {
        "icao24": "38efff",
        "callsign": "BUS03",
        "origin_country": "France",
        "time_position": 1786101949,
        "last_contact": 1786101951,
        "baro_altitude": null,
        "on_ground": true,
        "velocity": 5.4,
        "true_track": 331.88,
        "vertical_rate": null,
        "geo_altitude": null,
        "squawk": null,
        "spi": false,
        "position_source": 0
      }
    },
    {
      "type": "Feature",
      "geometry": {
        "type": "Point",
        "coordinates": [
          15.908,
          42.4517
        ]
      },
      "properties": {
        "icao24": "4076e2",
        "callsign": "BAW381",
        "origin_country": "United Kingdom",
        "time_position": 1786102045,
        "last_contact": 1786102046,
        "baro_altitude": 10363.2,
        "on_ground": false,
        "velocity": 222.67,
        "true_track": 311.53,
        "vertical_rate": 0,
        "geo_altitude": 10957.56,
        "squawk": null,
        "spi": false,
        "position_source": 0
      }
    },
    {
      "type": "Feature",
      "geometry": {
        "type": "Point",
        "coordinates": [
          18.2318,
          44.6085
        ]
      },
      "properties": {
        "icao24": "48adac",
        "callsign": "LOT578",
        "origin_country": "Poland",
        "time_position": 1786102045,
        "last_contact": 1786102045,
        "baro_altitude": 5753.1,
        "on_ground": false,
        "velocity": 188.6,
        "true_track": 356.72,
        "vertical_rate": 7.8,
        "geo_altitude": 6088.38,
        "squawk": "1000",
        "spi": false,
        "position_source": 0
      }
    },
    {
      "type": "Feature",
      "geometry": {
        "type": "Point",
        "coordinates": [
          10.5674,
          47.6604
        ]
      },
      "properties": {
        "icao24": "3c48e8",
        "callsign": "LHX63U",
        "origin_country": "Germany",
        "time_position": 1786102045,
        "last_contact": 1786102045,
        "baro_altitude": 6393.18,
        "on_ground": false,
        "velocity": 230.61,
        "true_track": 60.46,
        "vertical_rate": -12.03,
        "geo_altitude": 6774.18,
        "squawk": "1000",
        "spi": false,
        "position_source": 0
      }
    },
    {
      "type": "Feature",
      "geometry": {
        "type": "Point",
        "coordinates": [
          7.2605,
          47.0886
        ]
      },
      "properties": {
        "icao24": "4b1bcd",
        "callsign": "HBKNT",
        "origin_country": "Switzerland",
        "time_position": 1786102045,
        "last_contact": 1786102045,
        "baro_altitude": 701.04,
        "on_ground": false,
        "velocity": 39,
        "true_track": 210.96,
        "vertical_rate": -0.33,
        "geo_altitude": 822.96,
        "squawk": null,
        "spi": false,
        "position_source": 0
      }
    },
    {
      "type": "Feature",
      "geometry": {
        "type": "Point",
        "coordinates": [
          10.6427,
          42.4499
        ]
      },
      "properties": {
        "icao24": "4b8562",
        "callsign": "TCAKB",
        "origin_country": "Turkey",
        "time_position": 1786102045,
        "last_contact": 1786102045,
        "baro_altitude": 11757.66,
        "on_ground": false,
        "velocity": 229.57,
        "true_track": 307.72,
        "vertical_rate": -12.68,
        "geo_altitude": 12428.22,
        "squawk": "6631",
        "spi": false,
        "position_source": 0
      }
    },
    {
      "type": "Feature",
      "geometry": {
        "type": "Point",
        "coordinates": [
          6.3106,
          47.5299
        ]
      },
      "properties": {
        "icao24": "4a5245",
        "callsign": "TOY615",
        "origin_country": "Romania",
        "time_position": 1786102045,
        "last_contact": 1786102045,
        "baro_altitude": 9144,
        "on_ground": false,
        "velocity": 244.65,
        "true_track": 2.77,
        "vertical_rate": 0,
        "geo_altitude": 9616.44,
        "squawk": "1000",
        "spi": false,
        "position_source": 0
      }
    },
    {
      "type": "Feature",
      "geometry": {
        "type": "Point",
        "coordinates": [
          7.5259,
          47.6032
        ]
      },
      "properties": {
        "icao24": "4b1bf7",
        "callsign": "HBKPJ",
        "origin_country": "Switzerland",
        "time_position": 1786101991,
        "last_contact": 1786101991,
        "baro_altitude": null,
        "on_ground": true,
        "velocity": 0,
        "true_track": 16.88,
        "vertical_rate": null,
        "geo_altitude": null,
        "squawk": "3410",
        "spi": false,
        "position_source": 0
      }
    },
    {
      "type": "Feature",
      "geometry": {
        "type": "Point",
        "coordinates": [
          6.9061,
          45.6505
        ]
      },
      "properties": {
        "icao24": "44ccc4",
        "callsign": "BEL39G",
        "origin_country": "Belgium",
        "time_position": 1786102046,
        "last_contact": 1786102046,
        "baro_altitude": 10668,
        "on_ground": false,
        "velocity": 254.6,
        "true_track": 176.52,
        "vertical_rate": 0,
        "geo_altitude": 11231.88,
        "squawk": "0112",
        "spi": false,
        "position_source": 0
      }
    },
    {
      "type": "Feature",
      "geometry": {
        "type": "Point",
        "coordinates": [
          14.4725,
          35.8579
        ]
      },
      "properties": {
        "icao24": "4078dd",
        "callsign": "GXWBF",
        "origin_country": "United Kingdom",
        "time_position": 1786102045,
        "last_contact": 1786102045,
        "baro_altitude": null,
        "on_ground": true,
        "velocity": 0.19,
        "true_track": 323.44,
        "vertical_rate": null,
        "geo_altitude": null,
        "squawk": null,
        "spi": false,
        "position_source": 0
      }
    },
    {
      "type": "Feature",
      "geometry": {
        "type": "Point",
        "coordinates": [
          8.559,
          47.4584
        ]
      },
      "properties": {
        "icao24": "89676c",
        "callsign": "GWC1",
        "origin_country": "United Arab Emirates",
        "time_position": 1786102042,
        "last_contact": 1786102044,
        "baro_altitude": 365.76,
        "on_ground": true,
        "velocity": 0,
        "true_track": 199.69,
        "vertical_rate": null,
        "geo_altitude": null,
        "squawk": "1000",
        "spi": false,
        "position_source": 0
      }
    },
    {
      "type": "Feature",
      "geometry": {
        "type": "Point",
        "coordinates": [
          7.2135,
          43.6644
        ]
      },
      "properties": {
        "icao24": "40799b",
        "callsign": "CFE3299",
        "origin_country": "United Kingdom",
        "time_position": 1786101732,
        "last_contact": 1786101732,
        "baro_altitude": null,
        "on_ground": true,
        "velocity": 0,
        "true_track": 351.56,
        "vertical_rate": null,
        "geo_altitude": null,
        "squawk": "7270",
        "spi": false,
        "position_source": 0
      }
    },
    {
      "type": "Feature",
      "geometry": {
        "type": "Point",
        "coordinates": [
          7.7624,
          45.6172
        ]
      },
      "properties": {
        "icao24": "40665e",
        "callsign": "TOM4EC",
        "origin_country": "United Kingdom",
        "time_position": 1786102045,
        "last_contact": 1786102045,
        "baro_altitude": 11582.4,
        "on_ground": false,
        "velocity": 211.49,
        "true_track": 317.07,
        "vertical_rate": 0.33,
        "geo_altitude": 12153.9,
        "squawk": "5716",
        "spi": false,
        "position_source": 0
      }
    },
    {
      "type": "Feature",
      "geometry": {
        "type": "Point",
        "coordinates": [
          8.4085,
          47.5752
        ]
      },
      "properties": {
        "icao24": "896713",
        "callsign": "ETD7YQ",
        "origin_country": "United Arab Emirates",
        "time_position": 1786102045,
        "last_contact": 1786102045,
        "baro_altitude": 1112.52,
        "on_ground": false,
        "velocity": 88.46,
        "true_track": 137.12,
        "vertical_rate": -3.9,
        "geo_altitude": 1257.3,
        "squawk": "1000",
        "spi": false,
        "position_source": 0
      }
    },
    {
      "type": "Feature",
      "geometry": {
        "type": "Point",
        "coordinates": [
          6.166,
          44.9161
        ]
      },
      "properties": {
        "icao24": "40660e",
        "callsign": "TOM41H",
        "origin_country": "United Kingdom",
        "time_position": 1786102045,
        "last_contact": 1786102046,
        "baro_altitude": 11582.4,
        "on_ground": false,
        "velocity": 213.88,
        "true_track": 320.76,
        "vertical_rate": 0.33,
        "geo_altitude": 12192,
        "squawk": "4030",
        "spi": false,
        "position_source": 0
      }
    },
    {
      "type": "Feature",
      "geometry": {
        "type": "Point",
        "coordinates": [
          11.1933,
          46.0895
        ]
      },
      "properties": {
        "icao24": "40792f",
        "callsign": "BAW539",
        "origin_country": "United Kingdom",
        "time_position": 1786102045,
        "last_contact": 1786102046,
        "baro_altitude": 11574.78,
        "on_ground": false,
        "velocity": 211.75,
        "true_track": 307.4,
        "vertical_rate": -0.33,
        "geo_altitude": 12138.66,
        "squawk": "3714",
        "spi": false,
        "position_source": 0
      }
    },
    {
      "type": "Feature",
      "geometry": {
        "type": "Point",
        "coordinates": [
          10.6937,
          44.102
        ]
      },
      "properties": {
        "icao24": "45da61",
        "callsign": "BIO03",
        "origin_country": "Denmark",
        "time_position": 1786102045,
        "last_contact": 1786102046,
        "baro_altitude": 2971.8,
        "on_ground": false,
        "velocity": 68.03,
        "true_track": 292.69,
        "vertical_rate": 0,
        "geo_altitude": 3200.4,
        "squawk": "7000",
        "spi": false,
        "position_source": 0
      }
    },
    {
      "type": "Feature",
      "geometry": {
        "type": "Point",
        "coordinates": [
          6.1021,
          45.3505
        ]
      },
      "properties": {
        "icao24": "89667b",
        "callsign": "UAE81",
        "origin_country": "United Arab Emirates",
        "time_position": 1786102045,
        "last_contact": 1786102045,
        "baro_altitude": 5379.72,
        "on_ground": false,
        "velocity": 205.52,
        "true_track": 260.49,
        "vertical_rate": -11.38,
        "geo_altitude": 5715,
        "squawk": "1000",
        "spi": false,
        "position_source": 0
      }
    },
    {
      "type": "Feature",
      "geometry": {
        "type": "Point",
        "coordinates": [
          7.9761,
          47.523
        ]
      },
      "properties": {
        "icao24": "406668",
        "callsign": "EZY63KW",
        "origin_country": "United Kingdom",
        "time_position": 1786102046,
        "last_contact": 1786102046,
        "baro_altitude": 3307.08,
        "on_ground": false,
        "velocity": 169.68,
        "true_track": 108.93,
        "vertical_rate": -14.63,
        "geo_altitude": 3566.16,
        "squawk": "2074",
        "spi": false,
        "position_source": 0
      }
    },
    {
      "type": "Feature",
      "geometry": {
        "type": "Point",
        "coordinates": [
          17.6532,
          40.6526
        ]
      },
      "properties": {
        "icao24": "76cd44",
        "callsign": "SIA365",
        "origin_country": "Singapore",
        "time_position": 1786102045,
        "last_contact": 1786102045,
        "baro_altitude": 10668,
        "on_ground": false,
        "velocity": 264.69,
        "true_track": 92.56,
        "vertical_rate": 0,
        "geo_altitude": 11277.6,
        "squawk": null,
        "spi": false,
        "position_source": 0
      }
    },
    {
      "type": "Feature",
      "geometry": {
        "type": "Point",
        "coordinates": [
          17.6037,
          46.5908
        ]
      },
      "properties": {
        "icao24": "4d00f5",
        "callsign": "LGL836",
        "origin_country": "Luxembourg",
        "time_position": 1786102045,
        "last_contact": 1786102045,
        "baro_altitude": 10972.8,
        "on_ground": false,
        "velocity": 225.94,
        "true_track": 305.17,
        "vertical_rate": 0,
        "geo_altitude": 11521.44,
        "squawk": "3276",
        "spi": false,
        "position_source": 0
      }
    },
    {
      "type": "Feature",
      "geometry": {
        "type": "Point",
        "coordinates": [
          6.5306,
          47.1191
        ]
      },
      "properties": {
        "icao24": "4d00db",
        "callsign": "LGL8FM",
        "origin_country": "Luxembourg",
        "time_position": 1786102046,
        "last_contact": 1786102046,
        "baro_altitude": 11277.6,
        "on_ground": false,
        "velocity": 233.35,
        "true_track": 170.99,
        "vertical_rate": 0.33,
        "geo_altitude": 11772.9,
        "squawk": "1000",
        "spi": false,
        "position_source": 0
      }
    },
    {
      "type": "Feature",
      "geometry": {
        "type": "Point",
        "coordinates": [
          11.0405,
          45.9421
        ]
      },
      "properties": {
        "icao24": "4d00da",
        "callsign": "LGL6723",
        "origin_country": "Luxembourg",
        "time_position": 1786102045,
        "last_contact": 1786102045,
        "baro_altitude": 7620,
        "on_ground": false,
        "velocity": 181.97,
        "true_track": 139.01,
        "vertical_rate": 0.33,
        "geo_altitude": 8069.58,
        "squawk": "1000",
        "spi": false,
        "position_source": 0
      }
    },
    {
      "type": "Feature",
      "geometry": {
        "type": "Point",
        "coordinates": [
          18.3686,
          47.0256
        ]
      },
      "properties": {
        "icao24": "4b9856",
        "callsign": "FHY8014",
        "origin_country": "Turkey",
        "time_position": 1786102046,
        "last_contact": 1786102046,
        "baro_altitude": 10965.18,
        "on_ground": false,
        "velocity": 222.02,
        "true_track": 296.86,
        "vertical_rate": 0,
        "geo_altitude": 11513.82,
        "squawk": "1000",
        "spi": false,
        "position_source": 0
      }
    },
    {
      "type": "Feature",
      "geometry": {
        "type": "Point",
        "coordinates": [
          9.8595,
          40.4448
        ]
      },
      "properties": {
        "icao24": "0201cd",
        "callsign": "RAM910T",
        "origin_country": "Morocco",
        "time_position": 1786102045,
        "last_contact": 1786102045,
        "baro_altitude": 12184.38,
        "on_ground": false,
        "velocity": 254.74,
        "true_track": 86.06,
        "vertical_rate": -0.33,
        "geo_altitude": 12893.04,
        "squawk": "1425",
        "spi": false,
        "position_source": 0
      }
    },
    {
      "type": "Feature",
      "geometry": {
        "type": "Point",
        "coordinates": [
          12.5038,
          41.9306
        ]
      },
      "properties": {
        "icao24": "491221",
        "callsign": "NJE419T",
        "origin_country": "Portugal",
        "time_position": 1786102045,
        "last_contact": 1786102045,
        "baro_altitude": 876.3,
        "on_ground": false,
        "velocity": 111.59,
        "true_track": 152.84,
        "vertical_rate": -5.53,
        "geo_altitude": 982.98,
        "squawk": "1000",
        "spi": false,
        "position_source": 0
      }
    },
    {
      "type": "Feature",
      "geometry": {
        "type": "Point",
        "coordinates": [
          17.2148,
          47.7162
        ]
      },
      "properties": {
        "icao24": "89408f",
        "callsign": "GFA004",
        "origin_country": "Bahrain",
        "time_position": 1786102045,
        "last_contact": 1786102045,
        "baro_altitude": 11269.98,
        "on_ground": false,
        "velocity": 255.19,
        "true_track": 125.07,
        "vertical_rate": -0.33,
        "geo_altitude": 11811,
        "squawk": "5264",
        "spi": false,
        "position_source": 0
      }
    },
    {
      "type": "Feature",
      "geometry": {
        "type": "Point",
        "coordinates": [
          12.8661,
          45.312
        ]
      },
      "properties": {
        "icao24": "4a5d86",
        "callsign": "YRWLF",
        "origin_country": "Romania",
        "time_position": 1786102045,
        "last_contact": 1786102045,
        "baro_altitude": 5783.58,
        "on_ground": false,
        "velocity": 101.6,
        "true_track": 184.06,
        "vertical_rate": 4.23,
        "geo_altitude": 6141.72,
        "squawk": "7426",
        "spi": false,
        "position_source": 0
      }
    },
    {
      "type": "Feature",
      "geometry": {
        "type": "Point",
        "coordinates": [
          13.0818,
          47.1768
        ]
      },
      "properties": {
        "icao24": "4bcd84",
        "callsign": "SXS2XZ",
        "origin_country": "Turkey",
        "time_position": 1786102045,
        "last_contact": 1786102045,
        "baro_altitude": 11582.4,
        "on_ground": false,
        "velocity": 211.46,
        "true_track": 308.88,
        "vertical_rate": 0,
        "geo_altitude": 12115.8,
        "squawk": "3263",
        "spi": false,
        "position_source": 0
      }
    },
    {
      "type": "Feature",
      "geometry": {
        "type": "Point",
        "coordinates": [
          13.6608,
          47.0135
        ]
      },
      "properties": {
        "icao24": "4bcd81",
        "callsign": "SXS7UJ",
        "origin_country": "Turkey",
        "time_position": 1786102045,
        "last_contact": 1786102046,
        "baro_altitude": 11277.6,
        "on_ground": false,
        "velocity": 249.19,
        "true_track": 135.59,
        "vertical_rate": 0,
        "geo_altitude": 11818.62,
        "squawk": "7712",
        "spi": false,
        "position_source": 0
      }
    },
    {
      "type": "Feature",
      "geometry": {
        "type": "Point",
        "coordinates": [
          8.5542,
          47.4567
        ]
      },
      "properties": {
        "icao24": "34260e",
        "callsign": "IBE06TT",
        "origin_country": "Spain",
        "time_position": 1786102045,
        "last_contact": 1786102045,
        "baro_altitude": null,
        "on_ground": true,
        "velocity": 5.66,
        "true_track": 95.62,
        "vertical_rate": null,
        "geo_altitude": null,
        "squawk": "1000",
        "spi": false,
        "position_source": 0
      }
    },
    {
      "type": "Feature",
      "geometry": {
        "type": "Point",
        "coordinates": [
          16.7662,
          41.1367
        ]
      },
      "properties": {
        "icao24": "4ca4f4",
        "callsign": "RYR7839",
        "origin_country": "Ireland",
        "time_position": 1786102045,
        "last_contact": 1786102045,
        "baro_altitude": null,
        "on_ground": true,
        "velocity": 2.83,
        "true_track": 160.31,
        "vertical_rate": null,
        "geo_altitude": null,
        "squawk": null,
        "spi": false,
        "position_source": 0
      }
    },
    {
      "type": "Feature",
      "geometry": {
        "type": "Point",
        "coordinates": [
          9.7673,
          46.6185
        ]
      },
      "properties": {
        "icao24": "4ca4f2",
        "callsign": "RYR73EJ",
        "origin_country": "Ireland",
        "time_position": 1786102046,
        "last_contact": 1786102046,
        "baro_altitude": 9974.58,
        "on_ground": false,
        "velocity": 236.96,
        "true_track": 126.35,
        "vertical_rate": -10.08,
        "geo_altitude": 10477.5,
        "squawk": "7505",
        "spi": false,
        "position_source": 0
      }
    },
    {
      "type": "Feature",
      "geometry": {
        "type": "Point",
        "coordinates": [
          7.2037,
          44.2266
        ]
      },
      "properties": {
        "icao24": "4ca4f0",
        "callsign": "RYR529D",
        "origin_country": "Ireland",
        "time_position": 1786102045,
        "last_contact": 1786102045,
        "baro_altitude": 11582.4,
        "on_ground": false,
        "velocity": 246.29,
        "true_track": 32.89,
        "vertical_rate": -0.33,
        "geo_altitude": 12184.38,
        "squawk": "0423",
        "spi": false,
        "position_source": 0
      }
    },
    {
      "type": "Feature",
      "geometry": {
        "type": "Point",
        "coordinates": [
          7.7881,
          43.0756
        ]
      },
      "properties": {
        "icao24": "48646f",
        "callsign": "PHACP",
        "origin_country": "Kingdom of the Netherlands",
        "time_position": 1786102045,
        "last_contact": 1786102045,
        "baro_altitude": 7315.2,
        "on_ground": false,
        "velocity": 126.9,
        "true_track": 340.83,
        "vertical_rate": 0,
        "geo_altitude": 7787.64,
        "squawk": "4056",
        "spi": false,
        "position_source": 0
      }
    },
    {
      "type": "Feature",
      "geometry": {
        "type": "Point",
        "coordinates": [
          10.9364,
          43.7933
        ]
      },
      "properties": {
        "icao24": "502dac",
        "callsign": "BTI72C",
        "origin_country": "Latvia",
        "time_position": 1786102045,
        "last_contact": 1786102045,
        "baro_altitude": 5128.26,
        "on_ground": false,
        "velocity": 184.65,
        "true_track": 34.44,
        "vertical_rate": 10.08,
        "geo_altitude": 5455.92,
        "squawk": "4306",
        "spi": false,
        "position_source": 0
      }
    },
    {
      "type": "Feature",
      "geometry": {
        "type": "Point",
        "coordinates": [
          18.8642,
          39.8934
        ]
      },
      "properties": {
        "icao24": "49d508",
        "callsign": "AAN121",
        "origin_country": "Czech Republic",
        "time_position": 1786102046,
        "last_contact": 1786102046,
        "baro_altitude": 12496.8,
        "on_ground": false,
        "velocity": 226.3,
        "true_track": 125.75,
        "vertical_rate": 0,
        "geo_altitude": 13213.08,
        "squawk": "5730",
        "spi": false,
        "position_source": 0
      }
    },
    {
      "type": "Feature",
      "geometry": {
        "type": "Point",
        "coordinates": [
          9.327,
          47.1198
        ]
      },
      "properties": {
        "icao24": "502dae",
        "callsign": "SWR4WG",
        "origin_country": "Latvia",
        "time_position": 1786102046,
        "last_contact": 1786102046,
        "baro_altitude": 6294.12,
        "on_ground": false,
        "velocity": 204.78,
        "true_track": 124.77,
        "vertical_rate": 8.45,
        "geo_altitude": 6644.64,
        "squawk": "3011",
        "spi": false,
        "position_source": 0
      }
    },
    {
      "type": "Feature",
      "geometry": {
        "type": "Point",
        "coordinates": [
          8.4134,
          43.3391
        ]
      },
      "properties": {
        "icao24": "502da4",
        "callsign": "UAG34L",
        "origin_country": "Latvia",
        "time_position": 1786102046,
        "last_contact": 1786102046,
        "baro_altitude": 4183.38,
        "on_ground": false,
        "velocity": 146.12,
        "true_track": 270.81,
        "vertical_rate": -6.18,
        "geo_altitude": 4488.18,
        "squawk": "2013",
        "spi": false,
        "position_source": 0
      }
    },
    {
      "type": "Feature",
      "geometry": {
        "type": "Point",
        "coordinates": [
          18.0273,
          39.8049
        ]
      },
      "properties": {
        "icao24": "508429",
        "callsign": "SEU7340",
        "origin_country": "Ukraine",
        "time_position": 1786102046,
        "last_contact": 1786102046,
        "baro_altitude": 12192,
        "on_ground": false,
        "velocity": 216,
        "true_track": 301.76,
        "vertical_rate": 0,
        "geo_altitude": 12893.04,
        "squawk": null,
        "spi": false,
        "position_source": 0
      }
    },
    {
      "type": "Feature",
      "geometry": {
        "type": "Point",
        "coordinates": [
          12.2647,
          40.9501
        ]
      },
      "properties": {
        "icao24": "4ca568",
        "callsign": "RYR62CY",
        "origin_country": "Ireland",
        "time_position": 1786102046,
        "last_contact": 1786102046,
        "baro_altitude": 11277.6,
        "on_ground": false,
        "velocity": 234.85,
        "true_track": 141.85,
        "vertical_rate": 0,
        "geo_altitude": 11925.3,
        "squawk": "7447",
        "spi": false,
        "position_source": 0
      }
    },
    {
      "type": "Feature",
      "geometry": {
        "type": "Point",
        "coordinates": [
          9.8926,
          41.0617
        ]
      },
      "properties": {
        "icao24": "4ca59b",
        "callsign": "EIX04H",
        "origin_country": "Ireland",
        "time_position": 1786101940,
        "last_contact": 1786101940,
        "baro_altitude": 1104.9,
        "on_ground": false,
        "velocity": 81.88,
        "true_track": 309.39,
        "vertical_rate": -4.55,
        "geo_altitude": 1242.06,
        "squawk": null,
        "spi": false,
        "position_source": 0
      }
    },
    {
      "type": "Feature",
      "geometry": {
        "type": "Point",
        "coordinates": [
          10.0955,
          43.1242
        ]
      },
      "properties": {
        "icao24": "4ca56d",
        "callsign": "RYR1439",
        "origin_country": "Ireland",
        "time_position": 1786102046,
        "last_contact": 1786102046,
        "baro_altitude": 9296.4,
        "on_ground": false,
        "velocity": 233.95,
        "true_track": 331.07,
        "vertical_rate": -4.88,
        "geo_altitude": 9837.42,
        "squawk": "1000",
        "spi": false,
        "position_source": 0
      }
    },
    {
      "type": "Feature",
      "geometry": {
        "type": "Point",
        "coordinates": [
          13.2254,
          38.2651
        ]
      },
      "properties": {
        "icao24": "4ca56a",
        "callsign": "RYR70GE",
        "origin_country": "Ireland",
        "time_position": 1786102046,
        "last_contact": 1786102046,
        "baro_altitude": 1356.36,
        "on_ground": false,
        "velocity": 138.75,
        "true_track": 23.14,
        "vertical_rate": 13.66,
        "geo_altitude": 1478.28,
        "squawk": null,
        "spi": false,
        "position_source": 0
      }
    },
    {
      "type": "Feature",
      "geometry": {
        "type": "Point",
        "coordinates": [
          6.1771,
          44.2262
        ]
      },
      "properties": {
        "icao24": "4862aa",
        "callsign": "PH1650",
        "origin_country": "Kingdom of the Netherlands",
        "time_position": 1786102046,
        "last_contact": 1786102046,
        "baro_altitude": 2430.78,
        "on_ground": false,
        "velocity": 34.71,
        "true_track": 39.59,
        "vertical_rate": -0.33,
        "geo_altitude": 2621.28,
        "squawk": null,
        "spi": false,
        "position_source": 0
      }
    },
    {
      "type": "Feature",
      "geometry": {
        "type": "Point",
        "coordinates": [
          13.555,
          45.1297
        ]
      },
      "properties": {
        "icao24": "3e6f61",
        "callsign": "DKHJL",
        "origin_country": "Germany",
        "time_position": 1786102045,
        "last_contact": 1786102045,
        "baro_altitude": 2865.12,
        "on_ground": false,
        "velocity": 48.94,
        "true_track": 309.88,
        "vertical_rate": 0,
        "geo_altitude": 3131.82,
        "squawk": "3642",
        "spi": false,
        "position_source": 0
      }
    },
    {
      "type": "Feature",
      "geometry": {
        "type": "Point",
        "coordinates": [
          12.7216,
          43.0818
        ]
      },
      "properties": {
        "icao24": "4ba9ea",
        "callsign": "THY40B",
        "origin_country": "Turkey",
        "time_position": 1786102045,
        "last_contact": 1786102045,
        "baro_altitude": 8023.86,
        "on_ground": false,
        "velocity": 215.15,
        "true_track": 227.23,
        "vertical_rate": -12.03,
        "geo_altitude": 8519.16,
        "squawk": "2331",
        "spi": false,
        "position_source": 0
      }
    },
    {
      "type": "Feature",
      "geometry": {
        "type": "Point",
        "coordinates": [
          8.4795,
          47.4627
        ]
      },
      "properties": {
        "icao24": "502d0d",
        "callsign": "SWR248Z",
        "origin_country": "Latvia",
        "time_position": 1786102046,
        "last_contact": 1786102046,
        "baro_altitude": 1165.86,
        "on_ground": false,
        "velocity": 82.38,
        "true_track": 260.66,
        "vertical_rate": 12.68,
        "geo_altitude": 1303.02,
        "squawk": "1000",
        "spi": false,
        "position_source": 0
      }
    },
    {
      "type": "Feature",
      "geometry": {
        "type": "Point",
        "coordinates": [
          9.278,
          47.4539
        ]
      },
      "properties": {
        "icao24": "502d0c",
        "callsign": "DLH96K",
        "origin_country": "Latvia",
        "time_position": 1786102046,
        "last_contact": 1786102046,
        "baro_altitude": 9959.34,
        "on_ground": false,
        "velocity": 248.99,
        "true_track": 62.16,
        "vertical_rate": -12.68,
        "geo_altitude": 10424.16,
        "squawk": "1000",
        "spi": false,
        "position_source": 0
      }
    },
    {
      "type": "Feature",
      "geometry": {
        "type": "Point",
        "coordinates": [
          8.8024,
          47.4091
        ]
      },
      "properties": {
        "icao24": "502d29",
        "callsign": "SWR5WC",
        "origin_country": "Latvia",
        "time_position": 1786102045,
        "last_contact": 1786102045,
        "baro_altitude": 3756.66,
        "on_ground": false,
        "velocity": 180.57,
        "true_track": 89.84,
        "vertical_rate": 11.38,
        "geo_altitude": 3992.88,
        "squawk": "1000",
        "spi": false,
        "position_source": 0
      }
    },
    {
      "type": "Feature",
      "geometry": {
        "type": "Point",
        "coordinates": [
          13.6862,
          43.9979
        ]
      },
      "properties": {
        "icao24": "502d27",
        "callsign": "SWR3BP",
        "origin_country": "Latvia",
        "time_position": 1786102045,
        "last_contact": 1786102046,
        "baro_altitude": 10668,
        "on_ground": false,
        "velocity": 239.41,
        "true_track": 133.78,
        "vertical_rate": 0,
        "geo_altitude": 11247.12,
        "squawk": "1000",
        "spi": false,
        "position_source": 0
      }
    },
    {
      "type": "Feature",
      "geometry": {
        "type": "Point",
        "coordinates": [
          8.7792,
          47.6875
        ]
      },
      "properties": {
        "icao24": "3cc004",
        "callsign": "UNI131",
        "origin_country": "Germany",
        "time_position": 1786102045,
        "last_contact": 1786102046,
        "baro_altitude": 2651.76,
        "on_ground": false,
        "velocity": 145.84,
        "true_track": 275.87,
        "vertical_rate": -6.83,
        "geo_altitude": 2857.5,
        "squawk": "0026",
        "spi": false,
        "position_source": 0
      }
    },
    {
      "type": "Feature",
      "geometry": {
        "type": "Point",
        "coordinates": [
          15.0364,
          45.1267
        ]
      },
      "properties": {
        "icao24": "06a30b",
        "callsign": "QTR90J",
        "origin_country": "Qatar",
        "time_position": 1786102045,
        "last_contact": 1786102046,
        "baro_altitude": 11582.4,
        "on_ground": false,
        "velocity": 232.25,
        "true_track": 278.92,
        "vertical_rate": 0,
        "geo_altitude": 12176.76,
        "squawk": "3257",
        "spi": false,
        "position_source": 0
      }
    },
    {
      "type": "Feature",
      "geometry": {
        "type": "Point",
        "coordinates": [
          6.8277,
          47.7044
        ]
      },
      "properties": {
        "icao24": "485207",
        "callsign": "KLM1945",
        "origin_country": "Kingdom of the Netherlands",
        "time_position": 1786102046,
        "last_contact": 1786102046,
        "baro_altitude": 3909.06,
        "on_ground": false,
        "velocity": 171.31,
        "true_track": 157.21,
        "vertical_rate": -5.2,
        "geo_altitude": 4168.14,
        "squawk": "1000",
        "spi": false,
        "position_source": 0
      }
    },
    {
      "type": "Feature",
      "geometry": {
        "type": "Point",
        "coordinates": [
          16.8444,
          44.2793
        ]
      },
      "properties": {
        "icao24": "485209",
        "callsign": "TRA6710",
        "origin_country": "Kingdom of the Netherlands",
        "time_position": 1786102045,
        "last_contact": 1786102045,
        "baro_altitude": 11582.4,
        "on_ground": false,
        "velocity": 226.06,
        "true_track": 320.08,
        "vertical_rate": -0.33,
        "geo_altitude": 12207.24,
        "squawk": "6522",
        "spi": false,
        "position_source": 0
      }
    },
    {
      "type": "Feature",
      "geometry": {
        "type": "Point",
        "coordinates": [
          18.1109,
          47.4944
        ]
      },
      "properties": {
        "icao24": "06a2e0",
        "callsign": "QTR87J",
        "origin_country": "Qatar",
        "time_position": 1786102045,
        "last_contact": 1786102046,
        "baro_altitude": 10363.2,
        "on_ground": false,
        "velocity": 237.38,
        "true_track": 306.27,
        "vertical_rate": 0,
        "geo_altitude": 10888.98,
        "squawk": "3252",
        "spi": false,
        "position_source": 0
      }
    },
    {
      "type": "Feature",
      "geometry": {
        "type": "Point",
        "coordinates": [
          6.3103,
          45.9954
        ]
      },
      "properties": {
        "icao24": "3d4e36",
        "callsign": "DFBWG",
        "origin_country": "Germany",
        "time_position": 1786102046,
        "last_contact": 1786102046,
        "baro_altitude": 8229.6,
        "on_ground": false,
        "velocity": 131.81,
        "true_track": 197.02,
        "vertical_rate": 0,
        "geo_altitude": 8694.42,
        "squawk": "2532",
        "spi": false,
        "position_source": 0
      }
    },
    {
      "type": "Feature",
      "geometry": {
        "type": "Point",
        "coordinates": [
          13.6585,
          47.2598
        ]
      },
      "properties": {
        "icao24": "06a2ee",
        "callsign": "QTR057",
        "origin_country": "Qatar",
        "time_position": 1786102045,
        "last_contact": 1786102045,
        "baro_altitude": 9395.46,
        "on_ground": false,
        "velocity": 223.67,
        "true_track": 321.44,
        "vertical_rate": -10.08,
        "geo_altitude": 8656.32,
        "squawk": "5522",
        "spi": false,
        "position_source": 0
      }
    },
    {
      "type": "Feature",
      "geometry": {
        "type": "Point",
        "coordinates": [
          9.5035,
          40.4727
        ]
      },
      "properties": {
        "icao24": "06a2ec",
        "callsign": "QTR15W",
        "origin_country": "Qatar",
        "time_position": 1786102046,
        "last_contact": 1786102046,
        "baro_altitude": 11879.58,
        "on_ground": false,
        "velocity": 239.82,
        "true_track": 289.29,
        "vertical_rate": 0.33,
        "geo_altitude": 12580.62,
        "squawk": null,
        "spi": false,
        "position_source": 0
      }
    },
    {
      "type": "Feature",
      "geometry": {
        "type": "Point",
        "coordinates": [
          9.352,
          45.8664
        ]
      },
      "properties": {
        "icao24": "3cc09c",
        "callsign": "PVD499C",
        "origin_country": "Germany",
        "time_position": 1786102045,
        "last_contact": 1786102045,
        "baro_altitude": 9799.32,
        "on_ground": false,
        "velocity": 157.19,
        "true_track": 310.89,
        "vertical_rate": 11.05,
        "geo_altitude": 10309.86,
        "squawk": "0420",
        "spi": false,
        "position_source": 0
      }
    },
    {
      "type": "Feature",
      "geometry": {
        "type": "Point",
        "coordinates": [
          12.7628,
          37.9623
        ]
      },
      "properties": {
        "icao24": "49d414",
        "callsign": "TVS2868",
        "origin_country": "Czech Republic",
        "time_position": 1786102045,
        "last_contact": 1786102046,
        "baro_altitude": 11277.6,
        "on_ground": false,
        "velocity": 232.18,
        "true_track": 192.28,
        "vertical_rate": 0,
        "geo_altitude": 11940.54,
        "squawk": "5561",
        "spi": false,
        "position_source": 0
      }
    },
    {
      "type": "Feature",
      "geometry": {
        "type": "Point",
        "coordinates": [
          13.8398,
          36.0664
        ]
      },
      "properties": {
        "icao24": "06a2fc",
        "callsign": "QTR76F",
        "origin_country": "Qatar",
        "time_position": 1786102045,
        "last_contact": 1786102045,
        "baro_altitude": 11582.4,
        "on_ground": false,
        "velocity": 246.96,
        "true_track": 287.83,
        "vertical_rate": 0,
        "geo_altitude": 12291.06,
        "squawk": "2040",
        "spi": false,
        "position_source": 0
      }
    },
    {
      "type": "Feature",
      "geometry": {
        "type": "Point",
        "coordinates": [
          6.7345,
          46.8166
        ]
      },
      "properties": {
        "icao24": "49d42b",
        "callsign": "TVS1BC",
        "origin_country": "Czech Republic",
        "time_position": 1786102046,
        "last_contact": 1786102046,
        "baro_altitude": 10668,
        "on_ground": false,
        "velocity": 213.31,
        "true_track": 231.17,
        "vertical_rate": 0,
        "geo_altitude": 11163.3,
        "squawk": "3126",
        "spi": false,
        "position_source": 0
      }
    },
    {
      "type": "Feature",
      "geometry": {
        "type": "Point",
        "coordinates": [
          8.9487,
          45.6577
        ]
      },
      "properties": {
        "icao24": "502d96",
        "callsign": "BTI630",
        "origin_country": "Latvia",
        "time_position": 1786102045,
        "last_contact": 1786102045,
        "baro_altitude": 2148.84,
        "on_ground": false,
        "velocity": 145.14,
        "true_track": 102.9,
        "vertical_rate": 11.05,
        "geo_altitude": 2324.1,
        "squawk": "1000",
        "spi": false,
        "position_source": 0
      }
    },
    {
      "type": "Feature",
      "geometry": {
        "type": "Point",
        "coordinates": [
          11.37,
          47.1519
        ]
      },
      "properties": {
        "icao24": "502d88",
        "callsign": "SWR2274",
        "origin_country": "Latvia",
        "time_position": 1786102045,
        "last_contact": 1786102046,
        "baro_altitude": 8839.2,
        "on_ground": false,
        "velocity": 239.02,
        "true_track": 101.67,
        "vertical_rate": 0,
        "geo_altitude": 9296.4,
        "squawk": "1000",
        "spi": false,
        "position_source": 0
      }
    },
    {
      "type": "Feature",
      "geometry": {
        "type": "Point",
        "coordinates": [
          15.8978,
          39.4515
        ]
      },
      "properties": {
        "icao24": "502d7a",
        "callsign": "ASL83E",
        "origin_country": "Latvia",
        "time_position": 1786102045,
        "last_contact": 1786102045,
        "baro_altitude": 11277.6,
        "on_ground": false,
        "velocity": 217.21,
        "true_track": 184.35,
        "vertical_rate": 0,
        "geo_altitude": 11940.54,
        "squawk": null,
        "spi": false,
        "position_source": 0
      }
    },
    {
      "type": "Feature",
      "geometry": {
        "type": "Point",
        "coordinates": [
          7.5195,
          47.5921
        ]
      },
      "properties": {
        "icao24": "38f5ff",
        "callsign": "SECUAV3",
        "origin_country": "France",
        "time_position": 1786102045,
        "last_contact": 1786102045,
        "baro_altitude": null,
        "on_ground": true,
        "velocity": 3.09,
        "true_track": 45,
        "vertical_rate": null,
        "geo_altitude": null,
        "squawk": null,
        "spi": false,
        "position_source": 0
      }
    },
    {
      "type": "Feature",
      "geometry": {
        "type": "Point",
        "coordinates": [
          9.5477,
          40.7685
        ]
      },
      "properties": {
        "icao24": "4ba9d3",
        "callsign": "THY1KQ",
        "origin_country": "Turkey",
        "time_position": 1786102045,
        "last_contact": 1786102045,
        "baro_altitude": 11582.4,
        "on_ground": false,
        "velocity": 245.46,
        "true_track": 84.59,
        "vertical_rate": 0.33,
        "geo_altitude": 12252.96,
        "squawk": "1221",
        "spi": false,
        "position_source": 0
      }
    },
    {
      "type": "Feature",
      "geometry": {
        "type": "Point",
        "coordinates": [
          9.779,
          47.4861
        ]
      },
      "properties": {
        "icao24": "06a2b8",
        "callsign": "QTR120",
        "origin_country": "Qatar",
        "time_position": 1786102045,
        "last_contact": 1786102046,
        "baro_altitude": 10058.4,
        "on_ground": false,
        "velocity": 273.29,
        "true_track": 105.06,
        "vertical_rate": 0,
        "geo_altitude": 10538.46,
        "squawk": "2153",
        "spi": false,
        "position_source": 0
      }
    },
    {
      "type": "Feature",
      "geometry": {
        "type": "Point",
        "coordinates": [
          6.7265,
          43.7202
        ]
      },
      "properties": {
        "icao24": "c078c2",
        "callsign": "TSC403",
        "origin_country": "Canada",
        "time_position": 1786102045,
        "last_contact": 1786102046,
        "baro_altitude": 10972.8,
        "on_ground": false,
        "velocity": 223.15,
        "true_track": 303.91,
        "vertical_rate": 0,
        "geo_altitude": 11605.26,
        "squawk": "4017",
        "spi": false,
        "position_source": 0
      }
    },
    {
      "type": "Feature",
      "geometry": {
        "type": "Point",
        "coordinates": [
          13.3276,
          44.4229
        ]
      },
      "properties": {
        "icao24": "4b8e46",
        "callsign": "PGT835Z",
        "origin_country": "Turkey",
        "time_position": 1786102045,
        "last_contact": 1786102045,
        "baro_altitude": 10972.8,
        "on_ground": false,
        "velocity": 215.67,
        "true_track": 274.38,
        "vertical_rate": 0,
        "geo_altitude": 11551.92,
        "squawk": "3260",
        "spi": false,
        "position_source": 0
      }
    },
    {
      "type": "Feature",
      "geometry": {
        "type": "Point",
        "coordinates": [
          6.7661,
          44.3008
        ]
      },
      "properties": {
        "icao24": "407fc7",
        "callsign": "EZY5730",
        "origin_country": "United Kingdom",
        "time_position": 1786102045,
        "last_contact": 1786102045,
        "baro_altitude": 10972.8,
        "on_ground": false,
        "velocity": 213.93,
        "true_track": 327.57,
        "vertical_rate": 0,
        "geo_altitude": 11574.78,
        "squawk": "4015",
        "spi": false,
        "position_source": 0
      }
    },
    {
      "type": "Feature",
      "geometry": {
        "type": "Point",
        "coordinates": [
          14.329,
          44.4478
        ]
      },
      "properties": {
        "icao24": "407fad",
        "callsign": "TOM1MK",
        "origin_country": "United Kingdom",
        "time_position": 1786102046,
        "last_contact": 1786102046,
        "baro_altitude": 10972.8,
        "on_ground": false,
        "velocity": 223.49,
        "true_track": 318.83,
        "vertical_rate": 0,
        "geo_altitude": 11559.54,
        "squawk": "3712",
        "spi": false,
        "position_source": 0
      }
    },
    {
      "type": "Feature",
      "geometry": {
        "type": "Point",
        "coordinates": [
          12.435,
          45.3336
        ]
      },
      "properties": {
        "icao24": "7815fa",
        "callsign": "CHH428",
        "origin_country": "China",
        "time_position": 1786102046,
        "last_contact": 1786102046,
        "baro_altitude": 9753.6,
        "on_ground": false,
        "velocity": 269.55,
        "true_track": 100,
        "vertical_rate": -0.65,
        "geo_altitude": 10287,
        "squawk": "0471",
        "spi": false,
        "position_source": 0
      }
    },
    {
      "type": "Feature",
      "geometry": {
        "type": "Point",
        "coordinates": [
          15.5239,
          44.1271
        ]
      },
      "properties": {
        "icao24": "4ca2c9",
        "callsign": "EIN477",
        "origin_country": "Ireland",
        "time_position": 1786102040,
        "last_contact": 1786102045,
        "baro_altitude": 10363.2,
        "on_ground": false,
        "velocity": 226.05,
        "true_track": 311.12,
        "vertical_rate": 0.33,
        "geo_altitude": 10949.94,
        "squawk": "7214",
        "spi": false,
        "position_source": 0
      }
    },
    {
      "type": "Feature",
      "geometry": {
        "type": "Point",
        "coordinates": [
          17.3583,
          45.4366
        ]
      },
      "properties": {
        "icao24": "a992ff",
        "callsign": "N716GT",
        "origin_country": "United States",
        "time_position": 1786102046,
        "last_contact": 1786102046,
        "baro_altitude": 11582.4,
        "on_ground": false,
        "velocity": 224.02,
        "true_track": 341.11,
        "vertical_rate": 0,
        "geo_altitude": 12153.9,
        "squawk": "5154",
        "spi": false,
        "position_source": 0
      }
    },
    {
      "type": "Feature",
      "geometry": {
        "type": "Point",
        "coordinates": [
          12.978,
          38.7911
        ]
      },
      "properties": {
        "icao24": "4ca2c0",
        "callsign": "RYR1RH",
        "origin_country": "Ireland",
        "time_position": 1786102045,
        "last_contact": 1786102045,
        "baro_altitude": 5722.62,
        "on_ground": false,
        "velocity": 214.48,
        "true_track": 334.73,
        "vertical_rate": 10.08,
        "geo_altitude": 6080.76,
        "squawk": null,
        "spi": false,
        "position_source": 0
      }
    },
    {
      "type": "Feature",
      "geometry": {
        "type": "Point",
        "coordinates": [
          11.7693,
          45.708
        ]
      },
      "properties": {
        "icao24": "4ca2ad",
        "callsign": "RYR87GN",
        "origin_country": "Ireland",
        "time_position": 1786102045,
        "last_contact": 1786102045,
        "baro_altitude": 10058.4,
        "on_ground": false,
        "velocity": 240.96,
        "true_track": 149.6,
        "vertical_rate": -1.95,
        "geo_altitude": 10576.56,
        "squawk": "1000",
        "spi": false,
        "position_source": 0
      }
    },
    {
      "type": "Feature",
      "geometry": {
        "type": "Point",
        "coordinates": [
          6.7445,
          47.7379
        ]
      },
      "properties": {
        "icao24": "4ca2ab",
        "callsign": "RYR5VJ",
        "origin_country": "Ireland",
        "time_position": 1786102046,
        "last_contact": 1786102046,
        "baro_altitude": 8336.28,
        "on_ground": false,
        "velocity": 227.35,
        "true_track": 190.17,
        "vertical_rate": 8.13,
        "geo_altitude": 8732.52,
        "squawk": "1000",
        "spi": false,
        "position_source": 0
      }
    },
    {
      "type": "Feature",
      "geometry": {
        "type": "Point",
        "coordinates": [
          6.2042,
          47.2401
        ]
      },
      "properties": {
        "icao24": "4ca2bf",
        "callsign": "RYR312L",
        "origin_country": "Ireland",
        "time_position": 1786102045,
        "last_contact": 1786102045,
        "baro_altitude": 11582.4,
        "on_ground": false,
        "velocity": 233.58,
        "true_track": 5.43,
        "vertical_rate": 0,
        "geo_altitude": 12070.08,
        "squawk": "1000",
        "spi": false,
        "position_source": 0
      }
    },
    {
      "type": "Feature",
      "geometry": {
        "type": "Point",
        "coordinates": [
          9.428,
          43.0484
        ]
      },
      "properties": {
        "icao24": "a52736",
        "callsign": "DAL297",
        "origin_country": "United States",
        "time_position": 1786102045,
        "last_contact": 1786102045,
        "baro_altitude": 10972.8,
        "on_ground": false,
        "velocity": 226.98,
        "true_track": 291.68,
        "vertical_rate": 0,
        "geo_altitude": 11590.02,
        "squawk": "2042",
        "spi": false,
        "position_source": 0
      }
    },
    {
      "type": "Feature",
      "geometry": {
        "type": "Point",
        "coordinates": [
          14.6489,
          40.6516
        ]
      },
      "properties": {
        "icao24": "4ba950",
        "callsign": "THY5RM",
        "origin_country": "Turkey",
        "time_position": 1786102042,
        "last_contact": 1786102042,
        "baro_altitude": 10972.8,
        "on_ground": false,
        "velocity": 243.86,
        "true_track": 269.52,
        "vertical_rate": 0,
        "geo_altitude": 11620.5,
        "squawk": null,
        "spi": false,
        "position_source": 0
      }
    },
    {
      "type": "Feature",
      "geometry": {
        "type": "Point",
        "coordinates": [
          14.3999,
          46.1906
        ]
      },
      "properties": {
        "icao24": "4ba94c",
        "callsign": "THY6FL",
        "origin_country": "Turkey",
        "time_position": 1786102046,
        "last_contact": 1786102046,
        "baro_altitude": 11277.6,
        "on_ground": false,
        "velocity": 258.65,
        "true_track": 117.74,
        "vertical_rate": 0,
        "geo_altitude": 11833.86,
        "squawk": "0676",
        "spi": false,
        "position_source": 0
      }
    },
    {
      "type": "Feature",
      "geometry": {
        "type": "Point",
        "coordinates": [
          7.6919,
          46.5608
        ]
      },
      "properties": {
        "icao24": "4b3305",
        "callsign": "RGA10",
        "origin_country": "Switzerland",
        "time_position": 1786101953,
        "last_contact": 1786101953,
        "baro_altitude": 2103.12,
        "on_ground": false,
        "velocity": 68.06,
        "true_track": 237.03,
        "vertical_rate": -1.95,
        "geo_altitude": 2278.38,
        "squawk": null,
        "spi": false,
        "position_source": 0
      }
    },
    {
      "type": "Feature",
      "geometry": {
        "type": "Point",
        "coordinates": [
          9.4338,
          43.4081
        ]
      },
      "properties": {
        "icao24": "44083b",
        "callsign": "EJU54KW",
        "origin_country": "Austria",
        "time_position": 1786102045,
        "last_contact": 1786102045,
        "baro_altitude": 11582.4,
        "on_ground": false,
        "velocity": 211.31,
        "true_track": 318.16,
        "vertical_rate": -0.65,
        "geo_altitude": 12222.48,
        "squawk": "1000",
        "spi": false,
        "position_source": 0
      }
    },
    {
      "type": "Feature",
      "geometry": {
        "type": "Point",
        "coordinates": [
          15.6528,
          37.4252
        ]
      },
      "properties": {
        "icao24": "43c208",
        "callsign": "RRR6629",
        "origin_country": "United Kingdom",
        "time_position": 1786102046,
        "last_contact": 1786102046,
        "baro_altitude": 9753.6,
        "on_ground": false,
        "velocity": 227.5,
        "true_track": 322.53,
        "vertical_rate": 0,
        "geo_altitude": 10355.58,
        "squawk": "5613",
        "spi": false,
        "position_source": 0
      }
    },
    {
      "type": "Feature",
      "geometry": {
        "type": "Point",
        "coordinates": [
          11.211,
          36.7608
        ]
      },
      "properties": {
        "icao24": "49d327",
        "callsign": "TVS2812",
        "origin_country": "Czech Republic",
        "time_position": 1786101807,
        "last_contact": 1786101808,
        "baro_altitude": 6233.16,
        "on_ground": false,
        "velocity": 201.89,
        "true_track": 200.74,
        "vertical_rate": -11.05,
        "geo_altitude": 6652.26,
        "squawk": "0264",
        "spi": false,
        "position_source": 0
      }
    },
    {
      "type": "Feature",
      "geometry": {
        "type": "Point",
        "coordinates": [
          17.4067,
          47.2043
        ]
      },
      "properties": {
        "icao24": "49d357",
        "callsign": "TVS7BG",
        "origin_country": "Czech Republic",
        "time_position": 1786102046,
        "last_contact": 1786102046,
        "baro_altitude": 10363.2,
        "on_ground": false,
        "velocity": 226.3,
        "true_track": 183.65,
        "vertical_rate": 0,
        "geo_altitude": 10896.6,
        "squawk": "1416",
        "spi": false,
        "position_source": 0
      }
    },
    {
      "type": "Feature",
      "geometry": {
        "type": "Point",
        "coordinates": [
          18.1371,
          47.6149
        ]
      },
      "properties": {
        "icao24": "440824",
        "callsign": "AUA708",
        "origin_country": "Austria",
        "time_position": 1786102045,
        "last_contact": 1786102046,
        "baro_altitude": 7139.94,
        "on_ground": false,
        "velocity": 204.36,
        "true_track": 287.43,
        "vertical_rate": -12.68,
        "geo_altitude": 7551.42,
        "squawk": "1000",
        "spi": false,
        "position_source": 0
      }
    },
    {
      "type": "Feature",
      "geometry": {
        "type": "Point",
        "coordinates": [
          12.8048,
          46.8825
        ]
      },
      "properties": {
        "icao24": "440822",
        "callsign": "AUA52UE",
        "origin_country": "Austria",
        "time_position": 1786102045,
        "last_contact": 1786102046,
        "baro_altitude": 7543.8,
        "on_ground": false,
        "velocity": 192.03,
        "true_track": 250.11,
        "vertical_rate": 12.03,
        "geo_altitude": 7978.14,
        "squawk": "1000",
        "spi": false,
        "position_source": 0
      }
    },
    {
      "type": "Feature",
      "geometry": {
        "type": "Point",
        "coordinates": [
          17.9821,
          46.3616
        ]
      },
      "properties": {
        "icao24": "440821",
        "callsign": "AUA73CP",
        "origin_country": "Austria",
        "time_position": 1786102045,
        "last_contact": 1786102045,
        "baro_altitude": 10058.4,
        "on_ground": false,
        "velocity": 244.87,
        "true_track": 122.82,
        "vertical_rate": -0.33,
        "geo_altitude": 10553.7,
        "squawk": "7147",
        "spi": false,
        "position_source": 0
      }
    },
    {
      "type": "Feature",
      "geometry": {
        "type": "Point",
        "coordinates": [
          15.3018,
          47.0727
        ]
      },
      "properties": {
        "icao24": "44081f",
        "callsign": "AUA10B",
        "origin_country": "Austria",
        "time_position": 1786102046,
        "last_contact": 1786102046,
        "baro_altitude": 4876.8,
        "on_ground": false,
        "velocity": 189.42,
        "true_track": 216.5,
        "vertical_rate": -0.33,
        "geo_altitude": 5181.6,
        "squawk": "1000",
        "spi": false,
        "position_source": 0
      }
    },
    {
      "type": "Feature",
      "geometry": {
        "type": "Point",
        "coordinates": [
          10.2155,
          41.2506
        ]
      },
      "properties": {
        "icao24": "48e9f4",
        "callsign": "RYR3CX",
        "origin_country": "Poland",
        "time_position": 1786102045,
        "last_contact": 1786102046,
        "baro_altitude": 10416.54,
        "on_ground": false,
        "velocity": 240.1,
        "true_track": 49.52,
        "vertical_rate": 7.48,
        "geo_altitude": 11033.76,
        "squawk": null,
        "spi": false,
        "position_source": 0
      }
    },
    {
      "type": "Feature",
      "geometry": {
        "type": "Point",
        "coordinates": [
          16.0907,
          47.0435
        ]
      },
      "properties": {
        "icao24": "48e9df",
        "callsign": "SPOPA",
        "origin_country": "Poland",
        "time_position": 1786102046,
        "last_contact": 1786102046,
        "baro_altitude": 5486.4,
        "on_ground": false,
        "velocity": 84.37,
        "true_track": 12.68,
        "vertical_rate": 0,
        "geo_altitude": 5798.82,
        "squawk": "3713",
        "spi": false,
        "position_source": 0
      }
    },
    {
      "type": "Feature",
      "geometry": {
        "type": "Point",
        "coordinates": [
          12.4604,
          43.097
        ]
      },
      "properties": {
        "icao24": "49d38c",
        "callsign": "TVS2QZ",
        "origin_country": "Czech Republic",
        "time_position": 1786102045,
        "last_contact": 1786102045,
        "baro_altitude": 6629.4,
        "on_ground": false,
        "velocity": 192.97,
        "true_track": 209.02,
        "vertical_rate": -9.1,
        "geo_altitude": 7040.88,
        "squawk": "1000",
        "spi": false,
        "position_source": 0
      }
    },
    {
      "type": "Feature",
      "geometry": {
        "type": "Point",
        "coordinates": [
          9.4399,
          41.1921
        ]
      },
      "properties": {
        "icao24": "48e9d7",
        "callsign": "HEY02P",
        "origin_country": "Poland",
        "time_position": 1786102044,
        "last_contact": 1786102045,
        "baro_altitude": 11285.22,
        "on_ground": false,
        "velocity": 217.34,
        "true_track": 77.84,
        "vertical_rate": -5.2,
        "geo_altitude": 11902.44,
        "squawk": "5122",
        "spi": false,
        "position_source": 0
      }
    },
    {
      "type": "Feature",
      "geometry": {
        "type": "Point",
        "coordinates": [
          7.1791,
          46.5793
        ]
      },
      "properties": {
        "icao24": "4b44a5",
        "callsign": null,
        "origin_country": "Switzerland",
        "time_position": 1786101796,
        "last_contact": 1786101796,
        "baro_altitude": 1424.94,
        "on_ground": false,
        "velocity": 42.75,
        "true_track": 39.63,
        "vertical_rate": -3.9,
        "geo_altitude": 1607.82,
        "squawk": null,
        "spi": false,
        "position_source": 0
      }
    },
    {
      "type": "Feature",
      "geometry": {
        "type": "Point",
        "coordinates": [
          10.3688,
          40.1119
        ]
      },
      "properties": {
        "icao24": "74482f",
        "callsign": "RJA109",
        "origin_country": "Jordan",
        "time_position": 1786102046,
        "last_contact": 1786102046,
        "baro_altitude": 10066.02,
        "on_ground": false,
        "velocity": 233.38,
        "true_track": 280.54,
        "vertical_rate": 0,
        "geo_altitude": 10690.86,
        "squawk": "5602",
        "spi": false,
        "position_source": 0
      }
    },
    {
      "type": "Feature",
      "geometry": {
        "type": "Point",
        "coordinates": [
          16.699,
          46.8063
        ]
      },
      "properties": {
        "icao24": "4408de",
        "callsign": "AUA729",
        "origin_country": "Austria",
        "time_position": 1786102046,
        "last_contact": 1786102046,
        "baro_altitude": 8229.6,
        "on_ground": false,
        "velocity": 211.33,
        "true_track": 162.14,
        "vertical_rate": -0.33,
        "geo_altitude": 8709.66,
        "squawk": "1000",
        "spi": false,
        "position_source": 0
      }
    },
    {
      "type": "Feature",
      "geometry": {
        "type": "Point",
        "coordinates": [
          9.1977,
          44.9838
        ]
      },
      "properties": {
        "icao24": "744828",
        "callsign": "RJA117",
        "origin_country": "Jordan",
        "time_position": 1786102045,
        "last_contact": 1786102045,
        "baro_altitude": 10965.18,
        "on_ground": false,
        "velocity": 211.76,
        "true_track": 302.8,
        "vertical_rate": -0.33,
        "geo_altitude": 11544.3,
        "squawk": "3725",
        "spi": false,
        "position_source": 0
      }
    },
    {
      "type": "Feature",
      "geometry": {
        "type": "Point",
        "coordinates": [
          18.0879,
          47.0884
        ]
      },
      "properties": {
        "icao24": "744823",
        "callsign": "RJA129",
        "origin_country": "Jordan",
        "time_position": 1786102046,
        "last_contact": 1786102046,
        "baro_altitude": 10965.18,
        "on_ground": false,
        "velocity": 225.54,
        "true_track": 319.63,
        "vertical_rate": 0,
        "geo_altitude": 11521.44,
        "squawk": "2236",
        "spi": false,
        "position_source": 0
      }
    },
    {
      "type": "Feature",
      "geometry": {
        "type": "Point",
        "coordinates": [
          12.4712,
          47.7124
        ]
      },
      "properties": {
        "icao24": "4bca68",
        "callsign": "RHH059",
        "origin_country": "Turkey",
        "time_position": 1786102046,
        "last_contact": 1786102046,
        "baro_altitude": 11277.6,
        "on_ground": false,
        "velocity": 244.29,
        "true_track": 124.36,
        "vertical_rate": 0.33,
        "geo_altitude": 11772.9,
        "squawk": "3440",
        "spi": false,
        "position_source": 0
      }
    },
    {
      "type": "Feature",
      "geometry": {
        "type": "Point",
        "coordinates": [
          10.0914,
          42.7087
        ]
      },
      "properties": {
        "icao24": "4408c9",
        "callsign": "EJU49VM",
        "origin_country": "Austria",
        "time_position": 1786102046,
        "last_contact": 1786102046,
        "baro_altitude": 9723.12,
        "on_ground": false,
        "velocity": 232.81,
        "true_track": 324.62,
        "vertical_rate": 3.9,
        "geo_altitude": 10294.62,
        "squawk": "1000",
        "spi": false,
        "position_source": 0
      }
    },
    {
      "type": "Feature",
      "geometry": {
        "type": "Point",
        "coordinates": [
          7.1506,
          43.6012
        ]
      },
      "properties": {
        "icao24": "405b6a",
        "callsign": "EZY53XQ",
        "origin_country": "United Kingdom",
        "time_position": 1786102045,
        "last_contact": 1786102045,
        "baro_altitude": 1074.42,
        "on_ground": false,
        "velocity": 90.03,
        "true_track": 180,
        "vertical_rate": 4.88,
        "geo_altitude": 1188.72,
        "squawk": null,
        "spi": false,
        "position_source": 0
      }
    },
    {
      "type": "Feature",
      "geometry": {
        "type": "Point",
        "coordinates": [
          12.743,
          43.5216
        ]
      },
      "properties": {
        "icao24": "48630e",
        "callsign": "AGR1167",
        "origin_country": "Kingdom of the Netherlands",
        "time_position": 1786102046,
        "last_contact": 1786102046,
        "baro_altitude": 11277.6,
        "on_ground": false,
        "velocity": 237.24,
        "true_track": 157.16,
        "vertical_rate": 0.65,
        "geo_altitude": 11887.2,
        "squawk": "7321",
        "spi": false,
        "position_source": 0
      }
    },
    {
      "type": "Feature",
      "geometry": {
        "type": "Point",
        "coordinates": [
          6.8515,
          40.6206
        ]
      },
      "properties": {
        "icao24": "3424d2",
        "callsign": "VLG71KL",
        "origin_country": "Spain",
        "time_position": 1786102046,
        "last_contact": 1786102046,
        "baro_altitude": 10972.8,
        "on_ground": false,
        "velocity": 248.22,
        "true_track": 96.9,
        "vertical_rate": 0,
        "geo_altitude": 11635.74,
        "squawk": "1000",
        "spi": false,
        "position_source": 0
      }
    },
    {
      "type": "Feature",
      "geometry": {
        "type": "Point",
        "coordinates": [
          7.3897,
          47.1732
        ]
      },
      "properties": {
        "icao24": "4b3273",
        "callsign": "HBTCT",
        "origin_country": "Switzerland",
        "time_position": 1786101858,
        "last_contact": 1786101873,
        "baro_altitude": 533.4,
        "on_ground": false,
        "velocity": 38.91,
        "true_track": 65.81,
        "vertical_rate": -3.9,
        "geo_altitude": 640.08,
        "squawk": "7000",
        "spi": false,
        "position_source": 0
      }
    },
    {
      "type": "Feature",
      "geometry": {
        "type": "Point",
        "coordinates": [
          8.7212,
          45.6274
        ]
      },
      "properties": {
        "icao24": "31d7b0",
        "callsign": "MIKE12",
        "origin_country": "Italy",
        "time_position": 1786102045,
        "last_contact": 1786102045,
        "baro_altitude": null,
        "on_ground": true,
        "velocity": 9.26,
        "true_track": 348.75,
        "vertical_rate": null,
        "geo_altitude": null,
        "squawk": null,
        "spi": false,
        "position_source": 0
      }
    },
    {
      "type": "Feature",
      "geometry": {
        "type": "Point",
        "coordinates": [
          6.2945,
          47.2041
        ]
      },
      "properties": {
        "icao24": "4ca245",
        "callsign": "RYR95PT",
        "origin_country": "Ireland",
        "time_position": 1786102046,
        "last_contact": 1786102046,
        "baro_altitude": 10668,
        "on_ground": false,
        "velocity": 226.78,
        "true_track": 187.56,
        "vertical_rate": 0,
        "geo_altitude": 11155.68,
        "squawk": "1000",
        "spi": false,
        "position_source": 0
      }
    },
    {
      "type": "Feature",
      "geometry": {
        "type": "Point",
        "coordinates": [
          13.244,
          43.8746
        ]
      },
      "properties": {
        "icao24": "43e92d",
        "callsign": "MGETS",
        "origin_country": "United Kingdom",
        "time_position": 1786102045,
        "last_contact": 1786102045,
        "baro_altitude": 2545.08,
        "on_ground": false,
        "velocity": 127.44,
        "true_track": 147.53,
        "vertical_rate": -10.08,
        "geo_altitude": 2758.44,
        "squawk": "0525",
        "spi": false,
        "position_source": 0
      }
    },
    {
      "type": "Feature",
      "geometry": {
        "type": "Point",
        "coordinates": [
          11.2591,
          44.3496
        ]
      },
      "properties": {
        "icao24": "4ca225",
        "callsign": "RYR420Z",
        "origin_country": "Ireland",
        "time_position": 1786102045,
        "last_contact": 1786102045,
        "baro_altitude": 3421.38,
        "on_ground": false,
        "velocity": 127.15,
        "true_track": 92.09,
        "vertical_rate": -5.85,
        "geo_altitude": 3672.84,
        "squawk": "1164",
        "spi": false,
        "position_source": 0
      }
    },
    {
      "type": "Feature",
      "geometry": {
        "type": "Point",
        "coordinates": [
          8.7233,
          45.6158
        ]
      },
      "properties": {
        "icao24": "342591",
        "callsign": "VLG3WW",
        "origin_country": "Spain",
        "time_position": 1786102045,
        "last_contact": 1786102045,
        "baro_altitude": null,
        "on_ground": true,
        "velocity": 13.89,
        "true_track": 168.75,
        "vertical_rate": null,
        "geo_altitude": null,
        "squawk": null,
        "spi": false,
        "position_source": 0
      }
    },
    {
      "type": "Feature",
      "geometry": {
        "type": "Point",
        "coordinates": [
          7.863,
          44.6791
        ]
      },
      "properties": {
        "icao24": "342582",
        "callsign": "VLG69NN",
        "origin_country": "Spain",
        "time_position": 1786102046,
        "last_contact": 1786102046,
        "baro_altitude": 6606.54,
        "on_ground": false,
        "velocity": 218.1,
        "true_track": 35.3,
        "vertical_rate": -6.83,
        "geo_altitude": 7033.26,
        "squawk": "1000",
        "spi": false,
        "position_source": 0
      }
    },
    {
      "type": "Feature",
      "geometry": {
        "type": "Point",
        "coordinates": [
          13.1984,
          47.1031
        ]
      },
      "properties": {
        "icao24": "4ca263",
        "callsign": "RYR52XB",
        "origin_country": "Ireland",
        "time_position": 1786102045,
        "last_contact": 1786102046,
        "baro_altitude": 10668,
        "on_ground": false,
        "velocity": 210.34,
        "true_track": 244.81,
        "vertical_rate": 0,
        "geo_altitude": 11178.54,
        "squawk": "1000",
        "spi": false,
        "position_source": 0
      }
    },
    {
      "type": "Feature",
      "geometry": {
        "type": "Point",
        "coordinates": [
          9.7607,
          45.6579
        ]
      },
      "properties": {
        "icao24": "4ca259",
        "callsign": "RYR81PR",
        "origin_country": "Ireland",
        "time_position": 1786101756,
        "last_contact": 1786101756,
        "baro_altitude": 365.76,
        "on_ground": false,
        "velocity": 84.51,
        "true_track": 285.9,
        "vertical_rate": -4.88,
        "geo_altitude": 480.06,
        "squawk": "1000",
        "spi": false,
        "position_source": 0
      }
    },
    {
      "type": "Feature",
      "geometry": {
        "type": "Point",
        "coordinates": [
          7.7389,
          44.485
        ]
      },
      "properties": {
        "icao24": "4ca25a",
        "callsign": "RYR1XQ",
        "origin_country": "Ireland",
        "time_position": 1786102045,
        "last_contact": 1786102045,
        "baro_altitude": 11277.6,
        "on_ground": false,
        "velocity": 216.2,
        "true_track": 235.18,
        "vertical_rate": 0,
        "geo_altitude": 11871.96,
        "squawk": "4053",
        "spi": false,
        "position_source": 0
      }
    },
    {
      "type": "Feature",
      "geometry": {
        "type": "Point",
        "coordinates": [
          8.3739,
          47.719
        ]
      },
      "properties": {
        "icao24": "4405da",
        "callsign": "GAC463C",
        "origin_country": "Austria",
        "time_position": 1786102045,
        "last_contact": 1786102046,
        "baro_altitude": 5585.46,
        "on_ground": false,
        "velocity": 162.6,
        "true_track": 210.62,
        "vertical_rate": -6.18,
        "geo_altitude": 5890.26,
        "squawk": "6744",
        "spi": false,
        "position_source": 0
      }
    },
    {
      "type": "Feature",
      "geometry": {
        "type": "Point",
        "coordinates": [
          9.6847,
          46.942
        ]
      },
      "properties": {
        "icao24": "06a038",
        "callsign": "QAF4",
        "origin_country": "Qatar",
        "time_position": 1786102046,
        "last_contact": 1786102046,
        "baro_altitude": 11582.4,
        "on_ground": false,
        "velocity": 233.01,
        "true_track": 292.32,
        "vertical_rate": 0,
        "geo_altitude": 12115.8,
        "squawk": "3235",
        "spi": false,
        "position_source": 0
      }
    },
    {
      "type": "Feature",
      "geometry": {
        "type": "Point",
        "coordinates": [
          8.4016,
          46.9722
        ]
      },
      "properties": {
        "icao24": "4405a6",
        "callsign": "GAC560Z",
        "origin_country": "Austria",
        "time_position": 1786102035,
        "last_contact": 1786102045,
        "baro_altitude": null,
        "on_ground": true,
        "velocity": 6.17,
        "true_track": 56.25,
        "vertical_rate": null,
        "geo_altitude": null,
        "squawk": null,
        "spi": false,
        "position_source": 0
      }
    },
    {
      "type": "Feature",
      "geometry": {
        "type": "Point",
        "coordinates": [
          8.5594,
          40.3275
        ]
      },
      "properties": {
        "icao24": "06a066",
        "callsign": "QTR60Q",
        "origin_country": "Qatar",
        "time_position": 1786102045,
        "last_contact": 1786102046,
        "baro_altitude": 10668,
        "on_ground": false,
        "velocity": 241.53,
        "true_track": 294.27,
        "vertical_rate": 0,
        "geo_altitude": 11300.46,
        "squawk": null,
        "spi": false,
        "position_source": 0
      }
    },
    {
      "type": "Feature",
      "geometry": {
        "type": "Point",
        "coordinates": [
          8.5871,
          39.6388
        ]
      },
      "properties": {
        "icao24": "39ceb2",
        "callsign": "TVF8556",
        "origin_country": "France",
        "time_position": 1786102045,
        "last_contact": 1786102045,
        "baro_altitude": 11887.2,
        "on_ground": false,
        "velocity": 236.5,
        "true_track": 168.2,
        "vertical_rate": 0.33,
        "geo_altitude": 12580.62,
        "squawk": "1213",
        "spi": false,
        "position_source": 0
      }
    },
    {
      "type": "Feature",
      "geometry": {
        "type": "Point",
        "coordinates": [
          9.4703,
          44.2267
        ]
      },
      "properties": {
        "icao24": "3420cc",
        "callsign": "IBE08RW",
        "origin_country": "Spain",
        "time_position": 1786102045,
        "last_contact": 1786102045,
        "baro_altitude": 10363.2,
        "on_ground": false,
        "velocity": 252.82,
        "true_track": 72.23,
        "vertical_rate": 0,
        "geo_altitude": 10949.94,
        "squawk": "1000",
        "spi": false,
        "position_source": 0
      }
    },
    {
      "type": "Feature",
      "geometry": {
        "type": "Point",
        "coordinates": [
          14.4208,
          44.8253
        ]
      },
      "properties": {
        "icao24": "39cea5",
        "callsign": "TVF45FY",
        "origin_country": "France",
        "time_position": 1786102045,
        "last_contact": 1786102045,
        "baro_altitude": 10972.8,
        "on_ground": false,
        "velocity": 217.87,
        "true_track": 280.06,
        "vertical_rate": -0.33,
        "geo_altitude": 11544.3,
        "squawk": "6521",
        "spi": false,
        "position_source": 0
      }
    },
    {
      "type": "Feature",
      "geometry": {
        "type": "Point",
        "coordinates": [
          15.4057,
          41.3483
        ]
      },
      "properties": {
        "icao24": "39cea6",
        "callsign": "TVF14XM",
        "origin_country": "France",
        "time_position": 1786102045,
        "last_contact": 1786102045,
        "baro_altitude": 11582.4,
        "on_ground": false,
        "velocity": 226.62,
        "true_track": 304.74,
        "vertical_rate": 0,
        "geo_altitude": 12245.34,
        "squawk": "2052",
        "spi": false,
        "position_source": 0
      }
    },
    {
      "type": "Feature",
      "geometry": {
        "type": "Point",
        "coordinates": [
          12.0498,
          45.6397
        ]
      },
      "properties": {
        "icao24": "407e71",
        "callsign": "EXS31PY",
        "origin_country": "United Kingdom",
        "time_position": 1786102045,
        "last_contact": 1786102045,
        "baro_altitude": 4808.22,
        "on_ground": false,
        "velocity": 189.44,
        "true_track": 319.74,
        "vertical_rate": 15.93,
        "geo_altitude": 5105.4,
        "squawk": "0225",
        "spi": false,
        "position_source": 0
      }
    },
    {
      "type": "Feature",
      "geometry": {
        "type": "Point",
        "coordinates": [
          18.5747,
          43.6152
        ]
      },
      "properties": {
        "icao24": "407e63",
        "callsign": "EZY95YJ",
        "origin_country": "United Kingdom",
        "time_position": 1786102038,
        "last_contact": 1786102045,
        "baro_altitude": 11277.6,
        "on_ground": false,
        "velocity": 252.12,
        "true_track": 128.79,
        "vertical_rate": 0,
        "geo_altitude": 11910.06,
        "squawk": "4775",
        "spi": false,
        "position_source": 0
      }
    },
    {
      "type": "Feature",
      "geometry": {
        "type": "Point",
        "coordinates": [
          12.0143,
          42.8511
        ]
      },
      "properties": {
        "icao24": "440667",
        "callsign": "AUA589",
        "origin_country": "Austria",
        "time_position": 1786102045,
        "last_contact": 1786102045,
        "baro_altitude": 11887.2,
        "on_ground": false,
        "velocity": 223.27,
        "true_track": 216.47,
        "vertical_rate": 0,
        "geo_altitude": 12542.52,
        "squawk": "7144",
        "spi": false,
        "position_source": 0
      }
    },
    {
      "type": "Feature",
      "geometry": {
        "type": "Point",
        "coordinates": [
          7.8723,
          46.0536
        ]
      },
      "properties": {
        "icao24": "4b4444",
        "callsign": "HBZWE",
        "origin_country": "Switzerland",
        "time_position": 1786102045,
        "last_contact": 1786102046,
        "baro_altitude": 3581.4,
        "on_ground": false,
        "velocity": 22.69,
        "true_track": 237.03,
        "vertical_rate": 0.65,
        "geo_altitude": 3832.86,
        "squawk": "7000",
        "spi": false,
        "position_source": 0
      }
    },
    {
      "type": "Feature",
      "geometry": {
        "type": "Point",
        "coordinates": [
          8.9927,
          44.4108
        ]
      },
      "properties": {
        "icao24": "440607",
        "callsign": "AUA42CQ",
        "origin_country": "Austria",
        "time_position": 1786102045,
        "last_contact": 1786102046,
        "baro_altitude": 10363.2,
        "on_ground": false,
        "velocity": 243.44,
        "true_track": 46.46,
        "vertical_rate": 0,
        "geo_altitude": 10919.46,
        "squawk": "1000",
        "spi": false,
        "position_source": 0
      }
    },
    {
      "type": "Feature",
      "geometry": {
        "type": "Point",
        "coordinates": [
          18.2538,
          42.5652
        ]
      },
      "properties": {
        "icao24": "440606",
        "callsign": "AUA64C",
        "origin_country": "Austria",
        "time_position": 1786102044,
        "last_contact": 1786102044,
        "baro_altitude": null,
        "on_ground": true,
        "velocity": 9.26,
        "true_track": 298.12,
        "vertical_rate": null,
        "geo_altitude": null,
        "squawk": null,
        "spi": false,
        "position_source": 0
      }
    },
    {
      "type": "Feature",
      "geometry": {
        "type": "Point",
        "coordinates": [
          18.5181,
          44.6669
        ]
      },
      "properties": {
        "icao24": "440604",
        "callsign": "AUA73Q",
        "origin_country": "Austria",
        "time_position": 1786102044,
        "last_contact": 1786102044,
        "baro_altitude": 10066.02,
        "on_ground": false,
        "velocity": 249.75,
        "true_track": 162.5,
        "vertical_rate": 0,
        "geo_altitude": 10622.28,
        "squawk": "5157",
        "spi": false,
        "position_source": 0
      }
    },
    {
      "type": "Feature",
      "geometry": {
        "type": "Point",
        "coordinates": [
          8.4823,
          47.5213
        ]
      },
      "properties": {
        "icao24": "503cb7",
        "callsign": "KLJ7005",
        "origin_country": "Lithuania",
        "time_position": 1786102046,
        "last_contact": 1786102046,
        "baro_altitude": 685.8,
        "on_ground": false,
        "velocity": 78.98,
        "true_track": 136.85,
        "vertical_rate": -4.55,
        "geo_altitude": 807.72,
        "squawk": "1000",
        "spi": false,
        "position_source": 0
      }
    },
    {
      "type": "Feature",
      "geometry": {
        "type": "Point",
        "coordinates": [
          10.6444,
          36.1405
        ]
      },
      "properties": {
        "icao24": "06a077",
        "callsign": "QTR46M",
        "origin_country": "Qatar",
        "time_position": 1786102002,
        "last_contact": 1786102002,
        "baro_altitude": 10972.8,
        "on_ground": false,
        "velocity": 248.83,
        "true_track": 278.8,
        "vertical_rate": 0,
        "geo_altitude": 11620.5,
        "squawk": "2025",
        "spi": false,
        "position_source": 0
      }
    },
    {
      "type": "Feature",
      "geometry": {
        "type": "Point",
        "coordinates": [
          10.2699,
          44.6669
        ]
      },
      "properties": {
        "icao24": "06a07f",
        "callsign": "QTR8059",
        "origin_country": "Qatar",
        "time_position": 1786102045,
        "last_contact": 1786102045,
        "baro_altitude": 9022.08,
        "on_ground": false,
        "velocity": 263.73,
        "true_track": 140.22,
        "vertical_rate": 9.1,
        "geo_altitude": 9509.76,
        "squawk": "0414",
        "spi": false,
        "position_source": 0
      }
    },
    {
      "type": "Feature",
      "geometry": {
        "type": "Point",
        "coordinates": [
          18.8014,
          39.4283
        ]
      },
      "properties": {
        "icao24": "39cf04",
        "callsign": "AFR934",
        "origin_country": "France",
        "time_position": 1786102045,
        "last_contact": 1786102046,
        "baro_altitude": 11277.6,
        "on_ground": false,
        "velocity": 253.4,
        "true_track": 131.13,
        "vertical_rate": 0,
        "geo_altitude": 11940.54,
        "squawk": "7626",
        "spi": false,
        "position_source": 0
      }
    },
    {
      "type": "Feature",
      "geometry": {
        "type": "Point",
        "coordinates": [
          16.8814,
          40.7096
        ]
      },
      "properties": {
        "icao24": "39cf0c",
        "callsign": "AFR828",
        "origin_country": "France",
        "time_position": 1786102045,
        "last_contact": 1786102045,
        "baro_altitude": 11277.6,
        "on_ground": false,
        "velocity": 257.68,
        "true_track": 130.3,
        "vertical_rate": 0,
        "geo_altitude": 11917.68,
        "squawk": "0452",
        "spi": false,
        "position_source": 0
      }
    },
    {
      "type": "Feature",
      "geometry": {
        "type": "Point",
        "coordinates": [
          18.1792,
          41.4261
        ]
      },
      "properties": {
        "icao24": "49d13f",
        "callsign": "TVL5028",
        "origin_country": "Czech Republic",
        "time_position": 1786102045,
        "last_contact": 1786102046,
        "baro_altitude": 10668,
        "on_ground": false,
        "velocity": 240.02,
        "true_track": 170.38,
        "vertical_rate": 0,
        "geo_altitude": 11269.98,
        "squawk": "1153",
        "spi": false,
        "position_source": 0
      }
    },
    {
      "type": "Feature",
      "geometry": {
        "type": "Point",
        "coordinates": [
          7.2045,
          43.6552
        ]
      },
      "properties": {
        "icao24": "4404db",
        "callsign": "GAC109X",
        "origin_country": "Austria",
        "time_position": 1786102043,
        "last_contact": 1786102043,
        "baro_altitude": -7.62,
        "on_ground": false,
        "velocity": 0,
        "true_track": 0,
        "vertical_rate": 0,
        "geo_altitude": 53.34,
        "squawk": null,
        "spi": false,
        "position_source": 0
      }
    },
    {
      "type": "Feature",
      "geometry": {
        "type": "Point",
        "coordinates": [
          12.9028,
          44.5274
        ]
      },
      "properties": {
        "icao24": "4010dd",
        "callsign": "EFW9UQ",
        "origin_country": "United Kingdom",
        "time_position": 1786102045,
        "last_contact": 1786102045,
        "baro_altitude": 10668,
        "on_ground": false,
        "velocity": 242.61,
        "true_track": 118.36,
        "vertical_rate": 0,
        "geo_altitude": 11201.4,
        "squawk": "7307",
        "spi": false,
        "position_source": 0
      }
    },
    {
      "type": "Feature",
      "geometry": {
        "type": "Point",
        "coordinates": [
          11.5322,
          44.4644
        ]
      },
      "properties": {
        "icao24": "4406f0",
        "callsign": "EJU52DB",
        "origin_country": "Austria",
        "time_position": 1786102046,
        "last_contact": 1786102046,
        "baro_altitude": 11582.4,
        "on_ground": false,
        "velocity": 222.95,
        "true_track": 357.62,
        "vertical_rate": -0.33,
        "geo_altitude": 12161.52,
        "squawk": "0220",
        "spi": false,
        "position_source": 0
      }
    },
    {
      "type": "Feature",
      "geometry": {
        "type": "Point",
        "coordinates": [
          11.2423,
          46.1838
        ]
      },
      "properties": {
        "icao24": "39aa48",
        "callsign": "FHKSI",
        "origin_country": "France",
        "time_position": 1786102045,
        "last_contact": 1786102045,
        "baro_altitude": 2499.36,
        "on_ground": false,
        "velocity": 88.67,
        "true_track": 49.47,
        "vertical_rate": 7.15,
        "geo_altitude": 2659.38,
        "squawk": null,
        "spi": false,
        "position_source": 0
      }
    },
    {
      "type": "Feature",
      "geometry": {
        "type": "Point",
        "coordinates": [
          8.5477,
          47.4736
        ]
      },
      "properties": {
        "icao24": "a47204",
        "callsign": "N386EM",
        "origin_country": "United States",
        "time_position": 1786102046,
        "last_contact": 1786102046,
        "baro_altitude": 358.14,
        "on_ground": false,
        "velocity": 34.23,
        "true_track": 137.44,
        "vertical_rate": -0.65,
        "geo_altitude": 472.44,
        "squawk": "1000",
        "spi": false,
        "position_source": 0
      }
    },
    {
      "type": "Feature",
      "geometry": {
        "type": "Point",
        "coordinates": [
          14.9462,
          45.1639
        ]
      },
      "properties": {
        "icao24": "48c2ae",
        "callsign": "RYR2QU",
        "origin_country": "Poland",
        "time_position": 1786102045,
        "last_contact": 1786102045,
        "baro_altitude": 6766.56,
        "on_ground": false,
        "velocity": 183.7,
        "true_track": 170.33,
        "vertical_rate": -5.2,
        "geo_altitude": 7178.04,
        "squawk": "1000",
        "spi": false,
        "position_source": 0
      }
    },
    {
      "type": "Feature",
      "geometry": {
        "type": "Point",
        "coordinates": [
          7.3356,
          40.4353
        ]
      },
      "properties": {
        "icao24": "48c2b6",
        "callsign": "RYR2QH",
        "origin_country": "Poland",
        "time_position": 1786102045,
        "last_contact": 1786102045,
        "baro_altitude": 11582.4,
        "on_ground": false,
        "velocity": 237.51,
        "true_track": 74.55,
        "vertical_rate": 0,
        "geo_altitude": 12260.58,
        "squawk": "1000",
        "spi": false,
        "position_source": 0
      }
    },
    {
      "type": "Feature",
      "geometry": {
        "type": "Point",
        "coordinates": [
          14.4736,
          40.8095
        ]
      },
      "properties": {
        "icao24": "48c2a2",
        "callsign": "RYR2726",
        "origin_country": "Poland",
        "time_position": 1786102045,
        "last_contact": 1786102045,
        "baro_altitude": 11277.6,
        "on_ground": false,
        "velocity": 230.49,
        "true_track": 200.38,
        "vertical_rate": 0,
        "geo_altitude": 11948.16,
        "squawk": "5570",
        "spi": false,
        "position_source": 0
      }
    },
    {
      "type": "Feature",
      "geometry": {
        "type": "Point",
        "coordinates": [
          12.8935,
          44.1233
        ]
      },
      "properties": {
        "icao24": "48c2a0",
        "callsign": "RYR2381",
        "origin_country": "Poland",
        "time_position": 1786102045,
        "last_contact": 1786102045,
        "baro_altitude": 9753.6,
        "on_ground": false,
        "velocity": 243.74,
        "true_track": 36.68,
        "vertical_rate": -0.33,
        "geo_altitude": 10294.62,
        "squawk": "1000",
        "spi": false,
        "position_source": 0
      }
    },
    {
      "type": "Feature",
      "geometry": {
        "type": "Point",
        "coordinates": [
          7.2906,
          47.4288
        ]
      },
      "properties": {
        "icao24": "440713",
        "callsign": "EJU752B",
        "origin_country": "Austria",
        "time_position": 1786102046,
        "last_contact": 1786102046,
        "baro_altitude": 3139.44,
        "on_ground": false,
        "velocity": 158.25,
        "true_track": 119.4,
        "vertical_rate": -6.18,
        "geo_altitude": 3375.66,
        "squawk": "1000",
        "spi": false,
        "position_source": 0
      }
    },
    {
      "type": "Feature",
      "geometry": {
        "type": "Point",
        "coordinates": [
          18.1833,
          42.6585
        ]
      },
      "properties": {
        "icao24": "49d00d",
        "callsign": "TVS2210",
        "origin_country": "Czech Republic",
        "time_position": 1786102045,
        "last_contact": 1786102045,
        "baro_altitude": 11277.6,
        "on_ground": false,
        "velocity": 233.57,
        "true_track": 179.37,
        "vertical_rate": 0,
        "geo_altitude": 11925.3,
        "squawk": "7217",
        "spi": false,
        "position_source": 0
      }
    },
    {
      "type": "Feature",
      "geometry": {
        "type": "Point",
        "coordinates": [
          9.3951,
          42.8721
        ]
      },
      "properties": {
        "icao24": "49d053",
        "callsign": "SUA4S",
        "origin_country": "Czech Republic",
        "time_position": 1786102045,
        "last_contact": 1786102045,
        "baro_altitude": 5791.2,
        "on_ground": false,
        "velocity": 215.62,
        "true_track": 100.59,
        "vertical_rate": -0.33,
        "geo_altitude": 6156.96,
        "squawk": "3355",
        "spi": false,
        "position_source": 0
      }
    },
    {
      "type": "Feature",
      "geometry": {
        "type": "Point",
        "coordinates": [
          11.9158,
          43.3721
        ]
      },
      "properties": {
        "icao24": "06a248",
        "callsign": "LHOB287",
        "origin_country": "Qatar",
        "time_position": 1786102045,
        "last_contact": 1786102045,
        "baro_altitude": 10363.2,
        "on_ground": false,
        "velocity": 226.01,
        "true_track": 299.6,
        "vertical_rate": 0,
        "geo_altitude": 10957.56,
        "squawk": "2011",
        "spi": false,
        "position_source": 0
      }
    },
    {
      "type": "Feature",
      "geometry": {
        "type": "Point",
        "coordinates": [
          10.9461,
          47.3769
        ]
      },
      "properties": {
        "icao24": "789216",
        "callsign": "CPA260",
        "origin_country": "China",
        "time_position": 1786102045,
        "last_contact": 1786102045,
        "baro_altitude": 10668,
        "on_ground": false,
        "velocity": 267.38,
        "true_track": 104.14,
        "vertical_rate": -0.33,
        "geo_altitude": 11163.3,
        "squawk": "7553",
        "spi": false,
        "position_source": 0
      }
    },
    {
      "type": "Feature",
      "geometry": {
        "type": "Point",
        "coordinates": [
          18.9006,
          47.0007
        ]
      },
      "properties": {
        "icao24": "789213",
        "callsign": "CPA257",
        "origin_country": "China",
        "time_position": 1786102045,
        "last_contact": 1786102045,
        "baro_altitude": 11582.4,
        "on_ground": false,
        "velocity": 242.52,
        "true_track": 295.64,
        "vertical_rate": 0,
        "geo_altitude": 12153.9,
        "squawk": "3256",
        "spi": false,
        "position_source": 0
      }
    },
    {
      "type": "Feature",
      "geometry": {
        "type": "Point",
        "coordinates": [
          15.5982,
          45.0094
        ]
      },
      "properties": {
        "icao24": "48c12f",
        "callsign": "RYR7KW",
        "origin_country": "Poland",
        "time_position": 1786102046,
        "last_contact": 1786102046,
        "baro_altitude": 11277.6,
        "on_ground": false,
        "velocity": 249.02,
        "true_track": 37.7,
        "vertical_rate": -0.33,
        "geo_altitude": 11864.34,
        "squawk": "1000",
        "spi": false,
        "position_source": 0
      }
    },
    {
      "type": "Feature",
      "geometry": {
        "type": "Point",
        "coordinates": [
          14.7532,
          37.4402
        ]
      },
      "properties": {
        "icao24": "48c129",
        "callsign": "RYR7517",
        "origin_country": "Poland",
        "time_position": 1786101894,
        "last_contact": 1786101894,
        "baro_altitude": 1341.12,
        "on_ground": false,
        "velocity": 113.21,
        "true_track": 82.16,
        "vertical_rate": -4.55,
        "geo_altitude": 1485.9,
        "squawk": "5567",
        "spi": false,
        "position_source": 0
      }
    },
    {
      "type": "Feature",
      "geometry": {
        "type": "Point",
        "coordinates": [
          10.5257,
          47.4473
        ]
      },
      "properties": {
        "icao24": "789256",
        "callsign": null,
        "origin_country": "China",
        "time_position": 1786101923,
        "last_contact": 1786101941,
        "baro_altitude": 10668,
        "on_ground": false,
        "velocity": 269.51,
        "true_track": 103.69,
        "vertical_rate": 0,
        "geo_altitude": 11163.3,
        "squawk": null,
        "spi": false,
        "position_source": 0
      }
    },
    {
      "type": "Feature",
      "geometry": {
        "type": "Point",
        "coordinates": [
          9.3382,
          40.8663
        ]
      },
      "properties": {
        "icao24": "440488",
        "callsign": "EJU61WA",
        "origin_country": "Austria",
        "time_position": 1786102035,
        "last_contact": 1786102035,
        "baro_altitude": 2011.68,
        "on_ground": false,
        "velocity": 127.35,
        "true_track": 335.92,
        "vertical_rate": 15.93,
        "geo_altitude": 2133.6,
        "squawk": null,
        "spi": false,
        "position_source": 0
      }
    },
    {
      "type": "Feature",
      "geometry": {
        "type": "Point",
        "coordinates": [
          17.6716,
          43.4585
        ]
      },
      "properties": {
        "icao24": "407c0a",
        "callsign": "TOM1GA",
        "origin_country": "United Kingdom",
        "time_position": 1786102032,
        "last_contact": 1786102036,
        "baro_altitude": 10972.8,
        "on_ground": false,
        "velocity": 227.75,
        "true_track": 325.3,
        "vertical_rate": -0.33,
        "geo_altitude": 11590.02,
        "squawk": null,
        "spi": false,
        "position_source": 0
      }
    },
    {
      "type": "Feature",
      "geometry": {
        "type": "Point",
        "coordinates": [
          17.5614,
          40.6925
        ]
      },
      "properties": {
        "icao24": "a9e88d",
        "callsign": "N7378S",
        "origin_country": "United States",
        "time_position": 1786102045,
        "last_contact": 1786102045,
        "baro_altitude": 11582.4,
        "on_ground": false,
        "velocity": 235.28,
        "true_track": 274.39,
        "vertical_rate": 0,
        "geo_altitude": 12268.2,
        "squawk": "2353",
        "spi": false,
        "position_source": 0
      }
    },
    {
      "type": "Feature",
      "geometry": {
        "type": "Point",
        "coordinates": [
          8.4164,
          42.3764
        ]
      },
      "properties": {
        "icao24": "407ac3",
        "callsign": "TOM5EN",
        "origin_country": "United Kingdom",
        "time_position": 1786102046,
        "last_contact": 1786102046,
        "baro_altitude": 10972.8,
        "on_ground": false,
        "velocity": 224.36,
        "true_track": 328.79,
        "vertical_rate": 0,
        "geo_altitude": 11620.5,
        "squawk": "4004",
        "spi": false,
        "position_source": 0
      }
    },
    {
      "type": "Feature",
      "geometry": {
        "type": "Point",
        "coordinates": [
          17.4991,
          39.9072
        ]
      },
      "properties": {
        "icao24": "44042f",
        "callsign": "EJU89BT",
        "origin_country": "Austria",
        "time_position": 1786102046,
        "last_contact": 1786102046,
        "baro_altitude": 10668,
        "on_ground": false,
        "velocity": 242.27,
        "true_track": 135,
        "vertical_rate": 0,
        "geo_altitude": 11315.7,
        "squawk": "0416",
        "spi": false,
        "position_source": 0
      }
    },
    {
      "type": "Feature",
      "geometry": {
        "type": "Point",
        "coordinates": [
          16.3535,
          42.5792
        ]
      },
      "properties": {
        "icao24": "06a1cd",
        "callsign": "QQE214",
        "origin_country": "Qatar",
        "time_position": 1786102045,
        "last_contact": 1786102045,
        "baro_altitude": 14325.6,
        "on_ground": false,
        "velocity": 253.22,
        "true_track": 314.01,
        "vertical_rate": 0,
        "geo_altitude": 15026.64,
        "squawk": null,
        "spi": false,
        "position_source": 0
      }
    },
    {
      "type": "Feature",
      "geometry": {
        "type": "Point",
        "coordinates": [
          7.2284,
          43.6719
        ]
      },
      "properties": {
        "icao24": "44042a",
        "callsign": "LDX350",
        "origin_country": "Austria",
        "time_position": 1786101987,
        "last_contact": 1786101987,
        "baro_altitude": null,
        "on_ground": true,
        "velocity": 0,
        "true_track": 45,
        "vertical_rate": null,
        "geo_altitude": null,
        "squawk": "7335",
        "spi": false,
        "position_source": 0
      }
    },
    {
      "type": "Feature",
      "geometry": {
        "type": "Point",
        "coordinates": [
          16.7667,
          41.22
        ]
      },
      "properties": {
        "icao24": "440428",
        "callsign": "OEFFL",
        "origin_country": "Austria",
        "time_position": 1786102045,
        "last_contact": 1786102045,
        "baro_altitude": 4594.86,
        "on_ground": false,
        "velocity": 86.73,
        "true_track": 107.25,
        "vertical_rate": 0,
        "geo_altitude": 4884.42,
        "squawk": null,
        "spi": false,
        "position_source": 0
      }
    },
    {
      "type": "Feature",
      "geometry": {
        "type": "Point",
        "coordinates": [
          12.8109,
          39.5283
        ]
      },
      "properties": {
        "icao24": "06a1e6",
        "callsign": "QTR8271",
        "origin_country": "Qatar",
        "time_position": 1786102045,
        "last_contact": 1786102045,
        "baro_altitude": 10363.2,
        "on_ground": false,
        "velocity": 250.39,
        "true_track": 291.45,
        "vertical_rate": 0,
        "geo_altitude": 10972.8,
        "squawk": null,
        "spi": false,
        "position_source": 0
      }
    },
    {
      "type": "Feature",
      "geometry": {
        "type": "Point",
        "coordinates": [
          11.1066,
          43.6497
        ]
      },
      "properties": {
        "icao24": "06a1de",
        "callsign": "QQE247",
        "origin_country": "Qatar",
        "time_position": 1786102045,
        "last_contact": 1786102045,
        "baro_altitude": 13106.4,
        "on_ground": false,
        "velocity": 246.79,
        "true_track": 298.65,
        "vertical_rate": 0,
        "geo_altitude": 13761.72,
        "squawk": "5525",
        "spi": false,
        "position_source": 0
      }
    },
    {
      "type": "Feature",
      "geometry": {
        "type": "Point",
        "coordinates": [
          15.6574,
          45.8578
        ]
      },
      "properties": {
        "icao24": "4bb84a",
        "callsign": "PGT5678",
        "origin_country": "Turkey",
        "time_position": 1786102046,
        "last_contact": 1786102046,
        "baro_altitude": 11277.6,
        "on_ground": false,
        "velocity": 239.87,
        "true_track": 133,
        "vertical_rate": 0,
        "geo_altitude": 11856.72,
        "squawk": "7717",
        "spi": false,
        "position_source": 0
      }
    },
    {
      "type": "Feature",
      "geometry": {
        "type": "Point",
        "coordinates": [
          10.9686,
          45.3472
        ]
      },
      "properties": {
        "icao24": "4bb886",
        "callsign": "TKJ20Q",
        "origin_country": "Turkey",
        "time_position": 1786102046,
        "last_contact": 1786102046,
        "baro_altitude": 6736.08,
        "on_ground": false,
        "velocity": 226.8,
        "true_track": 101.51,
        "vertical_rate": 5.2,
        "geo_altitude": 7139.94,
        "squawk": "0441",
        "spi": false,
        "position_source": 0
      }
    },
    {
      "type": "Feature",
      "geometry": {
        "type": "Point",
        "coordinates": [
          9.2763,
          45.4338
        ]
      },
      "properties": {
        "icao24": "4402f1",
        "callsign": "EJU678J",
        "origin_country": "Austria",
        "time_position": 1786102046,
        "last_contact": 1786102046,
        "baro_altitude": 4602.48,
        "on_ground": false,
        "velocity": 192.81,
        "true_track": 127.08,
        "vertical_rate": 12.03,
        "geo_altitude": 4907.28,
        "squawk": "6473",
        "spi": false,
        "position_source": 0
      }
    },
    {
      "type": "Feature",
      "geometry": {
        "type": "Point",
        "coordinates": [
          18.7007,
          46.2918
        ]
      },
      "properties": {
        "icao24": "504e72",
        "callsign": "FIA5511",
        "origin_country": "Republic of Moldova",
        "time_position": 1786102045,
        "last_contact": 1786102045,
        "baro_altitude": 10972.8,
        "on_ground": false,
        "velocity": 219.08,
        "true_track": 253.35,
        "vertical_rate": 0,
        "geo_altitude": 11536.68,
        "squawk": "1000",
        "spi": false,
        "position_source": 0
      }
    },
    {
      "type": "Feature",
      "geometry": {
        "type": "Point",
        "coordinates": [
          12.1679,
          46.7416
        ]
      },
      "properties": {
        "icao24": "344648",
        "callsign": "IBE07FE",
        "origin_country": "Spain",
        "time_position": 1786102045,
        "last_contact": 1786102045,
        "baro_altitude": 10363.2,
        "on_ground": false,
        "velocity": 219.3,
        "true_track": 244.58,
        "vertical_rate": 0,
        "geo_altitude": 10904.22,
        "squawk": "0252",
        "spi": false,
        "position_source": 0
      }
    },
    {
      "type": "Feature",
      "geometry": {
        "type": "Point",
        "coordinates": [
          6.7772,
          40.3683
        ]
      },
      "properties": {
        "icao24": "504e8a",
        "callsign": "FIA5420",
        "origin_country": "Republic of Moldova",
        "time_position": 1786102045,
        "last_contact": 1786102046,
        "baro_altitude": 10363.2,
        "on_ground": false,
        "velocity": 240.82,
        "true_track": 76.41,
        "vertical_rate": 0,
        "geo_altitude": 11018.52,
        "squawk": "1415",
        "spi": false,
        "position_source": 0
      }
    },
    {
      "type": "Feature",
      "geometry": {
        "type": "Point",
        "coordinates": [
          13.1033,
          38.182
        ]
      },
      "properties": {
        "icao24": "344644",
        "callsign": null,
        "origin_country": "Spain",
        "time_position": 1786101890,
        "last_contact": 1786101890,
        "baro_altitude": null,
        "on_ground": true,
        "velocity": 5.14,
        "true_track": 261.56,
        "vertical_rate": null,
        "geo_altitude": null,
        "squawk": null,
        "spi": false,
        "position_source": 0
      }
    },
    {
      "type": "Feature",
      "geometry": {
        "type": "Point",
        "coordinates": [
          15.5752,
          45.9869
        ]
      },
      "properties": {
        "icao24": "504e87",
        "callsign": "FIA5233",
        "origin_country": "Republic of Moldova",
        "time_position": 1786102045,
        "last_contact": 1786102045,
        "baro_altitude": 11582.4,
        "on_ground": false,
        "velocity": 211.26,
        "true_track": 255.19,
        "vertical_rate": -0.33,
        "geo_altitude": 12161.52,
        "squawk": "2262",
        "spi": false,
        "position_source": 0
      }
    },
    {
      "type": "Feature",
      "geometry": {
        "type": "Point",
        "coordinates": [
          15.0671,
          45.4819
        ]
      },
      "properties": {
        "icao24": "504e84",
        "callsign": "FIA5215",
        "origin_country": "Republic of Moldova",
        "time_position": 1786102045,
        "last_contact": 1786102045,
        "baro_altitude": 11582.4,
        "on_ground": false,
        "velocity": 211.83,
        "true_track": 250.86,
        "vertical_rate": 0,
        "geo_altitude": 12169.14,
        "squawk": "1000",
        "spi": false,
        "position_source": 0
      }
    },
    {
      "type": "Feature",
      "geometry": {
        "type": "Point",
        "coordinates": [
          6.572,
          43.499
        ]
      },
      "properties": {
        "icao24": "39cd0b",
        "callsign": "FHTIL",
        "origin_country": "France",
        "time_position": 1786102044,
        "last_contact": 1786102044,
        "baro_altitude": 1211.58,
        "on_ground": false,
        "velocity": 66.93,
        "true_track": 124.67,
        "vertical_rate": 0,
        "geo_altitude": 1333.5,
        "squawk": null,
        "spi": false,
        "position_source": 0
      }
    },
    {
      "type": "Feature",
      "geometry": {
        "type": "Point",
        "coordinates": [
          9.2171,
          43.6648
        ]
      },
      "properties": {
        "icao24": "4cc574",
        "callsign": "ICE62L",
        "origin_country": "Iceland",
        "time_position": 1786102046,
        "last_contact": 1786102046,
        "baro_altitude": 10919.46,
        "on_ground": false,
        "velocity": 257.32,
        "true_track": 136.86,
        "vertical_rate": -4.88,
        "geo_altitude": 11529.06,
        "squawk": "2215",
        "spi": false,
        "position_source": 0
      }
    },
    {
      "type": "Feature",
      "geometry": {
        "type": "Point",
        "coordinates": [
          7.1165,
          40.3599
        ]
      },
      "properties": {
        "icao24": "46b8a6",
        "callsign": "AEE707",
        "origin_country": "Greece",
        "time_position": 1786102045,
        "last_contact": 1786102045,
        "baro_altitude": 11582.4,
        "on_ground": false,
        "velocity": 243.28,
        "true_track": 114.89,
        "vertical_rate": 0.33,
        "geo_altitude": 12268.2,
        "squawk": "1451",
        "spi": false,
        "position_source": 0
      }
    },
    {
      "type": "Feature",
      "geometry": {
        "type": "Point",
        "coordinates": [
          16.7844,
          47.7403
        ]
      },
      "properties": {
        "icao24": "4404af",
        "callsign": "POLICER",
        "origin_country": "Austria",
        "time_position": 1786102046,
        "last_contact": 1786102046,
        "baro_altitude": 571.5,
        "on_ground": false,
        "velocity": 46.13,
        "true_track": 97.05,
        "vertical_rate": 0.65,
        "geo_altitude": 678.18,
        "squawk": "1572",
        "spi": false,
        "position_source": 0
      }
    },
    {
      "type": "Feature",
      "geometry": {
        "type": "Point",
        "coordinates": [
          12.0225,
          47.3534
        ]
      },
      "properties": {
        "icao24": "3ffd3e",
        "callsign": "DMWBE",
        "origin_country": "Germany",
        "time_position": 1786102045,
        "last_contact": 1786102045,
        "baro_altitude": 2575.56,
        "on_ground": false,
        "velocity": 59.99,
        "true_track": 239.04,
        "vertical_rate": 0,
        "geo_altitude": 2750.82,
        "squawk": "7000",
        "spi": false,
        "position_source": 0
      }
    },
    {
      "type": "Feature",
      "geometry": {
        "type": "Point",
        "coordinates": [
          16.7695,
          41.1384
        ]
      },
      "properties": {
        "icao24": "407d6c",
        "callsign": "GEMLG",
        "origin_country": "United Kingdom",
        "time_position": 1786102034,
        "last_contact": 1786102041,
        "baro_altitude": null,
        "on_ground": true,
        "velocity": 0,
        "true_track": 25.31,
        "vertical_rate": null,
        "geo_altitude": null,
        "squawk": null,
        "spi": false,
        "position_source": 0
      }
    },
    {
      "type": "Feature",
      "geometry": {
        "type": "Point",
        "coordinates": [
          6.7549,
          46.3875
        ]
      },
      "properties": {
        "icao24": "407d74",
        "callsign": "BAW521",
        "origin_country": "United Kingdom",
        "time_position": 1786102046,
        "last_contact": 1786102046,
        "baro_altitude": 11574.78,
        "on_ground": false,
        "velocity": 209.55,
        "true_track": 314.2,
        "vertical_rate": 0,
        "geo_altitude": 12115.8,
        "squawk": "5707",
        "spi": false,
        "position_source": 0
      }
    },
    {
      "type": "Feature",
      "geometry": {
        "type": "Point",
        "coordinates": [
          7.166,
          43.3083
        ]
      },
      "properties": {
        "icao24": "4404d0",
        "callsign": "MJF73G",
        "origin_country": "Austria",
        "time_position": 1786102046,
        "last_contact": 1786102046,
        "baro_altitude": 1280.16,
        "on_ground": false,
        "velocity": 117.58,
        "true_track": 94.01,
        "vertical_rate": -3.58,
        "geo_altitude": 1402.08,
        "squawk": "1000",
        "spi": false,
        "position_source": 0
      }
    },
    {
      "type": "Feature",
      "geometry": {
        "type": "Point",
        "coordinates": [
          16.5495,
          45.1844
        ]
      },
      "properties": {
        "icao24": "06a153",
        "callsign": "QTR58N",
        "origin_country": "Qatar",
        "time_position": 1786102045,
        "last_contact": 1786102045,
        "baro_altitude": 3954.78,
        "on_ground": false,
        "velocity": 187.53,
        "true_track": 309.32,
        "vertical_rate": 0.33,
        "geo_altitude": 4236.72,
        "squawk": "5372",
        "spi": false,
        "position_source": 0
      }
    },
    {
      "type": "Feature",
      "geometry": {
        "type": "Point",
        "coordinates": [
          16.2008,
          44.0738
        ]
      },
      "properties": {
        "icao24": "48c230",
        "callsign": "RYR998",
        "origin_country": "Poland",
        "time_position": 1786102045,
        "last_contact": 1786102045,
        "baro_altitude": 12192,
        "on_ground": false,
        "velocity": 227.09,
        "true_track": 13.63,
        "vertical_rate": 0,
        "geo_altitude": 12832.08,
        "squawk": "1000",
        "spi": false,
        "position_source": 0
      }
    },
    {
      "type": "Feature",
      "geometry": {
        "type": "Point",
        "coordinates": [
          12.1244,
          39.867
        ]
      },
      "properties": {
        "icao24": "43f7b3",
        "callsign": "WKT35",
        "origin_country": "United Kingdom",
        "time_position": 1786102046,
        "last_contact": 1786102046,
        "baro_altitude": 8549.64,
        "on_ground": false,
        "velocity": 119.08,
        "true_track": 347.52,
        "vertical_rate": 0,
        "geo_altitude": 9083.04,
        "squawk": "3766",
        "spi": false,
        "position_source": 0
      }
    },
    {
      "type": "Feature",
      "geometry": {
        "type": "Point",
        "coordinates": [
          7.3483,
          46.6732
        ]
      },
      "properties": {
        "icao24": "3445d4",
        "callsign": "IBE06HE",
        "origin_country": "Spain",
        "time_position": 1786102046,
        "last_contact": 1786102046,
        "baro_altitude": 7185.66,
        "on_ground": false,
        "velocity": 224.65,
        "true_track": 40.91,
        "vertical_rate": -4.55,
        "geo_altitude": 7612.38,
        "squawk": "1000",
        "spi": false,
        "position_source": 0
      }
    },
    {
      "type": "Feature",
      "geometry": {
        "type": "Point",
        "coordinates": [
          10.775,
          43.9633
        ]
      },
      "properties": {
        "icao24": "06a107",
        "callsign": "QTR97L",
        "origin_country": "Qatar",
        "time_position": 1786102045,
        "last_contact": 1786102046,
        "baro_altitude": 9273.54,
        "on_ground": false,
        "velocity": 239.29,
        "true_track": 297.39,
        "vertical_rate": -6.5,
        "geo_altitude": 9799.32,
        "squawk": "2066",
        "spi": false,
        "position_source": 0
      }
    },
    {
      "type": "Feature",
      "geometry": {
        "type": "Point",
        "coordinates": [
          11.5637,
          47.5962
        ]
      },
      "properties": {
        "icao24": "06a100",
        "callsign": "QTR56K",
        "origin_country": "Qatar",
        "time_position": 1786102046,
        "last_contact": 1786102046,
        "baro_altitude": 10668,
        "on_ground": false,
        "velocity": 219.54,
        "true_track": 280.94,
        "vertical_rate": 0,
        "geo_altitude": 11148.06,
        "squawk": "1000",
        "spi": false,
        "position_source": 0
      }
    },
    {
      "type": "Feature",
      "geometry": {
        "type": "Point",
        "coordinates": [
          16.8386,
          47.7622
        ]
      },
      "properties": {
        "icao24": "06a0aa",
        "callsign": "QTR65G",
        "origin_country": "Qatar",
        "time_position": 1786102045,
        "last_contact": 1786102045,
        "baro_altitude": 1684.02,
        "on_ground": false,
        "velocity": 122.9,
        "true_track": 280.37,
        "vertical_rate": -3.25,
        "geo_altitude": 1844.04,
        "squawk": "2361",
        "spi": false,
        "position_source": 0
      }
    },
    {
      "type": "Feature",
      "geometry": {
        "type": "Point",
        "coordinates": [
          14.6063,
          44.6691
        ]
      },
      "properties": {
        "icao24": "06a0be",
        "callsign": "QTR43F",
        "origin_country": "Qatar",
        "time_position": 1786102046,
        "last_contact": 1786102046,
        "baro_altitude": 12192,
        "on_ground": false,
        "velocity": 240.53,
        "true_track": 311.53,
        "vertical_rate": -0.33,
        "geo_altitude": 12809.22,
        "squawk": "2062",
        "spi": false,
        "position_source": 0
      }
    },
    {
      "type": "Feature",
      "geometry": {
        "type": "Point",
        "coordinates": [
          10.274,
          44.8251
        ]
      },
      "properties": {
        "icao24": "342189",
        "callsign": "IBE06ZA",
        "origin_country": "Spain",
        "time_position": 1786102045,
        "last_contact": 1786102045,
        "baro_altitude": 9372.6,
        "on_ground": false,
        "velocity": 211.16,
        "true_track": 251.83,
        "vertical_rate": 1.95,
        "geo_altitude": 9883.14,
        "squawk": "1000",
        "spi": false,
        "position_source": 0
      }
    },
    {
      "type": "Feature",
      "geometry": {
        "type": "Point",
        "coordinates": [
          10.7428,
          42.91
        ]
      },
      "properties": {
        "icao24": "06a0e4",
        "callsign": "QTR055",
        "origin_country": "Qatar",
        "time_position": 1786102045,
        "last_contact": 1786102045,
        "baro_altitude": 11407.14,
        "on_ground": false,
        "velocity": 239.75,
        "true_track": 273.81,
        "vertical_rate": -7.48,
        "geo_altitude": 12031.98,
        "squawk": "3240",
        "spi": false,
        "position_source": 0
      }
    },
    {
      "type": "Feature",
      "geometry": {
        "type": "Point",
        "coordinates": [
          14.4733,
          35.8593
        ]
      },
      "properties": {
        "icao24": "3d3999",
        "callsign": "DEUBH",
        "origin_country": "Germany",
        "time_position": 1786102043,
        "last_contact": 1786102043,
        "baro_altitude": null,
        "on_ground": true,
        "velocity": 0,
        "true_track": 236.25,
        "vertical_rate": null,
        "geo_altitude": null,
        "squawk": null,
        "spi": false,
        "position_source": 0
      }
    },
    {
      "type": "Feature",
      "geometry": {
        "type": "Point",
        "coordinates": [
          9.3672,
          44.9334
        ]
      },
      "properties": {
        "icao24": "4a2184",
        "callsign": "AEZ965S",
        "origin_country": "Romania",
        "time_position": 1786102045,
        "last_contact": 1786102046,
        "baro_altitude": 2758.44,
        "on_ground": false,
        "velocity": 148.6,
        "true_track": 350.64,
        "vertical_rate": -11.05,
        "geo_altitude": 2971.8,
        "squawk": "5136",
        "spi": false,
        "position_source": 0
      }
    },
    {
      "type": "Feature",
      "geometry": {
        "type": "Point",
        "coordinates": [
          8.7644,
          45.4796
        ]
      },
      "properties": {
        "icao24": "342107",
        "callsign": "IBE0673",
        "origin_country": "Spain",
        "time_position": 1786102045,
        "last_contact": 1786102045,
        "baro_altitude": 975.36,
        "on_ground": false,
        "velocity": 102.3,
        "true_track": 348.69,
        "vertical_rate": -4.23,
        "geo_altitude": 1097.28,
        "squawk": "1000",
        "spi": false,
        "position_source": 0
      }
    },
    {
      "type": "Feature",
      "geometry": {
        "type": "Point",
        "coordinates": [
          17.0084,
          46.077
        ]
      },
      "properties": {
        "icao24": "5004e4",
        "callsign": "MEA248",
        "origin_country": "San Marino",
        "time_position": 1786102046,
        "last_contact": 1786102046,
        "baro_altitude": 10675.62,
        "on_ground": false,
        "velocity": 247.31,
        "true_track": 121.47,
        "vertical_rate": 0,
        "geo_altitude": 11239.5,
        "squawk": "7643",
        "spi": false,
        "position_source": 0
      }
    },
    {
      "type": "Feature",
      "geometry": {
        "type": "Point",
        "coordinates": [
          6.0922,
          45.3802
        ]
      },
      "properties": {
        "icao24": "4b1815",
        "callsign": "SWR87C",
        "origin_country": "Switzerland",
        "time_position": 1786102045,
        "last_contact": 1786102046,
        "baro_altitude": 10050.78,
        "on_ground": false,
        "velocity": 240.12,
        "true_track": 198.75,
        "vertical_rate": 0.33,
        "geo_altitude": 10591.8,
        "squawk": "1000",
        "spi": false,
        "position_source": 0
      }
    },
    {
      "type": "Feature",
      "geometry": {
        "type": "Point",
        "coordinates": [
          17.1541,
          40.7768
        ]
      },
      "properties": {
        "icao24": "4b1803",
        "callsign": "SWR1820",
        "origin_country": "Switzerland",
        "time_position": 1786102045,
        "last_contact": 1786102045,
        "baro_altitude": 11277.6,
        "on_ground": false,
        "velocity": 232.28,
        "true_track": 123.62,
        "vertical_rate": 0,
        "geo_altitude": 11940.54,
        "squawk": "5701",
        "spi": false,
        "position_source": 0
      }
    },
    {
      "type": "Feature",
      "geometry": {
        "type": "Point",
        "coordinates": [
          8.5594,
          47.4533
        ]
      },
      "properties": {
        "icao24": "4b1808",
        "callsign": "SWR",
        "origin_country": "Switzerland",
        "time_position": 1786102040,
        "last_contact": 1786102040,
        "baro_altitude": null,
        "on_ground": true,
        "velocity": 0,
        "true_track": 5.62,
        "vertical_rate": null,
        "geo_altitude": null,
        "squawk": "2000",
        "spi": false,
        "position_source": 0
      }
    },
    {
      "type": "Feature",
      "geometry": {
        "type": "Point",
        "coordinates": [
          8.5699,
          47.4566
        ]
      },
      "properties": {
        "icao24": "4b1800",
        "callsign": "SWR4ZW",
        "origin_country": "Switzerland",
        "time_position": 1786102046,
        "last_contact": 1786102046,
        "baro_altitude": null,
        "on_ground": true,
        "velocity": 0,
        "true_track": 275.62,
        "vertical_rate": null,
        "geo_altitude": null,
        "squawk": "1000",
        "spi": false,
        "position_source": 0
      }
    },
    {
      "type": "Feature",
      "geometry": {
        "type": "Point",
        "coordinates": [
          10.5308,
          42.3689
        ]
      },
      "properties": {
        "icao24": "399543",
        "callsign": "TLJ488R",
        "origin_country": "France",
        "time_position": 1786102045,
        "last_contact": 1786102046,
        "baro_altitude": 9669.78,
        "on_ground": false,
        "velocity": 214.85,
        "true_track": 176.84,
        "vertical_rate": 6.83,
        "geo_altitude": 10271.76,
        "squawk": null,
        "spi": false,
        "position_source": 0
      }
    },
    {
      "type": "Feature",
      "geometry": {
        "type": "Point",
        "coordinates": [
          15.747,
          46.066
        ]
      },
      "properties": {
        "icao24": "3c6668",
        "callsign": "DLH6YX",
        "origin_country": "Germany",
        "time_position": 1786102045,
        "last_contact": 1786102046,
        "baro_altitude": 10972.8,
        "on_ground": false,
        "velocity": 231.47,
        "true_track": 321.68,
        "vertical_rate": 0,
        "geo_altitude": 11498.58,
        "squawk": "1000",
        "spi": false,
        "position_source": 0
      }
    },
    {
      "type": "Feature",
      "geometry": {
        "type": "Point",
        "coordinates": [
          13.1555,
          37.7105
        ]
      },
      "properties": {
        "icao24": "3c6666",
        "callsign": "DLH3RK",
        "origin_country": "Germany",
        "time_position": 1786102046,
        "last_contact": 1786102046,
        "baro_altitude": 9448.8,
        "on_ground": false,
        "velocity": 241.97,
        "true_track": 350.58,
        "vertical_rate": 4.55,
        "geo_altitude": 10012.68,
        "squawk": "6572",
        "spi": false,
        "position_source": 0
      }
    },
    {
      "type": "Feature",
      "geometry": {
        "type": "Point",
        "coordinates": [
          7.252,
          46.3931
        ]
      },
      "properties": {
        "icao24": "3c667a",
        "callsign": "DLH21P",
        "origin_country": "Germany",
        "time_position": 1786102045,
        "last_contact": 1786102046,
        "baro_altitude": 10972.8,
        "on_ground": false,
        "velocity": 233.45,
        "true_track": 13.64,
        "vertical_rate": 0.33,
        "geo_altitude": 11460.48,
        "squawk": "1000",
        "spi": false,
        "position_source": 0
      }
    },
    {
      "type": "Feature",
      "geometry": {
        "type": "Point",
        "coordinates": [
          6.672,
          43.0115
        ]
      },
      "properties": {
        "icao24": "3cc8c8",
        "callsign": "JEI555",
        "origin_country": "Germany",
        "time_position": 1786102046,
        "last_contact": 1786102046,
        "baro_altitude": 11582.4,
        "on_ground": false,
        "velocity": 232.22,
        "true_track": 30.48,
        "vertical_rate": -0.33,
        "geo_altitude": 12237.72,
        "squawk": "1000",
        "spi": false,
        "position_source": 0
      }
    },
    {
      "type": "Feature",
      "geometry": {
        "type": "Point",
        "coordinates": [
          17.6936,
          42.9447
        ]
      },
      "properties": {
        "icao24": "3c65c3",
        "callsign": "DLH1454",
        "origin_country": "Germany",
        "time_position": 1786102045,
        "last_contact": 1786102045,
        "baro_altitude": 10058.4,
        "on_ground": false,
        "velocity": 251.29,
        "true_track": 129.85,
        "vertical_rate": 0,
        "geo_altitude": 10614.66,
        "squawk": "5576",
        "spi": false,
        "position_source": 0
      }
    },
    {
      "type": "Feature",
      "geometry": {
        "type": "Point",
        "coordinates": [
          14.7302,
          46.0844
        ]
      },
      "properties": {
        "icao24": "4b1880",
        "callsign": "SWR146",
        "origin_country": "Switzerland",
        "time_position": 1786102045,
        "last_contact": 1786102045,
        "baro_altitude": 11277.6,
        "on_ground": false,
        "velocity": 258.3,
        "true_track": 98.94,
        "vertical_rate": 0,
        "geo_altitude": 11841.48,
        "squawk": "3014",
        "spi": false,
        "position_source": 0
      }
    },
    {
      "type": "Feature",
      "geometry": {
        "type": "Point",
        "coordinates": [
          8.537,
          47.4759
        ]
      },
      "properties": {
        "icao24": "4b1881",
        "callsign": "SWR2646",
        "origin_country": "Switzerland",
        "time_position": 1786102046,
        "last_contact": 1786102046,
        "baro_altitude": null,
        "on_ground": true,
        "velocity": 4.63,
        "true_track": 250.31,
        "vertical_rate": null,
        "geo_altitude": null,
        "squawk": "3013",
        "spi": false,
        "position_source": 0
      }
    },
    {
      "type": "Feature",
      "geometry": {
        "type": "Point",
        "coordinates": [
          15.8873,
          45.3177
        ]
      },
      "properties": {
        "icao24": "3c65c4",
        "callsign": "DLH1713",
        "origin_country": "Germany",
        "time_position": 1786102045,
        "last_contact": 1786102046,
        "baro_altitude": 11574.78,
        "on_ground": false,
        "velocity": 229.95,
        "true_track": 320.72,
        "vertical_rate": 0,
        "geo_altitude": 12176.76,
        "squawk": "6063",
        "spi": false,
        "position_source": 0
      }
    },
    {
      "type": "Feature",
      "geometry": {
        "type": "Point",
        "coordinates": [
          11.3134,
          44.5441
        ]
      },
      "properties": {
        "icao24": "3c65e2",
        "callsign": "DLH6VR",
        "origin_country": "Germany",
        "time_position": 1786102045,
        "last_contact": 1786102045,
        "baro_altitude": 10370.82,
        "on_ground": false,
        "velocity": 229.21,
        "true_track": 316.09,
        "vertical_rate": 0,
        "geo_altitude": 10911.84,
        "squawk": "2076",
        "spi": false,
        "position_source": 0
      }
    },
    {
      "type": "Feature",
      "geometry": {
        "type": "Point",
        "coordinates": [
          7.0711,
          46.4617
        ]
      },
      "properties": {
        "icao24": "43ee43",
        "callsign": "2COOK",
        "origin_country": "United Kingdom",
        "time_position": 1786102035,
        "last_contact": 1786102035,
        "baro_altitude": 1752.6,
        "on_ground": false,
        "velocity": 113,
        "true_track": 81.1,
        "vertical_rate": -5.2,
        "geo_altitude": 1943.1,
        "squawk": "1431",
        "spi": false,
        "position_source": 0
      }
    },
    {
      "type": "Feature",
      "geometry": {
        "type": "Point",
        "coordinates": [
          10.2379,
          40.3264
        ]
      },
      "properties": {
        "icao24": "4a09b2",
        "callsign": "AEZ2385",
        "origin_country": "Romania",
        "time_position": 1786101970,
        "last_contact": 1786102046,
        "baro_altitude": 8328.66,
        "on_ground": false,
        "velocity": 197.41,
        "true_track": 194.8,
        "vertical_rate": -4.88,
        "geo_altitude": 8839.2,
        "squawk": "5123",
        "spi": false,
        "position_source": 0
      }
    },
    {
      "type": "Feature",
      "geometry": {
        "type": "Point",
        "coordinates": [
          9.37,
          40.5718
        ]
      },
      "properties": {
        "icao24": "3980f0",
        "callsign": "FHAHQ",
        "origin_country": "France",
        "time_position": 1786102046,
        "last_contact": 1786102046,
        "baro_altitude": 9448.8,
        "on_ground": false,
        "velocity": 141.73,
        "true_track": 262.28,
        "vertical_rate": -0.33,
        "geo_altitude": 10020.3,
        "squawk": null,
        "spi": false,
        "position_source": 0
      }
    },
    {
      "type": "Feature",
      "geometry": {
        "type": "Point",
        "coordinates": [
          12.3254,
          43.4471
        ]
      },
      "properties": {
        "icao24": "440cff",
        "callsign": "EJU54XT",
        "origin_country": "Austria",
        "time_position": 1786102045,
        "last_contact": 1786102045,
        "baro_altitude": 11590.02,
        "on_ground": false,
        "velocity": 223.4,
        "true_track": 296.09,
        "vertical_rate": 0.33,
        "geo_altitude": 12207.24,
        "squawk": "2063",
        "spi": false,
        "position_source": 0
      }
    },
    {
      "type": "Feature",
      "geometry": {
        "type": "Point",
        "coordinates": [
          10.174,
          45.858
        ]
      },
      "properties": {
        "icao24": "3c6752",
        "callsign": "DLH7XP",
        "origin_country": "Germany",
        "time_position": 1786102046,
        "last_contact": 1786102046,
        "baro_altitude": 11887.2,
        "on_ground": false,
        "velocity": 247.23,
        "true_track": 158.13,
        "vertical_rate": 0,
        "geo_altitude": 12466.32,
        "squawk": "1000",
        "spi": false,
        "position_source": 0
      }
    },
    {
      "type": "Feature",
      "geometry": {
        "type": "Point",
        "coordinates": [
          6.9925,
          46.3017
        ]
      },
      "properties": {
        "icao24": "4b4c5b",
        "callsign": "HB1972",
        "origin_country": "Switzerland",
        "time_position": 1786101814,
        "last_contact": 1786101815,
        "baro_altitude": 845.82,
        "on_ground": false,
        "velocity": 38.08,
        "true_track": 38.42,
        "vertical_rate": -0.33,
        "geo_altitude": null,
        "squawk": null,
        "spi": false,
        "position_source": 0
      }
    },
    {
      "type": "Feature",
      "geometry": {
        "type": "Point",
        "coordinates": [
          6.0987,
          46.4318
        ]
      },
      "properties": {
        "icao24": "3c674d",
        "callsign": "DLH43V",
        "origin_country": "Germany",
        "time_position": 1786102045,
        "last_contact": 1786102046,
        "baro_altitude": 5181.6,
        "on_ground": false,
        "velocity": 172.25,
        "true_track": 229.6,
        "vertical_rate": 0,
        "geo_altitude": 5509.26,
        "squawk": "1000",
        "spi": false,
        "position_source": 0
      }
    },
    {
      "type": "Feature",
      "geometry": {
        "type": "Point",
        "coordinates": [
          17.8731,
          47.1411
        ]
      },
      "properties": {
        "icao24": "3c6719",
        "callsign": "DLH714",
        "origin_country": "Germany",
        "time_position": 1786102046,
        "last_contact": 1786102046,
        "baro_altitude": 10485.12,
        "on_ground": false,
        "velocity": 268.9,
        "true_track": 110.38,
        "vertical_rate": 4.23,
        "geo_altitude": 11003.28,
        "squawk": "6401",
        "spi": false,
        "position_source": 0
      }
    },
    {
      "type": "Feature",
      "geometry": {
        "type": "Point",
        "coordinates": [
          13.7331,
          40.9932
        ]
      },
      "properties": {
        "icao24": "440cdb",
        "callsign": "JFL567",
        "origin_country": "Austria",
        "time_position": 1786102045,
        "last_contact": 1786102045,
        "baro_altitude": 4480.56,
        "on_ground": false,
        "velocity": 193.18,
        "true_track": 81.11,
        "vertical_rate": -7.8,
        "geo_altitude": 4777.74,
        "squawk": "1000",
        "spi": false,
        "position_source": 0
      }
    },
    {
      "type": "Feature",
      "geometry": {
        "type": "Point",
        "coordinates": [
          8.8681,
          44.4559
        ]
      },
      "properties": {
        "icao24": "40822e",
        "callsign": "BAW615",
        "origin_country": "United Kingdom",
        "time_position": 1786102045,
        "last_contact": 1786102046,
        "baro_altitude": 9875.52,
        "on_ground": false,
        "velocity": 225.61,
        "true_track": 321.67,
        "vertical_rate": 7.48,
        "geo_altitude": 10416.54,
        "squawk": "0453",
        "spi": false,
        "position_source": 0
      }
    },
    {
      "type": "Feature",
      "geometry": {
        "type": "Point",
        "coordinates": [
          10.0639,
          46.4901
        ]
      },
      "properties": {
        "icao24": "3c6588",
        "callsign": "DLH1HE",
        "origin_country": "Germany",
        "time_position": 1786102045,
        "last_contact": 1786102045,
        "baro_altitude": 8229.6,
        "on_ground": false,
        "velocity": 241.19,
        "true_track": 141.32,
        "vertical_rate": -0.33,
        "geo_altitude": 8686.8,
        "squawk": "1000",
        "spi": false,
        "position_source": 0
      }
    },
    {
      "type": "Feature",
      "geometry": {
        "type": "Point",
        "coordinates": [
          10.4412,
          41.093
        ]
      },
      "properties": {
        "icao24": "02a1a6",
        "callsign": "LBT511",
        "origin_country": "Tunisia",
        "time_position": 1786102045,
        "last_contact": 1786102045,
        "baro_altitude": 11285.22,
        "on_ground": false,
        "velocity": 238.52,
        "true_track": 175.17,
        "vertical_rate": 0,
        "geo_altitude": 11948.16,
        "squawk": "1117",
        "spi": false,
        "position_source": 0
      }
    },
    {
      "type": "Feature",
      "geometry": {
        "type": "Point",
        "coordinates": [
          10.7764,
          35.7343
        ]
      },
      "properties": {
        "icao24": "02a1a3",
        "callsign": null,
        "origin_country": "Tunisia",
        "time_position": 1786101773,
        "last_contact": 1786101773,
        "baro_altitude": 861.06,
        "on_ground": false,
        "velocity": 83.03,
        "true_track": 290.68,
        "vertical_rate": 8.45,
        "geo_altitude": null,
        "squawk": null,
        "spi": false,
        "position_source": 0
      }
    },
    {
      "type": "Feature",
      "geometry": {
        "type": "Point",
        "coordinates": [
          8.9541,
          38.3692
        ]
      },
      "properties": {
        "icao24": "02a1a1",
        "callsign": "LBT2340",
        "origin_country": "Tunisia",
        "time_position": 1786102045,
        "last_contact": 1786102045,
        "baro_altitude": 10972.8,
        "on_ground": false,
        "velocity": 227.61,
        "true_track": 340.87,
        "vertical_rate": 0,
        "geo_altitude": 11635.74,
        "squawk": null,
        "spi": false,
        "position_source": 0
      }
    },
    {
      "type": "Feature",
      "geometry": {
        "type": "Point",
        "coordinates": [
          11.9807,
          45.3851
        ]
      },
      "properties": {
        "icao24": "02a1a2",
        "callsign": "LBT249",
        "origin_country": "Tunisia",
        "time_position": 1786102045,
        "last_contact": 1786102045,
        "baro_altitude": 11269.98,
        "on_ground": false,
        "velocity": 227.29,
        "true_track": 183.5,
        "vertical_rate": 0.33,
        "geo_altitude": 11818.62,
        "squawk": "1117",
        "spi": false,
        "position_source": 0
      }
    },
    {
      "type": "Feature",
      "geometry": {
        "type": "Point",
        "coordinates": [
          17.9127,
          40.9272
        ]
      },
      "properties": {
        "icao24": "39d317",
        "callsign": "TVF25LF",
        "origin_country": "France",
        "time_position": 1786102045,
        "last_contact": 1786102045,
        "baro_altitude": 10058.4,
        "on_ground": false,
        "velocity": 224.34,
        "true_track": 127.92,
        "vertical_rate": -1.63,
        "geo_altitude": 10645.14,
        "squawk": "0427",
        "spi": false,
        "position_source": 0
      }
    },
    {
      "type": "Feature",
      "geometry": {
        "type": "Point",
        "coordinates": [
          6.2298,
          43.1117
        ]
      },
      "properties": {
        "icao24": "39d318",
        "callsign": "TVF15US",
        "origin_country": "France",
        "time_position": 1786102035,
        "last_contact": 1786102035,
        "baro_altitude": 381,
        "on_ground": false,
        "velocity": 76.82,
        "true_track": 343.26,
        "vertical_rate": -3.9,
        "geo_altitude": 480.06,
        "squawk": "3306",
        "spi": false,
        "position_source": 0
      }
    },
    {
      "type": "Feature",
      "geometry": {
        "type": "Point",
        "coordinates": [
          10.4232,
          40.9459
        ]
      },
      "properties": {
        "icao24": "39d319",
        "callsign": "TVF8285",
        "origin_country": "France",
        "time_position": 1786102046,
        "last_contact": 1786102046,
        "baro_altitude": 11582.4,
        "on_ground": false,
        "velocity": 233.43,
        "true_track": 350.1,
        "vertical_rate": 0,
        "geo_altitude": 12252.96,
        "squawk": "6162",
        "spi": false,
        "position_source": 0
      }
    },
    {
      "type": "Feature",
      "geometry": {
        "type": "Point",
        "coordinates": [
          8.5593,
          47.4516
        ]
      },
      "properties": {
        "icao24": "4b5da6",
        "callsign": "TE25",
        "origin_country": "Switzerland",
        "time_position": 1786102045,
        "last_contact": 1786102045,
        "baro_altitude": null,
        "on_ground": true,
        "velocity": 0.51,
        "true_track": 331.88,
        "vertical_rate": null,
        "geo_altitude": null,
        "squawk": null,
        "spi": false,
        "position_source": 0
      }
    },
    {
      "type": "Feature",
      "geometry": {
        "type": "Point",
        "coordinates": [
          8.5569,
          47.4527
        ]
      },
      "properties": {
        "icao24": "4b5da7",
        "callsign": "TE26",
        "origin_country": "Switzerland",
        "time_position": 1786102040,
        "last_contact": 1786102042,
        "baro_altitude": null,
        "on_ground": true,
        "velocity": 0.06,
        "true_track": 253.12,
        "vertical_rate": null,
        "geo_altitude": null,
        "squawk": null,
        "spi": false,
        "position_source": 0
      }
    },
    {
      "type": "Feature",
      "geometry": {
        "type": "Point",
        "coordinates": [
          8.5586,
          47.4506
        ]
      },
      "properties": {
        "icao24": "4b5da2",
        "callsign": "TE21",
        "origin_country": "Switzerland",
        "time_position": 1786101874,
        "last_contact": 1786101874,
        "baro_altitude": null,
        "on_ground": true,
        "velocity": 0.64,
        "true_track": 222.19,
        "vertical_rate": null,
        "geo_altitude": null,
        "squawk": null,
        "spi": false,
        "position_source": 0
      }
    },
    {
      "type": "Feature",
      "geometry": {
        "type": "Point",
        "coordinates": [
          9.7462,
          44.6553
        ]
      },
      "properties": {
        "icao24": "39e68c",
        "callsign": "AFR75FP",
        "origin_country": "France",
        "time_position": 1786102045,
        "last_contact": 1786102046,
        "baro_altitude": 8496.3,
        "on_ground": false,
        "velocity": 208.49,
        "true_track": 304.75,
        "vertical_rate": 7.48,
        "geo_altitude": 8976.36,
        "squawk": "1000",
        "spi": false,
        "position_source": 0
      }
    },
    {
      "type": "Feature",
      "geometry": {
        "type": "Point",
        "coordinates": [
          7.8548,
          47.5467
        ]
      },
      "properties": {
        "icao24": "39e68e",
        "callsign": "AFR83KB",
        "origin_country": "France",
        "time_position": 1786102045,
        "last_contact": 1786102045,
        "baro_altitude": 9448.8,
        "on_ground": false,
        "velocity": 231.3,
        "true_track": 123.02,
        "vertical_rate": 0,
        "geo_altitude": 9898.38,
        "squawk": "1000",
        "spi": false,
        "position_source": 0
      }
    },
    {
      "type": "Feature",
      "geometry": {
        "type": "Point",
        "coordinates": [
          8.6819,
          44.4928
        ]
      },
      "properties": {
        "icao24": "408262",
        "callsign": "EXS22EF",
        "origin_country": "United Kingdom",
        "time_position": 1786102045,
        "last_contact": 1786102046,
        "baro_altitude": 10972.8,
        "on_ground": false,
        "velocity": 221.99,
        "true_track": 324.43,
        "vertical_rate": 0,
        "geo_altitude": 11574.78,
        "squawk": "0426",
        "spi": false,
        "position_source": 0
      }
    },
    {
      "type": "Feature",
      "geometry": {
        "type": "Point",
        "coordinates": [
          8.5577,
          47.4548
        ]
      },
      "properties": {
        "icao24": "4b5dac",
        "callsign": "TJ13",
        "origin_country": "Switzerland",
        "time_position": 1786102043,
        "last_contact": 1786102043,
        "baro_altitude": null,
        "on_ground": true,
        "velocity": 0.45,
        "true_track": 182.81,
        "vertical_rate": null,
        "geo_altitude": null,
        "squawk": null,
        "spi": false,
        "position_source": 0
      }
    },
    {
      "type": "Feature",
      "geometry": {
        "type": "Point",
        "coordinates": [
          8.5575,
          47.4605
        ]
      },
      "properties": {
        "icao24": "4b5daa",
        "callsign": "ATL786",
        "origin_country": "Switzerland",
        "time_position": 1786102045,
        "last_contact": 1786102045,
        "baro_altitude": null,
        "on_ground": true,
        "velocity": 0.06,
        "true_track": 137.81,
        "vertical_rate": null,
        "geo_altitude": null,
        "squawk": null,
        "spi": false,
        "position_source": 0
      }
    },
    {
      "type": "Feature",
      "geometry": {
        "type": "Point",
        "coordinates": [
          8.5545,
          47.4611
        ]
      },
      "properties": {
        "icao24": "4b5db7",
        "callsign": "ATL008",
        "origin_country": "Switzerland",
        "time_position": 1786102045,
        "last_contact": 1786102045,
        "baro_altitude": null,
        "on_ground": true,
        "velocity": 0.13,
        "true_track": 120.94,
        "vertical_rate": null,
        "geo_altitude": null,
        "squawk": null,
        "spi": false,
        "position_source": 0
      }
    },
    {
      "type": "Feature",
      "geometry": {
        "type": "Point",
        "coordinates": [
          8.5577,
          47.4506
        ]
      },
      "properties": {
        "icao24": "4b5db1",
        "callsign": "RTT7",
        "origin_country": "Switzerland",
        "time_position": 1786101886,
        "last_contact": 1786101886,
        "baro_altitude": null,
        "on_ground": true,
        "velocity": 3.34,
        "true_track": 98.44,
        "vertical_rate": null,
        "geo_altitude": null,
        "squawk": null,
        "spi": false,
        "position_source": 0
      }
    },
    {
      "type": "Feature",
      "geometry": {
        "type": "Point",
        "coordinates": [
          16.3733,
          40.6093
        ]
      },
      "properties": {
        "icao24": "78206d",
        "callsign": "CSC3804",
        "origin_country": "China",
        "time_position": 1786102045,
        "last_contact": 1786102045,
        "baro_altitude": 11277.6,
        "on_ground": false,
        "velocity": 259.91,
        "true_track": 104.56,
        "vertical_rate": 0,
        "geo_altitude": 11917.68,
        "squawk": "5304",
        "spi": false,
        "position_source": 0
      }
    },
    {
      "type": "Feature",
      "geometry": {
        "type": "Point",
        "coordinates": [
          11.9569,
          45.1663
        ]
      },
      "properties": {
        "icao24": "3c64a3",
        "callsign": "DLH9VT",
        "origin_country": "Germany",
        "time_position": 1786102045,
        "last_contact": 1786102046,
        "baro_altitude": 10988.04,
        "on_ground": false,
        "velocity": 234.25,
        "true_track": 347.18,
        "vertical_rate": 0,
        "geo_altitude": 11551.92,
        "squawk": "1000",
        "spi": false,
        "position_source": 0
      }
    },
    {
      "type": "Feature",
      "geometry": {
        "type": "Point",
        "coordinates": [
          6.1004,
          43.7369
        ]
      },
      "properties": {
        "icao24": "0a008d",
        "callsign": "DAH2070",
        "origin_country": "Algeria",
        "time_position": 1786102045,
        "last_contact": 1786102045,
        "baro_altitude": 10972.8,
        "on_ground": false,
        "velocity": 240.09,
        "true_track": 22.55,
        "vertical_rate": 0,
        "geo_altitude": 11567.16,
        "squawk": "5574",
        "spi": false,
        "position_source": 0
      }
    },
    {
      "type": "Feature",
      "geometry": {
        "type": "Point",
        "coordinates": [
          9.0444,
          44.0101
        ]
      },
      "properties": {
        "icao24": "02a1ae",
        "callsign": "LBT554",
        "origin_country": "Tunisia",
        "time_position": 1786102046,
        "last_contact": 1786102046,
        "baro_altitude": 10972.8,
        "on_ground": false,
        "velocity": 216.88,
        "true_track": 326.61,
        "vertical_rate": 0,
        "geo_altitude": 11536.68,
        "squawk": "6156",
        "spi": false,
        "position_source": 0
      }
    },
    {
      "type": "Feature",
      "geometry": {
        "type": "Point",
        "coordinates": [
          9.8805,
          37.9654
        ]
      },
      "properties": {
        "icao24": "02a1ac",
        "callsign": "LBT184",
        "origin_country": "Tunisia",
        "time_position": 1786101866,
        "last_contact": 1786102042,
        "baro_altitude": 8404.86,
        "on_ground": false,
        "velocity": 234.33,
        "true_track": 346.54,
        "vertical_rate": 8.13,
        "geo_altitude": 9006.84,
        "squawk": "6175",
        "spi": false,
        "position_source": 0
      }
    },
    {
      "type": "Feature",
      "geometry": {
        "type": "Point",
        "coordinates": [
          16.6626,
          44.6512
        ]
      },
      "properties": {
        "icao24": "4a08a5",
        "callsign": "HYS7881",
        "origin_country": "Romania",
        "time_position": 1786102045,
        "last_contact": 1786102046,
        "baro_altitude": 10629.9,
        "on_ground": false,
        "velocity": 235.39,
        "true_track": 207.46,
        "vertical_rate": 4.88,
        "geo_altitude": 11216.64,
        "squawk": "7211",
        "spi": false,
        "position_source": 0
      }
    },
    {
      "type": "Feature",
      "geometry": {
        "type": "Point",
        "coordinates": [
          10.9416,
          42.6427
        ]
      },
      "properties": {
        "icao24": "494145",
        "callsign": "NJE759E",
        "origin_country": "Portugal",
        "time_position": 1786101923,
        "last_contact": 1786102038,
        "baro_altitude": 1104.9,
        "on_ground": false,
        "velocity": 239.47,
        "true_track": 34.85,
        "vertical_rate": -13.66,
        "geo_altitude": 1577.34,
        "squawk": "0574",
        "spi": false,
        "position_source": 0
      }
    },
    {
      "type": "Feature",
      "geometry": {
        "type": "Point",
        "coordinates": [
          6.8067,
          37.5822
        ]
      },
      "properties": {
        "icao24": "3c64c6",
        "callsign": "DLH594",
        "origin_country": "Germany",
        "time_position": 1786101914,
        "last_contact": 1786101914,
        "baro_altitude": 10668,
        "on_ground": false,
        "velocity": 253,
        "true_track": 187.13,
        "vertical_rate": 0,
        "geo_altitude": 11330.94,
        "squawk": "2524",
        "spi": false,
        "position_source": 0
      }
    },
    {
      "type": "Feature",
      "geometry": {
        "type": "Point",
        "coordinates": [
          7.6949,
          42.0448
        ]
      },
      "properties": {
        "icao24": "494110",
        "callsign": "NJE478Y",
        "origin_country": "Portugal",
        "time_position": 1786102045,
        "last_contact": 1786102046,
        "baro_altitude": 13716,
        "on_ground": false,
        "velocity": 213.61,
        "true_track": 34.3,
        "vertical_rate": 0.33,
        "geo_altitude": 14409.42,
        "squawk": "1000",
        "spi": false,
        "position_source": 0
      }
    },
    {
      "type": "Feature",
      "geometry": {
        "type": "Point",
        "coordinates": [
          8.7259,
          45.6195
        ]
      },
      "properties": {
        "icao24": "0a0028",
        "callsign": "DAH2026",
        "origin_country": "Algeria",
        "time_position": 1786102045,
        "last_contact": 1786102045,
        "baro_altitude": 175.26,
        "on_ground": false,
        "velocity": 73.85,
        "true_track": 349.16,
        "vertical_rate": -0.33,
        "geo_altitude": 266.7,
        "squawk": "1000",
        "spi": false,
        "position_source": 0
      }
    },
    {
      "type": "Feature",
      "geometry": {
        "type": "Point",
        "coordinates": [
          6.2891,
          47.2373
        ]
      },
      "properties": {
        "icao24": "0a0024",
        "callsign": "DAH1217",
        "origin_country": "Algeria",
        "time_position": 1786102045,
        "last_contact": 1786102045,
        "baro_altitude": 10058.4,
        "on_ground": false,
        "velocity": 230.86,
        "true_track": 187.43,
        "vertical_rate": 0,
        "geo_altitude": 10546.08,
        "squawk": "6735",
        "spi": false,
        "position_source": 0
      }
    },
    {
      "type": "Feature",
      "geometry": {
        "type": "Point",
        "coordinates": [
          11.5666,
          45.5354
        ]
      },
      "properties": {
        "icao24": "494107",
        "callsign": "NJE036T",
        "origin_country": "Portugal",
        "time_position": 1786102046,
        "last_contact": 1786102046,
        "baro_altitude": 12192,
        "on_ground": false,
        "velocity": 213.55,
        "true_track": 350.15,
        "vertical_rate": 0,
        "geo_altitude": 12793.98,
        "squawk": "1000",
        "spi": false,
        "position_source": 0
      }
    },
    {
      "type": "Feature",
      "geometry": {
        "type": "Point",
        "coordinates": [
          11.3787,
          47.3119
        ]
      },
      "properties": {
        "icao24": "4a08ed",
        "callsign": "ROT382A",
        "origin_country": "Romania",
        "time_position": 1786102045,
        "last_contact": 1786102045,
        "baro_altitude": 11887.2,
        "on_ground": false,
        "velocity": 258.93,
        "true_track": 98.34,
        "vertical_rate": 0,
        "geo_altitude": 12412.98,
        "squawk": "1000",
        "spi": false,
        "position_source": 0
      }
    },
    {
      "type": "Feature",
      "geometry": {
        "type": "Point",
        "coordinates": [
          15.1315,
          46.183
        ]
      },
      "properties": {
        "icao24": "3c6634",
        "callsign": "DLH3MW",
        "origin_country": "Germany",
        "time_position": 1786102046,
        "last_contact": 1786102046,
        "baro_altitude": 4747.26,
        "on_ground": false,
        "velocity": 194.31,
        "true_track": 131.24,
        "vertical_rate": -10.4,
        "geo_altitude": 5067.3,
        "squawk": "1000",
        "spi": false,
        "position_source": 0
      }
    },
    {
      "type": "Feature",
      "geometry": {
        "type": "Point",
        "coordinates": [
          9.5515,
          40.8969
        ]
      },
      "properties": {
        "icao24": "408191",
        "callsign": "GDBLU",
        "origin_country": "United Kingdom",
        "time_position": 1786101960,
        "last_contact": 1786101960,
        "baro_altitude": 220.98,
        "on_ground": false,
        "velocity": 71.35,
        "true_track": 304.72,
        "vertical_rate": 0,
        "geo_altitude": 739.14,
        "squawk": null,
        "spi": false,
        "position_source": 0
      }
    },
    {
      "type": "Feature",
      "geometry": {
        "type": "Point",
        "coordinates": [
          8.3477,
          47.7326
        ]
      },
      "properties": {
        "icao24": "4b15ed",
        "callsign": "EDW69A",
        "origin_country": "Switzerland",
        "time_position": 1786102046,
        "last_contact": 1786102046,
        "baro_altitude": 1744.98,
        "on_ground": false,
        "velocity": 123.49,
        "true_track": 252.55,
        "vertical_rate": -2.93,
        "geo_altitude": 1927.86,
        "squawk": "1000",
        "spi": false,
        "position_source": 0
      }
    },
    {
      "type": "Feature",
      "geometry": {
        "type": "Point",
        "coordinates": [
          9.8184,
          40.1883
        ]
      },
      "properties": {
        "icao24": "4b15ef",
        "callsign": "EDW88Z",
        "origin_country": "Switzerland",
        "time_position": 1786102045,
        "last_contact": 1786102045,
        "baro_altitude": 8839.2,
        "on_ground": false,
        "velocity": 241.52,
        "true_track": 186.97,
        "vertical_rate": -13.66,
        "geo_altitude": 9448.8,
        "squawk": "3075",
        "spi": false,
        "position_source": 0
      }
    },
    {
      "type": "Feature",
      "geometry": {
        "type": "Point",
        "coordinates": [
          8.1854,
          43.754
        ]
      },
      "properties": {
        "icao24": "3c6650",
        "callsign": "DLH44T",
        "origin_country": "Germany",
        "time_position": 1786102045,
        "last_contact": 1786102045,
        "baro_altitude": 5981.7,
        "on_ground": false,
        "velocity": 179.7,
        "true_track": 172.1,
        "vertical_rate": -10.08,
        "geo_altitude": 6377.94,
        "squawk": "1000",
        "spi": false,
        "position_source": 0
      }
    },
    {
      "type": "Feature",
      "geometry": {
        "type": "Point",
        "coordinates": [
          8.5115,
          43.055
        ]
      },
      "properties": {
        "icao24": "39d308",
        "callsign": "TVF89WM",
        "origin_country": "France",
        "time_position": 1786102045,
        "last_contact": 1786102046,
        "baro_altitude": 11277.6,
        "on_ground": false,
        "velocity": 247.84,
        "true_track": 123.66,
        "vertical_rate": -0.33,
        "geo_altitude": 11902.44,
        "squawk": "2363",
        "spi": false,
        "position_source": 0
      }
    },
    {
      "type": "Feature",
      "geometry": {
        "type": "Point",
        "coordinates": [
          18.343,
          39.6923
        ]
      },
      "properties": {
        "icao24": "39d302",
        "callsign": "TVF38ZQ",
        "origin_country": "France",
        "time_position": 1786102045,
        "last_contact": 1786102045,
        "baro_altitude": 11582.4,
        "on_ground": false,
        "velocity": 229.07,
        "true_track": 307.98,
        "vertical_rate": 0,
        "geo_altitude": 12260.58,
        "squawk": "6632",
        "spi": false,
        "position_source": 0
      }
    },
    {
      "type": "Feature",
      "geometry": {
        "type": "Point",
        "coordinates": [
          6.366,
          43.1998
        ]
      },
      "properties": {
        "icao24": "459744",
        "callsign": "MMD6193",
        "origin_country": "Denmark",
        "time_position": 1786102045,
        "last_contact": 1786102045,
        "baro_altitude": 8999.22,
        "on_ground": false,
        "velocity": 220.45,
        "true_track": 272.81,
        "vertical_rate": 5.2,
        "geo_altitude": 9532.62,
        "squawk": "1000",
        "spi": false,
        "position_source": 0
      }
    },
    {
      "type": "Feature",
      "geometry": {
        "type": "Point",
        "coordinates": [
          7.7017,
          45.2464
        ]
      },
      "properties": {
        "icao24": "400877",
        "callsign": "BAW584",
        "origin_country": "United Kingdom",
        "time_position": 1786102045,
        "last_contact": 1786102045,
        "baro_altitude": 6499.86,
        "on_ground": false,
        "velocity": 195.62,
        "true_track": 125.91,
        "vertical_rate": -7.8,
        "geo_altitude": 6896.1,
        "squawk": "0516",
        "spi": false,
        "position_source": 0
      }
    },
    {
      "type": "Feature",
      "geometry": {
        "type": "Point",
        "coordinates": [
          8.5582,
          47.4615
        ]
      },
      "properties": {
        "icao24": "4b5d9f",
        "callsign": "ALT777",
        "origin_country": "Switzerland",
        "time_position": 1786101776,
        "last_contact": 1786102042,
        "baro_altitude": null,
        "on_ground": true,
        "velocity": 3.34,
        "true_track": 78.75,
        "vertical_rate": null,
        "geo_altitude": null,
        "squawk": null,
        "spi": false,
        "position_source": 0
      }
    },
    {
      "type": "Feature",
      "geometry": {
        "type": "Point",
        "coordinates": [
          6.4262,
          41.6635
        ]
      },
      "properties": {
        "icao24": "3c6473",
        "callsign": "CFG9CY",
        "origin_country": "Germany",
        "time_position": 1786102046,
        "last_contact": 1786102046,
        "baro_altitude": 10668,
        "on_ground": false,
        "velocity": 230.7,
        "true_track": 226.45,
        "vertical_rate": 0,
        "geo_altitude": 11308.08,
        "squawk": "1000",
        "spi": false,
        "position_source": 0
      }
    },
    {
      "type": "Feature",
      "geometry": {
        "type": "Point",
        "coordinates": [
          8.5525,
          47.4611
        ]
      },
      "properties": {
        "icao24": "4b5d9a",
        "callsign": "ATL783",
        "origin_country": "Switzerland",
        "time_position": 1786102046,
        "last_contact": 1786102046,
        "baro_altitude": null,
        "on_ground": true,
        "velocity": 0.26,
        "true_track": 0,
        "vertical_rate": null,
        "geo_altitude": null,
        "squawk": null,
        "spi": false,
        "position_source": 0
      }
    },
    {
      "type": "Feature",
      "geometry": {
        "type": "Point",
        "coordinates": [
          6.6141,
          43.1262
        ]
      },
      "properties": {
        "icao24": "3c648e",
        "callsign": "DLH03A",
        "origin_country": "Germany",
        "time_position": 1786102045,
        "last_contact": 1786102045,
        "baro_altitude": 10972.8,
        "on_ground": false,
        "velocity": 241.59,
        "true_track": 36.6,
        "vertical_rate": 0,
        "geo_altitude": 11574.78,
        "squawk": "1000",
        "spi": false,
        "position_source": 0
      }
    },
    {
      "type": "Feature",
      "geometry": {
        "type": "Point",
        "coordinates": [
          8.5539,
          47.4555
        ]
      },
      "properties": {
        "icao24": "3c6427",
        "callsign": "CFG9WF",
        "origin_country": "Germany",
        "time_position": 1786102045,
        "last_contact": 1786102045,
        "baro_altitude": null,
        "on_ground": true,
        "velocity": 5.92,
        "true_track": 334.69,
        "vertical_rate": null,
        "geo_altitude": null,
        "squawk": "3061",
        "spi": false,
        "position_source": 0
      }
    },
    {
      "type": "Feature",
      "geometry": {
        "type": "Point",
        "coordinates": [
          14.519,
          46.5722
        ]
      },
      "properties": {
        "icao24": "3c6426",
        "callsign": "CFG1VT",
        "origin_country": "Germany",
        "time_position": 1786102045,
        "last_contact": 1786102045,
        "baro_altitude": 10957.56,
        "on_ground": false,
        "velocity": 225.24,
        "true_track": 328.92,
        "vertical_rate": -0.33,
        "geo_altitude": 11498.58,
        "squawk": "2017",
        "spi": false,
        "position_source": 0
      }
    },
    {
      "type": "Feature",
      "geometry": {
        "type": "Point",
        "coordinates": [
          8.5569,
          47.4527
        ]
      },
      "properties": {
        "icao24": "4b1617",
        "callsign": "SWR533X",
        "origin_country": "Switzerland",
        "time_position": 1786102037,
        "last_contact": 1786102045,
        "baro_altitude": 365.76,
        "on_ground": true,
        "velocity": 0,
        "true_track": 281.25,
        "vertical_rate": null,
        "geo_altitude": null,
        "squawk": "1000",
        "spi": false,
        "position_source": 0
      }
    },
    {
      "type": "Feature",
      "geometry": {
        "type": "Point",
        "coordinates": [
          11.9417,
          44.4026
        ]
      },
      "properties": {
        "icao24": "4b1615",
        "callsign": "SWR5AM",
        "origin_country": "Switzerland",
        "time_position": 1786102044,
        "last_contact": 1786102045,
        "baro_altitude": 11277.6,
        "on_ground": false,
        "velocity": 244.33,
        "true_track": 128.25,
        "vertical_rate": 0,
        "geo_altitude": 11894.82,
        "squawk": "3033",
        "spi": false,
        "position_source": 0
      }
    },
    {
      "type": "Feature",
      "geometry": {
        "type": "Point",
        "coordinates": [
          16.0832,
          44.9229
        ]
      },
      "properties": {
        "icao24": "3c6421",
        "callsign": "CFG030",
        "origin_country": "Germany",
        "time_position": 1786102046,
        "last_contact": 1786102046,
        "baro_altitude": 10050.78,
        "on_ground": false,
        "velocity": 249.98,
        "true_track": 139.59,
        "vertical_rate": 0,
        "geo_altitude": 10599.42,
        "squawk": "2515",
        "spi": false,
        "position_source": 0
      }
    },
    {
      "type": "Feature",
      "geometry": {
        "type": "Point",
        "coordinates": [
          7.2869,
          43.6835
        ]
      },
      "properties": {
        "icao24": "a9011c",
        "callsign": "N68CM",
        "origin_country": "United States",
        "time_position": 1786102045,
        "last_contact": 1786102045,
        "baro_altitude": 289.56,
        "on_ground": false,
        "velocity": 72.92,
        "true_track": 302.91,
        "vertical_rate": -3.25,
        "geo_altitude": 358.14,
        "squawk": "1000",
        "spi": false,
        "position_source": 0
      }
    },
    {
      "type": "Feature",
      "geometry": {
        "type": "Point",
        "coordinates": [
          8.5616,
          47.4485
        ]
      },
      "properties": {
        "icao24": "4b161a",
        "callsign": "SWR8LZ",
        "origin_country": "Switzerland",
        "time_position": 1786102039,
        "last_contact": 1786102044,
        "baro_altitude": null,
        "on_ground": true,
        "velocity": 0,
        "true_track": 64.69,
        "vertical_rate": null,
        "geo_altitude": null,
        "squawk": "1000",
        "spi": false,
        "position_source": 0
      }
    },
    {
      "type": "Feature",
      "geometry": {
        "type": "Point",
        "coordinates": [
          8.5897,
          46.6386
        ]
      },
      "properties": {
        "icao24": "4b1620",
        "callsign": "SWR5LD",
        "origin_country": "Switzerland",
        "time_position": 1786102046,
        "last_contact": 1786102046,
        "baro_altitude": 7330.44,
        "on_ground": false,
        "velocity": 207.32,
        "true_track": 174.3,
        "vertical_rate": 5.85,
        "geo_altitude": 7757.16,
        "squawk": "1000",
        "spi": false,
        "position_source": 0
      }
    },
    {
      "type": "Feature",
      "geometry": {
        "type": "Point",
        "coordinates": [
          16.519,
          40.6836
        ]
      },
      "properties": {
        "icao24": "a0a545",
        "callsign": "UAL125",
        "origin_country": "United States",
        "time_position": 1786102045,
        "last_contact": 1786102045,
        "baro_altitude": 9745.98,
        "on_ground": false,
        "velocity": 259.37,
        "true_track": 305.39,
        "vertical_rate": 0.33,
        "geo_altitude": 10340.34,
        "squawk": "5526",
        "spi": false,
        "position_source": 0
      }
    },
    {
      "type": "Feature",
      "geometry": {
        "type": "Point",
        "coordinates": [
          13.8151,
          46.9699
        ]
      },
      "properties": {
        "icao24": "a819fe",
        "callsign": "N621AK",
        "origin_country": "United States",
        "time_position": 1786102046,
        "last_contact": 1786102046,
        "baro_altitude": 5288.28,
        "on_ground": false,
        "velocity": 136.06,
        "true_track": 134.39,
        "vertical_rate": -7.15,
        "geo_altitude": 5631.18,
        "squawk": "1000",
        "spi": false,
        "position_source": 0
      }
    },
    {
      "type": "Feature",
      "geometry": {
        "type": "Point",
        "coordinates": [
          14.9374,
          45.0558
        ]
      },
      "properties": {
        "icao24": "4246b2",
        "callsign": "AZG274",
        "origin_country": "United Kingdom",
        "time_position": 1786102045,
        "last_contact": 1786102046,
        "baro_altitude": 10668,
        "on_ground": false,
        "velocity": 262.12,
        "true_track": 107.47,
        "vertical_rate": 0,
        "geo_altitude": 11239.5,
        "squawk": "0406",
        "spi": false,
        "position_source": 0
      }
    },
    {
      "type": "Feature",
      "geometry": {
        "type": "Point",
        "coordinates": [
          14.7181,
          46.9489
        ]
      },
      "properties": {
        "icao24": "4246b4",
        "callsign": "AHY074",
        "origin_country": "United Kingdom",
        "time_position": 1786102045,
        "last_contact": 1786102045,
        "baro_altitude": 10668,
        "on_ground": false,
        "velocity": 240.44,
        "true_track": 99.48,
        "vertical_rate": 0.33,
        "geo_altitude": 11186.16,
        "squawk": "0675",
        "spi": false,
        "position_source": 0
      }
    },
    {
      "type": "Feature",
      "geometry": {
        "type": "Point",
        "coordinates": [
          8.4184,
          47.4121
        ]
      },
      "properties": {
        "icao24": "4b028f",
        "callsign": "SWR11P",
        "origin_country": "Switzerland",
        "time_position": 1786102046,
        "last_contact": 1786102046,
        "baro_altitude": 1744.98,
        "on_ground": false,
        "velocity": 121.41,
        "true_track": 179.76,
        "vertical_rate": 13,
        "geo_altitude": 1920.24,
        "squawk": "1000",
        "spi": false,
        "position_source": 0
      }
    },
    {
      "type": "Feature",
      "geometry": {
        "type": "Point",
        "coordinates": [
          13.798,
          44.9611
        ]
      },
      "properties": {
        "icao24": "4b028e",
        "callsign": "SWR8ZK",
        "origin_country": "Switzerland",
        "time_position": 1786102046,
        "last_contact": 1786102046,
        "baro_altitude": 10972.8,
        "on_ground": false,
        "velocity": 225.45,
        "true_track": 312.13,
        "vertical_rate": 0,
        "geo_altitude": 11544.3,
        "squawk": "1000",
        "spi": false,
        "position_source": 0
      }
    },
    {
      "type": "Feature",
      "geometry": {
        "type": "Point",
        "coordinates": [
          8.8987,
          45.9806
        ]
      },
      "properties": {
        "icao24": "4b0291",
        "callsign": "OAW707",
        "origin_country": "Switzerland",
        "time_position": 1786102045,
        "last_contact": 1786102045,
        "baro_altitude": 8717.28,
        "on_ground": false,
        "velocity": 238.69,
        "true_track": 356.29,
        "vertical_rate": -7.8,
        "geo_altitude": 9212.58,
        "squawk": "1000",
        "spi": false,
        "position_source": 0
      }
    },
    {
      "type": "Feature",
      "geometry": {
        "type": "Point",
        "coordinates": [
          8.8832,
          45.5777
        ]
      },
      "properties": {
        "icao24": "3991e7",
        "callsign": "AFR48EM",
        "origin_country": "France",
        "time_position": 1786102046,
        "last_contact": 1786102046,
        "baro_altitude": 11574.78,
        "on_ground": false,
        "velocity": 211.57,
        "true_track": 293.2,
        "vertical_rate": 0,
        "geo_altitude": 12138.66,
        "squawk": "2034",
        "spi": false,
        "position_source": 0
      }
    },
    {
      "type": "Feature",
      "geometry": {
        "type": "Point",
        "coordinates": [
          6.2505,
          46.802
        ]
      },
      "properties": {
        "icao24": "484410",
        "callsign": "KLM535",
        "origin_country": "Kingdom of the Netherlands",
        "time_position": 1786102045,
        "last_contact": 1786102045,
        "baro_altitude": 10668,
        "on_ground": false,
        "velocity": 242.07,
        "true_track": 188.8,
        "vertical_rate": 0,
        "geo_altitude": 11178.54,
        "squawk": "0173",
        "spi": false,
        "position_source": 0
      }
    },
    {
      "type": "Feature",
      "geometry": {
        "type": "Point",
        "coordinates": [
          14.6821,
          43.5862
        ]
      },
      "properties": {
        "icao24": "43eaad",
        "callsign": "MATTI",
        "origin_country": "United Kingdom",
        "time_position": 1786102041,
        "last_contact": 1786102045,
        "baro_altitude": 8534.4,
        "on_ground": false,
        "velocity": 161.22,
        "true_track": 165.21,
        "vertical_rate": -0.33,
        "geo_altitude": 9022.08,
        "squawk": "0013",
        "spi": false,
        "position_source": 0
      }
    },
    {
      "type": "Feature",
      "geometry": {
        "type": "Point",
        "coordinates": [
          8.5641,
          47.4453
        ]
      },
      "properties": {
        "icao24": "4b5d67",
        "callsign": "VIKTOR15",
        "origin_country": "Switzerland",
        "time_position": 1786102027,
        "last_contact": 1786102027,
        "baro_altitude": null,
        "on_ground": true,
        "velocity": 3.34,
        "true_track": 239.06,
        "vertical_rate": null,
        "geo_altitude": null,
        "squawk": null,
        "spi": false,
        "position_source": 0
      }
    },
    {
      "type": "Feature",
      "geometry": {
        "type": "Point",
        "coordinates": [
          11.3691,
          46.5011
        ]
      },
      "properties": {
        "icao24": "3c6522",
        "callsign": "LHX9951",
        "origin_country": "Germany",
        "time_position": 1786102045,
        "last_contact": 1786102045,
        "baro_altitude": 10066.02,
        "on_ground": false,
        "velocity": 227.21,
        "true_track": 346.25,
        "vertical_rate": -7.8,
        "geo_altitude": 10591.8,
        "squawk": "1000",
        "spi": false,
        "position_source": 0
      }
    },
    {
      "type": "Feature",
      "geometry": {
        "type": "Point",
        "coordinates": [
          9.2788,
          45.4922
        ]
      },
      "properties": {
        "icao24": "4a91f8",
        "callsign": "SAS58M",
        "origin_country": "Sweden",
        "time_position": 1786102045,
        "last_contact": 1786102045,
        "baro_altitude": 937.26,
        "on_ground": false,
        "velocity": 79.16,
        "true_track": 8.97,
        "vertical_rate": 9.1,
        "geo_altitude": 1043.94,
        "squawk": "1000",
        "spi": false,
        "position_source": 0
      }
    },
    {
      "type": "Feature",
      "geometry": {
        "type": "Point",
        "coordinates": [
          10.2151,
          42.4624
        ]
      },
      "properties": {
        "icao24": "408000",
        "callsign": "EZY79GK",
        "origin_country": "United Kingdom",
        "time_position": 1786102045,
        "last_contact": 1786102045,
        "baro_altitude": 11590.02,
        "on_ground": false,
        "velocity": 222.97,
        "true_track": 334.44,
        "vertical_rate": 0,
        "geo_altitude": 12252.96,
        "squawk": "6562",
        "spi": false,
        "position_source": 0
      }
    },
    {
      "type": "Feature",
      "geometry": {
        "type": "Point",
        "coordinates": [
          18.1593,
          41.0375
        ]
      },
      "properties": {
        "icao24": "408040",
        "callsign": "TOM9NB",
        "origin_country": "United Kingdom",
        "time_position": 1786102045,
        "last_contact": 1786102045,
        "baro_altitude": 10614.66,
        "on_ground": false,
        "velocity": 229.9,
        "true_track": 315.18,
        "vertical_rate": 4.55,
        "geo_altitude": 11216.64,
        "squawk": null,
        "spi": false,
        "position_source": 0
      }
    },
    {
      "type": "Feature",
      "geometry": {
        "type": "Point",
        "coordinates": [
          18.6378,
          39.8582
        ]
      },
      "properties": {
        "icao24": "408034",
        "callsign": "EXS64ED",
        "origin_country": "United Kingdom",
        "time_position": 1786102045,
        "last_contact": 1786102045,
        "baro_altitude": 10553.7,
        "on_ground": false,
        "velocity": 240.42,
        "true_track": 333.43,
        "vertical_rate": 2.6,
        "geo_altitude": 11193.78,
        "squawk": null,
        "spi": false,
        "position_source": 0
      }
    },
    {
      "type": "Feature",
      "geometry": {
        "type": "Point",
        "coordinates": [
          10.0876,
          44.0452
        ]
      },
      "properties": {
        "icao24": "392ae2",
        "callsign": "AFR73VA",
        "origin_country": "France",
        "time_position": 1786102045,
        "last_contact": 1786102045,
        "baro_altitude": 10972.8,
        "on_ground": false,
        "velocity": 220.59,
        "true_track": 312.92,
        "vertical_rate": 0,
        "geo_altitude": 11574.78,
        "squawk": "1000",
        "spi": false,
        "position_source": 0
      }
    },
    {
      "type": "Feature",
      "geometry": {
        "type": "Point",
        "coordinates": [
          8.6789,
          44.0522
        ]
      },
      "properties": {
        "icao24": "392af4",
        "callsign": "AFR66CJ",
        "origin_country": "France",
        "time_position": 1786102045,
        "last_contact": 1786102045,
        "baro_altitude": 11163.3,
        "on_ground": false,
        "velocity": 255.03,
        "true_track": 135.9,
        "vertical_rate": -5.2,
        "geo_altitude": 11765.28,
        "squawk": "1000",
        "spi": false,
        "position_source": 0
      }
    },
    {
      "type": "Feature",
      "geometry": {
        "type": "Point",
        "coordinates": [
          6.7491,
          43.7037
        ]
      },
      "properties": {
        "icao24": "392af8",
        "callsign": "AFR41DU",
        "origin_country": "France",
        "time_position": 1786102045,
        "last_contact": 1786102045,
        "baro_altitude": 5600.7,
        "on_ground": false,
        "velocity": 166.44,
        "true_track": 350.39,
        "vertical_rate": 13.98,
        "geo_altitude": 5958.84,
        "squawk": "1000",
        "spi": false,
        "position_source": 0
      }
    },
    {
      "type": "Feature",
      "geometry": {
        "type": "Point",
        "coordinates": [
          11.9238,
          40.1457
        ]
      },
      "properties": {
        "icao24": "440d6f",
        "callsign": "EJU362V",
        "origin_country": "Austria",
        "time_position": 1786102045,
        "last_contact": 1786102045,
        "baro_altitude": 11811,
        "on_ground": false,
        "velocity": 232.17,
        "true_track": 162.33,
        "vertical_rate": -5.53,
        "geo_altitude": 12504.42,
        "squawk": "1000",
        "spi": false,
        "position_source": 0
      }
    },
    {
      "type": "Feature",
      "geometry": {
        "type": "Point",
        "coordinates": [
          12.4925,
          41.9325
        ]
      },
      "properties": {
        "icao24": "440d8b",
        "callsign": "OEDDL",
        "origin_country": "Austria",
        "time_position": 1786102046,
        "last_contact": 1786102046,
        "baro_altitude": 297.18,
        "on_ground": false,
        "velocity": 50.25,
        "true_track": 169.38,
        "vertical_rate": -1.95,
        "geo_altitude": 358.14,
        "squawk": null,
        "spi": false,
        "position_source": 0
      }
    },
    {
      "type": "Feature",
      "geometry": {
        "type": "Point",
        "coordinates": [
          18.4109,
          46.8644
        ]
      },
      "properties": {
        "icao24": "4baac7",
        "callsign": "THY6VY",
        "origin_country": "Turkey",
        "time_position": 1786102045,
        "last_contact": 1786102045,
        "baro_altitude": 11582.4,
        "on_ground": false,
        "velocity": 213.04,
        "true_track": 296.69,
        "vertical_rate": 0.33,
        "geo_altitude": 12146.28,
        "squawk": "1757",
        "spi": false,
        "position_source": 0
      }
    },
    {
      "type": "Feature",
      "geometry": {
        "type": "Point",
        "coordinates": [
          14.7863,
          47.6233
        ]
      },
      "properties": {
        "icao24": "440d10",
        "callsign": "EJU69DQ",
        "origin_country": "Austria",
        "time_position": 1786102045,
        "last_contact": 1786102045,
        "baro_altitude": 10965.18,
        "on_ground": false,
        "velocity": 222.82,
        "true_track": 163.36,
        "vertical_rate": 0,
        "geo_altitude": 11498.58,
        "squawk": "1000",
        "spi": false,
        "position_source": 0
      }
    },
    {
      "type": "Feature",
      "geometry": {
        "type": "Point",
        "coordinates": [
          8.9672,
          45.9953
        ]
      },
      "properties": {
        "icao24": "484556",
        "callsign": "KLM80Y",
        "origin_country": "Kingdom of the Netherlands",
        "time_position": 1786102046,
        "last_contact": 1786102046,
        "baro_altitude": 6400.8,
        "on_ground": false,
        "velocity": 182.01,
        "true_track": 334.38,
        "vertical_rate": 3.9,
        "geo_altitude": 6758.94,
        "squawk": "1000",
        "spi": false,
        "position_source": 0
      }
    },
    {
      "type": "Feature",
      "geometry": {
        "type": "Point",
        "coordinates": [
          12.4594,
          38.8561
        ]
      },
      "properties": {
        "icao24": "4ca9aa",
        "callsign": "RYR115V",
        "origin_country": "Ireland",
        "time_position": 1786102013,
        "last_contact": 1786102015,
        "baro_altitude": 4953,
        "on_ground": false,
        "velocity": 203.91,
        "true_track": 154.92,
        "vertical_rate": -11.38,
        "geo_altitude": 5295.9,
        "squawk": "5233",
        "spi": false,
        "position_source": 0
      }
    },
    {
      "type": "Feature",
      "geometry": {
        "type": "Point",
        "coordinates": [
          8.7155,
          45.6294
        ]
      },
      "properties": {
        "icao24": "4ca9d2",
        "callsign": "RYR57SC",
        "origin_country": "Ireland",
        "time_position": 1786102044,
        "last_contact": 1786102044,
        "baro_altitude": null,
        "on_ground": true,
        "velocity": 7.72,
        "true_track": 258.75,
        "vertical_rate": null,
        "geo_altitude": null,
        "squawk": "2222",
        "spi": false,
        "position_source": 0
      }
    },
    {
      "type": "Feature",
      "geometry": {
        "type": "Point",
        "coordinates": [
          9.2807,
          45.4346
        ]
      },
      "properties": {
        "icao24": "4ca9bd",
        "callsign": "ITY1185",
        "origin_country": "Ireland",
        "time_position": 1786102026,
        "last_contact": 1786102026,
        "baro_altitude": null,
        "on_ground": true,
        "velocity": 3.86,
        "true_track": 208.12,
        "vertical_rate": null,
        "geo_altitude": null,
        "squawk": null,
        "spi": false,
        "position_source": 0
      }
    },
    {
      "type": "Feature",
      "geometry": {
        "type": "Point",
        "coordinates": [
          8.5397,
          47.4756
        ]
      },
      "properties": {
        "icao24": "4b5c41",
        "callsign": "DIANA1",
        "origin_country": "Switzerland",
        "time_position": 1786101786,
        "last_contact": 1786101864,
        "baro_altitude": null,
        "on_ground": true,
        "velocity": 0.06,
        "true_track": 154.69,
        "vertical_rate": null,
        "geo_altitude": null,
        "squawk": null,
        "spi": false,
        "position_source": 0
      }
    },
    {
      "type": "Feature",
      "geometry": {
        "type": "Point",
        "coordinates": [
          8.5497,
          47.4478
        ]
      },
      "properties": {
        "icao24": "4b5c37",
        "callsign": "URSULA6",
        "origin_country": "Switzerland",
        "time_position": 1786102045,
        "last_contact": 1786102045,
        "baro_altitude": null,
        "on_ground": true,
        "velocity": 9.26,
        "true_track": 272.81,
        "vertical_rate": null,
        "geo_altitude": null,
        "squawk": null,
        "spi": false,
        "position_source": 0
      }
    },
    {
      "type": "Feature",
      "geometry": {
        "type": "Point",
        "coordinates": [
          8.5745,
          47.454
        ]
      },
      "properties": {
        "icao24": "4b5c1f",
        "callsign": "ZEBRA3",
        "origin_country": "Switzerland",
        "time_position": 1786101812,
        "last_contact": 1786101812,
        "baro_altitude": null,
        "on_ground": true,
        "velocity": 0.9,
        "true_track": 73.12,
        "vertical_rate": null,
        "geo_altitude": null,
        "squawk": null,
        "spi": false,
        "position_source": 0
      }
    },
    {
      "type": "Feature",
      "geometry": {
        "type": "Point",
        "coordinates": [
          9.27,
          36.9176
        ]
      },
      "properties": {
        "icao24": "0a00e5",
        "callsign": null,
        "origin_country": "Algeria",
        "time_position": 1786101865,
        "last_contact": 1786101865,
        "baro_altitude": 11277.6,
        "on_ground": false,
        "velocity": 240.36,
        "true_track": 80.64,
        "vertical_rate": 0,
        "geo_altitude": 11955.78,
        "squawk": null,
        "spi": false,
        "position_source": 0
      }
    },
    {
      "type": "Feature",
      "geometry": {
        "type": "Point",
        "coordinates": [
          8.555,
          47.443
        ]
      },
      "properties": {
        "icao24": "4b5c3a",
        "callsign": "ZEBRA5",
        "origin_country": "Switzerland",
        "time_position": 1786102019,
        "last_contact": 1786102034,
        "baro_altitude": null,
        "on_ground": true,
        "velocity": 2.06,
        "true_track": 61.88,
        "vertical_rate": null,
        "geo_altitude": null,
        "squawk": null,
        "spi": false,
        "position_source": 0
      }
    },
    {
      "type": "Feature",
      "geometry": {
        "type": "Point",
        "coordinates": [
          11.8392,
          40.7563
        ]
      },
      "properties": {
        "icao24": "4ca9cc",
        "callsign": "RYR75EU",
        "origin_country": "Ireland",
        "time_position": 1786102045,
        "last_contact": 1786102045,
        "baro_altitude": 8260.08,
        "on_ground": false,
        "velocity": 232.78,
        "true_track": 177.34,
        "vertical_rate": 5.2,
        "geo_altitude": 8770.62,
        "squawk": null,
        "spi": false,
        "position_source": 0
      }
    },
    {
      "type": "Feature",
      "geometry": {
        "type": "Point",
        "coordinates": [
          10.5408,
          40.7208
        ]
      },
      "properties": {
        "icao24": "490d0c",
        "callsign": "NJE852B",
        "origin_country": "Portugal",
        "time_position": 1786102044,
        "last_contact": 1786102045,
        "baro_altitude": 8839.2,
        "on_ground": false,
        "velocity": 237.11,
        "true_track": 98.36,
        "vertical_rate": -0.33,
        "geo_altitude": 9403.08,
        "squawk": null,
        "spi": false,
        "position_source": 0
      }
    },
    {
      "type": "Feature",
      "geometry": {
        "type": "Point",
        "coordinates": [
          9.4431,
          44.8935
        ]
      },
      "properties": {
        "icao24": "490d09",
        "callsign": "NJE725M",
        "origin_country": "Portugal",
        "time_position": 1786102045,
        "last_contact": 1786102046,
        "baro_altitude": 12192,
        "on_ground": false,
        "velocity": 245.49,
        "true_track": 39.73,
        "vertical_rate": 0,
        "geo_altitude": 12801.6,
        "squawk": "1000",
        "spi": false,
        "position_source": 0
      }
    },
    {
      "type": "Feature",
      "geometry": {
        "type": "Point",
        "coordinates": [
          7.1112,
          45.1711
        ]
      },
      "properties": {
        "icao24": "490d05",
        "callsign": "NJE894W",
        "origin_country": "Portugal",
        "time_position": 1786102046,
        "last_contact": 1786102046,
        "baro_altitude": 8717.28,
        "on_ground": false,
        "velocity": 235.45,
        "true_track": 114.94,
        "vertical_rate": 8.78,
        "geo_altitude": 9227.82,
        "squawk": "5733",
        "spi": false,
        "position_source": 0
      }
    },
    {
      "type": "Feature",
      "geometry": {
        "type": "Point",
        "coordinates": [
          11.814,
          41.9865
        ]
      },
      "properties": {
        "icao24": "440a84",
        "callsign": "AOJ4CL",
        "origin_country": "Austria",
        "time_position": 1786102045,
        "last_contact": 1786102046,
        "baro_altitude": 12496.8,
        "on_ground": false,
        "velocity": 231.2,
        "true_track": 109.36,
        "vertical_rate": 0,
        "geo_altitude": 13190.22,
        "squawk": "5670",
        "spi": false,
        "position_source": 0
      }
    },
    {
      "type": "Feature",
      "geometry": {
        "type": "Point",
        "coordinates": [
          9.701,
          40.9944
        ]
      },
      "properties": {
        "icao24": "43ea15",
        "callsign": "GZR614",
        "origin_country": "United Kingdom",
        "time_position": 1786101952,
        "last_contact": 1786101953,
        "baro_altitude": 868.68,
        "on_ground": false,
        "velocity": 83.62,
        "true_track": 235.53,
        "vertical_rate": -2.93,
        "geo_altitude": 967.74,
        "squawk": "3513",
        "spi": false,
        "position_source": 0
      }
    },
    {
      "type": "Feature",
      "geometry": {
        "type": "Point",
        "coordinates": [
          18.1104,
          43.6998
        ]
      },
      "properties": {
        "icao24": "4baac1",
        "callsign": "THY2WF",
        "origin_country": "Turkey",
        "time_position": 1786102043,
        "last_contact": 1786102043,
        "baro_altitude": 10972.8,
        "on_ground": false,
        "velocity": 226.72,
        "true_track": 277.43,
        "vertical_rate": 0,
        "geo_altitude": 11582.4,
        "squawk": "6524",
        "spi": false,
        "position_source": 0
      }
    },
    {
      "type": "Feature",
      "geometry": {
        "type": "Point",
        "coordinates": [
          9.1483,
          41.2511
        ]
      },
      "properties": {
        "icao24": "3cc57d",
        "callsign": "AMB368",
        "origin_country": "Germany",
        "time_position": 1786102045,
        "last_contact": 1786102045,
        "baro_altitude": 5471.16,
        "on_ground": false,
        "velocity": 165.47,
        "true_track": 338.86,
        "vertical_rate": 13.66,
        "geo_altitude": 5844.54,
        "squawk": null,
        "spi": false,
        "position_source": 0
      }
    },
    {
      "type": "Feature",
      "geometry": {
        "type": "Point",
        "coordinates": [
          13.9835,
          47.0211
        ]
      },
      "properties": {
        "icao24": "3cc57e",
        "callsign": "BID52B",
        "origin_country": "Germany",
        "time_position": 1786102045,
        "last_contact": 1786102046,
        "baro_altitude": 5798.82,
        "on_ground": false,
        "velocity": 134.69,
        "true_track": 132.83,
        "vertical_rate": 0,
        "geo_altitude": 6141.72,
        "squawk": "5436",
        "spi": false,
        "position_source": 0
      }
    },
    {
      "type": "Feature",
      "geometry": {
        "type": "Point",
        "coordinates": [
          13.8395,
          46.4571
        ]
      },
      "properties": {
        "icao24": "486804",
        "callsign": "KLM66B",
        "origin_country": "Kingdom of the Netherlands",
        "time_position": 1786102045,
        "last_contact": 1786102046,
        "baro_altitude": 5974.08,
        "on_ground": false,
        "velocity": 174.95,
        "true_track": 311.42,
        "vertical_rate": 2.93,
        "geo_altitude": 6324.6,
        "squawk": "1000",
        "spi": false,
        "position_source": 0
      }
    },
    {
      "type": "Feature",
      "geometry": {
        "type": "Point",
        "coordinates": [
          12.6016,
          41.7495
        ]
      },
      "properties": {
        "icao24": "4ca8e4",
        "callsign": "RYR6PA",
        "origin_country": "Ireland",
        "time_position": 1786102046,
        "last_contact": 1786102046,
        "baro_altitude": 952.5,
        "on_ground": false,
        "velocity": 92.89,
        "true_track": 236.75,
        "vertical_rate": 6.83,
        "geo_altitude": 1059.18,
        "squawk": null,
        "spi": false,
        "position_source": 0
      }
    },
    {
      "type": "Feature",
      "geometry": {
        "type": "Point",
        "coordinates": [
          6.887,
          43.1585
        ]
      },
      "properties": {
        "icao24": "3c61f3",
        "callsign": "VJH784",
        "origin_country": "Germany",
        "time_position": 1786102046,
        "last_contact": 1786102046,
        "baro_altitude": 3962.4,
        "on_ground": false,
        "velocity": 190.68,
        "true_track": 95.42,
        "vertical_rate": 0.33,
        "geo_altitude": 4267.2,
        "squawk": "4717",
        "spi": false,
        "position_source": 0
      }
    },
    {
      "type": "Feature",
      "geometry": {
        "type": "Point",
        "coordinates": [
          9.7524,
          44.1361
        ]
      },
      "properties": {
        "icao24": "4ca8f4",
        "callsign": "ITY1196",
        "origin_country": "Ireland",
        "time_position": 1786102045,
        "last_contact": 1786102045,
        "baro_altitude": 7856.22,
        "on_ground": false,
        "velocity": 222.34,
        "true_track": 328.63,
        "vertical_rate": -10.08,
        "geo_altitude": 8343.9,
        "squawk": "1000",
        "spi": false,
        "position_source": 0
      }
    },
    {
      "type": "Feature",
      "geometry": {
        "type": "Point",
        "coordinates": [
          18.988,
          44.6138
        ]
      },
      "properties": {
        "icao24": "4ca8af",
        "callsign": "RYR7GF",
        "origin_country": "Ireland",
        "time_position": 1786102044,
        "last_contact": 1786102045,
        "baro_altitude": 11582.4,
        "on_ground": false,
        "velocity": 222.77,
        "true_track": 281.73,
        "vertical_rate": 0,
        "geo_altitude": 12199.62,
        "squawk": "4131",
        "spi": false,
        "position_source": 0
      }
    },
    {
      "type": "Feature",
      "geometry": {
        "type": "Point",
        "coordinates": [
          8.556,
          47.452
        ]
      },
      "properties": {
        "icao24": "501e83",
        "callsign": null,
        "origin_country": "Croatia",
        "time_position": 1786102036,
        "last_contact": 1786102040,
        "baro_altitude": 365.76,
        "on_ground": true,
        "velocity": 0,
        "true_track": 337.5,
        "vertical_rate": null,
        "geo_altitude": null,
        "squawk": null,
        "spi": false,
        "position_source": 0
      }
    },
    {
      "type": "Feature",
      "geometry": {
        "type": "Point",
        "coordinates": [
          11.5811,
          46.6696
        ]
      },
      "properties": {
        "icao24": "4868ba",
        "callsign": "TRA1U",
        "origin_country": "Kingdom of the Netherlands",
        "time_position": 1786102046,
        "last_contact": 1786102046,
        "baro_altitude": 10988.04,
        "on_ground": false,
        "velocity": 225.7,
        "true_track": 317.22,
        "vertical_rate": 0.33,
        "geo_altitude": 11521.44,
        "squawk": "5502",
        "spi": false,
        "position_source": 0
      }
    },
    {
      "type": "Feature",
      "geometry": {
        "type": "Point",
        "coordinates": [
          17.2821,
          46.4956
        ]
      },
      "properties": {
        "icao24": "440b49",
        "callsign": "LDX12C",
        "origin_country": "Austria",
        "time_position": 1786102045,
        "last_contact": 1786102045,
        "baro_altitude": 10782.3,
        "on_ground": false,
        "velocity": 244.57,
        "true_track": 139.78,
        "vertical_rate": 5.2,
        "geo_altitude": 11330.94,
        "squawk": "7152",
        "spi": false,
        "position_source": 0
      }
    },
    {
      "type": "Feature",
      "geometry": {
        "type": "Point",
        "coordinates": [
          13.3175,
          42.553
        ]
      },
      "properties": {
        "icao24": "a1ecb9",
        "callsign": "LXJ223",
        "origin_country": "United States",
        "time_position": 1786102046,
        "last_contact": 1786102046,
        "baro_altitude": 12618.72,
        "on_ground": false,
        "velocity": 234.92,
        "true_track": 341.88,
        "vertical_rate": 4.88,
        "geo_altitude": 13312.14,
        "squawk": "1000",
        "spi": false,
        "position_source": 0
      }
    },
    {
      "type": "Feature",
      "geometry": {
        "type": "Point",
        "coordinates": [
          14.4189,
          42.5446
        ]
      },
      "properties": {
        "icao24": "4ca960",
        "callsign": "NOS5744",
        "origin_country": "Ireland",
        "time_position": 1786102044,
        "last_contact": 1786102045,
        "baro_altitude": 11582.4,
        "on_ground": false,
        "velocity": 230.32,
        "true_track": 311.56,
        "vertical_rate": 0,
        "geo_altitude": 12222.48,
        "squawk": "7741",
        "spi": false,
        "position_source": 0
      }
    },
    {
      "type": "Feature",
      "geometry": {
        "type": "Point",
        "coordinates": [
          12.1724,
          41.6537
        ]
      },
      "properties": {
        "icao24": "4a068c",
        "callsign": "ROT404R",
        "origin_country": "Romania",
        "time_position": 1786102046,
        "last_contact": 1786102046,
        "baro_altitude": 1234.44,
        "on_ground": false,
        "velocity": 89.05,
        "true_track": 178.01,
        "vertical_rate": 4.55,
        "geo_altitude": 1348.74,
        "squawk": null,
        "spi": false,
        "position_source": 0
      }
    },
    {
      "type": "Feature",
      "geometry": {
        "type": "Point",
        "coordinates": [
          7.8956,
          45.6841
        ]
      },
      "properties": {
        "icao24": "4498b0",
        "callsign": "OOFEP",
        "origin_country": "Belgium",
        "time_position": 1786102045,
        "last_contact": 1786102045,
        "baro_altitude": 7399.02,
        "on_ground": false,
        "velocity": 181.83,
        "true_track": 286.44,
        "vertical_rate": 7.8,
        "geo_altitude": 7818.12,
        "squawk": "1000",
        "spi": false,
        "position_source": 0
      }
    },
    {
      "type": "Feature",
      "geometry": {
        "type": "Point",
        "coordinates": [
          18.6722,
          46.5385
        ]
      },
      "properties": {
        "icao24": "486954",
        "callsign": "KLM54K",
        "origin_country": "Kingdom of the Netherlands",
        "time_position": 1786102046,
        "last_contact": 1786102046,
        "baro_altitude": 10614.66,
        "on_ground": false,
        "velocity": 224.83,
        "true_track": 315.74,
        "vertical_rate": 3.58,
        "geo_altitude": 11155.68,
        "squawk": "5142",
        "spi": false,
        "position_source": 0
      }
    },
    {
      "type": "Feature",
      "geometry": {
        "type": "Point",
        "coordinates": [
          16.8163,
          44.9007
        ]
      },
      "properties": {
        "icao24": "4bbd04",
        "callsign": "TKJ40R",
        "origin_country": "Turkey",
        "time_position": 1786102045,
        "last_contact": 1786102045,
        "baro_altitude": 11277.6,
        "on_ground": false,
        "velocity": 241.84,
        "true_track": 115.58,
        "vertical_rate": 0,
        "geo_altitude": 11871.96,
        "squawk": "3015",
        "spi": false,
        "position_source": 0
      }
    },
    {
      "type": "Feature",
      "geometry": {
        "type": "Point",
        "coordinates": [
          14.6437,
          46.7001
        ]
      },
      "properties": {
        "icao24": "4bbd01",
        "callsign": "TKJ21K",
        "origin_country": "Turkey",
        "time_position": 1786102046,
        "last_contact": 1786102046,
        "baro_altitude": 11277.6,
        "on_ground": false,
        "velocity": 240.82,
        "true_track": 129.54,
        "vertical_rate": 0,
        "geo_altitude": 11826.24,
        "squawk": "6426",
        "spi": false,
        "position_source": 0
      }
    },
    {
      "type": "Feature",
      "geometry": {
        "type": "Point",
        "coordinates": [
          11.2147,
          36.6508
        ]
      },
      "properties": {
        "icao24": "4a04e4",
        "callsign": "AWG4456",
        "origin_country": "Romania",
        "time_position": 1786102019,
        "last_contact": 1786102019,
        "baro_altitude": 6271.26,
        "on_ground": false,
        "velocity": 190.63,
        "true_track": 203.04,
        "vertical_rate": -7.15,
        "geo_altitude": 6713.22,
        "squawk": "3724",
        "spi": false,
        "position_source": 0
      }
    },
    {
      "type": "Feature",
      "geometry": {
        "type": "Point",
        "coordinates": [
          13.6607,
          45.754
        ]
      },
      "properties": {
        "icao24": "501db3",
        "callsign": "9ADWA",
        "origin_country": "Croatia",
        "time_position": 1786102045,
        "last_contact": 1786102045,
        "baro_altitude": 10919.46,
        "on_ground": false,
        "velocity": 213.72,
        "true_track": 353.78,
        "vertical_rate": -3.25,
        "geo_altitude": 11483.34,
        "squawk": "6575",
        "spi": false,
        "position_source": 0
      }
    },
    {
      "type": "Feature",
      "geometry": {
        "type": "Point",
        "coordinates": [
          16.5257,
          44.4905
        ]
      },
      "properties": {
        "icao24": "501dd1",
        "callsign": "CTN6H",
        "origin_country": "Croatia",
        "time_position": 1786102025,
        "last_contact": 1786102025,
        "baro_altitude": 4754.88,
        "on_ground": false,
        "velocity": 178.13,
        "true_track": 336.69,
        "vertical_rate": -4.55,
        "geo_altitude": 5227.32,
        "squawk": null,
        "spi": false,
        "position_source": 0
      }
    },
    {
      "type": "Feature",
      "geometry": {
        "type": "Point",
        "coordinates": [
          16.9073,
          47.3341
        ]
      },
      "properties": {
        "icao24": "4bbd16",
        "callsign": "TKJ8VB",
        "origin_country": "Turkey",
        "time_position": 1786102046,
        "last_contact": 1786102046,
        "baro_altitude": 6941.82,
        "on_ground": false,
        "velocity": 206.99,
        "true_track": 134.7,
        "vertical_rate": 9.75,
        "geo_altitude": 7322.82,
        "squawk": "7151",
        "spi": false,
        "position_source": 0
      }
    },
    {
      "type": "Feature",
      "geometry": {
        "type": "Point",
        "coordinates": [
          15.7039,
          46.8689
        ]
      },
      "properties": {
        "icao24": "4bbd15",
        "callsign": "TKJ90U",
        "origin_country": "Turkey",
        "time_position": 1786102045,
        "last_contact": 1786102045,
        "baro_altitude": 11277.6,
        "on_ground": false,
        "velocity": 245.9,
        "true_track": 100.49,
        "vertical_rate": 0,
        "geo_altitude": 11833.86,
        "squawk": "2260",
        "spi": false,
        "position_source": 0
      }
    },
    {
      "type": "Feature",
      "geometry": {
        "type": "Point",
        "coordinates": [
          10.6361,
          47.2608
        ]
      },
      "properties": {
        "icao24": "4ca7b5",
        "callsign": "RYR6DN",
        "origin_country": "Ireland",
        "time_position": 1786102045,
        "last_contact": 1786102046,
        "baro_altitude": 7254.24,
        "on_ground": false,
        "velocity": 227.01,
        "true_track": 163,
        "vertical_rate": 13.33,
        "geo_altitude": 7650.48,
        "squawk": "4363",
        "spi": false,
        "position_source": 0
      }
    },
    {
      "type": "Feature",
      "geometry": {
        "type": "Point",
        "coordinates": [
          11.2566,
          41.2954
        ]
      },
      "properties": {
        "icao24": "4ca7b3",
        "callsign": "RYR4916",
        "origin_country": "Ireland",
        "time_position": 1786102046,
        "last_contact": 1786102046,
        "baro_altitude": 11582.4,
        "on_ground": false,
        "velocity": 229.2,
        "true_track": 330.56,
        "vertical_rate": 0,
        "geo_altitude": 12245.34,
        "squawk": null,
        "spi": false,
        "position_source": 0
      }
    },
    {
      "type": "Feature",
      "geometry": {
        "type": "Point",
        "coordinates": [
          18.0297,
          47.4929
        ]
      },
      "properties": {
        "icao24": "49d5b4",
        "callsign": "ELI30D",
        "origin_country": "Czech Republic",
        "time_position": 1786102046,
        "last_contact": 1786102046,
        "baro_altitude": 13106.4,
        "on_ground": false,
        "velocity": 229.04,
        "true_track": 351.21,
        "vertical_rate": 0,
        "geo_altitude": 13693.14,
        "squawk": "4455",
        "spi": false,
        "position_source": 0
      }
    },
    {
      "type": "Feature",
      "geometry": {
        "type": "Point",
        "coordinates": [
          15.9125,
          40.5637
        ]
      },
      "properties": {
        "icao24": "4ca6f1",
        "callsign": "ITY719",
        "origin_country": "Ireland",
        "time_position": 1786102045,
        "last_contact": 1786102045,
        "baro_altitude": 11590.02,
        "on_ground": false,
        "velocity": 229.39,
        "true_track": 297.08,
        "vertical_rate": 0.33,
        "geo_altitude": 12260.58,
        "squawk": "7733",
        "spi": false,
        "position_source": 0
      }
    },
    {
      "type": "Feature",
      "geometry": {
        "type": "Point",
        "coordinates": [
          16.3945,
          43.9818
        ]
      },
      "properties": {
        "icao24": "49d5d6",
        "callsign": "TVS1PQ",
        "origin_country": "Czech Republic",
        "time_position": 1786102045,
        "last_contact": 1786102045,
        "baro_altitude": 10660.38,
        "on_ground": false,
        "velocity": 231.82,
        "true_track": 189.84,
        "vertical_rate": 0.33,
        "geo_altitude": 11239.5,
        "squawk": "1000",
        "spi": false,
        "position_source": 0
      }
    },
    {
      "type": "Feature",
      "geometry": {
        "type": "Point",
        "coordinates": [
          16.4215,
          43.5077
        ]
      },
      "properties": {
        "icao24": "44d2ab",
        "callsign": "JAF6VK",
        "origin_country": "Belgium",
        "time_position": 1786102039,
        "last_contact": 1786102042,
        "baro_altitude": 11887.2,
        "on_ground": false,
        "velocity": 235.44,
        "true_track": 124.32,
        "vertical_rate": 0,
        "geo_altitude": 12534.9,
        "squawk": "0105",
        "spi": false,
        "position_source": 0
      }
    },
    {
      "type": "Feature",
      "geometry": {
        "type": "Point",
        "coordinates": [
          11.3855,
          39.7299
        ]
      },
      "properties": {
        "icao24": "02a194",
        "callsign": "TAR499",
        "origin_country": "Tunisia",
        "time_position": 1786102046,
        "last_contact": 1786102046,
        "baro_altitude": 11277.6,
        "on_ground": false,
        "velocity": 234.35,
        "true_track": 186.05,
        "vertical_rate": 0,
        "geo_altitude": 11955.78,
        "squawk": "6672",
        "spi": false,
        "position_source": 0
      }
    },
    {
      "type": "Feature",
      "geometry": {
        "type": "Point",
        "coordinates": [
          10.9828,
          43.5205
        ]
      },
      "properties": {
        "icao24": "02a191",
        "callsign": "TAR895",
        "origin_country": "Tunisia",
        "time_position": 1786102045,
        "last_contact": 1786102046,
        "baro_altitude": 11285.22,
        "on_ground": false,
        "velocity": 234.62,
        "true_track": 190.1,
        "vertical_rate": 0,
        "geo_altitude": 11902.44,
        "squawk": "1122",
        "spi": false,
        "position_source": 0
      }
    },
    {
      "type": "Feature",
      "geometry": {
        "type": "Point",
        "coordinates": [
          7.3123,
          45.8259
        ]
      },
      "properties": {
        "icao24": "70606d",
        "callsign": "KAC161",
        "origin_country": "Kuwait",
        "time_position": 1786102045,
        "last_contact": 1786102046,
        "baro_altitude": 6865.62,
        "on_ground": false,
        "velocity": 206.64,
        "true_track": 293.63,
        "vertical_rate": -2.6,
        "geo_altitude": 7277.1,
        "squawk": "3242",
        "spi": false,
        "position_source": 0
      }
    },
    {
      "type": "Feature",
      "geometry": {
        "type": "Point",
        "coordinates": [
          7.2057,
          43.6508
        ]
      },
      "properties": {
        "icao24": "388261",
        "callsign": "MOUET2",
        "origin_country": "France",
        "time_position": 1786100412,
        "last_contact": 1786102044,
        "baro_altitude": null,
        "on_ground": true,
        "velocity": 1.54,
        "true_track": 0,
        "vertical_rate": null,
        "geo_altitude": null,
        "squawk": null,
        "spi": false,
        "position_source": 0
      }
    },
    {
      "type": "Feature",
      "geometry": {
        "type": "Point",
        "coordinates": [
          7.3804,
          47.3744
        ]
      },
      "properties": {
        "icao24": "501d20",
        "callsign": "CFG1DK",
        "origin_country": "Croatia",
        "time_position": 1786102045,
        "last_contact": 1786102045,
        "baro_altitude": 10668,
        "on_ground": false,
        "velocity": 210.99,
        "true_track": 224.8,
        "vertical_rate": 0,
        "geo_altitude": 11125.2,
        "squawk": "0121",
        "spi": false,
        "position_source": 0
      }
    },
    {
      "type": "Feature",
      "geometry": {
        "type": "Point",
        "coordinates": [
          9.9396,
          45.3579
        ]
      },
      "properties": {
        "icao24": "4ca80b",
        "callsign": "RYR52KD",
        "origin_country": "Ireland",
        "time_position": 1786102045,
        "last_contact": 1786102045,
        "baro_altitude": 4076.7,
        "on_ground": false,
        "velocity": 203.28,
        "true_track": 138.08,
        "vertical_rate": 10.73,
        "geo_altitude": 4335.78,
        "squawk": "3742",
        "spi": false,
        "position_source": 0
      }
    },
    {
      "type": "Feature",
      "geometry": {
        "type": "Point",
        "coordinates": [
          14.6748,
          37.4334
        ]
      },
      "properties": {
        "icao24": "4ca812",
        "callsign": "RYR26NW",
        "origin_country": "Ireland",
        "time_position": 1786102045,
        "last_contact": 1786102045,
        "baro_altitude": 1973.58,
        "on_ground": false,
        "velocity": 126.69,
        "true_track": 84.17,
        "vertical_rate": -7.15,
        "geo_altitude": 2156.46,
        "squawk": null,
        "spi": false,
        "position_source": 0
      }
    },
    {
      "type": "Feature",
      "geometry": {
        "type": "Point",
        "coordinates": [
          14.9017,
          45.3251
        ]
      },
      "properties": {
        "icao24": "501d18",
        "callsign": "CTN413",
        "origin_country": "Croatia",
        "time_position": 1786102045,
        "last_contact": 1786102045,
        "baro_altitude": 10050.78,
        "on_ground": false,
        "velocity": 234.18,
        "true_track": 149.94,
        "vertical_rate": -0.33,
        "geo_altitude": 10599.42,
        "squawk": "1000",
        "spi": false,
        "position_source": 0
      }
    },
    {
      "type": "Feature",
      "geometry": {
        "type": "Point",
        "coordinates": [
          17.3149,
          47.44
        ]
      },
      "properties": {
        "icao24": "70605c",
        "callsign": "KAC101",
        "origin_country": "Kuwait",
        "time_position": 1786102046,
        "last_contact": 1786102046,
        "baro_altitude": 10972.8,
        "on_ground": false,
        "velocity": 236.74,
        "true_track": 300.13,
        "vertical_rate": 0,
        "geo_altitude": 11513.82,
        "squawk": "2642",
        "spi": false,
        "position_source": 0
      }
    },
    {
      "type": "Feature",
      "geometry": {
        "type": "Point",
        "coordinates": [
          16.503,
          38.8797
        ]
      },
      "properties": {
        "icao24": "4ca760",
        "callsign": "RYR1Y",
        "origin_country": "Ireland",
        "time_position": 1786102045,
        "last_contact": 1786102045,
        "baro_altitude": 1424.94,
        "on_ground": false,
        "velocity": 103.89,
        "true_track": 325.29,
        "vertical_rate": -7.48,
        "geo_altitude": 1562.1,
        "squawk": "0015",
        "spi": false,
        "position_source": 0
      }
    },
    {
      "type": "Feature",
      "geometry": {
        "type": "Point",
        "coordinates": [
          18.3126,
          43.0162
        ]
      },
      "properties": {
        "icao24": "4bcde9",
        "callsign": "SXS4RN",
        "origin_country": "Turkey",
        "time_position": 1786101964,
        "last_contact": 1786101964,
        "baro_altitude": 11277.6,
        "on_ground": false,
        "velocity": 249,
        "true_track": 126.51,
        "vertical_rate": 0,
        "geo_altitude": 11917.68,
        "squawk": "6027",
        "spi": false,
        "position_source": 0
      }
    },
    {
      "type": "Feature",
      "geometry": {
        "type": "Point",
        "coordinates": [
          14.8515,
          46.0492
        ]
      },
      "properties": {
        "icao24": "4bcde6",
        "callsign": "SXS3WY",
        "origin_country": "Turkey",
        "time_position": 1786102046,
        "last_contact": 1786102046,
        "baro_altitude": 11582.4,
        "on_ground": false,
        "velocity": 222.49,
        "true_track": 307.96,
        "vertical_rate": -0.33,
        "geo_altitude": 12161.52,
        "squawk": "5604",
        "spi": false,
        "position_source": 0
      }
    },
    {
      "type": "Feature",
      "geometry": {
        "type": "Point",
        "coordinates": [
          14.3022,
          43.9829
        ]
      },
      "properties": {
        "icao24": "4bcdf6",
        "callsign": "SXS2QF",
        "origin_country": "Turkey",
        "time_position": 1786102045,
        "last_contact": 1786102045,
        "baro_altitude": 11582.4,
        "on_ground": false,
        "velocity": 219.07,
        "true_track": 293.68,
        "vertical_rate": 0,
        "geo_altitude": 12207.24,
        "squawk": "6525",
        "spi": false,
        "position_source": 0
      }
    },
    {
      "type": "Feature",
      "geometry": {
        "type": "Point",
        "coordinates": [
          16.5771,
          45.0253
        ]
      },
      "properties": {
        "icao24": "4bcdf2",
        "callsign": "SXS7JP",
        "origin_country": "Turkey",
        "time_position": 1786102045,
        "last_contact": 1786102045,
        "baro_altitude": 11277.6,
        "on_ground": false,
        "velocity": 241.64,
        "true_track": 131.46,
        "vertical_rate": -0.33,
        "geo_altitude": 11887.2,
        "squawk": "6423",
        "spi": false,
        "position_source": 0
      }
    },
    {
      "type": "Feature",
      "geometry": {
        "type": "Point",
        "coordinates": [
          17.6609,
          42.8927
        ]
      },
      "properties": {
        "icao24": "48664a",
        "callsign": "CND5X",
        "origin_country": "Kingdom of the Netherlands",
        "time_position": 1786102046,
        "last_contact": 1786102046,
        "baro_altitude": 10972.8,
        "on_ground": false,
        "velocity": 224.3,
        "true_track": 323.39,
        "vertical_rate": 0,
        "geo_altitude": 11582.4,
        "squawk": "5531",
        "spi": false,
        "position_source": 0
      }
    },
    {
      "type": "Feature",
      "geometry": {
        "type": "Point",
        "coordinates": [
          13.3254,
          47.7789
        ]
      },
      "properties": {
        "icao24": "486648",
        "callsign": "CND5299",
        "origin_country": "Kingdom of the Netherlands",
        "time_position": 1786102046,
        "last_contact": 1786102046,
        "baro_altitude": 10668,
        "on_ground": false,
        "velocity": 253.22,
        "true_track": 130.55,
        "vertical_rate": 0,
        "geo_altitude": 11155.68,
        "squawk": "0171",
        "spi": false,
        "position_source": 0
      }
    },
    {
      "type": "Feature",
      "geometry": {
        "type": "Point",
        "coordinates": [
          14.7622,
          46.9313
        ]
      },
      "properties": {
        "icao24": "4bcdf9",
        "callsign": "SXS3XF",
        "origin_country": "Turkey",
        "time_position": 1786102045,
        "last_contact": 1786102046,
        "baro_altitude": 10058.4,
        "on_ground": false,
        "velocity": 243.73,
        "true_track": 112.72,
        "vertical_rate": 0,
        "geo_altitude": 10568.94,
        "squawk": "6027",
        "spi": false,
        "position_source": 0
      }
    },
    {
      "type": "Feature",
      "geometry": {
        "type": "Point",
        "coordinates": [
          7.4006,
          43.6268
        ]
      },
      "properties": {
        "icao24": "394c14",
        "callsign": "AFR34EY",
        "origin_country": "France",
        "time_position": 1786102046,
        "last_contact": 1786102046,
        "baro_altitude": 800.1,
        "on_ground": false,
        "velocity": 85.18,
        "true_track": 304.17,
        "vertical_rate": -4.88,
        "geo_altitude": 906.78,
        "squawk": "1000",
        "spi": false,
        "position_source": 0
      }
    },
    {
      "type": "Feature",
      "geometry": {
        "type": "Point",
        "coordinates": [
          13.4858,
          45.8264
        ]
      },
      "properties": {
        "icao24": "4ca761",
        "callsign": "RYR12AV",
        "origin_country": "Ireland",
        "time_position": 1786102039,
        "last_contact": 1786102044,
        "baro_altitude": 15.24,
        "on_ground": true,
        "velocity": 0,
        "true_track": 0,
        "vertical_rate": null,
        "geo_altitude": null,
        "squawk": "0244",
        "spi": false,
        "position_source": 0
      }
    },
    {
      "type": "Feature",
      "geometry": {
        "type": "Point",
        "coordinates": [
          10.7553,
          39.7099
        ]
      },
      "properties": {
        "icao24": "394c19",
        "callsign": "AFR1285",
        "origin_country": "France",
        "time_position": 1786102043,
        "last_contact": 1786102044,
        "baro_altitude": 10972.8,
        "on_ground": false,
        "velocity": 232.53,
        "true_track": 0.13,
        "vertical_rate": 0,
        "geo_altitude": 11612.88,
        "squawk": null,
        "spi": false,
        "position_source": 0
      }
    },
    {
      "type": "Feature",
      "geometry": {
        "type": "Point",
        "coordinates": [
          16.9665,
          45.7153
        ]
      },
      "properties": {
        "icao24": "4bcdba",
        "callsign": "SXS5GX",
        "origin_country": "Turkey",
        "time_position": 1786102046,
        "last_contact": 1786102046,
        "baro_altitude": 10363.2,
        "on_ground": false,
        "velocity": 217.33,
        "true_track": 299.96,
        "vertical_rate": 0,
        "geo_altitude": 10919.46,
        "squawk": "6534",
        "spi": false,
        "position_source": 0
      }
    },
    {
      "type": "Feature",
      "geometry": {
        "type": "Point",
        "coordinates": [
          18.562,
          47.6038
        ]
      },
      "properties": {
        "icao24": "4bcdd2",
        "callsign": "SXS3HZ",
        "origin_country": "Turkey",
        "time_position": 1786102045,
        "last_contact": 1786102045,
        "baro_altitude": 8450.58,
        "on_ground": false,
        "velocity": 207.75,
        "true_track": 282.01,
        "vertical_rate": -10.08,
        "geo_altitude": 8907.78,
        "squawk": "5301",
        "spi": false,
        "position_source": 0
      }
    },
    {
      "type": "Feature",
      "geometry": {
        "type": "Point",
        "coordinates": [
          14.0324,
          39.957
        ]
      },
      "properties": {
        "icao24": "4ca738",
        "callsign": "RYR6FR",
        "origin_country": "Ireland",
        "time_position": 1786102045,
        "last_contact": 1786102045,
        "baro_altitude": 7879.08,
        "on_ground": false,
        "velocity": 224.95,
        "true_track": 20.34,
        "vertical_rate": -4.88,
        "geo_altitude": 8389.62,
        "squawk": null,
        "spi": false,
        "position_source": 0
      }
    },
    {
      "type": "Feature",
      "geometry": {
        "type": "Point",
        "coordinates": [
          8.2909,
          40.6281
        ]
      },
      "properties": {
        "icao24": "4ca73a",
        "callsign": "RYR4PH",
        "origin_country": "Ireland",
        "time_position": 1786101791,
        "last_contact": 1786101791,
        "baro_altitude": null,
        "on_ground": true,
        "velocity": 8.23,
        "true_track": 28.12,
        "vertical_rate": null,
        "geo_altitude": null,
        "squawk": "1000",
        "spi": false,
        "position_source": 0
      }
    },
    {
      "type": "Feature",
      "geometry": {
        "type": "Point",
        "coordinates": [
          14.6167,
          42.8126
        ]
      },
      "properties": {
        "icao24": "4ca740",
        "callsign": "RYR30AP",
        "origin_country": "Ireland",
        "time_position": 1786102046,
        "last_contact": 1786102046,
        "baro_altitude": 4716.78,
        "on_ground": false,
        "velocity": 203.42,
        "true_track": 60.45,
        "vertical_rate": 15.61,
        "geo_altitude": 5013.96,
        "squawk": null,
        "spi": false,
        "position_source": 0
      }
    },
    {
      "type": "Feature",
      "geometry": {
        "type": "Point",
        "coordinates": [
          7.6138,
          40.6347
        ]
      },
      "properties": {
        "icao24": "4ca798",
        "callsign": "ITY077",
        "origin_country": "Ireland",
        "time_position": 1786102045,
        "last_contact": 1786102045,
        "baro_altitude": 10972.8,
        "on_ground": false,
        "velocity": 244.89,
        "true_track": 90.6,
        "vertical_rate": -0.65,
        "geo_altitude": 11643.36,
        "squawk": "1000",
        "spi": false,
        "position_source": 0
      }
    },
    {
      "type": "Feature",
      "geometry": {
        "type": "Point",
        "coordinates": [
          11.8366,
          41.7897
        ]
      },
      "properties": {
        "icao24": "394c0c",
        "callsign": "AFR63QB",
        "origin_country": "France",
        "time_position": 1786102045,
        "last_contact": 1786102045,
        "baro_altitude": 2537.46,
        "on_ground": false,
        "velocity": 149.71,
        "true_track": 269.61,
        "vertical_rate": 10.73,
        "geo_altitude": 2735.58,
        "squawk": null,
        "spi": false,
        "position_source": 0
      }
    },
    {
      "type": "Feature",
      "geometry": {
        "type": "Point",
        "coordinates": [
          9.2536,
          47.6951
        ]
      },
      "properties": {
        "icao24": "3f22cc",
        "callsign": "DLZBW",
        "origin_country": "Germany",
        "time_position": 1786102045,
        "last_contact": 1786102045,
        "baro_altitude": 670.56,
        "on_ground": false,
        "velocity": 22.13,
        "true_track": 287.59,
        "vertical_rate": -0.98,
        "geo_altitude": 792.48,
        "squawk": "7000",
        "spi": false,
        "position_source": 0
      }
    },
    {
      "type": "Feature",
      "geometry": {
        "type": "Point",
        "coordinates": [
          8.7492,
          47.089
        ]
      },
      "properties": {
        "icao24": "4b7f43",
        "callsign": "SUI548",
        "origin_country": "Switzerland",
        "time_position": 1786102045,
        "last_contact": 1786102045,
        "baro_altitude": 3215.64,
        "on_ground": false,
        "velocity": 158.1,
        "true_track": 2.61,
        "vertical_rate": -11.05,
        "geo_altitude": 3444.24,
        "squawk": "6273",
        "spi": false,
        "position_source": 0
      }
    },
    {
      "type": "Feature",
      "geometry": {
        "type": "Point",
        "coordinates": [
          11.9127,
          44.2841
        ]
      },
      "properties": {
        "icao24": "491d84",
        "callsign": "NJE741L",
        "origin_country": "Portugal",
        "time_position": 1786102045,
        "last_contact": 1786102045,
        "baro_altitude": 7818.12,
        "on_ground": false,
        "velocity": 232.26,
        "true_track": 187.13,
        "vertical_rate": -6.18,
        "geo_altitude": 8282.94,
        "squawk": "1124",
        "spi": false,
        "position_source": 0
      }
    },
    {
      "type": "Feature",
      "geometry": {
        "type": "Point",
        "coordinates": [
          11.0569,
          44.8179
        ]
      },
      "properties": {
        "icao24": "491d81",
        "callsign": "NJE397L",
        "origin_country": "Portugal",
        "time_position": 1786102045,
        "last_contact": 1786102045,
        "baro_altitude": 10050.78,
        "on_ground": false,
        "velocity": 247.62,
        "true_track": 202.09,
        "vertical_rate": 0,
        "geo_altitude": 10584.18,
        "squawk": "1000",
        "spi": false,
        "position_source": 0
      }
    },
    {
      "type": "Feature",
      "geometry": {
        "type": "Point",
        "coordinates": [
          7.5043,
          46.9102
        ]
      },
      "properties": {
        "icao24": "4b7f4c",
        "callsign": "SUI785",
        "origin_country": "Switzerland",
        "time_position": 1786102000,
        "last_contact": 1786102009,
        "baro_altitude": null,
        "on_ground": true,
        "velocity": 0,
        "true_track": 140.62,
        "vertical_rate": null,
        "geo_altitude": null,
        "squawk": "6255",
        "spi": false,
        "position_source": 0
      }
    },
    {
      "type": "Feature",
      "geometry": {
        "type": "Point",
        "coordinates": [
          13.6207,
          45.1342
        ]
      },
      "properties": {
        "icao24": "4853d4",
        "callsign": "TRA908P",
        "origin_country": "Kingdom of the Netherlands",
        "time_position": 1786102045,
        "last_contact": 1786102046,
        "baro_altitude": 11582.4,
        "on_ground": false,
        "velocity": 225.71,
        "true_track": 318.97,
        "vertical_rate": 0,
        "geo_altitude": 12169.14,
        "squawk": "5532",
        "spi": false,
        "position_source": 0
      }
    },
    {
      "type": "Feature",
      "geometry": {
        "type": "Point",
        "coordinates": [
          7.1189,
          40.4347
        ]
      },
      "properties": {
        "icao24": "341682",
        "callsign": "IBS18UY",
        "origin_country": "Spain",
        "time_position": 1786102046,
        "last_contact": 1786102046,
        "baro_altitude": 10972.8,
        "on_ground": false,
        "velocity": 241.84,
        "true_track": 76.97,
        "vertical_rate": 0.33,
        "geo_altitude": 11635.74,
        "squawk": "1000",
        "spi": false,
        "position_source": 0
      }
    },
    {
      "type": "Feature",
      "geometry": {
        "type": "Point",
        "coordinates": [
          14.1795,
          47.3563
        ]
      },
      "properties": {
        "icao24": "501c15",
        "callsign": "CFG2JH",
        "origin_country": "Croatia",
        "time_position": 1786102046,
        "last_contact": 1786102046,
        "baro_altitude": 10972.8,
        "on_ground": false,
        "velocity": 222.33,
        "true_track": 318.56,
        "vertical_rate": -0.33,
        "geo_altitude": 11506.2,
        "squawk": "6621",
        "spi": false,
        "position_source": 0
      }
    },
    {
      "type": "Feature",
      "geometry": {
        "type": "Point",
        "coordinates": [
          15.9127,
          45.8399
        ]
      },
      "properties": {
        "icao24": "501c43",
        "callsign": "CTN481",
        "origin_country": "Croatia",
        "time_position": 1786102045,
        "last_contact": 1786102045,
        "baro_altitude": 2667,
        "on_ground": false,
        "velocity": 145.95,
        "true_track": 223.14,
        "vertical_rate": -7.8,
        "geo_altitude": 2872.74,
        "squawk": "4531",
        "spi": false,
        "position_source": 0
      }
    },
    {
      "type": "Feature",
      "geometry": {
        "type": "Point",
        "coordinates": [
          11.4773,
          41.2984
        ]
      },
      "properties": {
        "icao24": "ae29fc",
        "callsign": "VM205",
        "origin_country": "United States",
        "time_position": 1786102045,
        "last_contact": 1786102045,
        "baro_altitude": 6705.6,
        "on_ground": false,
        "velocity": 140.6,
        "true_track": 250.11,
        "vertical_rate": 0,
        "geo_altitude": 7132.32,
        "squawk": null,
        "spi": false,
        "position_source": 0
      }
    },
    {
      "type": "Feature",
      "geometry": {
        "type": "Point",
        "coordinates": [
          18.3409,
          47.5713
        ]
      },
      "properties": {
        "icao24": "4bce47",
        "callsign": "SXS41C",
        "origin_country": "Turkey",
        "time_position": 1786102045,
        "last_contact": 1786102045,
        "baro_altitude": 7818.12,
        "on_ground": false,
        "velocity": 208.59,
        "true_track": 287.36,
        "vertical_rate": -10.4,
        "geo_altitude": 8260.08,
        "squawk": "5361",
        "spi": false,
        "position_source": 0
      }
    },
    {
      "type": "Feature",
      "geometry": {
        "type": "Point",
        "coordinates": [
          11.7261,
          44.5156
        ]
      },
      "properties": {
        "icao24": "70612d",
        "callsign": "JZR11",
        "origin_country": "Kuwait",
        "time_position": 1786102046,
        "last_contact": 1786102046,
        "baro_altitude": 9395.46,
        "on_ground": false,
        "velocity": 225.41,
        "true_track": 274.19,
        "vertical_rate": -7.48,
        "geo_altitude": 9921.24,
        "squawk": "7241",
        "spi": false,
        "position_source": 0
      }
    },
    {
      "type": "Feature",
      "geometry": {
        "type": "Point",
        "coordinates": [
          13.281,
          45.4867
        ]
      },
      "properties": {
        "icao24": "501c4b",
        "callsign": "CTN76H",
        "origin_country": "Croatia",
        "time_position": 1786102045,
        "last_contact": 1786102045,
        "baro_altitude": 10972.8,
        "on_ground": false,
        "velocity": 221.91,
        "true_track": 314.44,
        "vertical_rate": 0,
        "geo_altitude": 11529.06,
        "squawk": "1000",
        "spi": false,
        "position_source": 0
      }
    },
    {
      "type": "Feature",
      "geometry": {
        "type": "Point",
        "coordinates": [
          17.8967,
          42.5511
        ]
      },
      "properties": {
        "icao24": "501c4a",
        "callsign": "CTN756R",
        "origin_country": "Croatia",
        "time_position": 1786102045,
        "last_contact": 1786102045,
        "baro_altitude": 4061.46,
        "on_ground": false,
        "velocity": 171.72,
        "true_track": 309.65,
        "vertical_rate": 12.68,
        "geo_altitude": 4312.92,
        "squawk": null,
        "spi": false,
        "position_source": 0
      }
    },
    {
      "type": "Feature",
      "geometry": {
        "type": "Point",
        "coordinates": [
          12.6241,
          45.0679
        ]
      },
      "properties": {
        "icao24": "501c59",
        "callsign": "CTN29F",
        "origin_country": "Croatia",
        "time_position": 1786102045,
        "last_contact": 1786102046,
        "baro_altitude": 9448.8,
        "on_ground": false,
        "velocity": 246.3,
        "true_track": 103.78,
        "vertical_rate": 0,
        "geo_altitude": 9951.72,
        "squawk": "1000",
        "spi": false,
        "position_source": 0
      }
    },
    {
      "type": "Feature",
      "geometry": {
        "type": "Point",
        "coordinates": [
          13.4891,
          45.1642
        ]
      },
      "properties": {
        "icao24": "a7a08a",
        "callsign": "UAL385",
        "origin_country": "United States",
        "time_position": 1786102046,
        "last_contact": 1786102046,
        "baro_altitude": 11277.6,
        "on_ground": false,
        "velocity": 253.31,
        "true_track": 126.66,
        "vertical_rate": 0,
        "geo_altitude": 11818.62,
        "squawk": "5220",
        "spi": false,
        "position_source": 0
      }
    },
    {
      "type": "Feature",
      "geometry": {
        "type": "Point",
        "coordinates": [
          7.5871,
          45.5332
        ]
      },
      "properties": {
        "icao24": "48ea6e",
        "callsign": "SJI2",
        "origin_country": "Poland",
        "time_position": 1786102045,
        "last_contact": 1786102045,
        "baro_altitude": 9753.6,
        "on_ground": false,
        "velocity": 204.07,
        "true_track": 314.9,
        "vertical_rate": 0,
        "geo_altitude": 10256.52,
        "squawk": "5774",
        "spi": false,
        "position_source": 0
      }
    },
    {
      "type": "Feature",
      "geometry": {
        "type": "Point",
        "coordinates": [
          16.3205,
          44.3753
        ]
      },
      "properties": {
        "icao24": "4bcda2",
        "callsign": "SXS6DN",
        "origin_country": "Turkey",
        "time_position": 1786102035,
        "last_contact": 1786102045,
        "baro_altitude": 11887.2,
        "on_ground": false,
        "velocity": 245.92,
        "true_track": 120,
        "vertical_rate": 0.33,
        "geo_altitude": 12527.28,
        "squawk": "5255",
        "spi": false,
        "position_source": 0
      }
    },
    {
      "type": "Feature",
      "geometry": {
        "type": "Point",
        "coordinates": [
          16.8616,
          38.064
        ]
      },
      "properties": {
        "icao24": "501c08",
        "callsign": "ISR335",
        "origin_country": "Croatia",
        "time_position": 1786102045,
        "last_contact": 1786102046,
        "baro_altitude": 10972.8,
        "on_ground": false,
        "velocity": 226.15,
        "true_track": 287.61,
        "vertical_rate": 0,
        "geo_altitude": 11635.74,
        "squawk": null,
        "spi": false,
        "position_source": 0
      }
    },
    {
      "type": "Feature",
      "geometry": {
        "type": "Point",
        "coordinates": [
          16.6385,
          46.1177
        ]
      },
      "properties": {
        "icao24": "501c05",
        "callsign": "9ADMB",
        "origin_country": "Croatia",
        "time_position": 1786102046,
        "last_contact": 1786102046,
        "baro_altitude": 1501.14,
        "on_ground": false,
        "velocity": 40.73,
        "true_track": 62.14,
        "vertical_rate": 0.33,
        "geo_altitude": 1630.68,
        "squawk": "3660",
        "spi": false,
        "position_source": 0
      }
    },
    {
      "type": "Feature",
      "geometry": {
        "type": "Point",
        "coordinates": [
          15.5314,
          46.775
        ]
      },
      "properties": {
        "icao24": "4243c4",
        "callsign": "AZG8588",
        "origin_country": "United Kingdom",
        "time_position": 1786102046,
        "last_contact": 1786102046,
        "baro_altitude": 10035.54,
        "on_ground": false,
        "velocity": 261.32,
        "true_track": 122.38,
        "vertical_rate": 0,
        "geo_altitude": 10568.94,
        "squawk": "7651",
        "spi": false,
        "position_source": 0
      }
    },
    {
      "type": "Feature",
      "geometry": {
        "type": "Point",
        "coordinates": [
          6.2377,
          46.6781
        ]
      },
      "properties": {
        "icao24": "4ca63a",
        "callsign": "EIN4TH",
        "origin_country": "Ireland",
        "time_position": 1786102045,
        "last_contact": 1786102046,
        "baro_altitude": 10972.8,
        "on_ground": false,
        "velocity": 211.44,
        "true_track": 320.03,
        "vertical_rate": 0,
        "geo_altitude": 11498.58,
        "squawk": "5710",
        "spi": false,
        "position_source": 0
      }
    },
    {
      "type": "Feature",
      "geometry": {
        "type": "Point",
        "coordinates": [
          8.7341,
          45.6164
        ]
      },
      "properties": {
        "icao24": "4ca646",
        "callsign": "RYR227P",
        "origin_country": "Ireland",
        "time_position": 1786102045,
        "last_contact": 1786102045,
        "baro_altitude": null,
        "on_ground": true,
        "velocity": 5.4,
        "true_track": 84.38,
        "vertical_rate": null,
        "geo_altitude": null,
        "squawk": "7444",
        "spi": false,
        "position_source": 0
      }
    },
    {
      "type": "Feature",
      "geometry": {
        "type": "Point",
        "coordinates": [
          14.0753,
          36.091
        ]
      },
      "properties": {
        "icao24": "4ca647",
        "callsign": "RYR2PY",
        "origin_country": "Ireland",
        "time_position": 1786102045,
        "last_contact": 1786102045,
        "baro_altitude": 5737.86,
        "on_ground": false,
        "velocity": 200.82,
        "true_track": 330.87,
        "vertical_rate": 9.75,
        "geo_altitude": 6073.14,
        "squawk": "6564",
        "spi": false,
        "position_source": 0
      }
    },
    {
      "type": "Feature",
      "geometry": {
        "type": "Point",
        "coordinates": [
          17.0238,
          47.7323
        ]
      },
      "properties": {
        "icao24": "49d62e",
        "callsign": "OKCTP",
        "origin_country": "Czech Republic",
        "time_position": 1786102046,
        "last_contact": 1786102046,
        "baro_altitude": 3093.72,
        "on_ground": false,
        "velocity": 116.46,
        "true_track": 279.92,
        "vertical_rate": -8.13,
        "geo_altitude": 3314.7,
        "squawk": "1755",
        "spi": false,
        "position_source": 0
      }
    },
    {
      "type": "Feature",
      "geometry": {
        "type": "Point",
        "coordinates": [
          8.7208,
          45.6213
        ]
      },
      "properties": {
        "icao24": "49d63b",
        "callsign": "TVS56J",
        "origin_country": "Czech Republic",
        "time_position": 1786102041,
        "last_contact": 1786102046,
        "baro_altitude": null,
        "on_ground": true,
        "velocity": 0,
        "true_track": 78.75,
        "vertical_rate": null,
        "geo_altitude": null,
        "squawk": "0226",
        "spi": false,
        "position_source": 0
      }
    },
    {
      "type": "Feature",
      "geometry": {
        "type": "Point",
        "coordinates": [
          6.9618,
          43.9041
        ]
      },
      "properties": {
        "icao24": "49d65e",
        "callsign": "AAO54",
        "origin_country": "Czech Republic",
        "time_position": 1786102045,
        "last_contact": 1786102045,
        "baro_altitude": 6096,
        "on_ground": false,
        "velocity": 93.74,
        "true_track": 347.64,
        "vertical_rate": 3.9,
        "geo_altitude": 6492.24,
        "squawk": "6753",
        "spi": false,
        "position_source": 0
      }
    },
    {
      "type": "Feature",
      "geometry": {
        "type": "Point",
        "coordinates": [
          13.8844,
          47.4747
        ]
      },
      "properties": {
        "icao24": "49d675",
        "callsign": "ELI30B",
        "origin_country": "Czech Republic",
        "time_position": 1786102046,
        "last_contact": 1786102046,
        "baro_altitude": 13106.4,
        "on_ground": false,
        "velocity": 253.11,
        "true_track": 49.12,
        "vertical_rate": 0,
        "geo_altitude": 13685.52,
        "squawk": "1000",
        "spi": false,
        "position_source": 0
      }
    },
    {
      "type": "Feature",
      "geometry": {
        "type": "Point",
        "coordinates": [
          6.5806,
          46.4775
        ]
      },
      "properties": {
        "icao24": "02a181",
        "callsign": "TAR955",
        "origin_country": "Tunisia",
        "time_position": 1786102045,
        "last_contact": 1786102045,
        "baro_altitude": 11894.82,
        "on_ground": false,
        "velocity": 238.53,
        "true_track": 169.56,
        "vertical_rate": 0,
        "geo_altitude": 12443.46,
        "squawk": "0104",
        "spi": false,
        "position_source": 0
      }
    },
    {
      "type": "Feature",
      "geometry": {
        "type": "Point",
        "coordinates": [
          6.0235,
          46.1796
        ]
      },
      "properties": {
        "icao24": "4852f4",
        "callsign": "KLM65A",
        "origin_country": "Kingdom of the Netherlands",
        "time_position": 1786102043,
        "last_contact": 1786102043,
        "baro_altitude": 777.24,
        "on_ground": false,
        "velocity": 84.04,
        "true_track": 45.74,
        "vertical_rate": -3.9,
        "geo_altitude": 998.22,
        "squawk": "1000",
        "spi": false,
        "position_source": 0
      }
    },
    {
      "type": "Feature",
      "geometry": {
        "type": "Point",
        "coordinates": [
          14.1367,
          47.3992
        ]
      },
      "properties": {
        "icao24": "4bce0a",
        "callsign": "SXS7BN",
        "origin_country": "Turkey",
        "time_position": 1786102046,
        "last_contact": 1786102046,
        "baro_altitude": 8846.82,
        "on_ground": false,
        "velocity": 223.64,
        "true_track": 302.41,
        "vertical_rate": -8.13,
        "geo_altitude": 9319.26,
        "squawk": "3401",
        "spi": false,
        "position_source": 0
      }
    },
    {
      "type": "Feature",
      "geometry": {
        "type": "Point",
        "coordinates": [
          11.367,
          46.1262
        ]
      },
      "properties": {
        "icao24": "4852f6",
        "callsign": "KLM70P",
        "origin_country": "Kingdom of the Netherlands",
        "time_position": 1786102046,
        "last_contact": 1786102046,
        "baro_altitude": 10378.44,
        "on_ground": false,
        "velocity": 196.32,
        "true_track": 354.74,
        "vertical_rate": 4.55,
        "geo_altitude": 10896.6,
        "squawk": "1000",
        "spi": false,
        "position_source": 0
      }
    },
    {
      "type": "Feature",
      "geometry": {
        "type": "Point",
        "coordinates": [
          12.5449,
          41.6049
        ]
      },
      "properties": {
        "icao24": "3cc1c8",
        "callsign": "AWH32Y",
        "origin_country": "Germany",
        "time_position": 1786102045,
        "last_contact": 1786102045,
        "baro_altitude": 12062.46,
        "on_ground": false,
        "velocity": 217.22,
        "true_track": 252.64,
        "vertical_rate": 2.28,
        "geo_altitude": 12717.78,
        "squawk": null,
        "spi": false,
        "position_source": 0
      }
    },
    {
      "type": "Feature",
      "geometry": {
        "type": "Point",
        "coordinates": [
          8.051,
          44.7901
        ]
      },
      "properties": {
        "icao24": "46866b",
        "callsign": "AEZ2228",
        "origin_country": "Greece",
        "time_position": 1786102045,
        "last_contact": 1786102045,
        "baro_altitude": 3002.28,
        "on_ground": false,
        "velocity": 125.31,
        "true_track": 302.25,
        "vertical_rate": -5.2,
        "geo_altitude": 3230.88,
        "squawk": "7042",
        "spi": false,
        "position_source": 0
      }
    },
    {
      "type": "Feature",
      "geometry": {
        "type": "Point",
        "coordinates": [
          11.7217,
          46.5131
        ]
      },
      "properties": {
        "icao24": "479301",
        "callsign": "WIF8Z",
        "origin_country": "Norway",
        "time_position": 1786102046,
        "last_contact": 1786102046,
        "baro_altitude": 9144,
        "on_ground": false,
        "velocity": 220.18,
        "true_track": 333.2,
        "vertical_rate": 0.33,
        "geo_altitude": 9646.92,
        "squawk": "6624",
        "spi": false,
        "position_source": 0
      }
    },
    {
      "type": "Feature",
      "geometry": {
        "type": "Point",
        "coordinates": [
          15.4039,
          45.8206
        ]
      },
      "properties": {
        "icao24": "8940c2",
        "callsign": "GFA018",
        "origin_country": "Bahrain",
        "time_position": 1786102045,
        "last_contact": 1786102045,
        "baro_altitude": 10050.78,
        "on_ground": false,
        "velocity": 246.2,
        "true_track": 115.76,
        "vertical_rate": 0,
        "geo_altitude": 10591.8,
        "squawk": "2210",
        "spi": false,
        "position_source": 0
      }
    },
    {
      "type": "Feature",
      "geometry": {
        "type": "Point",
        "coordinates": [
          12.8839,
          35.9695
        ]
      },
      "properties": {
        "icao24": "4ab483",
        "callsign": "DTR85M",
        "origin_country": "Sweden",
        "time_position": 1786102045,
        "last_contact": 1786102045,
        "baro_altitude": 3566.16,
        "on_ground": false,
        "velocity": 104.54,
        "true_track": 10.2,
        "vertical_rate": 4.23,
        "geo_altitude": 3810,
        "squawk": "3764",
        "spi": false,
        "position_source": 0
      }
    },
    {
      "type": "Feature",
      "geometry": {
        "type": "Point",
        "coordinates": [
          9.285,
          45.3707
        ]
      },
      "properties": {
        "icao24": "40631b",
        "callsign": "EZY41PQ",
        "origin_country": "United Kingdom",
        "time_position": 1786102045,
        "last_contact": 1786102045,
        "baro_altitude": 449.58,
        "on_ground": false,
        "velocity": 77.37,
        "true_track": 355.81,
        "vertical_rate": -2.93,
        "geo_altitude": 541.02,
        "squawk": "2705",
        "spi": false,
        "position_source": 0
      }
    },
    {
      "type": "Feature",
      "geometry": {
        "type": "Point",
        "coordinates": [
          13.0816,
          42.8791
        ]
      },
      "properties": {
        "icao24": "aab202",
        "callsign": "AAL325",
        "origin_country": "United States",
        "time_position": 1786102045,
        "last_contact": 1786102046,
        "baro_altitude": 10363.2,
        "on_ground": false,
        "velocity": 242.81,
        "true_track": 300.42,
        "vertical_rate": 0,
        "geo_altitude": 10965.18,
        "squawk": "5517",
        "spi": false,
        "position_source": 0
      }
    },
    {
      "type": "Feature",
      "geometry": {
        "type": "Point",
        "coordinates": [
          7.3009,
          46.1092
        ]
      },
      "properties": {
        "icao24": "3950cf",
        "callsign": "AFR74EP",
        "origin_country": "France",
        "time_position": 1786102045,
        "last_contact": 1786102045,
        "baro_altitude": 10965.18,
        "on_ground": false,
        "velocity": 213.02,
        "true_track": 303.57,
        "vertical_rate": 0,
        "geo_altitude": 11490.96,
        "squawk": "1000",
        "spi": false,
        "position_source": 0
      }
    },
    {
      "type": "Feature",
      "geometry": {
        "type": "Point",
        "coordinates": [
          17.4876,
          42.911
        ]
      },
      "properties": {
        "icao24": "76cda3",
        "callsign": "SIA387",
        "origin_country": "Singapore",
        "time_position": 1786102045,
        "last_contact": 1786102045,
        "baro_altitude": 10668,
        "on_ground": false,
        "velocity": 270.46,
        "true_track": 77.36,
        "vertical_rate": 0,
        "geo_altitude": 11254.74,
        "squawk": "1274",
        "spi": false,
        "position_source": 0
      }
    },
    {
      "type": "Feature",
      "geometry": {
        "type": "Point",
        "coordinates": [
          10.1928,
          45.384
        ]
      },
      "properties": {
        "icao24": "76cda6",
        "callsign": "SIA355",
        "origin_country": "Singapore",
        "time_position": 1786102045,
        "last_contact": 1786102046,
        "baro_altitude": 6233.16,
        "on_ground": false,
        "velocity": 233.43,
        "true_track": 99.9,
        "vertical_rate": 4.88,
        "geo_altitude": 6591.3,
        "squawk": "0445",
        "spi": false,
        "position_source": 0
      }
    },
    {
      "type": "Feature",
      "geometry": {
        "type": "Point",
        "coordinates": [
          8.3721,
          46.9568
        ]
      },
      "properties": {
        "icao24": "4b1b86",
        "callsign": "HBKLA",
        "origin_country": "Switzerland",
        "time_position": 1786102046,
        "last_contact": 1786102046,
        "baro_altitude": 982.98,
        "on_ground": false,
        "velocity": 51.6,
        "true_track": 69.58,
        "vertical_rate": 1.63,
        "geo_altitude": 1112.52,
        "squawk": null,
        "spi": false,
        "position_source": 0
      }
    },
    {
      "type": "Feature",
      "geometry": {
        "type": "Point",
        "coordinates": [
          9.0438,
          47.5743
        ]
      },
      "properties": {
        "icao24": "4b1b6e",
        "callsign": null,
        "origin_country": "Switzerland",
        "time_position": 1786102007,
        "last_contact": 1786102007,
        "baro_altitude": null,
        "on_ground": true,
        "velocity": 0.9,
        "true_track": 272.81,
        "vertical_rate": null,
        "geo_altitude": null,
        "squawk": null,
        "spi": false,
        "position_source": 0
      }
    },
    {
      "type": "Feature",
      "geometry": {
        "type": "Point",
        "coordinates": [
          9.2468,
          43.1006
        ]
      },
      "properties": {
        "icao24": "c0174f",
        "callsign": "ACA891",
        "origin_country": "Canada",
        "time_position": 1786102045,
        "last_contact": 1786102045,
        "baro_altitude": 9753.6,
        "on_ground": false,
        "velocity": 240.16,
        "true_track": 291.62,
        "vertical_rate": 0,
        "geo_altitude": 10317.48,
        "squawk": "4011",
        "spi": false,
        "position_source": 0
      }
    },
    {
      "type": "Feature",
      "geometry": {
        "type": "Point",
        "coordinates": [
          9.0005,
          47.5242
        ]
      },
      "properties": {
        "icao24": "4b1b89",
        "callsign": "HBKLD",
        "origin_country": "Switzerland",
        "time_position": 1786102031,
        "last_contact": 1786102031,
        "baro_altitude": null,
        "on_ground": true,
        "velocity": 0,
        "true_track": 244.69,
        "vertical_rate": null,
        "geo_altitude": null,
        "squawk": null,
        "spi": false,
        "position_source": 0
      }
    },
    {
      "type": "Feature",
      "geometry": {
        "type": "Point",
        "coordinates": [
          7.5293,
          47.5991
        ]
      },
      "properties": {
        "icao24": "389dff",
        "callsign": "COBRA02",
        "origin_country": "France",
        "time_position": 1786102026,
        "last_contact": 1786102029,
        "baro_altitude": null,
        "on_ground": true,
        "velocity": 1.8,
        "true_track": 357.19,
        "vertical_rate": null,
        "geo_altitude": null,
        "squawk": null,
        "spi": false,
        "position_source": 0
      }
    },
    {
      "type": "Feature",
      "geometry": {
        "type": "Point",
        "coordinates": [
          9.557,
          45.369
        ]
      },
      "properties": {
        "icao24": "30086a",
        "callsign": "SNM922",
        "origin_country": "Italy",
        "time_position": 1786102045,
        "last_contact": 1786102046,
        "baro_altitude": 3543.3,
        "on_ground": false,
        "velocity": 197.24,
        "true_track": 144.98,
        "vertical_rate": 8.13,
        "geo_altitude": 3794.76,
        "squawk": "1000",
        "spi": false,
        "position_source": 0
      }
    },
    {
      "type": "Feature",
      "geometry": {
        "type": "Point",
        "coordinates": [
          16.7312,
          38.258
        ]
      },
      "properties": {
        "icao24": "8940a2",
        "callsign": "GFA028",
        "origin_country": "Bahrain",
        "time_position": 1786102046,
        "last_contact": 1786102046,
        "baro_altitude": 10058.4,
        "on_ground": false,
        "velocity": 243.85,
        "true_track": 143.49,
        "vertical_rate": 0,
        "geo_altitude": 10675.62,
        "squawk": "0413",
        "spi": false,
        "position_source": 0
      }
    },
    {
      "type": "Feature",
      "geometry": {
        "type": "Point",
        "coordinates": [
          8.0921,
          44.1349
        ]
      },
      "properties": {
        "icao24": "300888",
        "callsign": "IMAVV",
        "origin_country": "Italy",
        "time_position": 1786102046,
        "last_contact": 1786102046,
        "baro_altitude": 2834.64,
        "on_ground": false,
        "velocity": 65.79,
        "true_track": 347.81,
        "vertical_rate": 2.93,
        "geo_altitude": 3063.24,
        "squawk": null,
        "spi": false,
        "position_source": 0
      }
    },
    {
      "type": "Feature",
      "geometry": {
        "type": "Point",
        "coordinates": [
          11.3106,
          44.5275
        ]
      },
      "properties": {
        "icao24": "8966fd",
        "callsign": "UAE2P",
        "origin_country": "United Arab Emirates",
        "time_position": 1786101782,
        "last_contact": 1786101783,
        "baro_altitude": 106.68,
        "on_ground": false,
        "velocity": 77.53,
        "true_track": 296.4,
        "vertical_rate": -5.2,
        "geo_altitude": 160.02,
        "squawk": "5515",
        "spi": false,
        "position_source": 0
      }
    },
    {
      "type": "Feature",
      "geometry": {
        "type": "Point",
        "coordinates": [
          12.0986,
          44.1991
        ]
      },
      "properties": {
        "icao24": "30085f",
        "callsign": "IOZZN",
        "origin_country": "Italy",
        "time_position": 1786102046,
        "last_contact": 1786102046,
        "baro_altitude": 304.8,
        "on_ground": false,
        "velocity": 36,
        "true_track": 120.96,
        "vertical_rate": 1.3,
        "geo_altitude": 403.86,
        "squawk": "7000",
        "spi": false,
        "position_source": 0
      }
    },
    {
      "type": "Feature",
      "geometry": {
        "type": "Point",
        "coordinates": [
          10.5442,
          43.3656
        ]
      },
      "properties": {
        "icao24": "300842",
        "callsign": "IFIPA",
        "origin_country": "Italy",
        "time_position": 1786101830,
        "last_contact": 1786101830,
        "baro_altitude": 868.68,
        "on_ground": false,
        "velocity": 63.28,
        "true_track": 180.93,
        "vertical_rate": -2.28,
        "geo_altitude": 998.22,
        "squawk": null,
        "spi": false,
        "position_source": 0
      }
    },
    {
      "type": "Feature",
      "geometry": {
        "type": "Point",
        "coordinates": [
          6.2157,
          46.6166
        ]
      },
      "properties": {
        "icao24": "4cafc1",
        "callsign": "RYR9LR",
        "origin_country": "Ireland",
        "time_position": 1786102045,
        "last_contact": 1786102046,
        "baro_altitude": 11277.6,
        "on_ground": false,
        "velocity": 234.36,
        "true_track": 188.97,
        "vertical_rate": 0,
        "geo_altitude": 11788.14,
        "squawk": "1000",
        "spi": false,
        "position_source": 0
      }
    },
    {
      "type": "Feature",
      "geometry": {
        "type": "Point",
        "coordinates": [
          11.4092,
          43.0459
        ]
      },
      "properties": {
        "icao24": "4cafc2",
        "callsign": "RYR8VE",
        "origin_country": "Ireland",
        "time_position": 1786102045,
        "last_contact": 1786102045,
        "baro_altitude": 11277.6,
        "on_ground": false,
        "velocity": 247.63,
        "true_track": 152,
        "vertical_rate": 0,
        "geo_altitude": 11902.44,
        "squawk": "6333",
        "spi": false,
        "position_source": 0
      }
    },
    {
      "type": "Feature",
      "geometry": {
        "type": "Point",
        "coordinates": [
          17.5404,
          46.8848
        ]
      },
      "properties": {
        "icao24": "48ada1",
        "callsign": "LOT6VL",
        "origin_country": "Poland",
        "time_position": 1786102045,
        "last_contact": 1786102045,
        "baro_altitude": 8648.7,
        "on_ground": false,
        "velocity": 220.69,
        "true_track": 31.95,
        "vertical_rate": 4.55,
        "geo_altitude": 9105.9,
        "squawk": "1000",
        "spi": false,
        "position_source": 0
      }
    },
    {
      "type": "Feature",
      "geometry": {
        "type": "Point",
        "coordinates": [
          14.8902,
          41.8864
        ]
      },
      "properties": {
        "icao24": "4cafb5",
        "callsign": "RYR76GM",
        "origin_country": "Ireland",
        "time_position": 1786102045,
        "last_contact": 1786102045,
        "baro_altitude": 10972.8,
        "on_ground": false,
        "velocity": 224.73,
        "true_track": 256.63,
        "vertical_rate": 0.33,
        "geo_altitude": 11605.26,
        "squawk": null,
        "spi": false,
        "position_source": 0
      }
    },
    {
      "type": "Feature",
      "geometry": {
        "type": "Point",
        "coordinates": [
          6.4777,
          46.4645
        ]
      },
      "properties": {
        "icao24": "40649f",
        "callsign": "BAW547",
        "origin_country": "United Kingdom",
        "time_position": 1786102045,
        "last_contact": 1786102045,
        "baro_altitude": 10972.8,
        "on_ground": false,
        "velocity": 208.57,
        "true_track": 321.21,
        "vertical_rate": 0.33,
        "geo_altitude": 11490.96,
        "squawk": "5703",
        "spi": false,
        "position_source": 0
      }
    },
    {
      "type": "Feature",
      "geometry": {
        "type": "Point",
        "coordinates": [
          10.881,
          47.255
        ]
      },
      "properties": {
        "icao24": "4076b0",
        "callsign": "TOM4PV",
        "origin_country": "United Kingdom",
        "time_position": 1786102045,
        "last_contact": 1786102046,
        "baro_altitude": 10972.8,
        "on_ground": false,
        "velocity": 235.75,
        "true_track": 324.06,
        "vertical_rate": -0.33,
        "geo_altitude": 11468.1,
        "squawk": "3117",
        "spi": false,
        "position_source": 0
      }
    },
    {
      "type": "Feature",
      "geometry": {
        "type": "Point",
        "coordinates": [
          14.7351,
          39.2551
        ]
      },
      "properties": {
        "icao24": "3ca9a5",
        "callsign": "AZE59BX",
        "origin_country": "Germany",
        "time_position": 1786102045,
        "last_contact": 1786102045,
        "baro_altitude": 10972.8,
        "on_ground": false,
        "velocity": 215.5,
        "true_track": 277.82,
        "vertical_rate": 0,
        "geo_altitude": 11635.74,
        "squawk": "3446",
        "spi": false,
        "position_source": 0
      }
    },
    {
      "type": "Feature",
      "geometry": {
        "type": "Point",
        "coordinates": [
          10.99,
          47.1625
        ]
      },
      "properties": {
        "icao24": "01023c",
        "callsign": "MSC2950",
        "origin_country": "Egypt",
        "time_position": 1786102045,
        "last_contact": 1786102045,
        "baro_altitude": 9273.54,
        "on_ground": false,
        "velocity": 224.89,
        "true_track": 320.85,
        "vertical_rate": -4.88,
        "geo_altitude": 9753.6,
        "squawk": "1107",
        "spi": false,
        "position_source": 0
      }
    },
    {
      "type": "Feature",
      "geometry": {
        "type": "Point",
        "coordinates": [
          7.5289,
          47.5821
        ]
      },
      "properties": {
        "icao24": "3ccc7f",
        "callsign": "XRO1402",
        "origin_country": "Germany",
        "time_position": 1786102040,
        "last_contact": 1786102045,
        "baro_altitude": null,
        "on_ground": true,
        "velocity": 0,
        "true_track": 309.38,
        "vertical_rate": null,
        "geo_altitude": null,
        "squawk": null,
        "spi": false,
        "position_source": 0
      }
    },
    {
      "type": "Feature",
      "geometry": {
        "type": "Point",
        "coordinates": [
          9.9858,
          45.4763
        ]
      },
      "properties": {
        "icao24": "01025d",
        "callsign": "MSR799",
        "origin_country": "Egypt",
        "time_position": 1786102046,
        "last_contact": 1786102046,
        "baro_altitude": 11582.4,
        "on_ground": false,
        "velocity": 233.91,
        "true_track": 294.42,
        "vertical_rate": 0,
        "geo_altitude": 12169.14,
        "squawk": "1000",
        "spi": false,
        "position_source": 0
      }
    },
    {
      "type": "Feature",
      "geometry": {
        "type": "Point",
        "coordinates": [
          9.6201,
          40.5742
        ]
      },
      "properties": {
        "icao24": "3964f0",
        "callsign": "TVF37MH",
        "origin_country": "France",
        "time_position": 1786102045,
        "last_contact": 1786102045,
        "baro_altitude": 9448.8,
        "on_ground": false,
        "velocity": 233.83,
        "true_track": 14.53,
        "vertical_rate": 9.1,
        "geo_altitude": 10012.68,
        "squawk": null,
        "spi": false,
        "position_source": 0
      }
    },
    {
      "type": "Feature",
      "geometry": {
        "type": "Point",
        "coordinates": [
          16.9921,
          43.1901
        ]
      },
      "properties": {
        "icao24": "010263",
        "callsign": "MSC2974",
        "origin_country": "Egypt",
        "time_position": 1786102045,
        "last_contact": 1786102045,
        "baro_altitude": 11582.4,
        "on_ground": false,
        "velocity": 235.63,
        "true_track": 336.18,
        "vertical_rate": -0.33,
        "geo_altitude": 12230.1,
        "squawk": "2020",
        "spi": false,
        "position_source": 0
      }
    },
    {
      "type": "Feature",
      "geometry": {
        "type": "Point",
        "coordinates": [
          7.6453,
          45.1917
        ]
      },
      "properties": {
        "icao24": "3007f2",
        "callsign": "DLH9EE",
        "origin_country": "Italy",
        "time_position": 1786101883,
        "last_contact": 1786101883,
        "baro_altitude": null,
        "on_ground": true,
        "velocity": 1.29,
        "true_track": 258.75,
        "vertical_rate": null,
        "geo_altitude": null,
        "squawk": "1000",
        "spi": false,
        "position_source": 0
      }
    },
    {
      "type": "Feature",
      "geometry": {
        "type": "Point",
        "coordinates": [
          18.8559,
          39.5175
        ]
      },
      "properties": {
        "icao24": "01020b",
        "callsign": "MSR784",
        "origin_country": "Egypt",
        "time_position": 1786102042,
        "last_contact": 1786102045,
        "baro_altitude": 10668,
        "on_ground": false,
        "velocity": 243.41,
        "true_track": 153.38,
        "vertical_rate": 0.33,
        "geo_altitude": 11292.84,
        "squawk": "6630",
        "spi": false,
        "position_source": 0
      }
    },
    {
      "type": "Feature",
      "geometry": {
        "type": "Point",
        "coordinates": [
          10.3317,
          45.5037
        ]
      },
      "properties": {
        "icao24": "39a1e4",
        "callsign": "PEA301",
        "origin_country": "France",
        "time_position": 1786102046,
        "last_contact": 1786102046,
        "baro_altitude": 5486.4,
        "on_ground": false,
        "velocity": 185.27,
        "true_track": 290.65,
        "vertical_rate": 0.33,
        "geo_altitude": 5821.68,
        "squawk": "6476",
        "spi": false,
        "position_source": 0
      }
    },
    {
      "type": "Feature",
      "geometry": {
        "type": "Point",
        "coordinates": [
          12.4705,
          42.5641
        ]
      },
      "properties": {
        "icao24": "3007c0",
        "callsign": "IGDEL",
        "origin_country": "Italy",
        "time_position": 1786102041,
        "last_contact": 1786102044,
        "baro_altitude": 1234.44,
        "on_ground": false,
        "velocity": 68.61,
        "true_track": 169.2,
        "vertical_rate": -0.65,
        "geo_altitude": 1333.5,
        "squawk": null,
        "spi": false,
        "position_source": 0
      }
    },
    {
      "type": "Feature",
      "geometry": {
        "type": "Point",
        "coordinates": [
          11.929,
          44.6814
        ]
      },
      "properties": {
        "icao24": "3007c8",
        "callsign": "IOZZE",
        "origin_country": "Italy",
        "time_position": 1786102046,
        "last_contact": 1786102046,
        "baro_altitude": 1127.76,
        "on_ground": false,
        "velocity": 41.03,
        "true_track": 300.1,
        "vertical_rate": 1.3,
        "geo_altitude": 1249.68,
        "squawk": "7000",
        "spi": false,
        "position_source": 0
      }
    },
    {
      "type": "Feature",
      "geometry": {
        "type": "Point",
        "coordinates": [
          12.3109,
          45.4733
        ]
      },
      "properties": {
        "icao24": "010205",
        "callsign": "MSR699",
        "origin_country": "Egypt",
        "time_position": 1786101975,
        "last_contact": 1786101986,
        "baro_altitude": 144.78,
        "on_ground": false,
        "velocity": 69.21,
        "true_track": 41.99,
        "vertical_rate": -3.9,
        "geo_altitude": 259.08,
        "squawk": "5506",
        "spi": false,
        "position_source": 0
      }
    },
    {
      "type": "Feature",
      "geometry": {
        "type": "Point",
        "coordinates": [
          9.0621,
          45.5168
        ]
      },
      "properties": {
        "icao24": "010209",
        "callsign": "MSR771",
        "origin_country": "Egypt",
        "time_position": 1786102045,
        "last_contact": 1786102045,
        "baro_altitude": 10972.8,
        "on_ground": false,
        "velocity": 210.24,
        "true_track": 283.73,
        "vertical_rate": 0,
        "geo_altitude": 11521.44,
        "squawk": "6630",
        "spi": false,
        "position_source": 0
      }
    },
    {
      "type": "Feature",
      "geometry": {
        "type": "Point",
        "coordinates": [
          17.2256,
          41.9475
        ]
      },
      "properties": {
        "icao24": "01022b",
        "callsign": "MSC2930",
        "origin_country": "Egypt",
        "time_position": 1786102045,
        "last_contact": 1786102045,
        "baro_altitude": 10972.8,
        "on_ground": false,
        "velocity": 228.27,
        "true_track": 324.45,
        "vertical_rate": -0.33,
        "geo_altitude": 11620.5,
        "squawk": "2064",
        "spi": false,
        "position_source": 0
      }
    },
    {
      "type": "Feature",
      "geometry": {
        "type": "Point",
        "coordinates": [
          7.5023,
          46.8649
        ]
      },
      "properties": {
        "icao24": "4b1b13",
        "callsign": "HBKGP",
        "origin_country": "Switzerland",
        "time_position": 1786102045,
        "last_contact": 1786102046,
        "baro_altitude": 1059.18,
        "on_ground": false,
        "velocity": 44.19,
        "true_track": 167.91,
        "vertical_rate": 1.95,
        "geo_altitude": 1196.34,
        "squawk": "7000",
        "spi": false,
        "position_source": 0
      }
    },
    {
      "type": "Feature",
      "geometry": {
        "type": "Point",
        "coordinates": [
          17.0507,
          40.7444
        ]
      },
      "properties": {
        "icao24": "347685",
        "callsign": "GES301E",
        "origin_country": "Spain",
        "time_position": 1786102045,
        "last_contact": 1786102046,
        "baro_altitude": 7147.56,
        "on_ground": false,
        "velocity": 188.84,
        "true_track": 96.1,
        "vertical_rate": -10.08,
        "geo_altitude": 7559.04,
        "squawk": "1000",
        "spi": false,
        "position_source": 0
      }
    },
    {
      "type": "Feature",
      "geometry": {
        "type": "Point",
        "coordinates": [
          8.2363,
          42.1701
        ]
      },
      "properties": {
        "icao24": "346350",
        "callsign": "VOE94ZZ",
        "origin_country": "Spain",
        "time_position": 1786102046,
        "last_contact": 1786102046,
        "baro_altitude": 7581.9,
        "on_ground": false,
        "velocity": 202.09,
        "true_track": 340.37,
        "vertical_rate": 8.78,
        "geo_altitude": 8046.72,
        "squawk": null,
        "spi": false,
        "position_source": 0
      }
    },
    {
      "type": "Feature",
      "geometry": {
        "type": "Point",
        "coordinates": [
          6.7035,
          45.3877
        ]
      },
      "properties": {
        "icao24": "4b1a23",
        "callsign": "EZS14ZV",
        "origin_country": "Switzerland",
        "time_position": 1786102045,
        "last_contact": 1786102045,
        "baro_altitude": 8663.94,
        "on_ground": false,
        "velocity": 229.71,
        "true_track": 159.41,
        "vertical_rate": 7.48,
        "geo_altitude": 9159.24,
        "squawk": "5725",
        "spi": false,
        "position_source": 0
      }
    },
    {
      "type": "Feature",
      "geometry": {
        "type": "Point",
        "coordinates": [
          7.6688,
          46.1588
        ]
      },
      "properties": {
        "icao24": "4d24a0",
        "callsign": "VJT457",
        "origin_country": "Malta",
        "time_position": 1786102046,
        "last_contact": 1786102046,
        "baro_altitude": 5654.04,
        "on_ground": false,
        "velocity": 192.52,
        "true_track": 53.8,
        "vertical_rate": -6.83,
        "geo_altitude": 5989.32,
        "squawk": "6751",
        "spi": false,
        "position_source": 0
      }
    },
    {
      "type": "Feature",
      "geometry": {
        "type": "Point",
        "coordinates": [
          8.158,
          42.7826
        ]
      },
      "properties": {
        "icao24": "4b1a2a",
        "callsign": "EZS47XZ",
        "origin_country": "Switzerland",
        "time_position": 1786102045,
        "last_contact": 1786102046,
        "baro_altitude": 9517.38,
        "on_ground": false,
        "velocity": 206.61,
        "true_track": 325.76,
        "vertical_rate": 8.45,
        "geo_altitude": 10081.26,
        "squawk": "1000",
        "spi": false,
        "position_source": 0
      }
    },
    {
      "type": "Feature",
      "geometry": {
        "type": "Point",
        "coordinates": [
          10.2649,
          47.3178
        ]
      },
      "properties": {
        "icao24": "4b1a2b",
        "callsign": "EZS29ZA",
        "origin_country": "Switzerland",
        "time_position": 1786102046,
        "last_contact": 1786102046,
        "baro_altitude": 10393.68,
        "on_ground": false,
        "velocity": 233.87,
        "true_track": 124.42,
        "vertical_rate": 5.53,
        "geo_altitude": 10881.36,
        "squawk": "6731",
        "spi": false,
        "position_source": 0
      }
    },
    {
      "type": "Feature",
      "geometry": {
        "type": "Point",
        "coordinates": [
          7.3711,
          47.6247
        ]
      },
      "properties": {
        "icao24": "4b1a2c",
        "callsign": "EZS1065",
        "origin_country": "Switzerland",
        "time_position": 1786102045,
        "last_contact": 1786102045,
        "baro_altitude": 1973.58,
        "on_ground": false,
        "velocity": 144.54,
        "true_track": 218.79,
        "vertical_rate": 9.75,
        "geo_altitude": 2164.08,
        "squawk": "1000",
        "spi": false,
        "position_source": 0
      }
    },
    {
      "type": "Feature",
      "geometry": {
        "type": "Point",
        "coordinates": [
          9.0903,
          39.7303
        ]
      },
      "properties": {
        "icao24": "4b1a1b",
        "callsign": "EZS83TQ",
        "origin_country": "Switzerland",
        "time_position": 1786102045,
        "last_contact": 1786102045,
        "baro_altitude": 4701.54,
        "on_ground": false,
        "velocity": 181.06,
        "true_track": 6.03,
        "vertical_rate": 11.05,
        "geo_altitude": 5052.06,
        "squawk": null,
        "spi": false,
        "position_source": 0
      }
    },
    {
      "type": "Feature",
      "geometry": {
        "type": "Point",
        "coordinates": [
          17.3618,
          41.0438
        ]
      },
      "properties": {
        "icao24": "4b1a25",
        "callsign": "EZS52RH",
        "origin_country": "Switzerland",
        "time_position": 1786102045,
        "last_contact": 1786102046,
        "baro_altitude": 4191,
        "on_ground": false,
        "velocity": 200.17,
        "true_track": 140.21,
        "vertical_rate": -11.38,
        "geo_altitude": 4503.42,
        "squawk": "1000",
        "spi": false,
        "position_source": 0
      }
    },
    {
      "type": "Feature",
      "geometry": {
        "type": "Point",
        "coordinates": [
          7.4913,
          45.141
        ]
      },
      "properties": {
        "icao24": "4b1a26",
        "callsign": "EZS37HP",
        "origin_country": "Switzerland",
        "time_position": 1786102045,
        "last_contact": 1786102045,
        "baro_altitude": 9997.44,
        "on_ground": false,
        "velocity": 247.52,
        "true_track": 125.44,
        "vertical_rate": 6.18,
        "geo_altitude": 10546.08,
        "squawk": "1000",
        "spi": false,
        "position_source": 0
      }
    },
    {
      "type": "Feature",
      "geometry": {
        "type": "Point",
        "coordinates": [
          8.495,
          44.4221
        ]
      },
      "properties": {
        "icao24": "4b1a28",
        "callsign": "EZS49PB",
        "origin_country": "Switzerland",
        "time_position": 1786102045,
        "last_contact": 1786102045,
        "baro_altitude": 11049,
        "on_ground": false,
        "velocity": 242.92,
        "true_track": 140.24,
        "vertical_rate": 5.53,
        "geo_altitude": 11635.74,
        "squawk": "5770",
        "spi": false,
        "position_source": 0
      }
    },
    {
      "type": "Feature",
      "geometry": {
        "type": "Point",
        "coordinates": [
          11.35,
          45.8937
        ]
      },
      "properties": {
        "icao24": "4b1a29",
        "callsign": "EZS48GE",
        "origin_country": "Switzerland",
        "time_position": 1786102045,
        "last_contact": 1786102046,
        "baro_altitude": 10972.8,
        "on_ground": false,
        "velocity": 215.02,
        "true_track": 303.39,
        "vertical_rate": -0.33,
        "geo_altitude": 11536.68,
        "squawk": "1000",
        "spi": false,
        "position_source": 0
      }
    },
    {
      "type": "Feature",
      "geometry": {
        "type": "Point",
        "coordinates": [
          12.2119,
          42.1062
        ]
      },
      "properties": {
        "icao24": "4d24cc",
        "callsign": "RYR84QL",
        "origin_country": "Malta",
        "time_position": 1786102045,
        "last_contact": 1786102046,
        "baro_altitude": 11277.6,
        "on_ground": false,
        "velocity": 240.73,
        "true_track": 167.03,
        "vertical_rate": 0,
        "geo_altitude": 11925.3,
        "squawk": "2507",
        "spi": false,
        "position_source": 0
      }
    },
    {
      "type": "Feature",
      "geometry": {
        "type": "Point",
        "coordinates": [
          7.5303,
          47.596
        ]
      },
      "properties": {
        "icao24": "4b1a66",
        "callsign": "EZS1279",
        "origin_country": "Switzerland",
        "time_position": 1786102036,
        "last_contact": 1786102045,
        "baro_altitude": null,
        "on_ground": true,
        "velocity": 0,
        "true_track": 334.69,
        "vertical_rate": null,
        "geo_altitude": null,
        "squawk": null,
        "spi": false,
        "position_source": 0
      }
    },
    {
      "type": "Feature",
      "geometry": {
        "type": "Point",
        "coordinates": [
          7.8385,
          46.7386
        ]
      },
      "properties": {
        "icao24": "40773b",
        "callsign": "TOM9DG",
        "origin_country": "United Kingdom",
        "time_position": 1786102045,
        "last_contact": 1786102045,
        "baro_altitude": 10972.8,
        "on_ground": false,
        "velocity": 214.45,
        "true_track": 312.57,
        "vertical_rate": 0,
        "geo_altitude": 11498.58,
        "squawk": "2774",
        "spi": false,
        "position_source": 0
      }
    },
    {
      "type": "Feature",
      "geometry": {
        "type": "Point",
        "coordinates": [
          14.9045,
          39.8767
        ]
      },
      "properties": {
        "icao24": "010298",
        "callsign": "MSR767",
        "origin_country": "Egypt",
        "time_position": 1786102046,
        "last_contact": 1786102046,
        "baro_altitude": 10972.8,
        "on_ground": false,
        "velocity": 235.37,
        "true_track": 282.88,
        "vertical_rate": 0,
        "geo_altitude": 11612.88,
        "squawk": "2010",
        "spi": false,
        "position_source": 0
      }
    },
    {
      "type": "Feature",
      "geometry": {
        "type": "Point",
        "coordinates": [
          17.3896,
          41.7975
        ]
      },
      "properties": {
        "icao24": "01028a",
        "callsign": "MSR785",
        "origin_country": "Egypt",
        "time_position": 1786102045,
        "last_contact": 1786102045,
        "baro_altitude": 12192,
        "on_ground": false,
        "velocity": 252.84,
        "true_track": 321.19,
        "vertical_rate": 0,
        "geo_altitude": 12847.32,
        "squawk": "2044",
        "spi": true,
        "position_source": 0
      }
    },
    {
      "type": "Feature",
      "geometry": {
        "type": "Point",
        "coordinates": [
          10.1259,
          43.0306
        ]
      },
      "properties": {
        "icao24": "4d24de",
        "callsign": "KMM395",
        "origin_country": "Malta",
        "time_position": 1786102045,
        "last_contact": 1786102045,
        "baro_altitude": 11277.6,
        "on_ground": false,
        "velocity": 239.57,
        "true_track": 166.59,
        "vertical_rate": 0,
        "geo_altitude": 11932.92,
        "squawk": "0140",
        "spi": false,
        "position_source": 0
      }
    },
    {
      "type": "Feature",
      "geometry": {
        "type": "Point",
        "coordinates": [
          17.6914,
          47.2598
        ]
      },
      "properties": {
        "icao24": "010289",
        "callsign": "MSR984",
        "origin_country": "Egypt",
        "time_position": 1786102045,
        "last_contact": 1786102045,
        "baro_altitude": 11887.2,
        "on_ground": false,
        "velocity": 256.27,
        "true_track": 145.8,
        "vertical_rate": 0.33,
        "geo_altitude": 12428.22,
        "squawk": "2225",
        "spi": false,
        "position_source": 0
      }
    },
    {
      "type": "Feature",
      "geometry": {
        "type": "Point",
        "coordinates": [
          10.5006,
          46.2935
        ]
      },
      "properties": {
        "icao24": "40772e",
        "callsign": "EZY46FN",
        "origin_country": "United Kingdom",
        "time_position": 1786102045,
        "last_contact": 1786102045,
        "baro_altitude": 11590.02,
        "on_ground": false,
        "velocity": 213.07,
        "true_track": 300.47,
        "vertical_rate": 0,
        "geo_altitude": 12138.66,
        "squawk": "0273",
        "spi": false,
        "position_source": 0
      }
    },
    {
      "type": "Feature",
      "geometry": {
        "type": "Point",
        "coordinates": [
          8.2004,
          45.2694
        ]
      },
      "properties": {
        "icao24": "407739",
        "callsign": "TOM4GL",
        "origin_country": "United Kingdom",
        "time_position": 1786102045,
        "last_contact": 1786102046,
        "baro_altitude": 10972.8,
        "on_ground": false,
        "velocity": 214.3,
        "true_track": 311.5,
        "vertical_rate": -0.33,
        "geo_altitude": 11529.06,
        "squawk": "1242",
        "spi": false,
        "position_source": 0
      }
    },
    {
      "type": "Feature",
      "geometry": {
        "type": "Point",
        "coordinates": [
          18.7632,
          41.0953
        ]
      },
      "properties": {
        "icao24": "4d24af",
        "callsign": "WMT6CY",
        "origin_country": "Malta",
        "time_position": 1786102045,
        "last_contact": 1786102045,
        "baro_altitude": 6499.86,
        "on_ground": false,
        "velocity": 200.49,
        "true_track": 246.72,
        "vertical_rate": 8.45,
        "geo_altitude": 6850.38,
        "squawk": null,
        "spi": false,
        "position_source": 0
      }
    },
    {
      "type": "Feature",
      "geometry": {
        "type": "Point",
        "coordinates": [
          17.2213,
          45.9779
        ]
      },
      "properties": {
        "icao24": "4d24ab",
        "callsign": "WZZ1797",
        "origin_country": "Malta",
        "time_position": 1786102044,
        "last_contact": 1786102045,
        "baro_altitude": 10675.62,
        "on_ground": false,
        "velocity": 241.75,
        "true_track": 122.57,
        "vertical_rate": 0,
        "geo_altitude": 11254.74,
        "squawk": "7640",
        "spi": false,
        "position_source": 0
      }
    },
    {
      "type": "Feature",
      "geometry": {
        "type": "Point",
        "coordinates": [
          13.2122,
          36.9948
        ]
      },
      "properties": {
        "icao24": "4d24ba",
        "callsign": "KMM624",
        "origin_country": "Malta",
        "time_position": 1786102045,
        "last_contact": 1786102046,
        "baro_altitude": 10469.88,
        "on_ground": false,
        "velocity": 239.26,
        "true_track": 336.96,
        "vertical_rate": 5.85,
        "geo_altitude": 11109.96,
        "squawk": "6565",
        "spi": false,
        "position_source": 0
      }
    },
    {
      "type": "Feature",
      "geometry": {
        "type": "Point",
        "coordinates": [
          12.1607,
          42.0432
        ]
      },
      "properties": {
        "icao24": "4d24c2",
        "callsign": "WMT965",
        "origin_country": "Malta",
        "time_position": 1786102046,
        "last_contact": 1786102046,
        "baro_altitude": 937.26,
        "on_ground": false,
        "velocity": 116.52,
        "true_track": 140.19,
        "vertical_rate": -0.33,
        "geo_altitude": 1059.18,
        "squawk": "6013",
        "spi": false,
        "position_source": 0
      }
    },
    {
      "type": "Feature",
      "geometry": {
        "type": "Point",
        "coordinates": [
          13.3693,
          42.2034
        ]
      },
      "properties": {
        "icao24": "0101cd",
        "callsign": "RBG543",
        "origin_country": "Egypt",
        "time_position": 1786102044,
        "last_contact": 1786102045,
        "baro_altitude": 10668,
        "on_ground": false,
        "velocity": 236.85,
        "true_track": 138.35,
        "vertical_rate": 0.65,
        "geo_altitude": 11285.22,
        "squawk": "0421",
        "spi": false,
        "position_source": 0
      }
    },
    {
      "type": "Feature",
      "geometry": {
        "type": "Point",
        "coordinates": [
          12.0712,
          44.7465
        ]
      },
      "properties": {
        "icao24": "30099c",
        "callsign": "IOZZS",
        "origin_country": "Italy",
        "time_position": 1786102045,
        "last_contact": 1786102045,
        "baro_altitude": 579.12,
        "on_ground": false,
        "velocity": 44.86,
        "true_track": 26.57,
        "vertical_rate": 0.33,
        "geo_altitude": 693.42,
        "squawk": "7000",
        "spi": false,
        "position_source": 0
      }
    },
    {
      "type": "Feature",
      "geometry": {
        "type": "Point",
        "coordinates": [
          9.2808,
          45.4359
        ]
      },
      "properties": {
        "icao24": "300971",
        "callsign": "IMIRL",
        "origin_country": "Italy",
        "time_position": 1786102046,
        "last_contact": 1786102046,
        "baro_altitude": null,
        "on_ground": true,
        "velocity": 3.6,
        "true_track": 174.38,
        "vertical_rate": null,
        "geo_altitude": null,
        "squawk": null,
        "spi": false,
        "position_source": 0
      }
    },
    {
      "type": "Feature",
      "geometry": {
        "type": "Point",
        "coordinates": [
          9.5119,
          45.0415
        ]
      },
      "properties": {
        "icao24": "30093e",
        "callsign": "ISETH",
        "origin_country": "Italy",
        "time_position": 1786102045,
        "last_contact": 1786102045,
        "baro_altitude": 472.44,
        "on_ground": false,
        "velocity": 50.54,
        "true_track": 112.13,
        "vertical_rate": 2.28,
        "geo_altitude": 548.64,
        "squawk": null,
        "spi": false,
        "position_source": 0
      }
    },
    {
      "type": "Feature",
      "geometry": {
        "type": "Point",
        "coordinates": [
          12.3011,
          45.3479
        ]
      },
      "properties": {
        "icao24": "400aff",
        "callsign": "EFW86R",
        "origin_country": "United Kingdom",
        "time_position": 1786102045,
        "last_contact": 1786102046,
        "baro_altitude": 10370.82,
        "on_ground": false,
        "velocity": 225.18,
        "true_track": 302.78,
        "vertical_rate": 0,
        "geo_altitude": 10904.22,
        "squawk": "7736",
        "spi": false,
        "position_source": 0
      }
    },
    {
      "type": "Feature",
      "geometry": {
        "type": "Point",
        "coordinates": [
          12.1638,
          45.2225
        ]
      },
      "properties": {
        "icao24": "400afb",
        "callsign": "EFW34VK",
        "origin_country": "United Kingdom",
        "time_position": 1786102046,
        "last_contact": 1786102046,
        "baro_altitude": 10668,
        "on_ground": false,
        "velocity": 223.87,
        "true_track": 311.09,
        "vertical_rate": 0.33,
        "geo_altitude": 11209.02,
        "squawk": "3704",
        "spi": false,
        "position_source": 0
      }
    },
    {
      "type": "Feature",
      "geometry": {
        "type": "Point",
        "coordinates": [
          9.9771,
          42.0605
        ]
      },
      "properties": {
        "icao24": "4d2508",
        "callsign": "AEZ47LG",
        "origin_country": "Malta",
        "time_position": 1786102045,
        "last_contact": 1786102045,
        "baro_altitude": 10363.2,
        "on_ground": false,
        "velocity": 235.28,
        "true_track": 357.74,
        "vertical_rate": 0,
        "geo_altitude": 10972.8,
        "squawk": null,
        "spi": false,
        "position_source": 0
      }
    },
    {
      "type": "Feature",
      "geometry": {
        "type": "Point",
        "coordinates": [
          11.5785,
          45.5728
        ]
      },
      "properties": {
        "icao24": "4caee4",
        "callsign": "RYR9DT",
        "origin_country": "Ireland",
        "time_position": 1786102045,
        "last_contact": 1786102046,
        "baro_altitude": 11285.22,
        "on_ground": false,
        "velocity": 246.4,
        "true_track": 153.6,
        "vertical_rate": 0,
        "geo_altitude": 11841.48,
        "squawk": "3466",
        "spi": false,
        "position_source": 0
      }
    },
    {
      "type": "Feature",
      "geometry": {
        "type": "Point",
        "coordinates": [
          18.6923,
          40.9057
        ]
      },
      "properties": {
        "icao24": "4d2534",
        "callsign": "WMT754",
        "origin_country": "Malta",
        "time_position": 1786102045,
        "last_contact": 1786102045,
        "baro_altitude": 9753.6,
        "on_ground": false,
        "velocity": 224.08,
        "true_track": 274.87,
        "vertical_rate": 0,
        "geo_altitude": 10340.34,
        "squawk": "2303",
        "spi": false,
        "position_source": 0
      }
    },
    {
      "type": "Feature",
      "geometry": {
        "type": "Point",
        "coordinates": [
          9.7005,
          45.2475
        ]
      },
      "properties": {
        "icao24": "4d251d",
        "callsign": "RYR65FR",
        "origin_country": "Malta",
        "time_position": 1786102046,
        "last_contact": 1786102046,
        "baro_altitude": 9235.44,
        "on_ground": false,
        "velocity": 251.09,
        "true_track": 66.32,
        "vertical_rate": -4.88,
        "geo_altitude": 9738.36,
        "squawk": "0004",
        "spi": false,
        "position_source": 0
      }
    },
    {
      "type": "Feature",
      "geometry": {
        "type": "Point",
        "coordinates": [
          13.7029,
          42.4501
        ]
      },
      "properties": {
        "icao24": "3004c2",
        "callsign": "NOS5234",
        "origin_country": "Italy",
        "time_position": 1786102045,
        "last_contact": 1786102046,
        "baro_altitude": 11582.4,
        "on_ground": false,
        "velocity": 222.34,
        "true_track": 284.2,
        "vertical_rate": 0,
        "geo_altitude": 12214.86,
        "squawk": "2061",
        "spi": false,
        "position_source": 0
      }
    },
    {
      "type": "Feature",
      "geometry": {
        "type": "Point",
        "coordinates": [
          14.1086,
          36.0475
        ]
      },
      "properties": {
        "icao24": "4caecc",
        "callsign": "RYR9424",
        "origin_country": "Ireland",
        "time_position": 1786102045,
        "last_contact": 1786102045,
        "baro_altitude": 1836.42,
        "on_ground": false,
        "velocity": 138.89,
        "true_track": 103.06,
        "vertical_rate": -6.83,
        "geo_altitude": 2004.06,
        "squawk": "5262",
        "spi": false,
        "position_source": 0
      }
    },
    {
      "type": "Feature",
      "geometry": {
        "type": "Point",
        "coordinates": [
          10.6793,
          47.5819
        ]
      },
      "properties": {
        "icao24": "3ff5a0",
        "callsign": "DMBHL",
        "origin_country": "Germany",
        "time_position": 1786101968,
        "last_contact": 1786101968,
        "baro_altitude": 754.38,
        "on_ground": false,
        "velocity": 30.12,
        "true_track": 82.15,
        "vertical_rate": -3.9,
        "geo_altitude": 990.6,
        "squawk": null,
        "spi": false,
        "position_source": 0
      }
    },
    {
      "type": "Feature",
      "geometry": {
        "type": "Point",
        "coordinates": [
          11.9983,
          41.7083
        ]
      },
      "properties": {
        "icao24": "347287",
        "callsign": "IBE09HV",
        "origin_country": "Spain",
        "time_position": 1786102045,
        "last_contact": 1786102045,
        "baro_altitude": 10980.42,
        "on_ground": false,
        "velocity": 231.5,
        "true_track": 247.25,
        "vertical_rate": -0.33,
        "geo_altitude": 11612.88,
        "squawk": "1000",
        "spi": false,
        "position_source": 0
      }
    },
    {
      "type": "Feature",
      "geometry": {
        "type": "Point",
        "coordinates": [
          16.6557,
          41.2254
        ]
      },
      "properties": {
        "icao24": "ab0969",
        "callsign": "AAL759",
        "origin_country": "United States",
        "time_position": 1786102046,
        "last_contact": 1786102046,
        "baro_altitude": 11582.4,
        "on_ground": false,
        "velocity": 248.61,
        "true_track": 302.41,
        "vertical_rate": 0,
        "geo_altitude": 12260.58,
        "squawk": "2007",
        "spi": false,
        "position_source": 0
      }
    },
    {
      "type": "Feature",
      "geometry": {
        "type": "Point",
        "coordinates": [
          13.1409,
          39.1968
        ]
      },
      "properties": {
        "icao24": "4caefa",
        "callsign": "ITY1784",
        "origin_country": "Ireland",
        "time_position": 1786102046,
        "last_contact": 1786102046,
        "baro_altitude": 6530.34,
        "on_ground": false,
        "velocity": 220.92,
        "true_track": 355.32,
        "vertical_rate": 6.18,
        "geo_altitude": 6957.06,
        "squawk": null,
        "spi": false,
        "position_source": 0
      }
    },
    {
      "type": "Feature",
      "geometry": {
        "type": "Point",
        "coordinates": [
          7.5044,
          43.5011
        ]
      },
      "properties": {
        "icao24": "347257",
        "callsign": "VOE8UQ",
        "origin_country": "Spain",
        "time_position": 1786102046,
        "last_contact": 1786102046,
        "baro_altitude": 914.4,
        "on_ground": false,
        "velocity": 120.1,
        "true_track": 25.91,
        "vertical_rate": 0,
        "geo_altitude": 1028.7,
        "squawk": "1000",
        "spi": false,
        "position_source": 0
      }
    },
    {
      "type": "Feature",
      "geometry": {
        "type": "Point",
        "coordinates": [
          18.2017,
          45.3488
        ]
      },
      "properties": {
        "icao24": "4a0d12",
        "callsign": "AWG680H",
        "origin_country": "Romania",
        "time_position": 1786102045,
        "last_contact": 1786102045,
        "baro_altitude": 11582.4,
        "on_ground": false,
        "velocity": 222.93,
        "true_track": 287.18,
        "vertical_rate": 0,
        "geo_altitude": 12184.38,
        "squawk": "5656",
        "spi": false,
        "position_source": 0
      }
    },
    {
      "type": "Feature",
      "geometry": {
        "type": "Point",
        "coordinates": [
          7.2396,
          43.9401
        ]
      },
      "properties": {
        "icao24": "4caf29",
        "callsign": "RYR85MR",
        "origin_country": "Ireland",
        "time_position": 1786102045,
        "last_contact": 1786102045,
        "baro_altitude": 10668,
        "on_ground": false,
        "velocity": 226.16,
        "true_track": 243.67,
        "vertical_rate": 0,
        "geo_altitude": 11262.36,
        "squawk": "4035",
        "spi": false,
        "position_source": 0
      }
    },
    {
      "type": "Feature",
      "geometry": {
        "type": "Point",
        "coordinates": [
          12.042,
          41.4485
        ]
      },
      "properties": {
        "icao24": "4caf1c",
        "callsign": "ITY1739",
        "origin_country": "Ireland",
        "time_position": 1786102046,
        "last_contact": 1786102046,
        "baro_altitude": 4023.36,
        "on_ground": false,
        "velocity": 154.41,
        "true_track": 160.54,
        "vertical_rate": 12.03,
        "geo_altitude": 4290.06,
        "squawk": null,
        "spi": false,
        "position_source": 0
      }
    },
    {
      "type": "Feature",
      "geometry": {
        "type": "Point",
        "coordinates": [
          9.2782,
          45.457
        ]
      },
      "properties": {
        "icao24": "4caf1d",
        "callsign": "ITY121",
        "origin_country": "Ireland",
        "time_position": 1786101997,
        "last_contact": 1786101997,
        "baro_altitude": null,
        "on_ground": true,
        "velocity": 8.23,
        "true_track": 0,
        "vertical_rate": null,
        "geo_altitude": null,
        "squawk": "1000",
        "spi": false,
        "position_source": 0
      }
    },
    {
      "type": "Feature",
      "geometry": {
        "type": "Point",
        "coordinates": [
          12.0707,
          44.197
        ]
      },
      "properties": {
        "icao24": "3d5403",
        "callsign": "DFEBJ",
        "origin_country": "Germany",
        "time_position": 1786101963,
        "last_contact": 1786101963,
        "baro_altitude": null,
        "on_ground": true,
        "velocity": 4.37,
        "true_track": 19.69,
        "vertical_rate": null,
        "geo_altitude": null,
        "squawk": "1000",
        "spi": false,
        "position_source": 0
      }
    },
    {
      "type": "Feature",
      "geometry": {
        "type": "Point",
        "coordinates": [
          6.7399,
          35.9149
        ]
      },
      "properties": {
        "icao24": "4d23b8",
        "callsign": "DAH4757",
        "origin_country": "Malta",
        "time_position": 1786101843,
        "last_contact": 1786101843,
        "baro_altitude": 10980.42,
        "on_ground": false,
        "velocity": 223.94,
        "true_track": 292.56,
        "vertical_rate": 0,
        "geo_altitude": 11666.22,
        "squawk": "6160",
        "spi": false,
        "position_source": 0
      }
    },
    {
      "type": "Feature",
      "geometry": {
        "type": "Point",
        "coordinates": [
          10.7775,
          43.0644
        ]
      },
      "properties": {
        "icao24": "300695",
        "callsign": "PEGASO2",
        "origin_country": "Italy",
        "time_position": 1786102002,
        "last_contact": 1786102002,
        "baro_altitude": 1234.44,
        "on_ground": false,
        "velocity": 74.93,
        "true_track": 54.78,
        "vertical_rate": -0.65,
        "geo_altitude": 1363.98,
        "squawk": null,
        "spi": false,
        "position_source": 0
      }
    },
    {
      "type": "Feature",
      "geometry": {
        "type": "Point",
        "coordinates": [
          9.7082,
          45.6263
        ]
      },
      "properties": {
        "icao24": "300633",
        "callsign": "IBGBG",
        "origin_country": "Italy",
        "time_position": 1786102045,
        "last_contact": 1786102045,
        "baro_altitude": 472.44,
        "on_ground": false,
        "velocity": 35.67,
        "true_track": 33.23,
        "vertical_rate": 0,
        "geo_altitude": 563.88,
        "squawk": "2000",
        "spi": false,
        "position_source": 0
      }
    },
    {
      "type": "Feature",
      "geometry": {
        "type": "Point",
        "coordinates": [
          13.9363,
          44.5663
        ]
      },
      "properties": {
        "icao24": "4d23ef",
        "callsign": "SWU1970",
        "origin_country": "Malta",
        "time_position": 1786102045,
        "last_contact": 1786102045,
        "baro_altitude": 7010.4,
        "on_ground": false,
        "velocity": 184.97,
        "true_track": 125.15,
        "vertical_rate": 0.33,
        "geo_altitude": 7429.5,
        "squawk": "1000",
        "spi": false,
        "position_source": 0
      }
    },
    {
      "type": "Feature",
      "geometry": {
        "type": "Point",
        "coordinates": [
          12.257,
          41.8569
        ]
      },
      "properties": {
        "icao24": "4d23f0",
        "callsign": "AEZ60RG",
        "origin_country": "Malta",
        "time_position": 1786101758,
        "last_contact": 1786101760,
        "baro_altitude": 76.2,
        "on_ground": false,
        "velocity": 79.73,
        "true_track": 162.73,
        "vertical_rate": -3.9,
        "geo_altitude": 137.16,
        "squawk": null,
        "spi": false,
        "position_source": 0
      }
    },
    {
      "type": "Feature",
      "geometry": {
        "type": "Point",
        "coordinates": [
          7.5249,
          47.6026
        ]
      },
      "properties": {
        "icao24": "389bff",
        "callsign": "COBRA01",
        "origin_country": "France",
        "time_position": 1786102046,
        "last_contact": 1786102046,
        "baro_altitude": null,
        "on_ground": true,
        "velocity": 7.72,
        "true_track": 275.62,
        "vertical_rate": null,
        "geo_altitude": null,
        "squawk": null,
        "spi": false,
        "position_source": 0
      }
    },
    {
      "type": "Feature",
      "geometry": {
        "type": "Point",
        "coordinates": [
          14.5184,
          46.4775
        ]
      },
      "properties": {
        "icao24": "39b225",
        "callsign": "CMA840",
        "origin_country": "France",
        "time_position": 1786102045,
        "last_contact": 1786102046,
        "baro_altitude": 10668,
        "on_ground": false,
        "velocity": 258.85,
        "true_track": 110.6,
        "vertical_rate": 0,
        "geo_altitude": 11201.4,
        "squawk": "5552",
        "spi": false,
        "position_source": 0
      }
    },
    {
      "type": "Feature",
      "geometry": {
        "type": "Point",
        "coordinates": [
          8.4571,
          45.1041
        ]
      },
      "properties": {
        "icao24": "3d77a7",
        "callsign": "DFROH",
        "origin_country": "Germany",
        "time_position": 1786101948,
        "last_contact": 1786101948,
        "baro_altitude": 144.78,
        "on_ground": false,
        "velocity": 35.36,
        "true_track": 8.37,
        "vertical_rate": -6.18,
        "geo_altitude": 251.46,
        "squawk": "6351",
        "spi": false,
        "position_source": 0
      }
    },
    {
      "type": "Feature",
      "geometry": {
        "type": "Point",
        "coordinates": [
          11.2436,
          45.0064
        ]
      },
      "properties": {
        "icao24": "4d2433",
        "callsign": "WZZ2KE",
        "origin_country": "Malta",
        "time_position": 1786102046,
        "last_contact": 1786102046,
        "baro_altitude": 10058.4,
        "on_ground": false,
        "velocity": 218.15,
        "true_track": 254.69,
        "vertical_rate": 0,
        "geo_altitude": 10607.04,
        "squawk": "7750",
        "spi": false,
        "position_source": 0
      }
    },
    {
      "type": "Feature",
      "geometry": {
        "type": "Point",
        "coordinates": [
          8.9414,
          42.9152
        ]
      },
      "properties": {
        "icao24": "4cadca",
        "callsign": "ITY636",
        "origin_country": "Ireland",
        "time_position": 1786102046,
        "last_contact": 1786102046,
        "baro_altitude": 9227.82,
        "on_ground": false,
        "velocity": 215.48,
        "true_track": 286.79,
        "vertical_rate": 0.98,
        "geo_altitude": 9761.22,
        "squawk": "1000",
        "spi": false,
        "position_source": 0
      }
    },
    {
      "type": "Feature",
      "geometry": {
        "type": "Point",
        "coordinates": [
          9.9418,
          44.6493
        ]
      },
      "properties": {
        "icao24": "4cadcb",
        "callsign": "ITY2133",
        "origin_country": "Ireland",
        "time_position": 1786102045,
        "last_contact": 1786102046,
        "baro_altitude": 6423.66,
        "on_ground": false,
        "velocity": 238.13,
        "true_track": 153.99,
        "vertical_rate": 9.75,
        "geo_altitude": 6827.52,
        "squawk": "1000",
        "spi": false,
        "position_source": 0
      }
    },
    {
      "type": "Feature",
      "geometry": {
        "type": "Point",
        "coordinates": [
          11.8455,
          40.4376
        ]
      },
      "properties": {
        "icao24": "34608e",
        "callsign": "IBE08BK",
        "origin_country": "Spain",
        "time_position": 1786102045,
        "last_contact": 1786102046,
        "baro_altitude": 10668,
        "on_ground": false,
        "velocity": 238.74,
        "true_track": 270.99,
        "vertical_rate": 0,
        "geo_altitude": 11300.46,
        "squawk": "7731",
        "spi": false,
        "position_source": 0
      }
    },
    {
      "type": "Feature",
      "geometry": {
        "type": "Point",
        "coordinates": [
          16.8508,
          46.1612
        ]
      },
      "properties": {
        "icao24": "4d242a",
        "callsign": "WMT916",
        "origin_country": "Malta",
        "time_position": 1786102046,
        "last_contact": 1786102046,
        "baro_altitude": 10363.2,
        "on_ground": false,
        "velocity": 212.89,
        "true_track": 256.87,
        "vertical_rate": 0,
        "geo_altitude": 10919.46,
        "squawk": "1147",
        "spi": false,
        "position_source": 0
      }
    },
    {
      "type": "Feature",
      "geometry": {
        "type": "Point",
        "coordinates": [
          8.1543,
          44.3402
        ]
      },
      "properties": {
        "icao24": "4d2415",
        "callsign": "EWG8Z",
        "origin_country": "Malta",
        "time_position": 1786102046,
        "last_contact": 1786102046,
        "baro_altitude": 6492.24,
        "on_ground": false,
        "velocity": 199.14,
        "true_track": 181.33,
        "vertical_rate": -8.78,
        "geo_altitude": 6926.58,
        "squawk": "1000",
        "spi": false,
        "position_source": 0
      }
    },
    {
      "type": "Feature",
      "geometry": {
        "type": "Point",
        "coordinates": [
          10.8418,
          46.8351
        ]
      },
      "properties": {
        "icao24": "4d2417",
        "callsign": "EWG7ME",
        "origin_country": "Malta",
        "time_position": 1786102045,
        "last_contact": 1786102046,
        "baro_altitude": 11887.2,
        "on_ground": false,
        "velocity": 235.52,
        "true_track": 147.94,
        "vertical_rate": 0,
        "geo_altitude": 12435.84,
        "squawk": "0606",
        "spi": false,
        "position_source": 0
      }
    },
    {
      "type": "Feature",
      "geometry": {
        "type": "Point",
        "coordinates": [
          11.302,
          42.4549
        ]
      },
      "properties": {
        "icao24": "4cada8",
        "callsign": "ITY203",
        "origin_country": "Ireland",
        "time_position": 1786102045,
        "last_contact": 1786102046,
        "baro_altitude": 4373.88,
        "on_ground": false,
        "velocity": 184.48,
        "true_track": 126.84,
        "vertical_rate": -6.83,
        "geo_altitude": 4693.92,
        "squawk": "0547",
        "spi": false,
        "position_source": 0
      }
    },
    {
      "type": "Feature",
      "geometry": {
        "type": "Point",
        "coordinates": [
          17.4778,
          43.8611
        ]
      },
      "properties": {
        "icao24": "4d2425",
        "callsign": "WZZ476",
        "origin_country": "Malta",
        "time_position": 1786102045,
        "last_contact": 1786102045,
        "baro_altitude": 10972.8,
        "on_ground": false,
        "velocity": 222.97,
        "true_track": 311.82,
        "vertical_rate": 0.33,
        "geo_altitude": 11612.88,
        "squawk": "6065",
        "spi": false,
        "position_source": 0
      }
    },
    {
      "type": "Feature",
      "geometry": {
        "type": "Point",
        "coordinates": [
          12.1481,
          41.6046
        ]
      },
      "properties": {
        "icao24": "4d2420",
        "callsign": "WMT9KF",
        "origin_country": "Malta",
        "time_position": 1786102046,
        "last_contact": 1786102046,
        "baro_altitude": 11277.6,
        "on_ground": false,
        "velocity": 230.83,
        "true_track": 175.01,
        "vertical_rate": 0,
        "geo_altitude": 11948.16,
        "squawk": "1000",
        "spi": false,
        "position_source": 0
      }
    },
    {
      "type": "Feature",
      "geometry": {
        "type": "Point",
        "coordinates": [
          13.1903,
          46.9604
        ]
      },
      "properties": {
        "icao24": "4d2422",
        "callsign": "WZZ2424",
        "origin_country": "Malta",
        "time_position": 1786102046,
        "last_contact": 1786102046,
        "baro_altitude": 9448.8,
        "on_ground": false,
        "velocity": 228.61,
        "true_track": 118.64,
        "vertical_rate": 0.33,
        "geo_altitude": 9936.48,
        "squawk": "1172",
        "spi": false,
        "position_source": 0
      }
    },
    {
      "type": "Feature",
      "geometry": {
        "type": "Point",
        "coordinates": [
          7.9458,
          40.5952
        ]
      },
      "properties": {
        "icao24": "4cadac",
        "callsign": "ITY085",
        "origin_country": "Ireland",
        "time_position": 1786102045,
        "last_contact": 1786102045,
        "baro_altitude": 11582.4,
        "on_ground": false,
        "velocity": 233.95,
        "true_track": 68.46,
        "vertical_rate": 0,
        "geo_altitude": 12268.2,
        "squawk": "1000",
        "spi": false,
        "position_source": 0
      }
    },
    {
      "type": "Feature",
      "geometry": {
        "type": "Point",
        "coordinates": [
          14.368,
          37.5529
        ]
      },
      "properties": {
        "icao24": "3d77ff",
        "callsign": "PAV407",
        "origin_country": "Germany",
        "time_position": 1786102046,
        "last_contact": 1786102046,
        "baro_altitude": 3086.1,
        "on_ground": false,
        "velocity": 124.14,
        "true_track": 162.39,
        "vertical_rate": -4.55,
        "geo_altitude": 3329.94,
        "squawk": "7533",
        "spi": false,
        "position_source": 0
      }
    },
    {
      "type": "Feature",
      "geometry": {
        "type": "Point",
        "coordinates": [
          12.2557,
          41.8599
        ]
      },
      "properties": {
        "icao24": "4d247b",
        "callsign": "WMT1041",
        "origin_country": "Malta",
        "time_position": 1786102046,
        "last_contact": 1786102046,
        "baro_altitude": 99.06,
        "on_ground": false,
        "velocity": 67.36,
        "true_track": 162.67,
        "vertical_rate": -3.25,
        "geo_altitude": 152.4,
        "squawk": "4145",
        "spi": false,
        "position_source": 0
      }
    },
    {
      "type": "Feature",
      "geometry": {
        "type": "Point",
        "coordinates": [
          7.2922,
          43.4801
        ]
      },
      "properties": {
        "icao24": "34604b",
        "callsign": "ANE83VN",
        "origin_country": "Spain",
        "time_position": 1786102045,
        "last_contact": 1786102046,
        "baro_altitude": 2232.66,
        "on_ground": false,
        "velocity": 123.44,
        "true_track": 159,
        "vertical_rate": 10.4,
        "geo_altitude": 2423.16,
        "squawk": null,
        "spi": false,
        "position_source": 0
      }
    },
    {
      "type": "Feature",
      "geometry": {
        "type": "Point",
        "coordinates": [
          6.6502,
          43.9586
        ]
      },
      "properties": {
        "icao24": "4cadf0",
        "callsign": "RYR42GU",
        "origin_country": "Ireland",
        "time_position": 1786102045,
        "last_contact": 1786102045,
        "baro_altitude": 6263.64,
        "on_ground": false,
        "velocity": 189.28,
        "true_track": 331.07,
        "vertical_rate": 8.45,
        "geo_altitude": 6659.88,
        "squawk": "6761",
        "spi": false,
        "position_source": 0
      }
    },
    {
      "type": "Feature",
      "geometry": {
        "type": "Point",
        "coordinates": [
          10.6026,
          42.83
        ]
      },
      "properties": {
        "icao24": "407537",
        "callsign": "BAW549",
        "origin_country": "United Kingdom",
        "time_position": 1786102045,
        "last_contact": 1786102046,
        "baro_altitude": 9304.02,
        "on_ground": false,
        "velocity": 236.8,
        "true_track": 330.59,
        "vertical_rate": 11.05,
        "geo_altitude": 9860.28,
        "squawk": "1254",
        "spi": false,
        "position_source": 0
      }
    },
    {
      "type": "Feature",
      "geometry": {
        "type": "Point",
        "coordinates": [
          11.8573,
          41.7005
        ]
      },
      "properties": {
        "icao24": "4cade9",
        "callsign": "ITY801",
        "origin_country": "Ireland",
        "time_position": 1786102046,
        "last_contact": 1786102046,
        "baro_altitude": 3512.82,
        "on_ground": false,
        "velocity": 182.32,
        "true_track": 69.52,
        "vertical_rate": -11.05,
        "geo_altitude": 3787.14,
        "squawk": "1000",
        "spi": false,
        "position_source": 0
      }
    },
    {
      "type": "Feature",
      "geometry": {
        "type": "Point",
        "coordinates": [
          15.0706,
          47.1493
        ]
      },
      "properties": {
        "icao24": "4d245b",
        "callsign": "WMT7Y",
        "origin_country": "Malta",
        "time_position": 1786102045,
        "last_contact": 1786102045,
        "baro_altitude": 11567.16,
        "on_ground": false,
        "velocity": 213,
        "true_track": 281.99,
        "vertical_rate": 0.33,
        "geo_altitude": 12123.42,
        "squawk": "1000",
        "spi": false,
        "position_source": 0
      }
    },
    {
      "type": "Feature",
      "geometry": {
        "type": "Point",
        "coordinates": [
          10.7602,
          44.2507
        ]
      },
      "properties": {
        "icao24": "4cadec",
        "callsign": "ITY1787",
        "origin_country": "Ireland",
        "time_position": 1786102046,
        "last_contact": 1786102046,
        "baro_altitude": 10050.78,
        "on_ground": false,
        "velocity": 244.01,
        "true_track": 141.85,
        "vertical_rate": 8.45,
        "geo_altitude": 10599.42,
        "squawk": "1000",
        "spi": false,
        "position_source": 0
      }
    },
    {
      "type": "Feature",
      "geometry": {
        "type": "Point",
        "coordinates": [
          11.2314,
          45.3426
        ]
      },
      "properties": {
        "icao24": "4caded",
        "callsign": "ITY107",
        "origin_country": "Ireland",
        "time_position": 1786102046,
        "last_contact": 1786102046,
        "baro_altitude": 11887.2,
        "on_ground": false,
        "velocity": 237.24,
        "true_track": 164.79,
        "vertical_rate": 0,
        "geo_altitude": 12481.56,
        "squawk": "1000",
        "spi": false,
        "position_source": 0
      }
    },
    {
      "type": "Feature",
      "geometry": {
        "type": "Point",
        "coordinates": [
          12.2874,
          40.8855
        ]
      },
      "properties": {
        "icao24": "4d244c",
        "callsign": "RYR1PJ",
        "origin_country": "Malta",
        "time_position": 1786102046,
        "last_contact": 1786102046,
        "baro_altitude": 6957.06,
        "on_ground": false,
        "velocity": 208.78,
        "true_track": 176.33,
        "vertical_rate": 8.45,
        "geo_altitude": 7391.4,
        "squawk": null,
        "spi": false,
        "position_source": 0
      }
    },
    {
      "type": "Feature",
      "geometry": {
        "type": "Point",
        "coordinates": [
          18.3314,
          45.3011
        ]
      },
      "properties": {
        "icao24": "4cadf6",
        "callsign": "RYR2RE",
        "origin_country": "Ireland",
        "time_position": 1786102045,
        "last_contact": 1786102045,
        "baro_altitude": 10698.48,
        "on_ground": false,
        "velocity": 237.07,
        "true_track": 17.29,
        "vertical_rate": -2.93,
        "geo_altitude": 11269.98,
        "squawk": "1000",
        "spi": false,
        "position_source": 0
      }
    },
    {
      "type": "Feature",
      "geometry": {
        "type": "Point",
        "coordinates": [
          15.4026,
          46.8271
        ]
      },
      "properties": {
        "icao24": "4bd18a",
        "callsign": "CAI95QV",
        "origin_country": "Turkey",
        "time_position": 1786102045,
        "last_contact": 1786102045,
        "baro_altitude": 10668,
        "on_ground": false,
        "velocity": 238.4,
        "true_track": 126.4,
        "vertical_rate": -0.33,
        "geo_altitude": 11178.54,
        "squawk": "7656",
        "spi": false,
        "position_source": 0
      }
    },
    {
      "type": "Feature",
      "geometry": {
        "type": "Point",
        "coordinates": [
          11.5124,
          42.1641
        ]
      },
      "properties": {
        "icao24": "4cae12",
        "callsign": "ITY1174",
        "origin_country": "Ireland",
        "time_position": 1786102045,
        "last_contact": 1786102045,
        "baro_altitude": 12192,
        "on_ground": false,
        "velocity": 224.04,
        "true_track": 318.07,
        "vertical_rate": 0,
        "geo_altitude": 12870.18,
        "squawk": "1000",
        "spi": false,
        "position_source": 0
      }
    },
    {
      "type": "Feature",
      "geometry": {
        "type": "Point",
        "coordinates": [
          16.6363,
          42.8018
        ]
      },
      "properties": {
        "icao24": "4d22b0",
        "callsign": "RYR9BZ",
        "origin_country": "Malta",
        "time_position": 1786102045,
        "last_contact": 1786102045,
        "baro_altitude": 7155.18,
        "on_ground": false,
        "velocity": 197.61,
        "true_track": 326.14,
        "vertical_rate": -5.53,
        "geo_altitude": 7597.14,
        "squawk": null,
        "spi": false,
        "position_source": 0
      }
    },
    {
      "type": "Feature",
      "geometry": {
        "type": "Point",
        "coordinates": [
          16.7385,
          41.6407
        ]
      },
      "properties": {
        "icao24": "4cae52",
        "callsign": "RYR37KM",
        "origin_country": "Ireland",
        "time_position": 1786102045,
        "last_contact": 1786102045,
        "baro_altitude": 11277.6,
        "on_ground": false,
        "velocity": 248.39,
        "true_track": 94.99,
        "vertical_rate": 0.33,
        "geo_altitude": 11932.92,
        "squawk": null,
        "spi": false,
        "position_source": 0
      }
    },
    {
      "type": "Feature",
      "geometry": {
        "type": "Point",
        "coordinates": [
          15.8299,
          41.0553
        ]
      },
      "properties": {
        "icao24": "4cae55",
        "callsign": "RYR5CN",
        "origin_country": "Ireland",
        "time_position": 1786102045,
        "last_contact": 1786102045,
        "baro_altitude": 6080.76,
        "on_ground": false,
        "velocity": 188.96,
        "true_track": 292.24,
        "vertical_rate": 20.81,
        "geo_altitude": 6446.52,
        "squawk": null,
        "spi": false,
        "position_source": 0
      }
    },
    {
      "type": "Feature",
      "geometry": {
        "type": "Point",
        "coordinates": [
          14.8426,
          46.5667
        ]
      },
      "properties": {
        "icao24": "300781",
        "callsign": "AUA535T",
        "origin_country": "Italy",
        "time_position": 1786102046,
        "last_contact": 1786102046,
        "baro_altitude": 9448.8,
        "on_ground": false,
        "velocity": 231.15,
        "true_track": 230.96,
        "vertical_rate": 0.33,
        "geo_altitude": 9944.1,
        "squawk": "1000",
        "spi": false,
        "position_source": 0
      }
    },
    {
      "type": "Feature",
      "geometry": {
        "type": "Point",
        "coordinates": [
          12.0382,
          42.132
        ]
      },
      "properties": {
        "icao24": "4cae1c",
        "callsign": "ITY319",
        "origin_country": "Ireland",
        "time_position": 1786102046,
        "last_contact": 1786102046,
        "baro_altitude": 1821.18,
        "on_ground": false,
        "velocity": 144.79,
        "true_track": 93.26,
        "vertical_rate": -10.08,
        "geo_altitude": 2004.06,
        "squawk": "1000",
        "spi": false,
        "position_source": 0
      }
    },
    {
      "type": "Feature",
      "geometry": {
        "type": "Point",
        "coordinates": [
          13.8698,
          40.2863
        ]
      },
      "properties": {
        "icao24": "4cae1e",
        "callsign": "ITY896",
        "origin_country": "Ireland",
        "time_position": 1786102045,
        "last_contact": 1786102045,
        "baro_altitude": 8496.3,
        "on_ground": false,
        "velocity": 253.94,
        "true_track": 135.82,
        "vertical_rate": 5.2,
        "geo_altitude": 9044.94,
        "squawk": null,
        "spi": false,
        "position_source": 0
      }
    },
    {
      "type": "Feature",
      "geometry": {
        "type": "Point",
        "coordinates": [
          13.2614,
          45.3002
        ]
      },
      "properties": {
        "icao24": "4cae83",
        "callsign": "TFL7LX",
        "origin_country": "Ireland",
        "time_position": 1786102046,
        "last_contact": 1786102046,
        "baro_altitude": 10972.8,
        "on_ground": false,
        "velocity": 228.82,
        "true_track": 318.28,
        "vertical_rate": 0,
        "geo_altitude": 11529.06,
        "squawk": "5527",
        "spi": false,
        "position_source": 0
      }
    },
    {
      "type": "Feature",
      "geometry": {
        "type": "Point",
        "coordinates": [
          17.1759,
          45.5201
        ]
      },
      "properties": {
        "icao24": "4d22ae",
        "callsign": "RYR1J",
        "origin_country": "Malta",
        "time_position": 1786102044,
        "last_contact": 1786102045,
        "baro_altitude": 10370.82,
        "on_ground": false,
        "velocity": 227.31,
        "true_track": 324.12,
        "vertical_rate": 0,
        "geo_altitude": 10927.08,
        "squawk": "2071",
        "spi": false,
        "position_source": 0
      }
    },
    {
      "type": "Feature",
      "geometry": {
        "type": "Point",
        "coordinates": [
          16.5238,
          46.277
        ]
      },
      "properties": {
        "icao24": "4d22ad",
        "callsign": "RYR74FB",
        "origin_country": "Malta",
        "time_position": 1786102045,
        "last_contact": 1786102045,
        "baro_altitude": 9799.32,
        "on_ground": false,
        "velocity": 225.66,
        "true_track": 220.01,
        "vertical_rate": 5.85,
        "geo_altitude": 10332.72,
        "squawk": "1000",
        "spi": false,
        "position_source": 0
      }
    },
    {
      "type": "Feature",
      "geometry": {
        "type": "Point",
        "coordinates": [
          18.4316,
          39.7156
        ]
      },
      "properties": {
        "icao24": "4cae68",
        "callsign": "RYR4403",
        "origin_country": "Ireland",
        "time_position": 1786102045,
        "last_contact": 1786102046,
        "baro_altitude": 10972.8,
        "on_ground": false,
        "velocity": 238.74,
        "true_track": 313.25,
        "vertical_rate": 0.33,
        "geo_altitude": 11620.5,
        "squawk": null,
        "spi": false,
        "position_source": 0
      }
    },
    {
      "type": "Feature",
      "geometry": {
        "type": "Point",
        "coordinates": [
          9.9757,
          43.519
        ]
      },
      "properties": {
        "icao24": "4cae69",
        "callsign": "RYR30WP",
        "origin_country": "Ireland",
        "time_position": 1786102046,
        "last_contact": 1786102046,
        "baro_altitude": 1828.8,
        "on_ground": false,
        "velocity": 143.39,
        "true_track": 105.18,
        "vertical_rate": -10.08,
        "geo_altitude": 2004.06,
        "squawk": "0562",
        "spi": false,
        "position_source": 0
      }
    },
    {
      "type": "Feature",
      "geometry": {
        "type": "Point",
        "coordinates": [
          17.2191,
          47.1748
        ]
      },
      "properties": {
        "icao24": "4d22c2",
        "callsign": "RYR1YX",
        "origin_country": "Malta",
        "time_position": 1786102045,
        "last_contact": 1786102045,
        "baro_altitude": 7650.48,
        "on_ground": false,
        "velocity": 224.83,
        "true_track": 135.74,
        "vertical_rate": 7.15,
        "geo_altitude": 8069.58,
        "squawk": "7146",
        "spi": false,
        "position_source": 0
      }
    },
    {
      "type": "Feature",
      "geometry": {
        "type": "Point",
        "coordinates": [
          8.7187,
          45.6252
        ]
      },
      "properties": {
        "icao24": "300738",
        "callsign": "DLA3MJ",
        "origin_country": "Italy",
        "time_position": 1786102046,
        "last_contact": 1786102046,
        "baro_altitude": null,
        "on_ground": true,
        "velocity": 3.86,
        "true_track": 168.75,
        "vertical_rate": null,
        "geo_altitude": null,
        "squawk": "1000",
        "spi": false,
        "position_source": 0
      }
    },
    {
      "type": "Feature",
      "geometry": {
        "type": "Point",
        "coordinates": [
          12.1066,
          44.0451
        ]
      },
      "properties": {
        "icao24": "4cae63",
        "callsign": "RYR45MK",
        "origin_country": "Ireland",
        "time_position": 1786102045,
        "last_contact": 1786102046,
        "baro_altitude": 10553.7,
        "on_ground": false,
        "velocity": 248,
        "true_track": 124.35,
        "vertical_rate": 5.53,
        "geo_altitude": 11117.58,
        "squawk": "0405",
        "spi": false,
        "position_source": 0
      }
    },
    {
      "type": "Feature",
      "geometry": {
        "type": "Point",
        "coordinates": [
          15.5855,
          37.4099
        ]
      },
      "properties": {
        "icao24": "4cae64",
        "callsign": "RYR3KH",
        "origin_country": "Ireland",
        "time_position": 1786102046,
        "last_contact": 1786102046,
        "baro_altitude": 10172.7,
        "on_ground": false,
        "velocity": 238.83,
        "true_track": 178.15,
        "vertical_rate": -4.88,
        "geo_altitude": 10812.78,
        "squawk": "3713",
        "spi": false,
        "position_source": 0
      }
    },
    {
      "type": "Feature",
      "geometry": {
        "type": "Point",
        "coordinates": [
          12.6722,
          43.3348
        ]
      },
      "properties": {
        "icao24": "4cae62",
        "callsign": "RYR18KT",
        "origin_country": "Ireland",
        "time_position": 1786102045,
        "last_contact": 1786102045,
        "baro_altitude": 9037.32,
        "on_ground": false,
        "velocity": 219.48,
        "true_track": 206.44,
        "vertical_rate": -10.73,
        "geo_altitude": 9578.34,
        "squawk": "1000",
        "spi": false,
        "position_source": 0
      }
    },
    {
      "type": "Feature",
      "geometry": {
        "type": "Point",
        "coordinates": [
          16.6904,
          45.7928
        ]
      },
      "properties": {
        "icao24": "4cae75",
        "callsign": "SAS55H",
        "origin_country": "Ireland",
        "time_position": 1786102045,
        "last_contact": 1786102045,
        "baro_altitude": 11574.78,
        "on_ground": false,
        "velocity": 233.29,
        "true_track": 333.83,
        "vertical_rate": 0,
        "geo_altitude": 12153.9,
        "squawk": "7730",
        "spi": false,
        "position_source": 0
      }
    },
    {
      "type": "Feature",
      "geometry": {
        "type": "Point",
        "coordinates": [
          12.1555,
          43.0094
        ]
      },
      "properties": {
        "icao24": "4d22c8",
        "callsign": "RYR346F",
        "origin_country": "Malta",
        "time_position": 1786102046,
        "last_contact": 1786102046,
        "baro_altitude": 11582.4,
        "on_ground": false,
        "velocity": 230.3,
        "true_track": 206.39,
        "vertical_rate": 0,
        "geo_altitude": 12237.72,
        "squawk": "7104",
        "spi": false,
        "position_source": 0
      }
    },
    {
      "type": "Feature",
      "geometry": {
        "type": "Point",
        "coordinates": [
          11.676,
          45.3418
        ]
      },
      "properties": {
        "icao24": "30070b",
        "callsign": null,
        "origin_country": "Italy",
        "time_position": 1786102027,
        "last_contact": 1786102040,
        "baro_altitude": 274.32,
        "on_ground": false,
        "velocity": 47.4,
        "true_track": 115.73,
        "vertical_rate": -0.65,
        "geo_altitude": 350.52,
        "squawk": null,
        "spi": false,
        "position_source": 0
      }
    },
    {
      "type": "Feature",
      "geometry": {
        "type": "Point",
        "coordinates": [
          9.1651,
          43.1529
        ]
      },
      "properties": {
        "icao24": "30071d",
        "callsign": "AELIA95",
        "origin_country": "Italy",
        "time_position": 1786102045,
        "last_contact": 1786102045,
        "baro_altitude": 9052.56,
        "on_ground": false,
        "velocity": 137.52,
        "true_track": 357.21,
        "vertical_rate": -2.93,
        "geo_altitude": 9570.72,
        "squawk": null,
        "spi": false,
        "position_source": 0
      }
    },
    {
      "type": "Feature",
      "geometry": {
        "type": "Point",
        "coordinates": [
          11.8443,
          45.4924
        ]
      },
      "properties": {
        "icao24": "71bc23",
        "callsign": "AIH790",
        "origin_country": "Republic of Korea",
        "time_position": 1786102045,
        "last_contact": 1786102045,
        "baro_altitude": 9425.94,
        "on_ground": false,
        "velocity": 273.19,
        "true_track": 99.98,
        "vertical_rate": 4.55,
        "geo_altitude": 9913.62,
        "squawk": "3757",
        "spi": false,
        "position_source": 0
      }
    },
    {
      "type": "Feature",
      "geometry": {
        "type": "Point",
        "coordinates": [
          7.4911,
          41.7291
        ]
      },
      "properties": {
        "icao24": "3c56ee",
        "callsign": "EWG71G",
        "origin_country": "Germany",
        "time_position": 1786102046,
        "last_contact": 1786102046,
        "baro_altitude": 11574.78,
        "on_ground": false,
        "velocity": 235.13,
        "true_track": 46.95,
        "vertical_rate": 0,
        "geo_altitude": 12260.58,
        "squawk": "5552",
        "spi": false,
        "position_source": 0
      }
    },
    {
      "type": "Feature",
      "geometry": {
        "type": "Point",
        "coordinates": [
          6.3268,
          37.2668
        ]
      },
      "properties": {
        "icao24": "4d235b",
        "callsign": "VJT731",
        "origin_country": "Malta",
        "time_position": 1786102043,
        "last_contact": 1786102043,
        "baro_altitude": 14325.6,
        "on_ground": false,
        "velocity": 254.06,
        "true_track": 353.84,
        "vertical_rate": 0.33,
        "geo_altitude": 15049.5,
        "squawk": null,
        "spi": false,
        "position_source": 0
      }
    },
    {
      "type": "Feature",
      "geometry": {
        "type": "Point",
        "coordinates": [
          13.4753,
          45.8278
        ]
      },
      "properties": {
        "icao24": "4d2361",
        "callsign": "VJT607",
        "origin_country": "Malta",
        "time_position": 1786102045,
        "last_contact": 1786102045,
        "baro_altitude": null,
        "on_ground": true,
        "velocity": 16.46,
        "true_track": 90,
        "vertical_rate": null,
        "geo_altitude": null,
        "squawk": "5544",
        "spi": false,
        "position_source": 0
      }
    },
    {
      "type": "Feature",
      "geometry": {
        "type": "Point",
        "coordinates": [
          10.2611,
          38.0701
        ]
      },
      "properties": {
        "icao24": "4d2338",
        "callsign": "TAR717",
        "origin_country": "Malta",
        "time_position": 1786101961,
        "last_contact": 1786101977,
        "baro_altitude": 6294.12,
        "on_ground": false,
        "velocity": 204.66,
        "true_track": 155.5,
        "vertical_rate": -9.43,
        "geo_altitude": 6751.32,
        "squawk": "7633",
        "spi": false,
        "position_source": 0
      }
    },
    {
      "type": "Feature",
      "geometry": {
        "type": "Point",
        "coordinates": [
          8.2738,
          42.2111
        ]
      },
      "properties": {
        "icao24": "3985a1",
        "callsign": "AFR96PZ",
        "origin_country": "France",
        "time_position": 1786102045,
        "last_contact": 1786102045,
        "baro_altitude": 2750.82,
        "on_ground": false,
        "velocity": 159.39,
        "true_track": 126.2,
        "vertical_rate": -7.8,
        "geo_altitude": 3002.28,
        "squawk": "1000",
        "spi": false,
        "position_source": 0
      }
    },
    {
      "type": "Feature",
      "geometry": {
        "type": "Point",
        "coordinates": [
          8.8419,
          45.8348
        ]
      },
      "properties": {
        "icao24": "3985a9",
        "callsign": "AFR42UN",
        "origin_country": "France",
        "time_position": 1786102045,
        "last_contact": 1786102045,
        "baro_altitude": 5737.86,
        "on_ground": false,
        "velocity": 196.77,
        "true_track": 159.81,
        "vertical_rate": -10.08,
        "geo_altitude": 6103.62,
        "squawk": "1000",
        "spi": false,
        "position_source": 0
      }
    },
    {
      "type": "Feature",
      "geometry": {
        "type": "Point",
        "coordinates": [
          10.0842,
          44.4155
        ]
      },
      "properties": {
        "icao24": "4d2397",
        "callsign": "MNS527",
        "origin_country": "Malta",
        "time_position": 1786102045,
        "last_contact": 1786102045,
        "baro_altitude": 9593.58,
        "on_ground": false,
        "velocity": 245.95,
        "true_track": 153.01,
        "vertical_rate": 4.23,
        "geo_altitude": 10134.6,
        "squawk": "0434",
        "spi": false,
        "position_source": 0
      }
    },
    {
      "type": "Feature",
      "geometry": {
        "type": "Point",
        "coordinates": [
          17.9547,
          45.6188
        ]
      },
      "properties": {
        "icao24": "4d2378",
        "callsign": "EWG24X",
        "origin_country": "Malta",
        "time_position": 1786102045,
        "last_contact": 1786102045,
        "baro_altitude": 10668,
        "on_ground": false,
        "velocity": 249.62,
        "true_track": 125.1,
        "vertical_rate": 0,
        "geo_altitude": 11231.88,
        "squawk": "6430",
        "spi": false,
        "position_source": 0
      }
    },
    {
      "type": "Feature",
      "geometry": {
        "type": "Point",
        "coordinates": [
          8.7019,
          47.4131
        ]
      },
      "properties": {
        "icao24": "300393",
        "callsign": "DLA6MF",
        "origin_country": "Italy",
        "time_position": 1786102045,
        "last_contact": 1786102046,
        "baro_altitude": 10058.4,
        "on_ground": false,
        "velocity": 228.52,
        "true_track": 168.97,
        "vertical_rate": 0,
        "geo_altitude": 10530.84,
        "squawk": "2552",
        "spi": false,
        "position_source": 0
      }
    },
    {
      "type": "Feature",
      "geometry": {
        "type": "Point",
        "coordinates": [
          16.7629,
          41.1359
        ]
      },
      "properties": {
        "icao24": "300394",
        "callsign": "DLH3TP",
        "origin_country": "Italy",
        "time_position": 1786102042,
        "last_contact": 1786102042,
        "baro_altitude": null,
        "on_ground": true,
        "velocity": 0,
        "true_track": 70.31,
        "vertical_rate": null,
        "geo_altitude": null,
        "squawk": null,
        "spi": false,
        "position_source": 0
      }
    },
    {
      "type": "Feature",
      "geometry": {
        "type": "Point",
        "coordinates": [
          7.482,
          45.6096
        ]
      },
      "properties": {
        "icao24": "4d2382",
        "callsign": "RYR98YP",
        "origin_country": "Malta",
        "time_position": 1786102045,
        "last_contact": 1786102045,
        "baro_altitude": 10972.8,
        "on_ground": false,
        "velocity": 217.09,
        "true_track": 321.45,
        "vertical_rate": 0,
        "geo_altitude": 11529.06,
        "squawk": "5706",
        "spi": false,
        "position_source": 0
      }
    },
    {
      "type": "Feature",
      "geometry": {
        "type": "Point",
        "coordinates": [
          9.3742,
          45.8524
        ]
      },
      "properties": {
        "icao24": "a11ce7",
        "callsign": "ICFAN",
        "origin_country": "United States",
        "time_position": 1786102005,
        "last_contact": 1786102005,
        "baro_altitude": 640.08,
        "on_ground": false,
        "velocity": 48.37,
        "true_track": 88.78,
        "vertical_rate": -8.78,
        "geo_altitude": 739.14,
        "squawk": "0035",
        "spi": false,
        "position_source": 0
      }
    },
    {
      "type": "Feature",
      "geometry": {
        "type": "Point",
        "coordinates": [
          9.9795,
          42.4095
        ]
      },
      "properties": {
        "icao24": "398601",
        "callsign": "AFR59VR",
        "origin_country": "France",
        "time_position": 1786102045,
        "last_contact": 1786102045,
        "baro_altitude": 10972.8,
        "on_ground": false,
        "velocity": 229.17,
        "true_track": 351.87,
        "vertical_rate": -0.33,
        "geo_altitude": 11582.4,
        "squawk": null,
        "spi": false,
        "position_source": 0
      }
    },
    {
      "type": "Feature",
      "geometry": {
        "type": "Point",
        "coordinates": [
          7.6936,
          44.7954
        ]
      },
      "properties": {
        "icao24": "4070e3",
        "callsign": "EXS44TJ",
        "origin_country": "United Kingdom",
        "time_position": 1786102045,
        "last_contact": 1786102045,
        "baro_altitude": 11277.6,
        "on_ground": false,
        "velocity": 252.17,
        "true_track": 133.59,
        "vertical_rate": 0.33,
        "geo_altitude": 11856.72,
        "squawk": "0504",
        "spi": false,
        "position_source": 0
      }
    },
    {
      "type": "Feature",
      "geometry": {
        "type": "Point",
        "coordinates": [
          11.1283,
          47.0214
        ]
      },
      "properties": {
        "icao24": "4070e4",
        "callsign": "EXS334",
        "origin_country": "United Kingdom",
        "time_position": 1786102045,
        "last_contact": 1786102045,
        "baro_altitude": 10972.8,
        "on_ground": false,
        "velocity": 234.43,
        "true_track": 324.29,
        "vertical_rate": 0,
        "geo_altitude": 11475.72,
        "squawk": "0272",
        "spi": false,
        "position_source": 0
      }
    },
    {
      "type": "Feature",
      "geometry": {
        "type": "Point",
        "coordinates": [
          12.2576,
          41.8553
        ]
      },
      "properties": {
        "icao24": "4cad5a",
        "callsign": "ITY403",
        "origin_country": "Ireland",
        "time_position": 1786101954,
        "last_contact": 1786101955,
        "baro_altitude": 76.2,
        "on_ground": false,
        "velocity": 71.75,
        "true_track": 162.47,
        "vertical_rate": -3.58,
        "geo_altitude": 129.54,
        "squawk": "1000",
        "spi": false,
        "position_source": 0
      }
    },
    {
      "type": "Feature",
      "geometry": {
        "type": "Point",
        "coordinates": [
          12.6198,
          47.7327
        ]
      },
      "properties": {
        "icao24": "4c01e0",
        "callsign": "ASL96C",
        "origin_country": "Serbia",
        "time_position": 1786102045,
        "last_contact": 1786102045,
        "baro_altitude": 10668,
        "on_ground": false,
        "velocity": 241.8,
        "true_track": 129.82,
        "vertical_rate": 0,
        "geo_altitude": 11163.3,
        "squawk": "7645",
        "spi": false,
        "position_source": 0
      }
    },
    {
      "type": "Feature",
      "geometry": {
        "type": "Point",
        "coordinates": [
          7.894,
          45.0892
        ]
      },
      "properties": {
        "icao24": "300401",
        "callsign": "INOST",
        "origin_country": "Italy",
        "time_position": 1786102044,
        "last_contact": 1786102045,
        "baro_altitude": 716.28,
        "on_ground": false,
        "velocity": 63.39,
        "true_track": 76.87,
        "vertical_rate": -0.98,
        "geo_altitude": 815.34,
        "squawk": "1444",
        "spi": false,
        "position_source": 0
      }
    },
    {
      "type": "Feature",
      "geometry": {
        "type": "Point",
        "coordinates": [
          17.9927,
          47.5712
        ]
      },
      "properties": {
        "icao24": "4d21c8",
        "callsign": "CAI7JH",
        "origin_country": "Malta",
        "time_position": 1786102045,
        "last_contact": 1786102045,
        "baro_altitude": 10972.8,
        "on_ground": false,
        "velocity": 216.27,
        "true_track": 295.96,
        "vertical_rate": 0,
        "geo_altitude": 11498.58,
        "squawk": "1000",
        "spi": false,
        "position_source": 0
      }
    },
    {
      "type": "Feature",
      "geometry": {
        "type": "Point",
        "coordinates": [
          9.8986,
          44.4273
        ]
      },
      "properties": {
        "icao24": "4d21c9",
        "callsign": "AEZ8765",
        "origin_country": "Malta",
        "time_position": 1786102045,
        "last_contact": 1786102045,
        "baro_altitude": 7650.48,
        "on_ground": false,
        "velocity": 251.51,
        "true_track": 162.01,
        "vertical_rate": 7.15,
        "geo_altitude": 8084.82,
        "squawk": "7450",
        "spi": false,
        "position_source": 0
      }
    },
    {
      "type": "Feature",
      "geometry": {
        "type": "Point",
        "coordinates": [
          15.5749,
          37.6235
        ]
      },
      "properties": {
        "icao24": "4c01f3",
        "callsign": "ASL31D",
        "origin_country": "Serbia",
        "time_position": 1786102045,
        "last_contact": 1786102046,
        "baro_altitude": 4998.72,
        "on_ground": false,
        "velocity": 183.06,
        "true_track": 250.29,
        "vertical_rate": -11.38,
        "geo_altitude": 5341.62,
        "squawk": null,
        "spi": false,
        "position_source": 0
      }
    },
    {
      "type": "Feature",
      "geometry": {
        "type": "Point",
        "coordinates": [
          15.9282,
          43.0911
        ]
      },
      "properties": {
        "icao24": "4c01f4",
        "callsign": "ASL53X",
        "origin_country": "Serbia",
        "time_position": 1786102023,
        "last_contact": 1786102046,
        "baro_altitude": 10363.2,
        "on_ground": false,
        "velocity": 222.97,
        "true_track": 249.89,
        "vertical_rate": 0,
        "geo_altitude": 10965.18,
        "squawk": "4130",
        "spi": false,
        "position_source": 0
      }
    },
    {
      "type": "Feature",
      "geometry": {
        "type": "Point",
        "coordinates": [
          16.2579,
          40.4283
        ]
      },
      "properties": {
        "icao24": "4cad5d",
        "callsign": "ITY737",
        "origin_country": "Ireland",
        "time_position": 1786102045,
        "last_contact": 1786102045,
        "baro_altitude": 10972.8,
        "on_ground": false,
        "velocity": 234,
        "true_track": 297.35,
        "vertical_rate": 0.33,
        "geo_altitude": 11612.88,
        "squawk": "2012",
        "spi": false,
        "position_source": 0
      }
    },
    {
      "type": "Feature",
      "geometry": {
        "type": "Point",
        "coordinates": [
          6.327,
          45.771
        ]
      },
      "properties": {
        "icao24": "4d21a5",
        "callsign": "QFX17",
        "origin_country": "Malta",
        "time_position": 1786102045,
        "last_contact": 1786102045,
        "baro_altitude": 6827.52,
        "on_ground": false,
        "velocity": 219.43,
        "true_track": 171.64,
        "vertical_rate": 5.2,
        "geo_altitude": 7246.62,
        "squawk": "1000",
        "spi": false,
        "position_source": 0
      }
    },
    {
      "type": "Feature",
      "geometry": {
        "type": "Point",
        "coordinates": [
          14.3903,
          40.1802
        ]
      },
      "properties": {
        "icao24": "4cad3a",
        "callsign": "RYR12ZY",
        "origin_country": "Ireland",
        "time_position": 1786102041,
        "last_contact": 1786102043,
        "baro_altitude": 5760.72,
        "on_ground": false,
        "velocity": 201.42,
        "true_track": 164.9,
        "vertical_rate": 9.43,
        "geo_altitude": 6134.1,
        "squawk": null,
        "spi": false,
        "position_source": 0
      }
    },
    {
      "type": "Feature",
      "geometry": {
        "type": "Point",
        "coordinates": [
          6.9969,
          43.3844
        ]
      },
      "properties": {
        "icao24": "3c5853",
        "callsign": "VJH767",
        "origin_country": "Germany",
        "time_position": 1786102046,
        "last_contact": 1786102046,
        "baro_altitude": 609.6,
        "on_ground": false,
        "velocity": 93.45,
        "true_track": 335.27,
        "vertical_rate": 0,
        "geo_altitude": 701.04,
        "squawk": "5310",
        "spi": false,
        "position_source": 0
      }
    },
    {
      "type": "Feature",
      "geometry": {
        "type": "Point",
        "coordinates": [
          12.6082,
          41.0675
        ]
      },
      "properties": {
        "icao24": "4d21ec",
        "callsign": "RYR8AA",
        "origin_country": "Malta",
        "time_position": 1786102046,
        "last_contact": 1786102046,
        "baro_altitude": 10972.8,
        "on_ground": false,
        "velocity": 229.08,
        "true_track": 267.94,
        "vertical_rate": -0.33,
        "geo_altitude": 11605.26,
        "squawk": null,
        "spi": false,
        "position_source": 0
      }
    },
    {
      "type": "Feature",
      "geometry": {
        "type": "Point",
        "coordinates": [
          9.3308,
          47.0351
        ]
      },
      "properties": {
        "icao24": "4cad7b",
        "callsign": "EIN42W",
        "origin_country": "Ireland",
        "time_position": 1786102045,
        "last_contact": 1786102046,
        "baro_altitude": 11582.4,
        "on_ground": false,
        "velocity": 213.61,
        "true_track": 288.83,
        "vertical_rate": 0.33,
        "geo_altitude": 12100.56,
        "squawk": "7524",
        "spi": false,
        "position_source": 0
      }
    },
    {
      "type": "Feature",
      "geometry": {
        "type": "Point",
        "coordinates": [
          9.9776,
          42.8622
        ]
      },
      "properties": {
        "icao24": "4d21ce",
        "callsign": "AEZ41ST",
        "origin_country": "Malta",
        "time_position": 1786102046,
        "last_contact": 1786102046,
        "baro_altitude": 10012.68,
        "on_ground": false,
        "velocity": 233.37,
        "true_track": 343.08,
        "vertical_rate": -4.88,
        "geo_altitude": 10614.66,
        "squawk": null,
        "spi": false,
        "position_source": 0
      }
    },
    {
      "type": "Feature",
      "geometry": {
        "type": "Point",
        "coordinates": [
          13.8977,
          36.3836
        ]
      },
      "properties": {
        "icao24": "4cad89",
        "callsign": "SAS2768",
        "origin_country": "Ireland",
        "time_position": 1786102045,
        "last_contact": 1786102045,
        "baro_altitude": 6431.28,
        "on_ground": false,
        "velocity": 224.74,
        "true_track": 324.13,
        "vertical_rate": 7.48,
        "geo_altitude": 6827.52,
        "squawk": "6571",
        "spi": false,
        "position_source": 0
      }
    },
    {
      "type": "Feature",
      "geometry": {
        "type": "Point",
        "coordinates": [
          9.0383,
          39.3386
        ]
      },
      "properties": {
        "icao24": "4d21f6",
        "callsign": null,
        "origin_country": "Malta",
        "time_position": 1786102034,
        "last_contact": 1786102034,
        "baro_altitude": 1242.06,
        "on_ground": false,
        "velocity": 104.07,
        "true_track": 3.12,
        "vertical_rate": 7.48,
        "geo_altitude": 1333.5,
        "squawk": null,
        "spi": false,
        "position_source": 0
      }
    },
    {
      "type": "Feature",
      "geometry": {
        "type": "Point",
        "coordinates": [
          6.1611,
          43.1269
        ]
      },
      "properties": {
        "icao24": "4d21f1",
        "callsign": "RYR85WH",
        "origin_country": "Malta",
        "time_position": 1786102046,
        "last_contact": 1786102046,
        "baro_altitude": 9753.6,
        "on_ground": false,
        "velocity": 241.75,
        "true_track": 58.58,
        "vertical_rate": 0,
        "geo_altitude": 10317.48,
        "squawk": "1440",
        "spi": false,
        "position_source": 0
      }
    },
    {
      "type": "Feature",
      "geometry": {
        "type": "Point",
        "coordinates": [
          8.2465,
          44.4384
        ]
      },
      "properties": {
        "icao24": "4d21db",
        "callsign": "KMM101",
        "origin_country": "Malta",
        "time_position": 1786102045,
        "last_contact": 1786102046,
        "baro_altitude": 11879.58,
        "on_ground": false,
        "velocity": 253.55,
        "true_track": 134.75,
        "vertical_rate": 0,
        "geo_altitude": 12496.8,
        "squawk": "0545",
        "spi": false,
        "position_source": 0
      }
    },
    {
      "type": "Feature",
      "geometry": {
        "type": "Point",
        "coordinates": [
          14.6122,
          46.0364
        ]
      },
      "properties": {
        "icao24": "4d20fb",
        "callsign": "WMT3182",
        "origin_country": "Malta",
        "time_position": 1786102045,
        "last_contact": 1786102046,
        "baro_altitude": 10370.82,
        "on_ground": false,
        "velocity": 222.02,
        "true_track": 259.99,
        "vertical_rate": 0,
        "geo_altitude": 10927.08,
        "squawk": "1000",
        "spi": false,
        "position_source": 0
      }
    },
    {
      "type": "Feature",
      "geometry": {
        "type": "Point",
        "coordinates": [
          14.3497,
          46.3115
        ]
      },
      "properties": {
        "icao24": "3003ad",
        "callsign": "AUA543",
        "origin_country": "Italy",
        "time_position": 1786102045,
        "last_contact": 1786102045,
        "baro_altitude": 9144,
        "on_ground": false,
        "velocity": 232.35,
        "true_track": 229.22,
        "vertical_rate": 0.33,
        "geo_altitude": 9624.06,
        "squawk": "1000",
        "spi": false,
        "position_source": 0
      }
    },
    {
      "type": "Feature",
      "geometry": {
        "type": "Point",
        "coordinates": [
          8.8143,
          44.2854
        ]
      },
      "properties": {
        "icao24": "3003ae",
        "callsign": "DLA8RT",
        "origin_country": "Italy",
        "time_position": 1786102045,
        "last_contact": 1786102045,
        "baro_altitude": 2072.64,
        "on_ground": false,
        "velocity": 112.32,
        "true_track": 183.15,
        "vertical_rate": 12.03,
        "geo_altitude": 2255.52,
        "squawk": null,
        "spi": false,
        "position_source": 0
      }
    },
    {
      "type": "Feature",
      "geometry": {
        "type": "Point",
        "coordinates": [
          15.2234,
          45.2982
        ]
      },
      "properties": {
        "icao24": "4d2237",
        "callsign": "RYR52UR",
        "origin_country": "Malta",
        "time_position": 1786102045,
        "last_contact": 1786102045,
        "baro_altitude": 10668,
        "on_ground": false,
        "velocity": 244.04,
        "true_track": 92.3,
        "vertical_rate": -0.33,
        "geo_altitude": 11224.26,
        "squawk": "0221",
        "spi": false,
        "position_source": 0
      }
    },
    {
      "type": "Feature",
      "geometry": {
        "type": "Point",
        "coordinates": [
          11.3115,
          44.5272
        ]
      },
      "properties": {
        "icao24": "4d2236",
        "callsign": "RYR67KN",
        "origin_country": "Malta",
        "time_position": 1786101946,
        "last_contact": 1786101946,
        "baro_altitude": 99.06,
        "on_ground": false,
        "velocity": 78.22,
        "true_track": 296.57,
        "vertical_rate": -4.23,
        "geo_altitude": 152.4,
        "squawk": "1000",
        "spi": false,
        "position_source": 0
      }
    },
    {
      "type": "Feature",
      "geometry": {
        "type": "Point",
        "coordinates": [
          13.0676,
          38.1679
        ]
      },
      "properties": {
        "icao24": "4d222a",
        "callsign": "RYR877F",
        "origin_country": "Malta",
        "time_position": 1786102032,
        "last_contact": 1786102032,
        "baro_altitude": 106.68,
        "on_ground": false,
        "velocity": 77.01,
        "true_track": 67.2,
        "vertical_rate": -3.58,
        "geo_altitude": 220.98,
        "squawk": null,
        "spi": false,
        "position_source": 0
      }
    },
    {
      "type": "Feature",
      "geometry": {
        "type": "Point",
        "coordinates": [
          8.8772,
          43.1694
        ]
      },
      "properties": {
        "icao24": "4d222e",
        "callsign": "RYR21VJ",
        "origin_country": "Malta",
        "time_position": 1786102045,
        "last_contact": 1786102045,
        "baro_altitude": 10797.54,
        "on_ground": false,
        "velocity": 232.73,
        "true_track": 14.99,
        "vertical_rate": -4.88,
        "geo_altitude": 11414.76,
        "squawk": "1441",
        "spi": false,
        "position_source": 0
      }
    },
    {
      "type": "Feature",
      "geometry": {
        "type": "Point",
        "coordinates": [
          12.7992,
          41.5621
        ]
      },
      "properties": {
        "icao24": "4d2243",
        "callsign": "RYR50CL",
        "origin_country": "Malta",
        "time_position": 1786102045,
        "last_contact": 1786102045,
        "baro_altitude": 7200.9,
        "on_ground": false,
        "velocity": 212.32,
        "true_track": 77.55,
        "vertical_rate": 10.08,
        "geo_altitude": 7620,
        "squawk": null,
        "spi": false,
        "position_source": 0
      }
    },
    {
      "type": "Feature",
      "geometry": {
        "type": "Point",
        "coordinates": [
          6.1028,
          45.9779
        ]
      },
      "properties": {
        "icao24": "4d2219",
        "callsign": "RYR1WZ",
        "origin_country": "Malta",
        "time_position": 1786102046,
        "last_contact": 1786102046,
        "baro_altitude": 10668,
        "on_ground": false,
        "velocity": 232.07,
        "true_track": 192.16,
        "vertical_rate": 0,
        "geo_altitude": 11193.78,
        "squawk": "1000",
        "spi": false,
        "position_source": 0
      }
    },
    {
      "type": "Feature",
      "geometry": {
        "type": "Point",
        "coordinates": [
          11.5862,
          46.2984
        ]
      },
      "properties": {
        "icao24": "4d2229",
        "callsign": "RYR7TA",
        "origin_country": "Malta",
        "time_position": 1786102045,
        "last_contact": 1786102045,
        "baro_altitude": 11277.6,
        "on_ground": false,
        "velocity": 221.54,
        "true_track": 188.41,
        "vertical_rate": 0,
        "geo_altitude": 11818.62,
        "squawk": "7433",
        "spi": false,
        "position_source": 0
      }
    },
    {
      "type": "Feature",
      "geometry": {
        "type": "Point",
        "coordinates": [
          14.486,
          35.8528
        ]
      },
      "properties": {
        "icao24": "4d2223",
        "callsign": "RYR6EW",
        "origin_country": "Malta",
        "time_position": 1786102041,
        "last_contact": 1786102041,
        "baro_altitude": null,
        "on_ground": true,
        "velocity": 4.37,
        "true_track": 303.75,
        "vertical_rate": null,
        "geo_altitude": null,
        "squawk": null,
        "spi": false,
        "position_source": 0
      }
    },
    {
      "type": "Feature",
      "geometry": {
        "type": "Point",
        "coordinates": [
          10.9156,
          43.3672
        ]
      },
      "properties": {
        "icao24": "4d220a",
        "callsign": "RYR3478",
        "origin_country": "Malta",
        "time_position": 1786102046,
        "last_contact": 1786102046,
        "baro_altitude": 10172.7,
        "on_ground": false,
        "velocity": 236.94,
        "true_track": 355.27,
        "vertical_rate": -1.95,
        "geo_altitude": 10751.82,
        "squawk": "5472",
        "spi": false,
        "position_source": 0
      }
    },
    {
      "type": "Feature",
      "geometry": {
        "type": "Point",
        "coordinates": [
          16.5516,
          40.979
        ]
      },
      "properties": {
        "icao24": "4d220b",
        "callsign": "RYR243X",
        "origin_country": "Malta",
        "time_position": 1786102045,
        "last_contact": 1786102045,
        "baro_altitude": 8183.88,
        "on_ground": false,
        "velocity": 223.49,
        "true_track": 281.96,
        "vertical_rate": 9.1,
        "geo_altitude": 8656.32,
        "squawk": null,
        "spi": false,
        "position_source": 0
      }
    },
    {
      "type": "Feature",
      "geometry": {
        "type": "Point",
        "coordinates": [
          16.6574,
          38.7
        ]
      },
      "properties": {
        "icao24": "4d226c",
        "callsign": "RYR4VL",
        "origin_country": "Malta",
        "time_position": 1786102045,
        "last_contact": 1786102046,
        "baro_altitude": 6347.46,
        "on_ground": false,
        "velocity": 212.34,
        "true_track": 227.85,
        "vertical_rate": 13,
        "geo_altitude": 6720.84,
        "squawk": null,
        "spi": false,
        "position_source": 0
      }
    },
    {
      "type": "Feature",
      "geometry": {
        "type": "Point",
        "coordinates": [
          12.6065,
          45.2418
        ]
      },
      "properties": {
        "icao24": "406016",
        "callsign": "EZY34UV",
        "origin_country": "United Kingdom",
        "time_position": 1786102045,
        "last_contact": 1786102045,
        "baro_altitude": 10972.8,
        "on_ground": false,
        "velocity": 216.36,
        "true_track": 284.6,
        "vertical_rate": 0.33,
        "geo_altitude": 11529.06,
        "squawk": "2060",
        "spi": false,
        "position_source": 0
      }
    },
    {
      "type": "Feature",
      "geometry": {
        "type": "Point",
        "coordinates": [
          10.3794,
          43.6693
        ]
      },
      "properties": {
        "icao24": "4d2289",
        "callsign": "RYR20UU",
        "origin_country": "Malta",
        "time_position": 1786101926,
        "last_contact": 1786101929,
        "baro_altitude": 45.72,
        "on_ground": false,
        "velocity": 80.15,
        "true_track": 36.65,
        "vertical_rate": -3.58,
        "geo_altitude": 106.68,
        "squawk": "3151",
        "spi": false,
        "position_source": 0
      }
    },
    {
      "type": "Feature",
      "geometry": {
        "type": "Point",
        "coordinates": [
          11.6497,
          44.4363
        ]
      },
      "properties": {
        "icao24": "4d227f",
        "callsign": "RYR74CC",
        "origin_country": "Malta",
        "time_position": 1786102045,
        "last_contact": 1786102045,
        "baro_altitude": 1920.24,
        "on_ground": false,
        "velocity": 108.79,
        "true_track": 273.8,
        "vertical_rate": -9.75,
        "geo_altitude": 2095.5,
        "squawk": "1000",
        "spi": false,
        "position_source": 0
      }
    },
    {
      "type": "Feature",
      "geometry": {
        "type": "Point",
        "coordinates": [
          8.7182,
          45.6309
        ]
      },
      "properties": {
        "icao24": "4d2255",
        "callsign": "RYR48NT",
        "origin_country": "Malta",
        "time_position": 1786102043,
        "last_contact": 1786102045,
        "baro_altitude": null,
        "on_ground": true,
        "velocity": 0,
        "true_track": 78.75,
        "vertical_rate": null,
        "geo_altitude": null,
        "squawk": null,
        "spi": false,
        "position_source": 0
      }
    },
    {
      "type": "Feature",
      "geometry": {
        "type": "Point",
        "coordinates": [
          11.3803,
          44.5024
        ]
      },
      "properties": {
        "icao24": "4d2258",
        "callsign": "RYR5JK",
        "origin_country": "Malta",
        "time_position": 1786102045,
        "last_contact": 1786102045,
        "baro_altitude": 457.2,
        "on_ground": false,
        "velocity": 90.21,
        "true_track": 297.88,
        "vertical_rate": -4.23,
        "geo_altitude": 541.02,
        "squawk": "1000",
        "spi": false,
        "position_source": 0
      }
    },
    {
      "type": "Feature",
      "geometry": {
        "type": "Point",
        "coordinates": [
          13.2646,
          43.3665
        ]
      },
      "properties": {
        "icao24": "4d2268",
        "callsign": "RYR7PV",
        "origin_country": "Malta",
        "time_position": 1786102045,
        "last_contact": 1786102045,
        "baro_altitude": 11582.4,
        "on_ground": false,
        "velocity": 224.61,
        "true_track": 309.89,
        "vertical_rate": 0,
        "geo_altitude": 12199.62,
        "squawk": "1000",
        "spi": false,
        "position_source": 0
      }
    },
    {
      "type": "Feature",
      "geometry": {
        "type": "Point",
        "coordinates": [
          10.0852,
          40.9024
        ]
      },
      "properties": {
        "icao24": "3c55c6",
        "callsign": "EWG4UY",
        "origin_country": "Germany",
        "time_position": 1786102039,
        "last_contact": 1786102043,
        "baro_altitude": 1988.82,
        "on_ground": false,
        "velocity": 123.13,
        "true_track": 245.04,
        "vertical_rate": -2.6,
        "geo_altitude": 2171.7,
        "squawk": "0137",
        "spi": false,
        "position_source": 0
      }
    },
    {
      "type": "Feature",
      "geometry": {
        "type": "Point",
        "coordinates": [
          8.3191,
          45.2698
        ]
      },
      "properties": {
        "icao24": "3c55c8",
        "callsign": "EWG1EV",
        "origin_country": "Germany",
        "time_position": 1786102046,
        "last_contact": 1786102046,
        "baro_altitude": 9456.42,
        "on_ground": false,
        "velocity": 231.03,
        "true_track": 178.85,
        "vertical_rate": 0,
        "geo_altitude": 9974.58,
        "squawk": "0122",
        "spi": false,
        "position_source": 0
      }
    },
    {
      "type": "Feature",
      "geometry": {
        "type": "Point",
        "coordinates": [
          10.2598,
          44.8825
        ]
      },
      "properties": {
        "icao24": "4d2265",
        "callsign": "RYR6MQ",
        "origin_country": "Malta",
        "time_position": 1786102045,
        "last_contact": 1786102045,
        "baro_altitude": 7383.78,
        "on_ground": false,
        "velocity": 227.51,
        "true_track": 147.75,
        "vertical_rate": 9.1,
        "geo_altitude": 7802.88,
        "squawk": "3756",
        "spi": false,
        "position_source": 0
      }
    },
    {
      "type": "Feature",
      "geometry": {
        "type": "Point",
        "coordinates": [
          9.6983,
          47.321
        ]
      },
      "properties": {
        "icao24": "a1b103",
        "callsign": "N208PC",
        "origin_country": "United States",
        "time_position": 1786102046,
        "last_contact": 1786102046,
        "baro_altitude": 3710.94,
        "on_ground": false,
        "velocity": 67.89,
        "true_track": 96.96,
        "vertical_rate": 2.6,
        "geo_altitude": 3985.26,
        "squawk": "4277",
        "spi": false,
        "position_source": 0
      }
    },
    {
      "type": "Feature",
      "geometry": {
        "type": "Point",
        "coordinates": [
          11.5218,
          42.7993
        ]
      },
      "properties": {
        "icao24": "493299",
        "callsign": "NJE406V",
        "origin_country": "Portugal",
        "time_position": 1786102045,
        "last_contact": 1786102045,
        "baro_altitude": 10363.2,
        "on_ground": false,
        "velocity": 220.09,
        "true_track": 314.34,
        "vertical_rate": 0,
        "geo_altitude": 10942.32,
        "squawk": "4303",
        "spi": false,
        "position_source": 0
      }
    },
    {
      "type": "Feature",
      "geometry": {
        "type": "Point",
        "coordinates": [
          10.3646,
          45.5118
        ]
      },
      "properties": {
        "icao24": "462d44",
        "callsign": "OHRDS",
        "origin_country": "Finland",
        "time_position": 1786102045,
        "last_contact": 1786102045,
        "baro_altitude": 9144,
        "on_ground": false,
        "velocity": 126.32,
        "true_track": 23.01,
        "vertical_rate": 0,
        "geo_altitude": 9646.92,
        "squawk": "1000",
        "spi": false,
        "position_source": 0
      }
    },
    {
      "type": "Feature",
      "geometry": {
        "type": "Point",
        "coordinates": [
          9.2541,
          45.7709
        ]
      },
      "properties": {
        "icao24": "4b19c0",
        "callsign": "HBJTO",
        "origin_country": "Switzerland",
        "time_position": 1786102045,
        "last_contact": 1786102045,
        "baro_altitude": 10035.54,
        "on_ground": false,
        "velocity": 227.72,
        "true_track": 310.42,
        "vertical_rate": -6.83,
        "geo_altitude": 10546.08,
        "squawk": "3734",
        "spi": false,
        "position_source": 0
      }
    },
    {
      "type": "Feature",
      "geometry": {
        "type": "Point",
        "coordinates": [
          16.3659,
          46.0848
        ]
      },
      "properties": {
        "icao24": "71007c",
        "callsign": "SVA235",
        "origin_country": "Saudi Arabia",
        "time_position": 1786102046,
        "last_contact": 1786102046,
        "baro_altitude": 10370.82,
        "on_ground": false,
        "velocity": 228.47,
        "true_track": 296.05,
        "vertical_rate": 0.33,
        "geo_altitude": 10934.7,
        "squawk": "7235",
        "spi": false,
        "position_source": 0
      }
    },
    {
      "type": "Feature",
      "geometry": {
        "type": "Point",
        "coordinates": [
          14.016,
          46.2388
        ]
      },
      "properties": {
        "icao24": "4b19ef",
        "callsign": "SWR51K",
        "origin_country": "Switzerland",
        "time_position": 1786102045,
        "last_contact": 1786102045,
        "baro_altitude": 10058.4,
        "on_ground": false,
        "velocity": 247.48,
        "true_track": 89.05,
        "vertical_rate": -0.33,
        "geo_altitude": 10546.08,
        "squawk": "1000",
        "spi": false,
        "position_source": 0
      }
    },
    {
      "type": "Feature",
      "geometry": {
        "type": "Point",
        "coordinates": [
          6.7757,
          45.0233
        ]
      },
      "properties": {
        "icao24": "493288",
        "callsign": "NJE205E",
        "origin_country": "Portugal",
        "time_position": 1786102045,
        "last_contact": 1786102045,
        "baro_altitude": 11582.4,
        "on_ground": false,
        "velocity": 213.72,
        "true_track": 357.38,
        "vertical_rate": 0.33,
        "geo_altitude": 12161.52,
        "squawk": "6755",
        "spi": false,
        "position_source": 0
      }
    },
    {
      "type": "Feature",
      "geometry": {
        "type": "Point",
        "coordinates": [
          9.1924,
          47.3981
        ]
      },
      "properties": {
        "icao24": "4b19f4",
        "callsign": "SWR5TQ",
        "origin_country": "Switzerland",
        "time_position": 1786102045,
        "last_contact": 1786102045,
        "baro_altitude": 5257.8,
        "on_ground": false,
        "velocity": 201.16,
        "true_track": 89.41,
        "vertical_rate": 10.08,
        "geo_altitude": 5585.46,
        "squawk": "1000",
        "spi": false,
        "position_source": 0
      }
    },
    {
      "type": "Feature",
      "geometry": {
        "type": "Point",
        "coordinates": [
          6.7603,
          46.5232
        ]
      },
      "properties": {
        "icao24": "4b19f5",
        "callsign": "SWR9CK",
        "origin_country": "Switzerland",
        "time_position": 1786102046,
        "last_contact": 1786102046,
        "baro_altitude": 8839.2,
        "on_ground": false,
        "velocity": 220.97,
        "true_track": 208.35,
        "vertical_rate": 0,
        "geo_altitude": 9281.16,
        "squawk": "1000",
        "spi": false,
        "position_source": 0
      }
    },
    {
      "type": "Feature",
      "geometry": {
        "type": "Point",
        "coordinates": [
          10.895,
          45.5659
        ]
      },
      "properties": {
        "icao24": "493283",
        "callsign": "NJE201A",
        "origin_country": "Portugal",
        "time_position": 1786102045,
        "last_contact": 1786102045,
        "baro_altitude": 6835.14,
        "on_ground": false,
        "velocity": 219.15,
        "true_track": 107.63,
        "vertical_rate": -5.2,
        "geo_altitude": 7231.38,
        "squawk": "1000",
        "spi": false,
        "position_source": 0
      }
    },
    {
      "type": "Feature",
      "geometry": {
        "type": "Point",
        "coordinates": [
          8.5306,
          47.0472
        ]
      },
      "properties": {
        "icao24": "4b19e6",
        "callsign": "SWR9KL",
        "origin_country": "Switzerland",
        "time_position": 1786102045,
        "last_contact": 1786102045,
        "baro_altitude": 5494.02,
        "on_ground": false,
        "velocity": 186.07,
        "true_track": 174.45,
        "vertical_rate": 12.35,
        "geo_altitude": 5806.44,
        "squawk": "1000",
        "spi": false,
        "position_source": 0
      }
    },
    {
      "type": "Feature",
      "geometry": {
        "type": "Point",
        "coordinates": [
          15.4633,
          46.9177
        ]
      },
      "properties": {
        "icao24": "300554",
        "callsign": "DLH33F",
        "origin_country": "Italy",
        "time_position": 1786102046,
        "last_contact": 1786102046,
        "baro_altitude": 1104.9,
        "on_ground": false,
        "velocity": 108.26,
        "true_track": 168.21,
        "vertical_rate": 15.61,
        "geo_altitude": 1249.68,
        "squawk": "1000",
        "spi": false,
        "position_source": 0
      }
    },
    {
      "type": "Feature",
      "geometry": {
        "type": "Point",
        "coordinates": [
          6.1652,
          46.0181
        ]
      },
      "properties": {
        "icao24": "4b19fc",
        "callsign": "SWR3MD",
        "origin_country": "Switzerland",
        "time_position": 1786102045,
        "last_contact": 1786102045,
        "baro_altitude": 8839.2,
        "on_ground": false,
        "velocity": 222.31,
        "true_track": 209.53,
        "vertical_rate": -0.33,
        "geo_altitude": 9311.64,
        "squawk": "1000",
        "spi": false,
        "position_source": 0
      }
    },
    {
      "type": "Feature",
      "geometry": {
        "type": "Point",
        "coordinates": [
          16.1732,
          35.9032
        ]
      },
      "properties": {
        "icao24": "710051",
        "callsign": "SVA366",
        "origin_country": "Saudi Arabia",
        "time_position": 1786102046,
        "last_contact": 1786102046,
        "baro_altitude": 11887.2,
        "on_ground": false,
        "velocity": 259.3,
        "true_track": 100.86,
        "vertical_rate": 0,
        "geo_altitude": 12633.96,
        "squawk": "6152",
        "spi": false,
        "position_source": 0
      }
    },
    {
      "type": "Feature",
      "geometry": {
        "type": "Point",
        "coordinates": [
          8.5543,
          45.6687
        ]
      },
      "properties": {
        "icao24": "4d20b1",
        "callsign": "WMT4DW",
        "origin_country": "Malta",
        "time_position": 1786102045,
        "last_contact": 1786102045,
        "baro_altitude": 10370.82,
        "on_ground": false,
        "velocity": 216.43,
        "true_track": 318.28,
        "vertical_rate": 0,
        "geo_altitude": 10896.6,
        "squawk": "1000",
        "spi": false,
        "position_source": 0
      }
    },
    {
      "type": "Feature",
      "geometry": {
        "type": "Point",
        "coordinates": [
          8.1798,
          47.2684
        ]
      },
      "properties": {
        "icao24": "4cac53",
        "callsign": "RYR2V",
        "origin_country": "Ireland",
        "time_position": 1786102045,
        "last_contact": 1786102045,
        "baro_altitude": 11887.2,
        "on_ground": false,
        "velocity": 249.98,
        "true_track": 133.58,
        "vertical_rate": 0,
        "geo_altitude": 12397.74,
        "squawk": "7314",
        "spi": false,
        "position_source": 0
      }
    },
    {
      "type": "Feature",
      "geometry": {
        "type": "Point",
        "coordinates": [
          14.737,
          37.6342
        ]
      },
      "properties": {
        "icao24": "4cac87",
        "callsign": "RYR47YB",
        "origin_country": "Ireland",
        "time_position": 1786102045,
        "last_contact": 1786102045,
        "baro_altitude": 3322.32,
        "on_ground": false,
        "velocity": 144.64,
        "true_track": 171.41,
        "vertical_rate": -7.8,
        "geo_altitude": 3581.4,
        "squawk": "7432",
        "spi": false,
        "position_source": 0
      }
    },
    {
      "type": "Feature",
      "geometry": {
        "type": "Point",
        "coordinates": [
          10.5022,
          46.1561
        ]
      },
      "properties": {
        "icao24": "4cac89",
        "callsign": "RYR4ZK",
        "origin_country": "Ireland",
        "time_position": 1786102045,
        "last_contact": 1786102045,
        "baro_altitude": 11277.6,
        "on_ground": false,
        "velocity": 215.52,
        "true_track": 248.58,
        "vertical_rate": 0.33,
        "geo_altitude": 11833.86,
        "squawk": "6527",
        "spi": false,
        "position_source": 0
      }
    },
    {
      "type": "Feature",
      "geometry": {
        "type": "Point",
        "coordinates": [
          16.4757,
          44.0784
        ]
      },
      "properties": {
        "icao24": "4b90ee",
        "callsign": "TCDGN",
        "origin_country": "Turkey",
        "time_position": 1786102045,
        "last_contact": 1786102046,
        "baro_altitude": 12496.8,
        "on_ground": false,
        "velocity": 248.19,
        "true_track": 101.36,
        "vertical_rate": 0,
        "geo_altitude": 13152.12,
        "squawk": "2256",
        "spi": false,
        "position_source": 0
      }
    },
    {
      "type": "Feature",
      "geometry": {
        "type": "Point",
        "coordinates": [
          12.8648,
          43.194
        ]
      },
      "properties": {
        "icao24": "4cac8d",
        "callsign": "NOS5893",
        "origin_country": "Ireland",
        "time_position": 1786102046,
        "last_contact": 1786102046,
        "baro_altitude": 11582.4,
        "on_ground": false,
        "velocity": 225.38,
        "true_track": 302.13,
        "vertical_rate": 0,
        "geo_altitude": 12214.86,
        "squawk": "2051",
        "spi": false,
        "position_source": 0
      }
    },
    {
      "type": "Feature",
      "geometry": {
        "type": "Point",
        "coordinates": [
          7.7011,
          46.1866
        ]
      },
      "properties": {
        "icao24": "c04fbb",
        "callsign": "ACA817",
        "origin_country": "Canada",
        "time_position": 1786102045,
        "last_contact": 1786102045,
        "baro_altitude": 10363.2,
        "on_ground": false,
        "velocity": 228.03,
        "true_track": 295.52,
        "vertical_rate": 0,
        "geo_altitude": 10888.98,
        "squawk": "5736",
        "spi": false,
        "position_source": 0
      }
    },
    {
      "type": "Feature",
      "geometry": {
        "type": "Point",
        "coordinates": [
          18.0508,
          39.6732
        ]
      },
      "properties": {
        "icao24": "4d20dd",
        "callsign": "AXY511A",
        "origin_country": "Malta",
        "time_position": 1786102046,
        "last_contact": 1786102046,
        "baro_altitude": 11887.2,
        "on_ground": false,
        "velocity": 239.28,
        "true_track": 117.12,
        "vertical_rate": 0,
        "geo_altitude": 12565.38,
        "squawk": "1257",
        "spi": false,
        "position_source": 0
      }
    },
    {
      "type": "Feature",
      "geometry": {
        "type": "Point",
        "coordinates": [
          6.0854,
          46.222
        ]
      },
      "properties": {
        "icao24": "39c40c",
        "callsign": "AEH224",
        "origin_country": "France",
        "time_position": 1786101756,
        "last_contact": 1786101757,
        "baro_altitude": 434.34,
        "on_ground": false,
        "velocity": 73.13,
        "true_track": 45.86,
        "vertical_rate": -3.9,
        "geo_altitude": 541.02,
        "squawk": "6276",
        "spi": false,
        "position_source": 0
      }
    },
    {
      "type": "Feature",
      "geometry": {
        "type": "Point",
        "coordinates": [
          8.4492,
          45.6282
        ]
      },
      "properties": {
        "icao24": "4cac63",
        "callsign": "ABR2420",
        "origin_country": "Ireland",
        "time_position": 1786102046,
        "last_contact": 1786102046,
        "baro_altitude": 3977.64,
        "on_ground": false,
        "velocity": 175.27,
        "true_track": 192.2,
        "vertical_rate": 7.15,
        "geo_altitude": 4244.34,
        "squawk": "1000",
        "spi": false,
        "position_source": 0
      }
    },
    {
      "type": "Feature",
      "geometry": {
        "type": "Point",
        "coordinates": [
          8.7357,
          45.6224
        ]
      },
      "properties": {
        "icao24": "4cac64",
        "callsign": "ABR469",
        "origin_country": "Ireland",
        "time_position": 1786102044,
        "last_contact": 1786102045,
        "baro_altitude": null,
        "on_ground": true,
        "velocity": 49.24,
        "true_track": 349.16,
        "vertical_rate": 0.33,
        "geo_altitude": null,
        "squawk": null,
        "spi": false,
        "position_source": 0
      }
    },
    {
      "type": "Feature",
      "geometry": {
        "type": "Point",
        "coordinates": [
          7.2893,
          45.0195
        ]
      },
      "properties": {
        "icao24": "4d20bd",
        "callsign": "WMT68LU",
        "origin_country": "Malta",
        "time_position": 1786102046,
        "last_contact": 1786102046,
        "baro_altitude": 10683.24,
        "on_ground": false,
        "velocity": 249.19,
        "true_track": 134.41,
        "vertical_rate": -0.33,
        "geo_altitude": 11254.74,
        "squawk": "5245",
        "spi": false,
        "position_source": 0
      }
    },
    {
      "type": "Feature",
      "geometry": {
        "type": "Point",
        "coordinates": [
          18.1619,
          38.8585
        ]
      },
      "properties": {
        "icao24": "4d20bf",
        "callsign": "WMT2CL",
        "origin_country": "Malta",
        "time_position": 1786102045,
        "last_contact": 1786102045,
        "baro_altitude": 10668,
        "on_ground": false,
        "velocity": 245.26,
        "true_track": 116.94,
        "vertical_rate": 0,
        "geo_altitude": 11308.08,
        "squawk": null,
        "spi": false,
        "position_source": 0
      }
    },
    {
      "type": "Feature",
      "geometry": {
        "type": "Point",
        "coordinates": [
          6.8257,
          44.0284
        ]
      },
      "properties": {
        "icao24": "408387",
        "callsign": "EZY62ZA",
        "origin_country": "United Kingdom",
        "time_position": 1786102046,
        "last_contact": 1786102046,
        "baro_altitude": 10972.8,
        "on_ground": false,
        "velocity": 215.04,
        "true_track": 330,
        "vertical_rate": 0,
        "geo_altitude": 11567.16,
        "squawk": "4012",
        "spi": false,
        "position_source": 0
      }
    },
    {
      "type": "Feature",
      "geometry": {
        "type": "Point",
        "coordinates": [
          7.2265,
          47.102
        ]
      },
      "properties": {
        "icao24": "4b3ab4",
        "callsign": "HBWGA",
        "origin_country": "Switzerland",
        "time_position": 1786102046,
        "last_contact": 1786102046,
        "baro_altitude": 815.34,
        "on_ground": false,
        "velocity": 32.77,
        "true_track": 227.54,
        "vertical_rate": -0.33,
        "geo_altitude": 937.26,
        "squawk": null,
        "spi": false,
        "position_source": 0
      }
    },
    {
      "type": "Feature",
      "geometry": {
        "type": "Point",
        "coordinates": [
          15.4604,
          41.0793
        ]
      },
      "properties": {
        "icao24": "4691c4",
        "callsign": "AEE550",
        "origin_country": "Greece",
        "time_position": 1786102044,
        "last_contact": 1786102045,
        "baro_altitude": 10972.8,
        "on_ground": false,
        "velocity": 222.97,
        "true_track": 284.29,
        "vertical_rate": 0,
        "geo_altitude": 11628.12,
        "squawk": null,
        "spi": false,
        "position_source": 0
      }
    },
    {
      "type": "Feature",
      "geometry": {
        "type": "Point",
        "coordinates": [
          17.1323,
          42.9201
        ]
      },
      "properties": {
        "icao24": "710111",
        "callsign": "SVA144",
        "origin_country": "Saudi Arabia",
        "time_position": 1786102045,
        "last_contact": 1786102045,
        "baro_altitude": 10668,
        "on_ground": false,
        "velocity": 269.24,
        "true_track": 115.34,
        "vertical_rate": 0,
        "geo_altitude": 11277.6,
        "squawk": "0444",
        "spi": false,
        "position_source": 0
      }
    },
    {
      "type": "Feature",
      "geometry": {
        "type": "Point",
        "coordinates": [
          13.7676,
          42.9612
        ]
      },
      "properties": {
        "icao24": "30019c",
        "callsign": "NOS61YR",
        "origin_country": "Italy",
        "time_position": 1786102046,
        "last_contact": 1786102046,
        "baro_altitude": 11193.78,
        "on_ground": false,
        "velocity": 230.54,
        "true_track": 312.2,
        "vertical_rate": -4.55,
        "geo_altitude": 11856.72,
        "squawk": "7740",
        "spi": false,
        "position_source": 0
      }
    },
    {
      "type": "Feature",
      "geometry": {
        "type": "Point",
        "coordinates": [
          15.3423,
          42.9871
        ]
      },
      "properties": {
        "icao24": "451d85",
        "callsign": "ASL34F",
        "origin_country": "Bulgaria",
        "time_position": 1786102037,
        "last_contact": 1786102042,
        "baro_altitude": 10363.2,
        "on_ground": false,
        "velocity": 233.46,
        "true_track": 220.71,
        "vertical_rate": 0.33,
        "geo_altitude": 10934.7,
        "squawk": "7243",
        "spi": false,
        "position_source": 0
      }
    },
    {
      "type": "Feature",
      "geometry": {
        "type": "Point",
        "coordinates": [
          11.4315,
          46.7938
        ]
      },
      "properties": {
        "icao24": "710100",
        "callsign": "SVA903",
        "origin_country": "Saudi Arabia",
        "time_position": 1786102045,
        "last_contact": 1786102045,
        "baro_altitude": 10363.2,
        "on_ground": false,
        "velocity": 245.91,
        "true_track": 314.83,
        "vertical_rate": 0,
        "geo_altitude": 10858.5,
        "squawk": "2070",
        "spi": false,
        "position_source": 0
      }
    },
    {
      "type": "Feature",
      "geometry": {
        "type": "Point",
        "coordinates": [
          12.2266,
          41.9292
        ]
      },
      "properties": {
        "icao24": "4caab4",
        "callsign": "ITY585",
        "origin_country": "Ireland",
        "time_position": 1786102046,
        "last_contact": 1786102046,
        "baro_altitude": 487.68,
        "on_ground": false,
        "velocity": 97.62,
        "true_track": 162.52,
        "vertical_rate": -4.55,
        "geo_altitude": 571.5,
        "squawk": null,
        "spi": false,
        "position_source": 0
      }
    },
    {
      "type": "Feature",
      "geometry": {
        "type": "Point",
        "coordinates": [
          17.6068,
          42.3917
        ]
      },
      "properties": {
        "icao24": "711466",
        "callsign": "KNE397",
        "origin_country": "Saudi Arabia",
        "time_position": 1786102046,
        "last_contact": 1786102046,
        "baro_altitude": 10965.18,
        "on_ground": false,
        "velocity": 225.73,
        "true_track": 309.82,
        "vertical_rate": 0,
        "geo_altitude": 11582.4,
        "squawk": "6633",
        "spi": false,
        "position_source": 0
      }
    },
    {
      "type": "Feature",
      "geometry": {
        "type": "Point",
        "coordinates": [
          8.1456,
          44.7944
        ]
      },
      "properties": {
        "icao24": "aaa125",
        "callsign": "UAL983",
        "origin_country": "United States",
        "time_position": 1786102045,
        "last_contact": 1786102045,
        "baro_altitude": 9753.6,
        "on_ground": false,
        "velocity": 239.35,
        "true_track": 299.49,
        "vertical_rate": 0,
        "geo_altitude": 10279.38,
        "squawk": "1203",
        "spi": false,
        "position_source": 0
      }
    },
    {
      "type": "Feature",
      "geometry": {
        "type": "Point",
        "coordinates": [
          12.2577,
          41.8553
        ]
      },
      "properties": {
        "icao24": "4d2101",
        "callsign": "WMT4GH",
        "origin_country": "Malta",
        "time_position": 1786101865,
        "last_contact": 1786101867,
        "baro_altitude": 76.2,
        "on_ground": false,
        "velocity": 73.72,
        "true_track": 162.96,
        "vertical_rate": -4.23,
        "geo_altitude": 129.54,
        "squawk": "1366",
        "spi": false,
        "position_source": 0
      }
    },
    {
      "type": "Feature",
      "geometry": {
        "type": "Point",
        "coordinates": [
          7.5454,
          43.1446
        ]
      },
      "properties": {
        "icao24": "4d2137",
        "callsign": "SSR15RO",
        "origin_country": "Malta",
        "time_position": 1786102045,
        "last_contact": 1786102045,
        "baro_altitude": 12496.8,
        "on_ground": false,
        "velocity": 250.56,
        "true_track": 140.16,
        "vertical_rate": 0,
        "geo_altitude": 13182.6,
        "squawk": "2211",
        "spi": false,
        "position_source": 0
      }
    },
    {
      "type": "Feature",
      "geometry": {
        "type": "Point",
        "coordinates": [
          14.4343,
          45.9616
        ]
      },
      "properties": {
        "icao24": "4d2143",
        "callsign": "WMT8UN",
        "origin_country": "Malta",
        "time_position": 1786102046,
        "last_contact": 1786102046,
        "baro_altitude": 10972.8,
        "on_ground": false,
        "velocity": 218.06,
        "true_track": 259.67,
        "vertical_rate": 0,
        "geo_altitude": 11513.82,
        "squawk": "1000",
        "spi": false,
        "position_source": 0
      }
    },
    {
      "type": "Feature",
      "geometry": {
        "type": "Point",
        "coordinates": [
          18.1071,
          44.3174
        ]
      },
      "properties": {
        "icao24": "010109",
        "callsign": "MSR725",
        "origin_country": "Egypt",
        "time_position": 1786102044,
        "last_contact": 1786102044,
        "baro_altitude": 11582.4,
        "on_ground": false,
        "velocity": 225.6,
        "true_track": 319.81,
        "vertical_rate": 0,
        "geo_altitude": 12207.24,
        "squawk": "5530",
        "spi": false,
        "position_source": 0
      }
    },
    {
      "type": "Feature",
      "geometry": {
        "type": "Point",
        "coordinates": [
          10.3423,
          47.6338
        ]
      },
      "properties": {
        "icao24": "4464a4",
        "callsign": null,
        "origin_country": "Austria",
        "time_position": 1786101983,
        "last_contact": 1786101983,
        "baro_altitude": 10972.8,
        "on_ground": false,
        "velocity": 219.77,
        "true_track": 316.33,
        "vertical_rate": 0,
        "geo_altitude": 11452.86,
        "squawk": null,
        "spi": false,
        "position_source": 0
      }
    },
    {
      "type": "Feature",
      "geometry": {
        "type": "Point",
        "coordinates": [
          6.5917,
          43.3957
        ]
      },
      "properties": {
        "icao24": "4d206d",
        "callsign": "HYP001",
        "origin_country": "Malta",
        "time_position": 1786102045,
        "last_contact": 1786102045,
        "baro_altitude": 3040.38,
        "on_ground": false,
        "velocity": 159.44,
        "true_track": 125.28,
        "vertical_rate": -5.53,
        "geo_altitude": 3276.6,
        "squawk": "5325",
        "spi": false,
        "position_source": 0
      }
    },
    {
      "type": "Feature",
      "geometry": {
        "type": "Point",
        "coordinates": [
          13.8617,
          44.9745
        ]
      },
      "properties": {
        "icao24": "4081bd",
        "callsign": "BAW396U",
        "origin_country": "United Kingdom",
        "time_position": 1786102045,
        "last_contact": 1786102045,
        "baro_altitude": 11269.98,
        "on_ground": false,
        "velocity": 241.67,
        "true_track": 139.84,
        "vertical_rate": 0,
        "geo_altitude": 11864.34,
        "squawk": "7501",
        "spi": false,
        "position_source": 0
      }
    },
    {
      "type": "Feature",
      "geometry": {
        "type": "Point",
        "coordinates": [
          13.1459,
          45.0095
        ]
      },
      "properties": {
        "icao24": "4d206c",
        "callsign": "WMT623",
        "origin_country": "Malta",
        "time_position": 1786102045,
        "last_contact": 1786102045,
        "baro_altitude": 4587.24,
        "on_ground": false,
        "velocity": 191.94,
        "true_track": 285.23,
        "vertical_rate": -4.88,
        "geo_altitude": 4899.66,
        "squawk": "2350",
        "spi": false,
        "position_source": 0
      }
    },
    {
      "type": "Feature",
      "geometry": {
        "type": "Point",
        "coordinates": [
          16.6495,
          42.7287
        ]
      },
      "properties": {
        "icao24": "4b18b8",
        "callsign": "EDW64J",
        "origin_country": "Switzerland",
        "time_position": 1786102045,
        "last_contact": 1786102045,
        "baro_altitude": 11277.6,
        "on_ground": false,
        "velocity": 233.92,
        "true_track": 134.2,
        "vertical_rate": 0,
        "geo_altitude": 11917.68,
        "squawk": "3003",
        "spi": false,
        "position_source": 0
      }
    },
    {
      "type": "Feature",
      "geometry": {
        "type": "Point",
        "coordinates": [
          6.6537,
          47.7194
        ]
      },
      "properties": {
        "icao24": "4d2070",
        "callsign": "AJD13AX",
        "origin_country": "Malta",
        "time_position": 1786102045,
        "last_contact": 1786102045,
        "baro_altitude": 11132.82,
        "on_ground": false,
        "velocity": 255.36,
        "true_track": 175.73,
        "vertical_rate": 5.53,
        "geo_altitude": 11590.02,
        "squawk": "1000",
        "spi": false,
        "position_source": 0
      }
    },
    {
      "type": "Feature",
      "geometry": {
        "type": "Point",
        "coordinates": [
          9.3958,
          45.7773
        ]
      },
      "properties": {
        "icao24": "300240",
        "callsign": "CAN11",
        "origin_country": "Italy",
        "time_position": 1786102045,
        "last_contact": 1786102045,
        "baro_altitude": 1348.74,
        "on_ground": false,
        "velocity": 79.59,
        "true_track": 351.45,
        "vertical_rate": 1.95,
        "geo_altitude": 1501.14,
        "squawk": "4577",
        "spi": false,
        "position_source": 0
      }
    },
    {
      "type": "Feature",
      "geometry": {
        "type": "Point",
        "coordinates": [
          10.3956,
          44.1609
        ]
      },
      "properties": {
        "icao24": "300243",
        "callsign": "CAN14",
        "origin_country": "Italy",
        "time_position": 1786102046,
        "last_contact": 1786102046,
        "baro_altitude": 2095.5,
        "on_ground": false,
        "velocity": 87.62,
        "true_track": 34.72,
        "vertical_rate": 1.63,
        "geo_altitude": 2278.38,
        "squawk": null,
        "spi": false,
        "position_source": 0
      }
    },
    {
      "type": "Feature",
      "geometry": {
        "type": "Point",
        "coordinates": [
          8.632,
          45.6328
        ]
      },
      "properties": {
        "icao24": "300241",
        "callsign": "CAN12",
        "origin_country": "Italy",
        "time_position": 1786102045,
        "last_contact": 1786102045,
        "baro_altitude": 434.34,
        "on_ground": false,
        "velocity": 68.64,
        "true_track": 102.99,
        "vertical_rate": 0.33,
        "geo_altitude": 533.4,
        "squawk": "4577",
        "spi": false,
        "position_source": 0
      }
    },
    {
      "type": "Feature",
      "geometry": {
        "type": "Point",
        "coordinates": [
          8.6357,
          44.7044
        ]
      },
      "properties": {
        "icao24": "300248",
        "callsign": "CAN21",
        "origin_country": "Italy",
        "time_position": 1786102044,
        "last_contact": 1786102045,
        "baro_altitude": 2766.06,
        "on_ground": false,
        "velocity": 92.52,
        "true_track": 335,
        "vertical_rate": 1.3,
        "geo_altitude": 2994.66,
        "squawk": "4577",
        "spi": false,
        "position_source": 0
      }
    },
    {
      "type": "Feature",
      "geometry": {
        "type": "Point",
        "coordinates": [
          13.1205,
          42.1121
        ]
      },
      "properties": {
        "icao24": "300245",
        "callsign": "CAN16",
        "origin_country": "Italy",
        "time_position": 1786102036,
        "last_contact": 1786102045,
        "baro_altitude": 1805.94,
        "on_ground": false,
        "velocity": 94.08,
        "true_track": 41.01,
        "vertical_rate": -0.98,
        "geo_altitude": 2011.68,
        "squawk": null,
        "spi": false,
        "position_source": 0
      }
    },
    {
      "type": "Feature",
      "geometry": {
        "type": "Point",
        "coordinates": [
          14.4737,
          35.8582
        ]
      },
      "properties": {
        "icao24": "4d207e",
        "callsign": "VJT720",
        "origin_country": "Malta",
        "time_position": 1786102045,
        "last_contact": 1786102045,
        "baro_altitude": null,
        "on_ground": true,
        "velocity": 0,
        "true_track": 320.62,
        "vertical_rate": null,
        "geo_altitude": null,
        "squawk": null,
        "spi": false,
        "position_source": 0
      }
    },
    {
      "type": "Feature",
      "geometry": {
        "type": "Point",
        "coordinates": [
          8.7456,
          41.6683
        ]
      },
      "properties": {
        "icao24": "4d207a",
        "callsign": "AEZ2916",
        "origin_country": "Malta",
        "time_position": 1786102045,
        "last_contact": 1786102045,
        "baro_altitude": 4693.92,
        "on_ground": false,
        "velocity": 149.06,
        "true_track": 197.06,
        "vertical_rate": -2.93,
        "geo_altitude": 5021.58,
        "squawk": "1227",
        "spi": false,
        "position_source": 0
      }
    },
    {
      "type": "Feature",
      "geometry": {
        "type": "Point",
        "coordinates": [
          14.4088,
          38.6971
        ]
      },
      "properties": {
        "icao24": "4d207d",
        "callsign": "RYR3915",
        "origin_country": "Malta",
        "time_position": 1786102045,
        "last_contact": 1786102045,
        "baro_altitude": 9913.62,
        "on_ground": false,
        "velocity": 234.75,
        "true_track": 163.71,
        "vertical_rate": -12.68,
        "geo_altitude": 10530.84,
        "squawk": "7424",
        "spi": false,
        "position_source": 0
      }
    },
    {
      "type": "Feature",
      "geometry": {
        "type": "Point",
        "coordinates": [
          12.5841,
          41.8164
        ]
      },
      "properties": {
        "icao24": "30023f",
        "callsign": "CAN1O",
        "origin_country": "Italy",
        "time_position": 1786101835,
        "last_contact": 1786101835,
        "baro_altitude": 220.98,
        "on_ground": false,
        "velocity": 57.34,
        "true_track": 170.71,
        "vertical_rate": -0.65,
        "geo_altitude": 281.94,
        "squawk": null,
        "spi": false,
        "position_source": 0
      }
    },
    {
      "type": "Feature",
      "geometry": {
        "type": "Point",
        "coordinates": [
          8.6188,
          43.2577
        ]
      },
      "properties": {
        "icao24": "4d2086",
        "callsign": "EWG80E",
        "origin_country": "Malta",
        "time_position": 1786102045,
        "last_contact": 1786102045,
        "baro_altitude": 11887.2,
        "on_ground": false,
        "velocity": 225.79,
        "true_track": 204.93,
        "vertical_rate": 0,
        "geo_altitude": 12534.9,
        "squawk": "1000",
        "spi": false,
        "position_source": 0
      }
    },
    {
      "type": "Feature",
      "geometry": {
        "type": "Point",
        "coordinates": [
          8.7766,
          44.2538
        ]
      },
      "properties": {
        "icao24": "4d204b",
        "callsign": "WMT132",
        "origin_country": "Malta",
        "time_position": 1786102045,
        "last_contact": 1786102045,
        "baro_altitude": 6705.6,
        "on_ground": false,
        "velocity": 201.41,
        "true_track": 357.07,
        "vertical_rate": -2.28,
        "geo_altitude": 7147.56,
        "squawk": "1000",
        "spi": false,
        "position_source": 0
      }
    },
    {
      "type": "Feature",
      "geometry": {
        "type": "Point",
        "coordinates": [
          7.3774,
          46.691
        ]
      },
      "properties": {
        "icao24": "4b4e1b",
        "callsign": "HB2420",
        "origin_country": "Switzerland",
        "time_position": 1786102041,
        "last_contact": 1786102042,
        "baro_altitude": 2026.92,
        "on_ground": false,
        "velocity": 31.93,
        "true_track": 177.23,
        "vertical_rate": -0.33,
        "geo_altitude": null,
        "squawk": null,
        "spi": false,
        "position_source": 0
      }
    },
    {
      "type": "Feature",
      "geometry": {
        "type": "Point",
        "coordinates": [
          12.5158,
          41.9702
        ]
      },
      "properties": {
        "icao24": "4d2055",
        "callsign": "9HMDT",
        "origin_country": "Malta",
        "time_position": 1786102046,
        "last_contact": 1786102046,
        "baro_altitude": 373.38,
        "on_ground": false,
        "velocity": 36.03,
        "true_track": 178.36,
        "vertical_rate": -1.95,
        "geo_altitude": 434.34,
        "squawk": null,
        "spi": false,
        "position_source": 0
      }
    },
    {
      "type": "Feature",
      "geometry": {
        "type": "Point",
        "coordinates": [
          14.9784,
          45.9818
        ]
      },
      "properties": {
        "icao24": "4b18ba",
        "callsign": "EDW193",
        "origin_country": "Switzerland",
        "time_position": 1786102045,
        "last_contact": 1786102045,
        "baro_altitude": 10980.42,
        "on_ground": false,
        "velocity": 222.23,
        "true_track": 308.51,
        "vertical_rate": 0,
        "geo_altitude": 11544.3,
        "squawk": "5366",
        "spi": false,
        "position_source": 0
      }
    },
    {
      "type": "Feature",
      "geometry": {
        "type": "Point",
        "coordinates": [
          13.2737,
          47.0652
        ]
      },
      "properties": {
        "icao24": "4b18f3",
        "callsign": "EDW187",
        "origin_country": "Switzerland",
        "time_position": 1786102045,
        "last_contact": 1786102046,
        "baro_altitude": 10957.56,
        "on_ground": false,
        "velocity": 215.36,
        "true_track": 299.32,
        "vertical_rate": 0.33,
        "geo_altitude": 11483.34,
        "squawk": "3254",
        "spi": false,
        "position_source": 0
      }
    },
    {
      "type": "Feature",
      "geometry": {
        "type": "Point",
        "coordinates": [
          8.8211,
          45.2653
        ]
      },
      "properties": {
        "icao24": "71012f",
        "callsign": "SVA211",
        "origin_country": "Saudi Arabia",
        "time_position": 1786102045,
        "last_contact": 1786102045,
        "baro_altitude": 1676.4,
        "on_ground": false,
        "velocity": 124.94,
        "true_track": 7.1,
        "vertical_rate": -4.55,
        "geo_altitude": 1836.42,
        "squawk": "6637",
        "spi": false,
        "position_source": 0
      }
    },
    {
      "type": "Feature",
      "geometry": {
        "type": "Point",
        "coordinates": [
          17.3987,
          41.7527
        ]
      },
      "properties": {
        "icao24": "4d208f",
        "callsign": "WMT4763",
        "origin_country": "Malta",
        "time_position": 1786102045,
        "last_contact": 1786102045,
        "baro_altitude": 10043.16,
        "on_ground": false,
        "velocity": 241.16,
        "true_track": 147.19,
        "vertical_rate": 0.33,
        "geo_altitude": 10637.52,
        "squawk": "0267",
        "spi": false,
        "position_source": 0
      }
    },
    {
      "type": "Feature",
      "geometry": {
        "type": "Point",
        "coordinates": [
          14.475,
          35.8575
        ]
      },
      "properties": {
        "icao24": "4d208d",
        "callsign": "9HFAE",
        "origin_country": "Malta",
        "time_position": 1786102040,
        "last_contact": 1786102040,
        "baro_altitude": null,
        "on_ground": true,
        "velocity": 0,
        "true_track": 177.19,
        "vertical_rate": null,
        "geo_altitude": null,
        "squawk": null,
        "spi": false,
        "position_source": 0
      }
    },
    {
      "type": "Feature",
      "geometry": {
        "type": "Point",
        "coordinates": [
          9.273,
          43.8452
        ]
      },
      "properties": {
        "icao24": "4d2094",
        "callsign": "AXY359N",
        "origin_country": "Malta",
        "time_position": 1786102046,
        "last_contact": 1786102046,
        "baro_altitude": 10363.2,
        "on_ground": false,
        "velocity": 216.89,
        "true_track": 325.63,
        "vertical_rate": 0.33,
        "geo_altitude": 10957.56,
        "squawk": "1000",
        "spi": false,
        "position_source": 0
      }
    },
    {
      "type": "Feature",
      "geometry": {
        "type": "Point",
        "coordinates": [
          6.9598,
          47.4549
        ]
      },
      "properties": {
        "icao24": "4b18fe",
        "callsign": "SWR1LE",
        "origin_country": "Switzerland",
        "time_position": 1786102045,
        "last_contact": 1786102045,
        "baro_altitude": 6484.62,
        "on_ground": false,
        "velocity": 207.83,
        "true_track": 276.97,
        "vertical_rate": 7.48,
        "geo_altitude": 6835.14,
        "squawk": "3012",
        "spi": false,
        "position_source": 0
      }
    },
    {
      "type": "Feature",
      "geometry": {
        "type": "Point",
        "coordinates": [
          7.9606,
          42.9889
        ]
      },
      "properties": {
        "icao24": "392da4",
        "callsign": "ITI324B",
        "origin_country": "France",
        "time_position": 1786102045,
        "last_contact": 1786102045,
        "baro_altitude": 7307.58,
        "on_ground": false,
        "velocity": 116.39,
        "true_track": 293.17,
        "vertical_rate": -0.33,
        "geo_altitude": 7810.5,
        "squawk": null,
        "spi": false,
        "position_source": 0
      }
    },
    {
      "type": "Feature",
      "geometry": {
        "type": "Point",
        "coordinates": [
          18.4898,
          40.9777
        ]
      },
      "properties": {
        "icao24": "7100a6",
        "callsign": "SVA207",
        "origin_country": "Saudi Arabia",
        "time_position": 1786102045,
        "last_contact": 1786102045,
        "baro_altitude": 10363.2,
        "on_ground": false,
        "velocity": 230.58,
        "true_track": 283.94,
        "vertical_rate": -0.33,
        "geo_altitude": 10972.8,
        "squawk": "2001",
        "spi": false,
        "position_source": 0
      }
    },
    {
      "type": "Feature",
      "geometry": {
        "type": "Point",
        "coordinates": [
          15.8661,
          44.9885
        ]
      },
      "properties": {
        "icao24": "4b1939",
        "callsign": "CSW8HE",
        "origin_country": "Switzerland",
        "time_position": 1786102045,
        "last_contact": 1786102045,
        "baro_altitude": 11582.4,
        "on_ground": false,
        "velocity": 227.05,
        "true_track": 316.29,
        "vertical_rate": 0,
        "geo_altitude": 12184.38,
        "squawk": "5516",
        "spi": false,
        "position_source": 0
      }
    },
    {
      "type": "Feature",
      "geometry": {
        "type": "Point",
        "coordinates": [
          15.6555,
          41.8374
        ]
      },
      "properties": {
        "icao24": "4b193f",
        "callsign": "CSW782",
        "origin_country": "Switzerland",
        "time_position": 1786102046,
        "last_contact": 1786102046,
        "baro_altitude": 10355.58,
        "on_ground": false,
        "velocity": 234.68,
        "true_track": 313.85,
        "vertical_rate": 0,
        "geo_altitude": 10965.18,
        "squawk": null,
        "spi": false,
        "position_source": 0
      }
    },
    {
      "type": "Feature",
      "geometry": {
        "type": "Point",
        "coordinates": [
          11.7528,
          39.2391
        ]
      },
      "properties": {
        "icao24": "407182",
        "callsign": "EXS25J",
        "origin_country": "United Kingdom",
        "time_position": 1786102046,
        "last_contact": 1786102046,
        "baro_altitude": 11277.6,
        "on_ground": false,
        "velocity": 237.9,
        "true_track": 162.9,
        "vertical_rate": 0.33,
        "geo_altitude": 11932.92,
        "squawk": "3752",
        "spi": false,
        "position_source": 0
      }
    },
    {
      "type": "Feature",
      "geometry": {
        "type": "Point",
        "coordinates": [
          9.0223,
          45.0714
        ]
      },
      "properties": {
        "icao24": "7100ba",
        "callsign": "SVA213",
        "origin_country": "Saudi Arabia",
        "time_position": 1786102046,
        "last_contact": 1786102046,
        "baro_altitude": 2834.64,
        "on_ground": false,
        "velocity": 148.19,
        "true_track": 332.28,
        "vertical_rate": -2.28,
        "geo_altitude": 3055.62,
        "squawk": "5504",
        "spi": false,
        "position_source": 0
      }
    },
    {
      "type": "Feature",
      "geometry": {
        "type": "Point",
        "coordinates": [
          10.0061,
          43.6845
        ]
      },
      "properties": {
        "icao24": "4b194b",
        "callsign": "SWR56Z",
        "origin_country": "Switzerland",
        "time_position": 1786102045,
        "last_contact": 1786102045,
        "baro_altitude": 11269.98,
        "on_ground": false,
        "velocity": 245.89,
        "true_track": 158.27,
        "vertical_rate": 0,
        "geo_altitude": 11902.44,
        "squawk": "1000",
        "spi": false,
        "position_source": 0
      }
    },
    {
      "type": "Feature",
      "geometry": {
        "type": "Point",
        "coordinates": [
          12.0347,
          43.7257
        ]
      },
      "properties": {
        "icao24": "7100be",
        "callsign": "SVA239",
        "origin_country": "Saudi Arabia",
        "time_position": 1786102045,
        "last_contact": 1786102046,
        "baro_altitude": 12192,
        "on_ground": false,
        "velocity": 222.06,
        "true_track": 304.91,
        "vertical_rate": 0,
        "geo_altitude": 12832.08,
        "squawk": "2055",
        "spi": false,
        "position_source": 0
      }
    },
    {
      "type": "Feature",
      "geometry": {
        "type": "Point",
        "coordinates": [
          17.3848,
          42.4758
        ]
      },
      "properties": {
        "icao24": "407179",
        "callsign": "EXS8GL",
        "origin_country": "United Kingdom",
        "time_position": 1786102045,
        "last_contact": 1786102046,
        "baro_altitude": 10972.8,
        "on_ground": false,
        "velocity": 224.47,
        "true_track": 336.78,
        "vertical_rate": 0,
        "geo_altitude": 11590.02,
        "squawk": null,
        "spi": false,
        "position_source": 0
      }
    },
    {
      "type": "Feature",
      "geometry": {
        "type": "Point",
        "coordinates": [
          8.7558,
          43.4034
        ]
      },
      "properties": {
        "icao24": "3c66e2",
        "callsign": "OCN41B",
        "origin_country": "Germany",
        "time_position": 1786102046,
        "last_contact": 1786102046,
        "baro_altitude": 10972.8,
        "on_ground": false,
        "velocity": 241.52,
        "true_track": 32.03,
        "vertical_rate": 0.33,
        "geo_altitude": 11597.64,
        "squawk": "0416",
        "spi": false,
        "position_source": 0
      }
    },
    {
      "type": "Feature",
      "geometry": {
        "type": "Point",
        "coordinates": [
          6.3779,
          47.4845
        ]
      },
      "properties": {
        "icao24": "3c66e8",
        "callsign": "OCN517",
        "origin_country": "Germany",
        "time_position": 1786102045,
        "last_contact": 1786102045,
        "baro_altitude": 11445.24,
        "on_ground": false,
        "velocity": 222.77,
        "true_track": 9.57,
        "vertical_rate": -5.2,
        "geo_altitude": 11948.16,
        "squawk": "1000",
        "spi": false,
        "position_source": 0
      }
    },
    {
      "type": "Feature",
      "geometry": {
        "type": "Point",
        "coordinates": [
          6.9949,
          44.1025
        ]
      },
      "properties": {
        "icao24": "3c66e7",
        "callsign": "OCN518",
        "origin_country": "Germany",
        "time_position": 1786102045,
        "last_contact": 1786102046,
        "baro_altitude": 11285.22,
        "on_ground": false,
        "velocity": 216.37,
        "true_track": 234.87,
        "vertical_rate": 0,
        "geo_altitude": 11902.44,
        "squawk": "1000",
        "spi": false,
        "position_source": 0
      }
    },
    {
      "type": "Feature",
      "geometry": {
        "type": "Point",
        "coordinates": [
          18.2279,
          40.8276
        ]
      },
      "properties": {
        "icao24": "4692d4",
        "callsign": "AEE7VC",
        "origin_country": "Greece",
        "time_position": 1786102045,
        "last_contact": 1786102045,
        "baro_altitude": 11574.78,
        "on_ground": false,
        "velocity": 230.77,
        "true_track": 313.01,
        "vertical_rate": 0,
        "geo_altitude": 12252.96,
        "squawk": "0275",
        "spi": false,
        "position_source": 0
      }
    },
    {
      "type": "Feature",
      "geometry": {
        "type": "Point",
        "coordinates": [
          14.8564,
          40.2538
        ]
      },
      "properties": {
        "icao24": "4692ce",
        "callsign": "AEE686",
        "origin_country": "Greece",
        "time_position": 1786102045,
        "last_contact": 1786102045,
        "baro_altitude": 10972.8,
        "on_ground": false,
        "velocity": 231.33,
        "true_track": 283.63,
        "vertical_rate": 0,
        "geo_altitude": 11628.12,
        "squawk": "2032",
        "spi": false,
        "position_source": 0
      }
    },
    {
      "type": "Feature",
      "geometry": {
        "type": "Point",
        "coordinates": [
          15.5736,
          42.4859
        ]
      },
      "properties": {
        "icao24": "4692cd",
        "callsign": "AEE433",
        "origin_country": "Greece",
        "time_position": 1786102044,
        "last_contact": 1786102045,
        "baro_altitude": 11269.98,
        "on_ground": false,
        "velocity": 239.11,
        "true_track": 139.8,
        "vertical_rate": 0,
        "geo_altitude": 11902.44,
        "squawk": "5575",
        "spi": false,
        "position_source": 0
      }
    },
    {
      "type": "Feature",
      "geometry": {
        "type": "Point",
        "coordinates": [
          8.7323,
          45.6153
        ]
      },
      "properties": {
        "icao24": "4692cc",
        "callsign": "AEE663",
        "origin_country": "Greece",
        "time_position": 1786102025,
        "last_contact": 1786102026,
        "baro_altitude": null,
        "on_ground": true,
        "velocity": 4.89,
        "true_track": 348.75,
        "vertical_rate": null,
        "geo_altitude": null,
        "squawk": "3753",
        "spi": false,
        "position_source": 0
      }
    },
    {
      "type": "Feature",
      "geometry": {
        "type": "Point",
        "coordinates": [
          13.2845,
          36.1775
        ]
      },
      "properties": {
        "icao24": "4d2038",
        "callsign": "KMM587",
        "origin_country": "Malta",
        "time_position": 1786102045,
        "last_contact": 1786102045,
        "baro_altitude": 5806.44,
        "on_ground": false,
        "velocity": 187.28,
        "true_track": 109.58,
        "vertical_rate": -10.08,
        "geo_altitude": 6179.82,
        "squawk": "1442",
        "spi": false,
        "position_source": 0
      }
    },
    {
      "type": "Feature",
      "geometry": {
        "type": "Point",
        "coordinates": [
          17.2066,
          41.9858
        ]
      },
      "properties": {
        "icao24": "3c79b9",
        "callsign": "CFG068",
        "origin_country": "Germany",
        "time_position": 1786102046,
        "last_contact": 1786102046,
        "baro_altitude": 10066.02,
        "on_ground": false,
        "velocity": 240.76,
        "true_track": 151.68,
        "vertical_rate": 0,
        "geo_altitude": 10645.14,
        "squawk": "2536",
        "spi": false,
        "position_source": 0
      }
    },
    {
      "type": "Feature",
      "geometry": {
        "type": "Point",
        "coordinates": [
          9.5641,
          40.91
        ]
      },
      "properties": {
        "icao24": "4d2042",
        "callsign": "AEZ213A",
        "origin_country": "Malta",
        "time_position": 1786102045,
        "last_contact": 1786102045,
        "baro_altitude": 8534.4,
        "on_ground": false,
        "velocity": 233.99,
        "true_track": 62.93,
        "vertical_rate": 0.33,
        "geo_altitude": 9067.8,
        "squawk": null,
        "spi": false,
        "position_source": 0
      }
    },
    {
      "type": "Feature",
      "geometry": {
        "type": "Point",
        "coordinates": [
          6.7542,
          45.3706
        ]
      },
      "properties": {
        "icao24": "4d2041",
        "callsign": "VJT518",
        "origin_country": "Malta",
        "time_position": 1786102045,
        "last_contact": 1786102045,
        "baro_altitude": 6111.24,
        "on_ground": false,
        "velocity": 175.02,
        "true_track": 357.98,
        "vertical_rate": -4.55,
        "geo_altitude": 6492.24,
        "squawk": "1000",
        "spi": false,
        "position_source": 0
      }
    },
    {
      "type": "Feature",
      "geometry": {
        "type": "Point",
        "coordinates": [
          14.2216,
          44.7483
        ]
      },
      "properties": {
        "icao24": "4d2014",
        "callsign": "EWG7ZN",
        "origin_country": "Malta",
        "time_position": 1786102045,
        "last_contact": 1786102045,
        "baro_altitude": 10965.18,
        "on_ground": false,
        "velocity": 227.24,
        "true_track": 309.67,
        "vertical_rate": -0.33,
        "geo_altitude": 11559.54,
        "squawk": "2014",
        "spi": false,
        "position_source": 0
      }
    },
    {
      "type": "Feature",
      "geometry": {
        "type": "Point",
        "coordinates": [
          9.3624,
          41.4847
        ]
      },
      "properties": {
        "icao24": "4d200a",
        "callsign": "AJO627",
        "origin_country": "Malta",
        "time_position": 1786102045,
        "last_contact": 1786102045,
        "baro_altitude": 2156.46,
        "on_ground": false,
        "velocity": 142.57,
        "true_track": 77.92,
        "vertical_rate": -6.5,
        "geo_altitude": 2339.34,
        "squawk": "1000",
        "spi": false,
        "position_source": 0
      }
    },
    {
      "type": "Feature",
      "geometry": {
        "type": "Point",
        "coordinates": [
          18.1611,
          46.7672
        ]
      },
      "properties": {
        "icao24": "3c66a8",
        "callsign": "DLH3NC",
        "origin_country": "Germany",
        "time_position": 1786102045,
        "last_contact": 1786102045,
        "baro_altitude": 9753.6,
        "on_ground": false,
        "velocity": 237.87,
        "true_track": 287.49,
        "vertical_rate": 0,
        "geo_altitude": 10294.62,
        "squawk": "1000",
        "spi": false,
        "position_source": 0
      }
    },
    {
      "type": "Feature",
      "geometry": {
        "type": "Point",
        "coordinates": [
          13.3851,
          47.7295
        ]
      },
      "properties": {
        "icao24": "3c66b5",
        "callsign": "OCN1XJ",
        "origin_country": "Germany",
        "time_position": 1786102045,
        "last_contact": 1786102045,
        "baro_altitude": 6454.14,
        "on_ground": false,
        "velocity": 209.98,
        "true_track": 300.96,
        "vertical_rate": -5.53,
        "geo_altitude": 6850.38,
        "squawk": "6015",
        "spi": false,
        "position_source": 0
      }
    },
    {
      "type": "Feature",
      "geometry": {
        "type": "Point",
        "coordinates": [
          13.4922,
          45.2011
        ]
      },
      "properties": {
        "icao24": "3c66b3",
        "callsign": "OCN807",
        "origin_country": "Germany",
        "time_position": 1786102046,
        "last_contact": 1786102046,
        "baro_altitude": 10988.04,
        "on_ground": false,
        "velocity": 232.27,
        "true_track": 321.02,
        "vertical_rate": 0.33,
        "geo_altitude": 11574.78,
        "squawk": "1000",
        "spi": false,
        "position_source": 0
      }
    },
    {
      "type": "Feature",
      "geometry": {
        "type": "Point",
        "coordinates": [
          14.2251,
          46.0003
        ]
      },
      "properties": {
        "icao24": "4082cc",
        "callsign": "TOM42C",
        "origin_country": "United Kingdom",
        "time_position": 1786102046,
        "last_contact": 1786102046,
        "baro_altitude": 10965.18,
        "on_ground": false,
        "velocity": 228.76,
        "true_track": 307.87,
        "vertical_rate": 0.33,
        "geo_altitude": 11529.06,
        "squawk": "5627",
        "spi": false,
        "position_source": 0
      }
    },
    {
      "type": "Feature",
      "geometry": {
        "type": "Point",
        "coordinates": [
          12.5253,
          45.4667
        ]
      },
      "properties": {
        "icao24": "4082ac",
        "callsign": "EZY35YP",
        "origin_country": "United Kingdom",
        "time_position": 1786102046,
        "last_contact": 1786102046,
        "baro_altitude": 10370.82,
        "on_ground": false,
        "velocity": 218.63,
        "true_track": 301.33,
        "vertical_rate": 0,
        "geo_altitude": 10919.46,
        "squawk": "6620",
        "spi": false,
        "position_source": 0
      }
    },
    {
      "type": "Feature",
      "geometry": {
        "type": "Point",
        "coordinates": [
          17.9849,
          47.5169
        ]
      },
      "properties": {
        "icao24": "86e7bc",
        "callsign": "ANA204",
        "origin_country": "Japan",
        "time_position": 1786102045,
        "last_contact": 1786102046,
        "baro_altitude": 10050.78,
        "on_ground": false,
        "velocity": 273.97,
        "true_track": 107.82,
        "vertical_rate": 0.33,
        "geo_altitude": 10584.18,
        "squawk": "6434",
        "spi": false,
        "position_source": 0
      }
    },
    {
      "type": "Feature",
      "geometry": {
        "type": "Point",
        "coordinates": [
          6.3092,
          46.6642
        ]
      },
      "properties": {
        "icao24": "4b4d18",
        "callsign": "HB2161",
        "origin_country": "Switzerland",
        "time_position": 1786102045,
        "last_contact": 1786102046,
        "baro_altitude": 2255.52,
        "on_ground": false,
        "velocity": 35.66,
        "true_track": 243.43,
        "vertical_rate": -0.33,
        "geo_altitude": null,
        "squawk": "7000",
        "spi": false,
        "position_source": 0
      }
    },
    {
      "type": "Feature",
      "geometry": {
        "type": "Point",
        "coordinates": [
          8.5584,
          47.4487
        ]
      },
      "properties": {
        "icao24": "4b17f8",
        "callsign": "SWR1DT",
        "origin_country": "Switzerland",
        "time_position": 1786102039,
        "last_contact": 1786102044,
        "baro_altitude": 365.76,
        "on_ground": true,
        "velocity": 0,
        "true_track": 244.69,
        "vertical_rate": null,
        "geo_altitude": null,
        "squawk": "3051",
        "spi": false,
        "position_source": 0
      }
    },
    {
      "type": "Feature",
      "geometry": {
        "type": "Point",
        "coordinates": [
          8.5609,
          47.4424
        ]
      },
      "properties": {
        "icao24": "4b17f9",
        "callsign": "SWR",
        "origin_country": "Switzerland",
        "time_position": 1786102044,
        "last_contact": 1786102044,
        "baro_altitude": null,
        "on_ground": true,
        "velocity": 0,
        "true_track": 244.69,
        "vertical_rate": null,
        "geo_altitude": null,
        "squawk": "2000",
        "spi": false,
        "position_source": 0
      }
    },
    {
      "type": "Feature",
      "geometry": {
        "type": "Point",
        "coordinates": [
          10.72,
          47.4591
        ]
      },
      "properties": {
        "icao24": "4b17e3",
        "callsign": "SWR5HX",
        "origin_country": "Switzerland",
        "time_position": 1786102046,
        "last_contact": 1786102046,
        "baro_altitude": 9083.04,
        "on_ground": false,
        "velocity": 257.6,
        "true_track": 70.15,
        "vertical_rate": 7.48,
        "geo_altitude": 9540.24,
        "squawk": "1000",
        "spi": false,
        "position_source": 0
      }
    },
    {
      "type": "Feature",
      "geometry": {
        "type": "Point",
        "coordinates": [
          8.2162,
          44.5349
        ]
      },
      "properties": {
        "icao24": "4b17e6",
        "callsign": "SWR8WA",
        "origin_country": "Switzerland",
        "time_position": 1786102045,
        "last_contact": 1786102046,
        "baro_altitude": 8397.24,
        "on_ground": false,
        "velocity": 201.7,
        "true_track": 178.83,
        "vertical_rate": -8.78,
        "geo_altitude": 8907.78,
        "squawk": "1000",
        "spi": false,
        "position_source": 0
      }
    },
    {
      "type": "Feature",
      "geometry": {
        "type": "Point",
        "coordinates": [
          11.9663,
          45.1303
        ]
      },
      "properties": {
        "icao24": "4b17fd",
        "callsign": "SWR82P",
        "origin_country": "Switzerland",
        "time_position": 1786102046,
        "last_contact": 1786102046,
        "baro_altitude": 10668,
        "on_ground": false,
        "velocity": 241.2,
        "true_track": 135.78,
        "vertical_rate": 0,
        "geo_altitude": 11231.88,
        "squawk": "3035",
        "spi": false,
        "position_source": 0
      }
    },
    {
      "type": "Feature",
      "geometry": {
        "type": "Point",
        "coordinates": [
          15.2816,
          45.962
        ]
      },
      "properties": {
        "icao24": "4b17fe",
        "callsign": "SWR2512",
        "origin_country": "Switzerland",
        "time_position": 1786102045,
        "last_contact": 1786102045,
        "baro_altitude": 11887.2,
        "on_ground": false,
        "velocity": 242.76,
        "true_track": 115.48,
        "vertical_rate": 0,
        "geo_altitude": 12496.8,
        "squawk": "3023",
        "spi": false,
        "position_source": 0
      }
    },
    {
      "type": "Feature",
      "geometry": {
        "type": "Point",
        "coordinates": [
          8.5947,
          47.397
        ]
      },
      "properties": {
        "icao24": "4b17fa",
        "callsign": "SWR1ZM",
        "origin_country": "Switzerland",
        "time_position": 1786102045,
        "last_contact": 1786102045,
        "baro_altitude": 2964.18,
        "on_ground": false,
        "velocity": 157.03,
        "true_track": 87.75,
        "vertical_rate": 13.66,
        "geo_altitude": 3169.92,
        "squawk": "1000",
        "spi": false,
        "position_source": 0
      }
    },
    {
      "type": "Feature",
      "geometry": {
        "type": "Point",
        "coordinates": [
          10.0115,
          39.6092
        ]
      },
      "properties": {
        "icao24": "4caa57",
        "callsign": "RYR8757",
        "origin_country": "Ireland",
        "time_position": 1786102045,
        "last_contact": 1786102045,
        "baro_altitude": 10972.8,
        "on_ground": false,
        "velocity": 236.15,
        "true_track": 93.87,
        "vertical_rate": 0,
        "geo_altitude": 11628.12,
        "squawk": "1000",
        "spi": false,
        "position_source": 0
      }
    },
    {
      "type": "Feature",
      "geometry": {
        "type": "Point",
        "coordinates": [
          8.5588,
          47.4623
        ]
      },
      "properties": {
        "icao24": "4b1919",
        "callsign": "SWR64E",
        "origin_country": "Switzerland",
        "time_position": 1786102046,
        "last_contact": 1786102046,
        "baro_altitude": null,
        "on_ground": true,
        "velocity": 5.92,
        "true_track": 275.62,
        "vertical_rate": null,
        "geo_altitude": null,
        "squawk": "3032",
        "spi": false,
        "position_source": 0
      }
    },
    {
      "type": "Feature",
      "geometry": {
        "type": "Point",
        "coordinates": [
          10.5247,
          41.3757
        ]
      },
      "properties": {
        "icao24": "a6c516",
        "callsign": "VJA535",
        "origin_country": "United States",
        "time_position": 1786102045,
        "last_contact": 1786102045,
        "baro_altitude": 10256.52,
        "on_ground": false,
        "velocity": 234.2,
        "true_track": 75.63,
        "vertical_rate": 5.2,
        "geo_altitude": 10858.5,
        "squawk": null,
        "spi": false,
        "position_source": 0
      }
    }
  ]
}