{
  "type": "FeatureCollection",
  "source": "opensky",
  "dataset": "aircraft_italy",
  "generated_at": "2026-08-17T10:21:01.455983+00:00",
  "opensky_time": 1786962055,
  "count": 784,
  "features": [
    {
      "type": "Feature",
      "geometry": {
        "type": "Point",
        "coordinates": [
          15.9348,
          41.0642
        ]
      },
      "properties": {
        "icao24": "39de4f",
        "callsign": "TVF44UJ",
        "origin_country": "France",
        "time_position": 1786961775,
        "last_contact": 1786961775,
        "baro_altitude": 3710.94,
        "on_ground": false,
        "velocity": 171.97,
        "true_track": 96.7,
        "vertical_rate": -4.88,
        "geo_altitude": 4206.24,
        "squawk": "1000",
        "spi": false,
        "position_source": 0
      }
    },
    {
      "type": "Feature",
      "geometry": {
        "type": "Point",
        "coordinates": [
          9.8463,
          43.9958
        ]
      },
      "properties": {
        "icao24": "44028c",
        "callsign": "EJU643A",
        "origin_country": "Austria",
        "time_position": 1786962054,
        "last_contact": 1786962055,
        "baro_altitude": 10058.4,
        "on_ground": false,
        "velocity": 217.02,
        "true_track": 263.33,
        "vertical_rate": 0,
        "geo_altitude": 10546.08,
        "squawk": "4632",
        "spi": false,
        "position_source": 0
      }
    },
    {
      "type": "Feature",
      "geometry": {
        "type": "Point",
        "coordinates": [
          14.6332,
          46.7051
        ]
      },
      "properties": {
        "icao24": "4bc8c9",
        "callsign": "PGT93WK",
        "origin_country": "Turkey",
        "time_position": 1786962055,
        "last_contact": 1786962055,
        "baro_altitude": 10972.8,
        "on_ground": false,
        "velocity": 215.83,
        "true_track": 295.71,
        "vertical_rate": 0,
        "geo_altitude": 11430,
        "squawk": "6533",
        "spi": false,
        "position_source": 0
      }
    },
    {
      "type": "Feature",
      "geometry": {
        "type": "Point",
        "coordinates": [
          11.1365,
          45.4506
        ]
      },
      "properties": {
        "icao24": "4bc8c6",
        "callsign": "PGT774R",
        "origin_country": "Turkey",
        "time_position": 1786962055,
        "last_contact": 1786962055,
        "baro_altitude": 8458.2,
        "on_ground": false,
        "velocity": 244.39,
        "true_track": 97.5,
        "vertical_rate": 3.9,
        "geo_altitude": 8884.92,
        "squawk": "0443",
        "spi": false,
        "position_source": 0
      }
    },
    {
      "type": "Feature",
      "geometry": {
        "type": "Point",
        "coordinates": [
          8.9132,
          47.406
        ]
      },
      "properties": {
        "icao24": "4bc8d9",
        "callsign": "PGT893P",
        "origin_country": "Turkey",
        "time_position": 1786962055,
        "last_contact": 1786962055,
        "baro_altitude": 4549.14,
        "on_ground": false,
        "velocity": 199.72,
        "true_track": 88.08,
        "vertical_rate": 13,
        "geo_altitude": 4770.12,
        "squawk": "3025",
        "spi": false,
        "position_source": 0
      }
    },
    {
      "type": "Feature",
      "geometry": {
        "type": "Point",
        "coordinates": [
          16.5521,
          41.8003
        ]
      },
      "properties": {
        "icao24": "471eff",
        "callsign": "WMT1XN",
        "origin_country": "Hungary",
        "time_position": 1786962054,
        "last_contact": 1786962054,
        "baro_altitude": 10363.2,
        "on_ground": false,
        "velocity": 238.58,
        "true_track": 296.23,
        "vertical_rate": 0,
        "geo_altitude": 10866.12,
        "squawk": null,
        "spi": false,
        "position_source": 0
      }
    },
    {
      "type": "Feature",
      "geometry": {
        "type": "Point",
        "coordinates": [
          13.583,
          44.7396
        ]
      },
      "properties": {
        "icao24": "471efd",
        "callsign": "WMT6QH",
        "origin_country": "Hungary",
        "time_position": 1786962054,
        "last_contact": 1786962054,
        "baro_altitude": 10965.18,
        "on_ground": false,
        "velocity": 222.53,
        "true_track": 305.31,
        "vertical_rate": 0.33,
        "geo_altitude": 11452.86,
        "squawk": "6536",
        "spi": false,
        "position_source": 0
      }
    },
    {
      "type": "Feature",
      "geometry": {
        "type": "Point",
        "coordinates": [
          17.1558,
          44.8164
        ]
      },
      "properties": {
        "icao24": "51118a",
        "callsign": "MBU1TC",
        "origin_country": "Estonia",
        "time_position": 1786962054,
        "last_contact": 1786962054,
        "baro_altitude": 11269.98,
        "on_ground": false,
        "velocity": 226.23,
        "true_track": 151.92,
        "vertical_rate": 0,
        "geo_altitude": 11765.28,
        "squawk": "6411",
        "spi": false,
        "position_source": 0
      }
    },
    {
      "type": "Feature",
      "geometry": {
        "type": "Point",
        "coordinates": [
          14.853,
          45.9815
        ]
      },
      "properties": {
        "icao24": "80165f",
        "callsign": "VTNSG",
        "origin_country": "India",
        "time_position": 1786962055,
        "last_contact": 1786962055,
        "baro_altitude": 12496.8,
        "on_ground": false,
        "velocity": 238.33,
        "true_track": 133.69,
        "vertical_rate": 0.65,
        "geo_altitude": 12992.1,
        "squawk": "2151",
        "spi": false,
        "position_source": 0
      }
    },
    {
      "type": "Feature",
      "geometry": {
        "type": "Point",
        "coordinates": [
          15.2953,
          44.2733
        ]
      },
      "properties": {
        "icao24": "4bc8e1",
        "callsign": "PGT835Z",
        "origin_country": "Turkey",
        "time_position": 1786962055,
        "last_contact": 1786962055,
        "baro_altitude": 10363.2,
        "on_ground": false,
        "velocity": 228.5,
        "true_track": 276.85,
        "vertical_rate": 0,
        "geo_altitude": 10850.88,
        "squawk": "6534",
        "spi": false,
        "position_source": 0
      }
    },
    {
      "type": "Feature",
      "geometry": {
        "type": "Point",
        "coordinates": [
          8.9238,
          45.9532
        ]
      },
      "properties": {
        "icao24": "3c5ee5",
        "callsign": "EWG52VU",
        "origin_country": "Germany",
        "time_position": 1786962054,
        "last_contact": 1786962055,
        "baro_altitude": 10043.16,
        "on_ground": false,
        "velocity": 214.75,
        "true_track": 21.65,
        "vertical_rate": -5.2,
        "geo_altitude": 10477.5,
        "squawk": "7524",
        "spi": false,
        "position_source": 0
      }
    },
    {
      "type": "Feature",
      "geometry": {
        "type": "Point",
        "coordinates": [
          18.764,
          46.474
        ]
      },
      "properties": {
        "icao24": "4bc8da",
        "callsign": "PGT9GP",
        "origin_country": "Turkey",
        "time_position": 1786962054,
        "last_contact": 1786962055,
        "baro_altitude": 10972.8,
        "on_ground": false,
        "velocity": 215.74,
        "true_track": 315.87,
        "vertical_rate": 0,
        "geo_altitude": 11430,
        "squawk": "2647",
        "spi": false,
        "position_source": 0
      }
    },
    {
      "type": "Feature",
      "geometry": {
        "type": "Point",
        "coordinates": [
          8.5589,
          46.2939
        ]
      },
      "properties": {
        "icao24": "44025c",
        "callsign": "SKV557",
        "origin_country": "Austria",
        "time_position": 1786962055,
        "last_contact": 1786962055,
        "baro_altitude": 6758.94,
        "on_ground": false,
        "velocity": 154.46,
        "true_track": 151.56,
        "vertical_rate": -4.88,
        "geo_altitude": 7101.84,
        "squawk": "1000",
        "spi": false,
        "position_source": 0
      }
    },
    {
      "type": "Feature",
      "geometry": {
        "type": "Point",
        "coordinates": [
          15.142,
          44.3149
        ]
      },
      "properties": {
        "icao24": "440214",
        "callsign": "AOJ78Z",
        "origin_country": "Austria",
        "time_position": 1786962053,
        "last_contact": 1786962054,
        "baro_altitude": 7894.32,
        "on_ground": false,
        "velocity": 218.44,
        "true_track": 5,
        "vertical_rate": 17.56,
        "geo_altitude": 8221.98,
        "squawk": "1000",
        "spi": false,
        "position_source": 0
      }
    },
    {
      "type": "Feature",
      "geometry": {
        "type": "Point",
        "coordinates": [
          6.9011,
          46.6055
        ]
      },
      "properties": {
        "icao24": "46b832",
        "callsign": "AEE616",
        "origin_country": "Greece",
        "time_position": 1786962054,
        "last_contact": 1786962055,
        "baro_altitude": 10972.8,
        "on_ground": false,
        "velocity": 203.32,
        "true_track": 331.1,
        "vertical_rate": 0.65,
        "geo_altitude": 11437.62,
        "squawk": "1000",
        "spi": false,
        "position_source": 0
      }
    },
    {
      "type": "Feature",
      "geometry": {
        "type": "Point",
        "coordinates": [
          9.0534,
          44.481
        ]
      },
      "properties": {
        "icao24": "46b821",
        "callsign": "AEE855",
        "origin_country": "Greece",
        "time_position": 1786962054,
        "last_contact": 1786962054,
        "baro_altitude": 11262.36,
        "on_ground": false,
        "velocity": 239.06,
        "true_track": 117.28,
        "vertical_rate": 0,
        "geo_altitude": 11742.42,
        "squawk": "5701",
        "spi": false,
        "position_source": 0
      }
    },
    {
      "type": "Feature",
      "geometry": {
        "type": "Point",
        "coordinates": [
          6.881,
          43.0779
        ]
      },
      "properties": {
        "icao24": "4400ec",
        "callsign": "EJU12TM",
        "origin_country": "Austria",
        "time_position": 1786962055,
        "last_contact": 1786962055,
        "baro_altitude": 11582.4,
        "on_ground": false,
        "velocity": 233.25,
        "true_track": 40.26,
        "vertical_rate": 0.33,
        "geo_altitude": 12131.04,
        "squawk": "1000",
        "spi": false,
        "position_source": 0
      }
    },
    {
      "type": "Feature",
      "geometry": {
        "type": "Point",
        "coordinates": [
          18.2855,
          46.297
        ]
      },
      "properties": {
        "icao24": "471f9f",
        "callsign": "WZZ909",
        "origin_country": "Hungary",
        "time_position": 1786962054,
        "last_contact": 1786962054,
        "baro_altitude": 10972.8,
        "on_ground": false,
        "velocity": 216.69,
        "true_track": 288.26,
        "vertical_rate": 0,
        "geo_altitude": 11445.24,
        "squawk": "5627",
        "spi": false,
        "position_source": 0
      }
    },
    {
      "type": "Feature",
      "geometry": {
        "type": "Point",
        "coordinates": [
          11.797,
          44.6051
        ]
      },
      "properties": {
        "icao24": "471f86",
        "callsign": "WMT7340",
        "origin_country": "Hungary",
        "time_position": 1786962055,
        "last_contact": 1786962055,
        "baro_altitude": 2567.94,
        "on_ground": false,
        "velocity": 153.44,
        "true_track": 160.41,
        "vertical_rate": -3.9,
        "geo_altitude": 2743.2,
        "squawk": "1000",
        "spi": false,
        "position_source": 0
      }
    },
    {
      "type": "Feature",
      "geometry": {
        "type": "Point",
        "coordinates": [
          17.1675,
          42.2547
        ]
      },
      "properties": {
        "icao24": "471f68",
        "callsign": "WMT9XU",
        "origin_country": "Hungary",
        "time_position": 1786962011,
        "last_contact": 1786962049,
        "baro_altitude": 11269.98,
        "on_ground": false,
        "velocity": 234.38,
        "true_track": 78.22,
        "vertical_rate": 0,
        "geo_altitude": 11795.76,
        "squawk": "1232",
        "spi": false,
        "position_source": 0
      }
    },
    {
      "type": "Feature",
      "geometry": {
        "type": "Point",
        "coordinates": [
          18.7572,
          42.2694
        ]
      },
      "properties": {
        "icao24": "471f64",
        "callsign": "WMT2199",
        "origin_country": "Hungary",
        "time_position": 1786961958,
        "last_contact": 1786961958,
        "baro_altitude": 8084.82,
        "on_ground": false,
        "velocity": 203.99,
        "true_track": 144.55,
        "vertical_rate": -3.58,
        "geo_altitude": 8549.64,
        "squawk": "0675",
        "spi": false,
        "position_source": 0
      }
    },
    {
      "type": "Feature",
      "geometry": {
        "type": "Point",
        "coordinates": [
          8.8598,
          44.4084
        ]
      },
      "properties": {
        "icao24": "471f65",
        "callsign": "WMT2020",
        "origin_country": "Hungary",
        "time_position": 1786961769,
        "last_contact": 1786961769,
        "baro_altitude": 38.1,
        "on_ground": false,
        "velocity": 78.01,
        "true_track": 285.69,
        "vertical_rate": -3.9,
        "geo_altitude": 83.82,
        "squawk": "7365",
        "spi": false,
        "position_source": 0
      }
    },
    {
      "type": "Feature",
      "geometry": {
        "type": "Point",
        "coordinates": [
          8.5513,
          47.1087
        ]
      },
      "properties": {
        "icao24": "471f63",
        "callsign": "WZZ8786",
        "origin_country": "Hungary",
        "time_position": 1786962054,
        "last_contact": 1786962055,
        "baro_altitude": 6675.12,
        "on_ground": false,
        "velocity": 208.83,
        "true_track": 120.99,
        "vertical_rate": 4.55,
        "geo_altitude": 6995.16,
        "squawk": "6727",
        "spi": false,
        "position_source": 0
      }
    },
    {
      "type": "Feature",
      "geometry": {
        "type": "Point",
        "coordinates": [
          17.2265,
          44.6233
        ]
      },
      "properties": {
        "icao24": "471f71",
        "callsign": "WMT716",
        "origin_country": "Hungary",
        "time_position": 1786962054,
        "last_contact": 1786962055,
        "baro_altitude": 10965.18,
        "on_ground": false,
        "velocity": 222.27,
        "true_track": 270.93,
        "vertical_rate": 0,
        "geo_altitude": 11445.24,
        "squawk": "5633",
        "spi": false,
        "position_source": 0
      }
    },
    {
      "type": "Feature",
      "geometry": {
        "type": "Point",
        "coordinates": [
          12.3139,
          43.7008
        ]
      },
      "properties": {
        "icao24": "4400dc",
        "callsign": "EJU56MY",
        "origin_country": "Austria",
        "time_position": 1786962054,
        "last_contact": 1786962054,
        "baro_altitude": 10370.82,
        "on_ground": false,
        "velocity": 219.01,
        "true_track": 330.91,
        "vertical_rate": 0.33,
        "geo_altitude": 10866.12,
        "squawk": "5505",
        "spi": false,
        "position_source": 0
      }
    },
    {
      "type": "Feature",
      "geometry": {
        "type": "Point",
        "coordinates": [
          14.2832,
          46.865
        ]
      },
      "properties": {
        "icao24": "471f02",
        "callsign": "WMT507",
        "origin_country": "Hungary",
        "time_position": 1786962055,
        "last_contact": 1786962055,
        "baro_altitude": 10355.58,
        "on_ground": false,
        "velocity": 216.41,
        "true_track": 294.43,
        "vertical_rate": -1.63,
        "geo_altitude": 10789.92,
        "squawk": "6052",
        "spi": false,
        "position_source": 0
      }
    },
    {
      "type": "Feature",
      "geometry": {
        "type": "Point",
        "coordinates": [
          6.2717,
          41.9274
        ]
      },
      "properties": {
        "icao24": "4aca15",
        "callsign": "NSZ5431",
        "origin_country": "Sweden",
        "time_position": 1786962054,
        "last_contact": 1786962055,
        "baro_altitude": 11277.6,
        "on_ground": false,
        "velocity": 232.45,
        "true_track": 221.77,
        "vertical_rate": -0.33,
        "geo_altitude": 11818.62,
        "squawk": "1000",
        "spi": false,
        "position_source": 0
      }
    },
    {
      "type": "Feature",
      "geometry": {
        "type": "Point",
        "coordinates": [
          8.1309,
          44.8667
        ]
      },
      "properties": {
        "icao24": "4aca0a",
        "callsign": "NSZ3640",
        "origin_country": "Sweden",
        "time_position": 1786962055,
        "last_contact": 1786962055,
        "baro_altitude": 7078.98,
        "on_ground": false,
        "velocity": 216.37,
        "true_track": 198,
        "vertical_rate": -10.08,
        "geo_altitude": 7459.98,
        "squawk": "0742",
        "spi": false,
        "position_source": 0
      }
    },
    {
      "type": "Feature",
      "geometry": {
        "type": "Point",
        "coordinates": [
          7.2226,
          43.6677
        ]
      },
      "properties": {
        "icao24": "50031c",
        "callsign": "T7EMI",
        "origin_country": "San Marino",
        "time_position": 1786962055,
        "last_contact": 1786962055,
        "baro_altitude": null,
        "on_ground": true,
        "velocity": 6.69,
        "true_track": 45,
        "vertical_rate": null,
        "geo_altitude": null,
        "squawk": "0641",
        "spi": false,
        "position_source": 0
      }
    },
    {
      "type": "Feature",
      "geometry": {
        "type": "Point",
        "coordinates": [
          17.0558,
          43.3733
        ]
      },
      "properties": {
        "icao24": "471fa5",
        "callsign": "WMT6BD",
        "origin_country": "Hungary",
        "time_position": 1786962054,
        "last_contact": 1786962054,
        "baro_altitude": 11277.6,
        "on_ground": false,
        "velocity": 231.52,
        "true_track": 132.84,
        "vertical_rate": 0,
        "geo_altitude": 11803.38,
        "squawk": "0105",
        "spi": false,
        "position_source": 0
      }
    },
    {
      "type": "Feature",
      "geometry": {
        "type": "Point",
        "coordinates": [
          15.7055,
          45.3448
        ]
      },
      "properties": {
        "icao24": "471faa",
        "callsign": "WZZ6NC",
        "origin_country": "Hungary",
        "time_position": 1786962055,
        "last_contact": 1786962055,
        "baro_altitude": 10972.8,
        "on_ground": false,
        "velocity": 251.16,
        "true_track": 49.82,
        "vertical_rate": 0,
        "geo_altitude": 11468.1,
        "squawk": "1000",
        "spi": false,
        "position_source": 0
      }
    },
    {
      "type": "Feature",
      "geometry": {
        "type": "Point",
        "coordinates": [
          10.223,
          40.381
        ]
      },
      "properties": {
        "icao24": "39348e",
        "callsign": "TVF48RW",
        "origin_country": "France",
        "time_position": 1786962054,
        "last_contact": 1786962054,
        "baro_altitude": 10988.04,
        "on_ground": false,
        "velocity": 217.61,
        "true_track": 323.27,
        "vertical_rate": -0.33,
        "geo_altitude": 11536.68,
        "squawk": "6572",
        "spi": false,
        "position_source": 0
      }
    },
    {
      "type": "Feature",
      "geometry": {
        "type": "Point",
        "coordinates": [
          8.7209,
          45.2715
        ]
      },
      "properties": {
        "icao24": "4401e9",
        "callsign": "EJU74LP",
        "origin_country": "Austria",
        "time_position": 1786962054,
        "last_contact": 1786962054,
        "baro_altitude": 1927.86,
        "on_ground": false,
        "velocity": 123.02,
        "true_track": 29.57,
        "vertical_rate": -8.13,
        "geo_altitude": 2057.4,
        "squawk": "1000",
        "spi": false,
        "position_source": 0
      }
    },
    {
      "type": "Feature",
      "geometry": {
        "type": "Point",
        "coordinates": [
          8.3946,
          45.3768
        ]
      },
      "properties": {
        "icao24": "4401e4",
        "callsign": "EJU3737",
        "origin_country": "Austria",
        "time_position": 1786962055,
        "last_contact": 1786962055,
        "baro_altitude": 5615.94,
        "on_ground": false,
        "velocity": 192.7,
        "true_track": 204.44,
        "vertical_rate": 13.33,
        "geo_altitude": 5897.88,
        "squawk": "1000",
        "spi": false,
        "position_source": 0
      }
    },
    {
      "type": "Feature",
      "geometry": {
        "type": "Point",
        "coordinates": [
          10.6807,
          44.8513
        ]
      },
      "properties": {
        "icao24": "4521b2",
        "callsign": "GPX700",
        "origin_country": "Bulgaria",
        "time_position": 1786962054,
        "last_contact": 1786962054,
        "baro_altitude": 10355.58,
        "on_ground": false,
        "velocity": 204.68,
        "true_track": 293.09,
        "vertical_rate": 0,
        "geo_altitude": null,
        "squawk": "1000",
        "spi": false,
        "position_source": 0
      }
    },
    {
      "type": "Feature",
      "geometry": {
        "type": "Point",
        "coordinates": [
          12.0012,
          45.3804
        ]
      },
      "properties": {
        "icao24": "4bc848",
        "callsign": "PGT43WU",
        "origin_country": "Turkey",
        "time_position": 1786962054,
        "last_contact": 1786962055,
        "baro_altitude": 10980.42,
        "on_ground": false,
        "velocity": 218.21,
        "true_track": 278.95,
        "vertical_rate": -0.33,
        "geo_altitude": 11452.86,
        "squawk": "3230",
        "spi": false,
        "position_source": 0
      }
    },
    {
      "type": "Feature",
      "geometry": {
        "type": "Point",
        "coordinates": [
          18.6159,
          46.9087
        ]
      },
      "properties": {
        "icao24": "4bc846",
        "callsign": "PGT73G",
        "origin_country": "Turkey",
        "time_position": 1786962054,
        "last_contact": 1786962054,
        "baro_altitude": 10668,
        "on_ground": false,
        "velocity": 243.51,
        "true_track": 121.17,
        "vertical_rate": -0.33,
        "geo_altitude": 11109.96,
        "squawk": "7652",
        "spi": false,
        "position_source": 0
      }
    },
    {
      "type": "Feature",
      "geometry": {
        "type": "Point",
        "coordinates": [
          16.1678,
          40.2785
        ]
      },
      "properties": {
        "icao24": "4401dc",
        "callsign": "EJU39LB",
        "origin_country": "Austria",
        "time_position": 1786962054,
        "last_contact": 1786962054,
        "baro_altitude": 11277.6,
        "on_ground": false,
        "velocity": 243.58,
        "true_track": 113.26,
        "vertical_rate": 0.33,
        "geo_altitude": 11818.62,
        "squawk": "4317",
        "spi": false,
        "position_source": 0
      }
    },
    {
      "type": "Feature",
      "geometry": {
        "type": "Point",
        "coordinates": [
          9.5193,
          45.2215
        ]
      },
      "properties": {
        "icao24": "4401f7",
        "callsign": "EJU98EV",
        "origin_country": "Austria",
        "time_position": 1786962055,
        "last_contact": 1786962055,
        "baro_altitude": 3802.38,
        "on_ground": false,
        "velocity": 156.14,
        "true_track": 171.28,
        "vertical_rate": 3.9,
        "geo_altitude": 4023.36,
        "squawk": "3744",
        "spi": false,
        "position_source": 0
      }
    },
    {
      "type": "Feature",
      "geometry": {
        "type": "Point",
        "coordinates": [
          11.5735,
          42.2961
        ]
      },
      "properties": {
        "icao24": "c06a38",
        "callsign": "ACA906",
        "origin_country": "Canada",
        "time_position": 1786962051,
        "last_contact": 1786962054,
        "baro_altitude": 3886.2,
        "on_ground": false,
        "velocity": 161.2,
        "true_track": 121.56,
        "vertical_rate": -5.2,
        "geo_altitude": 4137.66,
        "squawk": "1166",
        "spi": false,
        "position_source": 0
      }
    },
    {
      "type": "Feature",
      "geometry": {
        "type": "Point",
        "coordinates": [
          13.1807,
          45.3516
        ]
      },
      "properties": {
        "icao24": "4bc881",
        "callsign": "PGT78RD",
        "origin_country": "Turkey",
        "time_position": 1786962054,
        "last_contact": 1786962055,
        "baro_altitude": 10370.82,
        "on_ground": false,
        "velocity": 226.02,
        "true_track": 298.26,
        "vertical_rate": 0,
        "geo_altitude": 10835.64,
        "squawk": "6541",
        "spi": false,
        "position_source": 0
      }
    },
    {
      "type": "Feature",
      "geometry": {
        "type": "Point",
        "coordinates": [
          10.5229,
          41.0047
        ]
      },
      "properties": {
        "icao24": "4bc882",
        "callsign": "PGT5BM",
        "origin_country": "Turkey",
        "time_position": 1786962054,
        "last_contact": 1786962054,
        "baro_altitude": 10668,
        "on_ground": false,
        "velocity": 226.33,
        "true_track": 252.68,
        "vertical_rate": -0.33,
        "geo_altitude": 11209.02,
        "squawk": "2302",
        "spi": false,
        "position_source": 0
      }
    },
    {
      "type": "Feature",
      "geometry": {
        "type": "Point",
        "coordinates": [
          16.8876,
          47.7318
        ]
      },
      "properties": {
        "icao24": "44008f",
        "callsign": "AUA71",
        "origin_country": "Austria",
        "time_position": 1786962055,
        "last_contact": 1786962055,
        "baro_altitude": 6088.38,
        "on_ground": false,
        "velocity": 179,
        "true_track": 141.42,
        "vertical_rate": 11.38,
        "geo_altitude": 6355.08,
        "squawk": "7131",
        "spi": false,
        "position_source": 0
      }
    },
    {
      "type": "Feature",
      "geometry": {
        "type": "Point",
        "coordinates": [
          16.744,
          45.5832
        ]
      },
      "properties": {
        "icao24": "73806c",
        "callsign": "ELY237",
        "origin_country": "Israel",
        "time_position": 1786962055,
        "last_contact": 1786962055,
        "baro_altitude": 11582.4,
        "on_ground": false,
        "velocity": 223,
        "true_track": 315.47,
        "vertical_rate": 0,
        "geo_altitude": 12054.84,
        "squawk": "5656",
        "spi": false,
        "position_source": 0
      }
    },
    {
      "type": "Feature",
      "geometry": {
        "type": "Point",
        "coordinates": [
          17.1701,
          44.7966
        ]
      },
      "properties": {
        "icao24": "440098",
        "callsign": "AOJ53L",
        "origin_country": "Austria",
        "time_position": 1786962054,
        "last_contact": 1786962055,
        "baro_altitude": 13716,
        "on_ground": false,
        "velocity": 227.43,
        "true_track": 88.83,
        "vertical_rate": 0.33,
        "geo_altitude": 14226.54,
        "squawk": "0460",
        "spi": false,
        "position_source": 0
      }
    },
    {
      "type": "Feature",
      "geometry": {
        "type": "Point",
        "coordinates": [
          8.7224,
          45.6443
        ]
      },
      "properties": {
        "icao24": "440096",
        "callsign": "EJU69YL",
        "origin_country": "Austria",
        "time_position": 1786961966,
        "last_contact": 1786961966,
        "baro_altitude": null,
        "on_ground": true,
        "velocity": 4.63,
        "true_track": 30.94,
        "vertical_rate": null,
        "geo_altitude": null,
        "squawk": "5423",
        "spi": false,
        "position_source": 0
      }
    },
    {
      "type": "Feature",
      "geometry": {
        "type": "Point",
        "coordinates": [
          6.4869,
          43.2456
        ]
      },
      "properties": {
        "icao24": "440090",
        "callsign": "EJU57EJ",
        "origin_country": "Austria",
        "time_position": 1786962054,
        "last_contact": 1786962055,
        "baro_altitude": 10660.38,
        "on_ground": false,
        "velocity": 233.33,
        "true_track": 103.52,
        "vertical_rate": 0,
        "geo_altitude": 11186.16,
        "squawk": "5505",
        "spi": false,
        "position_source": 0
      }
    },
    {
      "type": "Feature",
      "geometry": {
        "type": "Point",
        "coordinates": [
          15.9709,
          43.5531
        ]
      },
      "properties": {
        "icao24": "738072",
        "callsign": "ELY323",
        "origin_country": "Israel",
        "time_position": 1786962052,
        "last_contact": 1786962053,
        "baro_altitude": 11582.4,
        "on_ground": false,
        "velocity": 242.03,
        "true_track": 296.24,
        "vertical_rate": 0,
        "geo_altitude": 12085.32,
        "squawk": "5604",
        "spi": false,
        "position_source": 0
      }
    },
    {
      "type": "Feature",
      "geometry": {
        "type": "Point",
        "coordinates": [
          16.2216,
          45.2657
        ]
      },
      "properties": {
        "icao24": "452037",
        "callsign": "GPX5SA",
        "origin_country": "Bulgaria",
        "time_position": 1786962054,
        "last_contact": 1786962054,
        "baro_altitude": 10355.58,
        "on_ground": false,
        "velocity": 232.59,
        "true_track": 318.77,
        "vertical_rate": 0,
        "geo_altitude": null,
        "squawk": "6003",
        "spi": false,
        "position_source": 0
      }
    },
    {
      "type": "Feature",
      "geometry": {
        "type": "Point",
        "coordinates": [
          13.6221,
          41.5427
        ]
      },
      "properties": {
        "icao24": "440047",
        "callsign": "EJU85LM",
        "origin_country": "Austria",
        "time_position": 1786962054,
        "last_contact": 1786962054,
        "baro_altitude": 6705.6,
        "on_ground": false,
        "velocity": 209.66,
        "true_track": 313.01,
        "vertical_rate": 0.98,
        "geo_altitude": 7094.22,
        "squawk": null,
        "spi": false,
        "position_source": 0
      }
    },
    {
      "type": "Feature",
      "geometry": {
        "type": "Point",
        "coordinates": [
          11.1174,
          40.1175
        ]
      },
      "properties": {
        "icao24": "738051",
        "callsign": "ELY394",
        "origin_country": "Israel",
        "time_position": 1786962052,
        "last_contact": 1786962054,
        "baro_altitude": 10668,
        "on_ground": false,
        "velocity": 250.43,
        "true_track": 102.09,
        "vertical_rate": -0.33,
        "geo_altitude": 11201.4,
        "squawk": "1422",
        "spi": false,
        "position_source": 0
      }
    },
    {
      "type": "Feature",
      "geometry": {
        "type": "Point",
        "coordinates": [
          14.0538,
          36.2083
        ]
      },
      "properties": {
        "icao24": "440051",
        "callsign": "EJU72TC",
        "origin_country": "Austria",
        "time_position": 1786962054,
        "last_contact": 1786962055,
        "baro_altitude": 4808.22,
        "on_ground": false,
        "velocity": 177.32,
        "true_track": 324.33,
        "vertical_rate": 13.98,
        "geo_altitude": 5135.88,
        "squawk": "6573",
        "spi": false,
        "position_source": 0
      }
    },
    {
      "type": "Feature",
      "geometry": {
        "type": "Point",
        "coordinates": [
          10.4835,
          43.8663
        ]
      },
      "properties": {
        "icao24": "738056",
        "callsign": "ELY346",
        "origin_country": "Israel",
        "time_position": 1786962055,
        "last_contact": 1786962055,
        "baro_altitude": 10675.62,
        "on_ground": false,
        "velocity": 233.31,
        "true_track": 122.85,
        "vertical_rate": 0,
        "geo_altitude": 11163.3,
        "squawk": "5733",
        "spi": false,
        "position_source": 0
      }
    },
    {
      "type": "Feature",
      "geometry": {
        "type": "Point",
        "coordinates": [
          18.5218,
          43.7784
        ]
      },
      "properties": {
        "icao24": "80188a",
        "callsign": "VTCCA",
        "origin_country": "India",
        "time_position": 1786962054,
        "last_contact": 1786962054,
        "baro_altitude": 12496.8,
        "on_ground": false,
        "velocity": 263.94,
        "true_track": 132.71,
        "vertical_rate": -0.33,
        "geo_altitude": 13030.2,
        "squawk": "2705",
        "spi": false,
        "position_source": 0
      }
    },
    {
      "type": "Feature",
      "geometry": {
        "type": "Point",
        "coordinates": [
          8.7229,
          45.6417
        ]
      },
      "properties": {
        "icao24": "440019",
        "callsign": "EJU14BW",
        "origin_country": "Austria",
        "time_position": 1786962049,
        "last_contact": 1786962049,
        "baro_altitude": null,
        "on_ground": true,
        "velocity": 7.72,
        "true_track": 348.75,
        "vertical_rate": null,
        "geo_altitude": null,
        "squawk": "0557",
        "spi": false,
        "position_source": 0
      }
    },
    {
      "type": "Feature",
      "geometry": {
        "type": "Point",
        "coordinates": [
          7.7029,
          44.2054
        ]
      },
      "properties": {
        "icao24": "440039",
        "callsign": "AUA45M",
        "origin_country": "Austria",
        "time_position": 1786962055,
        "last_contact": 1786962055,
        "baro_altitude": 10043.16,
        "on_ground": false,
        "velocity": 230.39,
        "true_track": 223.1,
        "vertical_rate": 0.33,
        "geo_altitude": 10523.22,
        "squawk": "4027",
        "spi": false,
        "position_source": 0
      }
    },
    {
      "type": "Feature",
      "geometry": {
        "type": "Point",
        "coordinates": [
          14.2754,
          40.7205
        ]
      },
      "properties": {
        "icao24": "440037",
        "callsign": "EJU41LU",
        "origin_country": "Austria",
        "time_position": 1786962052,
        "last_contact": 1786962052,
        "baro_altitude": 1813.56,
        "on_ground": false,
        "velocity": 143.81,
        "true_track": 198.56,
        "vertical_rate": 13,
        "geo_altitude": 1912.62,
        "squawk": null,
        "spi": false,
        "position_source": 0
      }
    },
    {
      "type": "Feature",
      "geometry": {
        "type": "Point",
        "coordinates": [
          9.2261,
          41.5612
        ]
      },
      "properties": {
        "icao24": "440041",
        "callsign": "OEFAU",
        "origin_country": "Austria",
        "time_position": 1786962048,
        "last_contact": 1786962048,
        "baro_altitude": 1905,
        "on_ground": false,
        "velocity": 113.72,
        "true_track": 178.7,
        "vertical_rate": -4.23,
        "geo_altitude": 2065.02,
        "squawk": "0411",
        "spi": false,
        "position_source": 0
      }
    },
    {
      "type": "Feature",
      "geometry": {
        "type": "Point",
        "coordinates": [
          14.0453,
          44.0779
        ]
      },
      "properties": {
        "icao24": "440031",
        "callsign": "EJU32HP",
        "origin_country": "Austria",
        "time_position": 1786962055,
        "last_contact": 1786962055,
        "baro_altitude": 11536.68,
        "on_ground": false,
        "velocity": 231.19,
        "true_track": 112.23,
        "vertical_rate": -6.83,
        "geo_altitude": 12054.84,
        "squawk": "1000",
        "spi": false,
        "position_source": 0
      }
    },
    {
      "type": "Feature",
      "geometry": {
        "type": "Point",
        "coordinates": [
          15.0592,
          43.8712
        ]
      },
      "properties": {
        "icao24": "500213",
        "callsign": "MEA236",
        "origin_country": "San Marino",
        "time_position": 1786962054,
        "last_contact": 1786962054,
        "baro_altitude": 10675.62,
        "on_ground": false,
        "velocity": 237.9,
        "true_track": 115.9,
        "vertical_rate": 0,
        "geo_altitude": 11170.92,
        "squawk": "0417",
        "spi": false,
        "position_source": 0
      }
    },
    {
      "type": "Feature",
      "geometry": {
        "type": "Point",
        "coordinates": [
          10.2958,
          40.2592
        ]
      },
      "properties": {
        "icao24": "8960ef",
        "callsign": "UAE185",
        "origin_country": "United Arab Emirates",
        "time_position": 1786962054,
        "last_contact": 1786962054,
        "baro_altitude": 12192,
        "on_ground": false,
        "velocity": 221.47,
        "true_track": 289.82,
        "vertical_rate": 0,
        "geo_altitude": 12771.12,
        "squawk": "7732",
        "spi": false,
        "position_source": 0
      }
    },
    {
      "type": "Feature",
      "geometry": {
        "type": "Point",
        "coordinates": [
          17.5644,
          42.0637
        ]
      },
      "properties": {
        "icao24": "5001d3",
        "callsign": "MEA232",
        "origin_country": "San Marino",
        "time_position": 1786961985,
        "last_contact": 1786962020,
        "baro_altitude": 10683.24,
        "on_ground": false,
        "velocity": 240.26,
        "true_track": 93.81,
        "vertical_rate": 0,
        "geo_altitude": 11201.4,
        "squawk": "4313",
        "spi": false,
        "position_source": 0
      }
    },
    {
      "type": "Feature",
      "geometry": {
        "type": "Point",
        "coordinates": [
          16.6113,
          47.6268
        ]
      },
      "properties": {
        "icao24": "471d6a",
        "callsign": "WZZ6786",
        "origin_country": "Hungary",
        "time_position": 1786962055,
        "last_contact": 1786962055,
        "baro_altitude": 5029.2,
        "on_ground": false,
        "velocity": 232.14,
        "true_track": 62.98,
        "vertical_rate": -14.63,
        "geo_altitude": 5273.04,
        "squawk": "1000",
        "spi": false,
        "position_source": 0
      }
    },
    {
      "type": "Feature",
      "geometry": {
        "type": "Point",
        "coordinates": [
          8.263,
          43.9503
        ]
      },
      "properties": {
        "icao24": "471d6f",
        "callsign": "WMT68LU",
        "origin_country": "Hungary",
        "time_position": 1786962055,
        "last_contact": 1786962055,
        "baro_altitude": 10668,
        "on_ground": false,
        "velocity": 232.54,
        "true_track": 159,
        "vertical_rate": -0.33,
        "geo_altitude": 11163.3,
        "squawk": "0566",
        "spi": false,
        "position_source": 0
      }
    },
    {
      "type": "Feature",
      "geometry": {
        "type": "Point",
        "coordinates": [
          6.9226,
          45.2819
        ]
      },
      "properties": {
        "icao24": "5001e3",
        "callsign": "MEA214",
        "origin_country": "San Marino",
        "time_position": 1786962055,
        "last_contact": 1786962055,
        "baro_altitude": 7185.66,
        "on_ground": false,
        "velocity": 242.92,
        "true_track": 144.83,
        "vertical_rate": 5.2,
        "geo_altitude": 7574.28,
        "squawk": "5767",
        "spi": false,
        "position_source": 0
      }
    },
    {
      "type": "Feature",
      "geometry": {
        "type": "Point",
        "coordinates": [
          11.1447,
          46.4922
        ]
      },
      "properties": {
        "icao24": "781b7b",
        "callsign": "CES250",
        "origin_country": "China",
        "time_position": 1786962054,
        "last_contact": 1786962055,
        "baro_altitude": 10363.2,
        "on_ground": false,
        "velocity": 261.77,
        "true_track": 36.13,
        "vertical_rate": 0,
        "geo_altitude": 10782.3,
        "squawk": "0462",
        "spi": false,
        "position_source": 0
      }
    },
    {
      "type": "Feature",
      "geometry": {
        "type": "Point",
        "coordinates": [
          12.3406,
          45.4963
        ]
      },
      "properties": {
        "icao24": "471d62",
        "callsign": "WMT3HS",
        "origin_country": "Hungary",
        "time_position": 1786962052,
        "last_contact": 1786962052,
        "baro_altitude": null,
        "on_ground": true,
        "velocity": 39.1,
        "true_track": 42.19,
        "vertical_rate": null,
        "geo_altitude": null,
        "squawk": "7426",
        "spi": false,
        "position_source": 0
      }
    },
    {
      "type": "Feature",
      "geometry": {
        "type": "Point",
        "coordinates": [
          13.6294,
          42.1581
        ]
      },
      "properties": {
        "icao24": "471d63",
        "callsign": "WZZ4NY",
        "origin_country": "Hungary",
        "time_position": 1786962054,
        "last_contact": 1786962054,
        "baro_altitude": 6233.16,
        "on_ground": false,
        "velocity": 171.3,
        "true_track": 249.06,
        "vertical_rate": -2.6,
        "geo_altitude": 6583.68,
        "squawk": "6043",
        "spi": false,
        "position_source": 0
      }
    },
    {
      "type": "Feature",
      "geometry": {
        "type": "Point",
        "coordinates": [
          8.227,
          45.1962
        ]
      },
      "properties": {
        "icao24": "4784c2",
        "callsign": "NOZ1JG",
        "origin_country": "Norway",
        "time_position": 1786962055,
        "last_contact": 1786962055,
        "baro_altitude": 9883.14,
        "on_ground": false,
        "velocity": 210.02,
        "true_track": 196.22,
        "vertical_rate": -5.2,
        "geo_altitude": 10325.1,
        "squawk": "0736",
        "spi": false,
        "position_source": 0
      }
    },
    {
      "type": "Feature",
      "geometry": {
        "type": "Point",
        "coordinates": [
          11.0409,
          42.9687
        ]
      },
      "properties": {
        "icao24": "4b0dd5",
        "callsign": "HUE11F",
        "origin_country": "Switzerland",
        "time_position": 1786962054,
        "last_contact": 1786962054,
        "baro_altitude": 2171.7,
        "on_ground": false,
        "velocity": 128.41,
        "true_track": 164.91,
        "vertical_rate": -7.48,
        "geo_altitude": 2331.72,
        "squawk": "5765",
        "spi": false,
        "position_source": 0
      }
    },
    {
      "type": "Feature",
      "geometry": {
        "type": "Point",
        "coordinates": [
          8.0733,
          44.0882
        ]
      },
      "properties": {
        "icao24": "a2cb9e",
        "callsign": "UAL177",
        "origin_country": "United States",
        "time_position": 1786962055,
        "last_contact": 1786962055,
        "baro_altitude": 12496.8,
        "on_ground": false,
        "velocity": 265.35,
        "true_track": 147.91,
        "vertical_rate": 0.33,
        "geo_altitude": 13030.2,
        "squawk": "0505",
        "spi": false,
        "position_source": 0
      }
    },
    {
      "type": "Feature",
      "geometry": {
        "type": "Point",
        "coordinates": [
          15.1286,
          45.9144
        ]
      },
      "properties": {
        "icao24": "896184",
        "callsign": "UAE72V",
        "origin_country": "United Arab Emirates",
        "time_position": 1786962055,
        "last_contact": 1786962055,
        "baro_altitude": 11582.4,
        "on_ground": false,
        "velocity": 236.77,
        "true_track": 312.01,
        "vertical_rate": 0,
        "geo_altitude": 12062.46,
        "squawk": "2063",
        "spi": false,
        "position_source": 0
      }
    },
    {
      "type": "Feature",
      "geometry": {
        "type": "Point",
        "coordinates": [
          8.2003,
          43.8187
        ]
      },
      "properties": {
        "icao24": "a28dc8",
        "callsign": "UAL41",
        "origin_country": "United States",
        "time_position": 1786962055,
        "last_contact": 1786962055,
        "baro_altitude": 9753.6,
        "on_ground": false,
        "velocity": 247.9,
        "true_track": 331.63,
        "vertical_rate": 0,
        "geo_altitude": 10233.66,
        "squawk": "1203",
        "spi": false,
        "position_source": 0
      }
    },
    {
      "type": "Feature",
      "geometry": {
        "type": "Point",
        "coordinates": [
          9.2461,
          43.6413
        ]
      },
      "properties": {
        "icao24": "45214a",
        "callsign": "PJJ311A",
        "origin_country": "Bulgaria",
        "time_position": 1786962054,
        "last_contact": 1786962054,
        "baro_altitude": 7338.06,
        "on_ground": false,
        "velocity": 220.25,
        "true_track": 324.6,
        "vertical_rate": -4.88,
        "geo_altitude": 7711.44,
        "squawk": "6573",
        "spi": false,
        "position_source": 0
      }
    },
    {
      "type": "Feature",
      "geometry": {
        "type": "Point",
        "coordinates": [
          8.7341,
          45.6165
        ]
      },
      "properties": {
        "icao24": "440198",
        "callsign": "EJU862B",
        "origin_country": "Austria",
        "time_position": 1786962054,
        "last_contact": 1786962054,
        "baro_altitude": null,
        "on_ground": true,
        "velocity": 2.31,
        "true_track": 123.75,
        "vertical_rate": null,
        "geo_altitude": null,
        "squawk": null,
        "spi": false,
        "position_source": 0
      }
    },
    {
      "type": "Feature",
      "geometry": {
        "type": "Point",
        "coordinates": [
          17.2422,
          43.4005
        ]
      },
      "properties": {
        "icao24": "45216e",
        "callsign": "GPX1BL",
        "origin_country": "Bulgaria",
        "time_position": 1786962040,
        "last_contact": 1786962047,
        "baro_altitude": 10363.2,
        "on_ground": false,
        "velocity": 223.99,
        "true_track": 306.5,
        "vertical_rate": -0.33,
        "geo_altitude": 10820.4,
        "squawk": "5646",
        "spi": false,
        "position_source": 0
      }
    },
    {
      "type": "Feature",
      "geometry": {
        "type": "Point",
        "coordinates": [
          8.8705,
          42.8642
        ]
      },
      "properties": {
        "icao24": "39dd59",
        "callsign": "CCM22ED",
        "origin_country": "France",
        "time_position": 1786962054,
        "last_contact": 1786962055,
        "baro_altitude": 5486.4,
        "on_ground": false,
        "velocity": 126.29,
        "true_track": 344.89,
        "vertical_rate": -0.33,
        "geo_altitude": 5783.58,
        "squawk": null,
        "spi": false,
        "position_source": 0
      }
    },
    {
      "type": "Feature",
      "geometry": {
        "type": "Point",
        "coordinates": [
          8.2388,
          43.3212
        ]
      },
      "properties": {
        "icao24": "452175",
        "callsign": "PJJ525A",
        "origin_country": "Bulgaria",
        "time_position": 1786962055,
        "last_contact": 1786962055,
        "baro_altitude": 4846.32,
        "on_ground": false,
        "velocity": 139.74,
        "true_track": 258.32,
        "vertical_rate": -11.05,
        "geo_altitude": 5113.02,
        "squawk": "2066",
        "spi": false,
        "position_source": 0
      }
    },
    {
      "type": "Feature",
      "geometry": {
        "type": "Point",
        "coordinates": [
          8.7617,
          45.6808
        ]
      },
      "properties": {
        "icao24": "300a85",
        "callsign": "ITY226",
        "origin_country": "Italy",
        "time_position": 1786962054,
        "last_contact": 1786962054,
        "baro_altitude": 5212.08,
        "on_ground": false,
        "velocity": 167.86,
        "true_track": 264.9,
        "vertical_rate": 12.35,
        "geo_altitude": 5494.02,
        "squawk": "0447",
        "spi": false,
        "position_source": 0
      }
    },
    {
      "type": "Feature",
      "geometry": {
        "type": "Point",
        "coordinates": [
          9.6632,
          42.8185
        ]
      },
      "properties": {
        "icao24": "300a86",
        "callsign": "ITY1772",
        "origin_country": "Italy",
        "time_position": 1786962054,
        "last_contact": 1786962055,
        "baro_altitude": 10972.8,
        "on_ground": false,
        "velocity": 229.96,
        "true_track": 302.02,
        "vertical_rate": 0,
        "geo_altitude": 11506.2,
        "squawk": "1000",
        "spi": false,
        "position_source": 0
      }
    },
    {
      "type": "Feature",
      "geometry": {
        "type": "Point",
        "coordinates": [
          11.5399,
          44.5199
        ]
      },
      "properties": {
        "icao24": "300a7c",
        "callsign": "DLA1TA",
        "origin_country": "Italy",
        "time_position": 1786962055,
        "last_contact": 1786962055,
        "baro_altitude": 7475.22,
        "on_ground": false,
        "velocity": 202.29,
        "true_track": 223.97,
        "vertical_rate": -12.68,
        "geo_altitude": 7833.36,
        "squawk": "1000",
        "spi": false,
        "position_source": 0
      }
    },
    {
      "type": "Feature",
      "geometry": {
        "type": "Point",
        "coordinates": [
          14.1484,
          36.6722
        ]
      },
      "properties": {
        "icao24": "45caa1",
        "callsign": "DTR1846",
        "origin_country": "Denmark",
        "time_position": 1786962054,
        "last_contact": 1786962055,
        "baro_altitude": 4259.58,
        "on_ground": false,
        "velocity": 133.51,
        "true_track": 45.78,
        "vertical_rate": 0,
        "geo_altitude": 4533.9,
        "squawk": "3766",
        "spi": false,
        "position_source": 0
      }
    },
    {
      "type": "Feature",
      "geometry": {
        "type": "Point",
        "coordinates": [
          8.9856,
          44.3836
        ]
      },
      "properties": {
        "icao24": "300a7b",
        "callsign": "DLA9PM",
        "origin_country": "Italy",
        "time_position": 1786962055,
        "last_contact": 1786962055,
        "baro_altitude": 624.84,
        "on_ground": false,
        "velocity": 79.01,
        "true_track": 285.48,
        "vertical_rate": -4.55,
        "geo_altitude": 693.42,
        "squawk": "5540",
        "spi": false,
        "position_source": 0
      }
    },
    {
      "type": "Feature",
      "geometry": {
        "type": "Point",
        "coordinates": [
          10.8316,
          41.2042
        ]
      },
      "properties": {
        "icao24": "452135",
        "callsign": "VOE84SM",
        "origin_country": "Bulgaria",
        "time_position": 1786962054,
        "last_contact": 1786962055,
        "baro_altitude": 4716.78,
        "on_ground": false,
        "velocity": 175.41,
        "true_track": 230.47,
        "vertical_rate": -5.85,
        "geo_altitude": 5021.58,
        "squawk": "7434",
        "spi": false,
        "position_source": 0
      }
    },
    {
      "type": "Feature",
      "geometry": {
        "type": "Point",
        "coordinates": [
          18.6857,
          43.0101
        ]
      },
      "properties": {
        "icao24": "471dad",
        "callsign": "WMT4783",
        "origin_country": "Hungary",
        "time_position": 1786962053,
        "last_contact": 1786962053,
        "baro_altitude": 8991.6,
        "on_ground": false,
        "velocity": 242.33,
        "true_track": 325.03,
        "vertical_rate": 4.55,
        "geo_altitude": 9441.18,
        "squawk": null,
        "spi": false,
        "position_source": 0
      }
    },
    {
      "type": "Feature",
      "geometry": {
        "type": "Point",
        "coordinates": [
          14.5913,
          46.2142
        ]
      },
      "properties": {
        "icao24": "452124",
        "callsign": "LZB432",
        "origin_country": "Bulgaria",
        "time_position": 1786962055,
        "last_contact": 1786962055,
        "baro_altitude": 11887.2,
        "on_ground": false,
        "velocity": 245.72,
        "true_track": 116.08,
        "vertical_rate": 0,
        "geo_altitude": 12344.4,
        "squawk": "7551",
        "spi": false,
        "position_source": 0
      }
    },
    {
      "type": "Feature",
      "geometry": {
        "type": "Point",
        "coordinates": [
          11.6052,
          44.4987
        ]
      },
      "properties": {
        "icao24": "300a53",
        "callsign": "IOZZK",
        "origin_country": "Italy",
        "time_position": 1786962054,
        "last_contact": 1786962054,
        "baro_altitude": 510.54,
        "on_ground": false,
        "velocity": 46.75,
        "true_track": 294.03,
        "vertical_rate": -1.63,
        "geo_altitude": 556.26,
        "squawk": null,
        "spi": false,
        "position_source": 0
      }
    },
    {
      "type": "Feature",
      "geometry": {
        "type": "Point",
        "coordinates": [
          11.8461,
          45.1723
        ]
      },
      "properties": {
        "icao24": "300a4c",
        "callsign": "IOZZJ",
        "origin_country": "Italy",
        "time_position": 1786962055,
        "last_contact": 1786962055,
        "baro_altitude": 480.06,
        "on_ground": false,
        "velocity": 51.01,
        "true_track": 48.27,
        "vertical_rate": -0.65,
        "geo_altitude": 518.16,
        "squawk": "7000",
        "spi": false,
        "position_source": 0
      }
    },
    {
      "type": "Feature",
      "geometry": {
        "type": "Point",
        "coordinates": [
          13.3649,
          43.25
        ]
      },
      "properties": {
        "icao24": "440117",
        "callsign": "EJU54XT",
        "origin_country": "Austria",
        "time_position": 1786962054,
        "last_contact": 1786962054,
        "baro_altitude": 10980.42,
        "on_ground": false,
        "velocity": 221.91,
        "true_track": 314.44,
        "vertical_rate": 0,
        "geo_altitude": 11498.58,
        "squawk": "2047",
        "spi": false,
        "position_source": 0
      }
    },
    {
      "type": "Feature",
      "geometry": {
        "type": "Point",
        "coordinates": [
          16.9823,
          46.6876
        ]
      },
      "properties": {
        "icao24": "440113",
        "callsign": "OEDTY",
        "origin_country": "Austria",
        "time_position": 1786962053,
        "last_contact": 1786962054,
        "baro_altitude": 2057.4,
        "on_ground": false,
        "velocity": 54.84,
        "true_track": 306.22,
        "vertical_rate": 0.65,
        "geo_altitude": 2164.08,
        "squawk": "3670",
        "spi": false,
        "position_source": 0
      }
    },
    {
      "type": "Feature",
      "geometry": {
        "type": "Point",
        "coordinates": [
          7.6106,
          41.415
        ]
      },
      "properties": {
        "icao24": "7020c9",
        "callsign": "S2STE",
        "origin_country": "Bangladesh",
        "time_position": 1786962054,
        "last_contact": 1786962054,
        "baro_altitude": 7620,
        "on_ground": false,
        "velocity": 137.1,
        "true_track": 121.18,
        "vertical_rate": 0,
        "geo_altitude": 8039.1,
        "squawk": "3375",
        "spi": false,
        "position_source": 0
      }
    },
    {
      "type": "Feature",
      "geometry": {
        "type": "Point",
        "coordinates": [
          17.6785,
          47.1865
        ]
      },
      "properties": {
        "icao24": "4bb1e2",
        "callsign": "THY1SX",
        "origin_country": "Turkey",
        "time_position": 1786962054,
        "last_contact": 1786962055,
        "baro_altitude": 11582.4,
        "on_ground": false,
        "velocity": 217.49,
        "true_track": 298.08,
        "vertical_rate": 0,
        "geo_altitude": 12031.98,
        "squawk": "5365",
        "spi": false,
        "position_source": 0
      }
    },
    {
      "type": "Feature",
      "geometry": {
        "type": "Point",
        "coordinates": [
          11.1113,
          39.2508
        ]
      },
      "properties": {
        "icao24": "34569a",
        "callsign": "VOE8NP",
        "origin_country": "Spain",
        "time_position": 1786962051,
        "last_contact": 1786962055,
        "baro_altitude": 11590.02,
        "on_ground": false,
        "velocity": 210.09,
        "true_track": 305.13,
        "vertical_rate": 0,
        "geo_altitude": 12176.76,
        "squawk": "1000",
        "spi": false,
        "position_source": 0
      }
    },
    {
      "type": "Feature",
      "geometry": {
        "type": "Point",
        "coordinates": [
          11.5698,
          42.4059
        ]
      },
      "properties": {
        "icao24": "34568d",
        "callsign": "VOE9VC",
        "origin_country": "Spain",
        "time_position": 1786962055,
        "last_contact": 1786962055,
        "baro_altitude": 5570.22,
        "on_ground": false,
        "velocity": 177.83,
        "true_track": 95.64,
        "vertical_rate": -5.53,
        "geo_altitude": 5890.26,
        "squawk": "1000",
        "spi": false,
        "position_source": 0
      }
    },
    {
      "type": "Feature",
      "geometry": {
        "type": "Point",
        "coordinates": [
          14.0386,
          36.3493
        ]
      },
      "properties": {
        "icao24": "345691",
        "callsign": "IBE08ZA",
        "origin_country": "Spain",
        "time_position": 1786962055,
        "last_contact": 1786962055,
        "baro_altitude": 11285.22,
        "on_ground": false,
        "velocity": 265.25,
        "true_track": 92.78,
        "vertical_rate": 0,
        "geo_altitude": 11917.68,
        "squawk": "4114",
        "spi": false,
        "position_source": 0
      }
    },
    {
      "type": "Feature",
      "geometry": {
        "type": "Point",
        "coordinates": [
          15.361,
          45.7809
        ]
      },
      "properties": {
        "icao24": "7380c0",
        "callsign": "ELY315",
        "origin_country": "Israel",
        "time_position": 1786962055,
        "last_contact": 1786962055,
        "baro_altitude": 11582.4,
        "on_ground": false,
        "velocity": 242.28,
        "true_track": 311.82,
        "vertical_rate": -0.33,
        "geo_altitude": 12077.7,
        "squawk": "1163",
        "spi": false,
        "position_source": 0
      }
    },
    {
      "type": "Feature",
      "geometry": {
        "type": "Point",
        "coordinates": [
          9.8689,
          46.6965
        ]
      },
      "properties": {
        "icao24": "3c4a01",
        "callsign": "DLH590",
        "origin_country": "Germany",
        "time_position": 1786962055,
        "last_contact": 1786962055,
        "baro_altitude": 10668,
        "on_ground": false,
        "velocity": 259.53,
        "true_track": 150.95,
        "vertical_rate": 0,
        "geo_altitude": 11109.96,
        "squawk": "2525",
        "spi": false,
        "position_source": 0
      }
    },
    {
      "type": "Feature",
      "geometry": {
        "type": "Point",
        "coordinates": [
          8.7227,
          45.6312
        ]
      },
      "properties": {
        "icao24": "345617",
        "callsign": "LAV3742",
        "origin_country": "Spain",
        "time_position": 1786962054,
        "last_contact": 1786962054,
        "baro_altitude": null,
        "on_ground": true,
        "velocity": 29.84,
        "true_track": 348.75,
        "vertical_rate": null,
        "geo_altitude": null,
        "squawk": "6166",
        "spi": false,
        "position_source": 0
      }
    },
    {
      "type": "Feature",
      "geometry": {
        "type": "Point",
        "coordinates": [
          7.7002,
          43.3902
        ]
      },
      "properties": {
        "icao24": "345612",
        "callsign": "VOE85DB",
        "origin_country": "Spain",
        "time_position": 1786962054,
        "last_contact": 1786962055,
        "baro_altitude": 10668,
        "on_ground": false,
        "velocity": 235.58,
        "true_track": 121.61,
        "vertical_rate": 0.33,
        "geo_altitude": 11178.54,
        "squawk": "1000",
        "spi": false,
        "position_source": 0
      }
    },
    {
      "type": "Feature",
      "geometry": {
        "type": "Point",
        "coordinates": [
          12.6486,
          45.6007
        ]
      },
      "properties": {
        "icao24": "39dd04",
        "callsign": "TVF27PU",
        "origin_country": "France",
        "time_position": 1786962055,
        "last_contact": 1786962055,
        "baro_altitude": 11277.6,
        "on_ground": false,
        "velocity": 237.72,
        "true_track": 124.24,
        "vertical_rate": 0,
        "geo_altitude": 11734.8,
        "squawk": "0652",
        "spi": false,
        "position_source": 0
      }
    },
    {
      "type": "Feature",
      "geometry": {
        "type": "Point",
        "coordinates": [
          7.9488,
          47.7242
        ]
      },
      "properties": {
        "icao24": "4079f6",
        "callsign": "BAW694",
        "origin_country": "United Kingdom",
        "time_position": 1786962055,
        "last_contact": 1786962055,
        "baro_altitude": 11887.2,
        "on_ground": false,
        "velocity": 257.23,
        "true_track": 119.08,
        "vertical_rate": -0.33,
        "geo_altitude": 12306.3,
        "squawk": "2156",
        "spi": false,
        "position_source": 0
      }
    },
    {
      "type": "Feature",
      "geometry": {
        "type": "Point",
        "coordinates": [
          12.5064,
          40.1681
        ]
      },
      "properties": {
        "icao24": "4bb266",
        "callsign": "THY4BY",
        "origin_country": "Turkey",
        "time_position": 1786962055,
        "last_contact": 1786962055,
        "baro_altitude": 10980.42,
        "on_ground": false,
        "velocity": 252.34,
        "true_track": 78.12,
        "vertical_rate": 0.33,
        "geo_altitude": 11513.82,
        "squawk": "2370",
        "spi": false,
        "position_source": 0
      }
    },
    {
      "type": "Feature",
      "geometry": {
        "type": "Point",
        "coordinates": [
          15.014,
          44.9527
        ]
      },
      "properties": {
        "icao24": "4bb245",
        "callsign": "THY9CH",
        "origin_country": "Turkey",
        "time_position": 1786962054,
        "last_contact": 1786962054,
        "baro_altitude": 10347.96,
        "on_ground": false,
        "velocity": 220.64,
        "true_track": 282.93,
        "vertical_rate": 0,
        "geo_altitude": 10835.64,
        "squawk": "6055",
        "spi": false,
        "position_source": 0
      }
    },
    {
      "type": "Feature",
      "geometry": {
        "type": "Point",
        "coordinates": [
          12.3455,
          45.5075
        ]
      },
      "properties": {
        "icao24": "44cdcb",
        "callsign": "BEL6VP",
        "origin_country": "Belgium",
        "time_position": 1786961922,
        "last_contact": 1786961922,
        "baro_altitude": null,
        "on_ground": true,
        "velocity": 6.43,
        "true_track": 312.19,
        "vertical_rate": null,
        "geo_altitude": null,
        "squawk": "1000",
        "spi": false,
        "position_source": 0
      }
    },
    {
      "type": "Feature",
      "geometry": {
        "type": "Point",
        "coordinates": [
          8.5262,
          40.9477
        ]
      },
      "properties": {
        "icao24": "4bb275",
        "callsign": "THY1UZ",
        "origin_country": "Turkey",
        "time_position": 1786962054,
        "last_contact": 1786962055,
        "baro_altitude": 10370.82,
        "on_ground": false,
        "velocity": 220.15,
        "true_track": 258.27,
        "vertical_rate": 0,
        "geo_altitude": 10919.46,
        "squawk": "6532",
        "spi": false,
        "position_source": 0
      }
    },
    {
      "type": "Feature",
      "geometry": {
        "type": "Point",
        "coordinates": [
          18.0142,
          45.2136
        ]
      },
      "properties": {
        "icao24": "4bb283",
        "callsign": "THY4WU",
        "origin_country": "Turkey",
        "time_position": 1786962055,
        "last_contact": 1786962055,
        "baro_altitude": 10668,
        "on_ground": false,
        "velocity": 236.63,
        "true_track": 121.31,
        "vertical_rate": 0.33,
        "geo_altitude": 11163.3,
        "squawk": "3015",
        "spi": false,
        "position_source": 0
      }
    },
    {
      "type": "Feature",
      "geometry": {
        "type": "Point",
        "coordinates": [
          17.1674,
          40.0465
        ]
      },
      "properties": {
        "icao24": "4bb281",
        "callsign": "THY662",
        "origin_country": "Turkey",
        "time_position": 1786962055,
        "last_contact": 1786962055,
        "baro_altitude": 10652.76,
        "on_ground": false,
        "velocity": 232.41,
        "true_track": 58.21,
        "vertical_rate": 0,
        "geo_altitude": 11186.16,
        "squawk": "6142",
        "spi": false,
        "position_source": 0
      }
    },
    {
      "type": "Feature",
      "geometry": {
        "type": "Point",
        "coordinates": [
          14.2746,
          41.4552
        ]
      },
      "properties": {
        "icao24": "44cdc5",
        "callsign": "BEL2HV",
        "origin_country": "Belgium",
        "time_position": 1786962054,
        "last_contact": 1786962054,
        "baro_altitude": 4206.24,
        "on_ground": false,
        "velocity": 165.28,
        "true_track": 132.73,
        "vertical_rate": -7.8,
        "geo_altitude": 4488.18,
        "squawk": "6332",
        "spi": false,
        "position_source": 0
      }
    },
    {
      "type": "Feature",
      "geometry": {
        "type": "Point",
        "coordinates": [
          14.0659,
          46.299
        ]
      },
      "properties": {
        "icao24": "506ca8",
        "callsign": "S5BZR",
        "origin_country": "Slovenia",
        "time_position": 1786962016,
        "last_contact": 1786962016,
        "baro_altitude": 1866.9,
        "on_ground": false,
        "velocity": 73.75,
        "true_track": 4,
        "vertical_rate": -8.78,
        "geo_altitude": 2004.06,
        "squawk": "3371",
        "spi": false,
        "position_source": 0
      }
    },
    {
      "type": "Feature",
      "geometry": {
        "type": "Point",
        "coordinates": [
          7.5268,
          47.6007
        ]
      },
      "properties": {
        "icao24": "020145",
        "callsign": "MAC266A",
        "origin_country": "Morocco",
        "time_position": 1786962054,
        "last_contact": 1786962054,
        "baro_altitude": null,
        "on_ground": true,
        "velocity": 1.8,
        "true_track": 244.69,
        "vertical_rate": null,
        "geo_altitude": null,
        "squawk": null,
        "spi": false,
        "position_source": 0
      }
    },
    {
      "type": "Feature",
      "geometry": {
        "type": "Point",
        "coordinates": [
          12.4596,
          41.6771
        ]
      },
      "properties": {
        "icao24": "320079",
        "callsign": "POLI120",
        "origin_country": "Italy",
        "time_position": 1786962055,
        "last_contact": 1786962055,
        "baro_altitude": 243.84,
        "on_ground": false,
        "velocity": 50.12,
        "true_track": 324.19,
        "vertical_rate": -1.95,
        "geo_altitude": 312.42,
        "squawk": null,
        "spi": false,
        "position_source": 0
      }
    },
    {
      "type": "Feature",
      "geometry": {
        "type": "Point",
        "coordinates": [
          14.1536,
          39.3153
        ]
      },
      "properties": {
        "icao24": "46b2b8",
        "callsign": "MNS533",
        "origin_country": "Greece",
        "time_position": 1786962055,
        "last_contact": 1786962055,
        "baro_altitude": 10058.4,
        "on_ground": false,
        "velocity": 245.54,
        "true_track": 141.98,
        "vertical_rate": 0.33,
        "geo_altitude": 10568.94,
        "squawk": null,
        "spi": false,
        "position_source": 0
      }
    },
    {
      "type": "Feature",
      "geometry": {
        "type": "Point",
        "coordinates": [
          7.0027,
          47.5911
        ]
      },
      "properties": {
        "icao24": "405456",
        "callsign": "EFW16YK",
        "origin_country": "United Kingdom",
        "time_position": 1786962054,
        "last_contact": 1786962055,
        "baro_altitude": 11582.4,
        "on_ground": false,
        "velocity": 212.87,
        "true_track": 299.54,
        "vertical_rate": 0.65,
        "geo_altitude": 12024.36,
        "squawk": "7533",
        "spi": false,
        "position_source": 0
      }
    },
    {
      "type": "Feature",
      "geometry": {
        "type": "Point",
        "coordinates": [
          13.9827,
          39.4664
        ]
      },
      "properties": {
        "icao24": "346644",
        "callsign": "VOE77AJ",
        "origin_country": "Spain",
        "time_position": 1786962054,
        "last_contact": 1786962055,
        "baro_altitude": 11285.22,
        "on_ground": false,
        "velocity": 244.95,
        "true_track": 159.85,
        "vertical_rate": 0.33,
        "geo_altitude": 11879.58,
        "squawk": "7420",
        "spi": false,
        "position_source": 0
      }
    },
    {
      "type": "Feature",
      "geometry": {
        "type": "Point",
        "coordinates": [
          15.1764,
          45.6102
        ]
      },
      "properties": {
        "icao24": "506e18",
        "callsign": "PUMA23",
        "origin_country": "Slovenia",
        "time_position": 1786962052,
        "last_contact": 1786962055,
        "baro_altitude": 1554.48,
        "on_ground": false,
        "velocity": 54.06,
        "true_track": 357.82,
        "vertical_rate": 0.98,
        "geo_altitude": 1668.78,
        "squawk": null,
        "spi": false,
        "position_source": 0
      }
    },
    {
      "type": "Feature",
      "geometry": {
        "type": "Point",
        "coordinates": [
          11.3702,
          47.263
        ]
      },
      "properties": {
        "icao24": "506e32",
        "callsign": "S5DIT",
        "origin_country": "Slovenia",
        "time_position": 1786961970,
        "last_contact": 1786961970,
        "baro_altitude": 617.22,
        "on_ground": false,
        "velocity": 41.19,
        "true_track": 260.66,
        "vertical_rate": -2.6,
        "geo_altitude": 701.04,
        "squawk": null,
        "spi": false,
        "position_source": 0
      }
    },
    {
      "type": "Feature",
      "geometry": {
        "type": "Point",
        "coordinates": [
          15.6355,
          46.5114
        ]
      },
      "properties": {
        "icao24": "506e21",
        "callsign": "WOLF25",
        "origin_country": "Slovenia",
        "time_position": 1786962055,
        "last_contact": 1786962055,
        "baro_altitude": 609.6,
        "on_ground": false,
        "velocity": 58.17,
        "true_track": 177.97,
        "vertical_rate": 0.65,
        "geo_altitude": 708.66,
        "squawk": "3373",
        "spi": false,
        "position_source": 0
      }
    },
    {
      "type": "Feature",
      "geometry": {
        "type": "Point",
        "coordinates": [
          15.3985,
          46.1063
        ]
      },
      "properties": {
        "icao24": "506e1d",
        "callsign": "PUMA22",
        "origin_country": "Slovenia",
        "time_position": 1786962053,
        "last_contact": 1786962053,
        "baro_altitude": 1554.48,
        "on_ground": false,
        "velocity": 58.79,
        "true_track": 171.44,
        "vertical_rate": 3.25,
        "geo_altitude": 1676.4,
        "squawk": null,
        "spi": false,
        "position_source": 0
      }
    },
    {
      "type": "Feature",
      "geometry": {
        "type": "Point",
        "coordinates": [
          12.6442,
          46.3755
        ]
      },
      "properties": {
        "icao24": "4bb20f",
        "callsign": "THY9KU",
        "origin_country": "Turkey",
        "time_position": 1786962054,
        "last_contact": 1786962055,
        "baro_altitude": 10370.82,
        "on_ground": false,
        "velocity": 213.36,
        "true_track": 284.24,
        "vertical_rate": -0.98,
        "geo_altitude": 10820.4,
        "squawk": "7224",
        "spi": false,
        "position_source": 0
      }
    },
    {
      "type": "Feature",
      "geometry": {
        "type": "Point",
        "coordinates": [
          8.1561,
          44.9238
        ]
      },
      "properties": {
        "icao24": "4bb20b",
        "callsign": "THY2CJ",
        "origin_country": "Turkey",
        "time_position": 1786962054,
        "last_contact": 1786962055,
        "baro_altitude": 10660.38,
        "on_ground": false,
        "velocity": 239.77,
        "true_track": 95.42,
        "vertical_rate": -0.33,
        "geo_altitude": 11132.82,
        "squawk": "0431",
        "spi": false,
        "position_source": 0
      }
    },
    {
      "type": "Feature",
      "geometry": {
        "type": "Point",
        "coordinates": [
          18.3919,
          45.4017
        ]
      },
      "properties": {
        "icao24": "8963f1",
        "callsign": "UAE7CN",
        "origin_country": "United Arab Emirates",
        "time_position": 1786962055,
        "last_contact": 1786962055,
        "baro_altitude": 11887.2,
        "on_ground": false,
        "velocity": 261.64,
        "true_track": 125.32,
        "vertical_rate": 0,
        "geo_altitude": 12374.88,
        "squawk": "4611",
        "spi": false,
        "position_source": 0
      }
    },
    {
      "type": "Feature",
      "geometry": {
        "type": "Point",
        "coordinates": [
          8.7494,
          45.5345
        ]
      },
      "properties": {
        "icao24": "8963f7",
        "callsign": "UAE5RQ",
        "origin_country": "United Arab Emirates",
        "time_position": 1786962055,
        "last_contact": 1786962055,
        "baro_altitude": 693.42,
        "on_ground": false,
        "velocity": 75.47,
        "true_track": 349,
        "vertical_rate": -3.25,
        "geo_altitude": 769.62,
        "squawk": "7501",
        "spi": false,
        "position_source": 0
      }
    },
    {
      "type": "Feature",
      "geometry": {
        "type": "Point",
        "coordinates": [
          15.4208,
          43.3094
        ]
      },
      "properties": {
        "icao24": "8963d1",
        "callsign": "UAE64P",
        "origin_country": "United Arab Emirates",
        "time_position": 1786962054,
        "last_contact": 1786962054,
        "baro_altitude": 11582.4,
        "on_ground": false,
        "velocity": 249.95,
        "true_track": 308.73,
        "vertical_rate": 0,
        "geo_altitude": 12108.18,
        "squawk": "7735",
        "spi": false,
        "position_source": 0
      }
    },
    {
      "type": "Feature",
      "geometry": {
        "type": "Point",
        "coordinates": [
          15.8276,
          45.8313
        ]
      },
      "properties": {
        "icao24": "8963e1",
        "callsign": "UAE74W",
        "origin_country": "United Arab Emirates",
        "time_position": 1786962055,
        "last_contact": 1786962055,
        "baro_altitude": 10668,
        "on_ground": false,
        "velocity": 258.85,
        "true_track": 117.33,
        "vertical_rate": 0,
        "geo_altitude": 11125.2,
        "squawk": "4653",
        "spi": false,
        "position_source": 0
      }
    },
    {
      "type": "Feature",
      "geometry": {
        "type": "Point",
        "coordinates": [
          17.3932,
          42.138
        ]
      },
      "properties": {
        "icao24": "3465d8",
        "callsign": null,
        "origin_country": "Spain",
        "time_position": 1786962051,
        "last_contact": 1786962053,
        "baro_altitude": 10980.42,
        "on_ground": false,
        "velocity": 229.96,
        "true_track": 313.73,
        "vertical_rate": 0,
        "geo_altitude": 11513.82,
        "squawk": null,
        "spi": false,
        "position_source": 0
      }
    },
    {
      "type": "Feature",
      "geometry": {
        "type": "Point",
        "coordinates": [
          14.1029,
          43.6291
        ]
      },
      "properties": {
        "icao24": "4ac9c4",
        "callsign": "BLX6BK",
        "origin_country": "Sweden",
        "time_position": 1786962055,
        "last_contact": 1786962055,
        "baro_altitude": 11887.2,
        "on_ground": false,
        "velocity": 232.54,
        "true_track": 180.63,
        "vertical_rate": -0.33,
        "geo_altitude": 12397.74,
        "squawk": "6046",
        "spi": false,
        "position_source": 0
      }
    },
    {
      "type": "Feature",
      "geometry": {
        "type": "Point",
        "coordinates": [
          15.485,
          43.2297
        ]
      },
      "properties": {
        "icao24": "47c0fd",
        "callsign": "NOZ1869",
        "origin_country": "Norway",
        "time_position": 1786962055,
        "last_contact": 1786962055,
        "baro_altitude": 10363.2,
        "on_ground": false,
        "velocity": 234.64,
        "true_track": 8.57,
        "vertical_rate": 0,
        "geo_altitude": 10850.88,
        "squawk": "4570",
        "spi": false,
        "position_source": 0
      }
    },
    {
      "type": "Feature",
      "geometry": {
        "type": "Point",
        "coordinates": [
          12.2271,
          35.0176
        ]
      },
      "properties": {
        "icao24": "4b1f48",
        "callsign": "HBLWA",
        "origin_country": "Switzerland",
        "time_position": 1786961798,
        "last_contact": 1786961867,
        "baro_altitude": 320.04,
        "on_ground": false,
        "velocity": 58.21,
        "true_track": 146.17,
        "vertical_rate": -0.98,
        "geo_altitude": 396.24,
        "squawk": "0073",
        "spi": false,
        "position_source": 0
      }
    },
    {
      "type": "Feature",
      "geometry": {
        "type": "Point",
        "coordinates": [
          18.3941,
          44.2738
        ]
      },
      "properties": {
        "icao24": "89647e",
        "callsign": "UAE52M",
        "origin_country": "United Arab Emirates",
        "time_position": 1786962054,
        "last_contact": 1786962054,
        "baro_altitude": 12192,
        "on_ground": false,
        "velocity": 236.81,
        "true_track": 315.09,
        "vertical_rate": 0,
        "geo_altitude": 12679.68,
        "squawk": "0556",
        "spi": false,
        "position_source": 0
      }
    },
    {
      "type": "Feature",
      "geometry": {
        "type": "Point",
        "coordinates": [
          12.092,
          44.4798
        ]
      },
      "properties": {
        "icao24": "896489",
        "callsign": "ETD3MB",
        "origin_country": "United Arab Emirates",
        "time_position": 1786962055,
        "last_contact": 1786962055,
        "baro_altitude": 10972.8,
        "on_ground": false,
        "velocity": 238.28,
        "true_track": 285.66,
        "vertical_rate": -0.33,
        "geo_altitude": 11468.1,
        "squawk": "6531",
        "spi": false,
        "position_source": 0
      }
    },
    {
      "type": "Feature",
      "geometry": {
        "type": "Point",
        "coordinates": [
          7.3097,
          45.8664
        ]
      },
      "properties": {
        "icao24": "4d02b0",
        "callsign": "JFA99A",
        "origin_country": "Luxembourg",
        "time_position": 1786962054,
        "last_contact": 1786962055,
        "baro_altitude": 6705.6,
        "on_ground": false,
        "velocity": 124.16,
        "true_track": 289.86,
        "vertical_rate": -0.33,
        "geo_altitude": 7063.74,
        "squawk": "1000",
        "spi": false,
        "position_source": 0
      }
    },
    {
      "type": "Feature",
      "geometry": {
        "type": "Point",
        "coordinates": [
          6.6373,
          47.0499
        ]
      },
      "properties": {
        "icao24": "4d02be",
        "callsign": "JFA72E",
        "origin_country": "Luxembourg",
        "time_position": 1786962054,
        "last_contact": 1786962055,
        "baro_altitude": 7010.4,
        "on_ground": false,
        "velocity": 139.18,
        "true_track": 187.86,
        "vertical_rate": 0.33,
        "geo_altitude": 7368.54,
        "squawk": "1000",
        "spi": false,
        "position_source": 0
      }
    },
    {
      "type": "Feature",
      "geometry": {
        "type": "Point",
        "coordinates": [
          11.8843,
          45.9989
        ]
      },
      "properties": {
        "icao24": "896482",
        "callsign": "UAE39",
        "origin_country": "United Arab Emirates",
        "time_position": 1786962055,
        "last_contact": 1786962055,
        "baro_altitude": 12192,
        "on_ground": false,
        "velocity": 237.35,
        "true_track": 298.62,
        "vertical_rate": 0,
        "geo_altitude": 12649.2,
        "squawk": "7737",
        "spi": false,
        "position_source": 0
      }
    },
    {
      "type": "Feature",
      "geometry": {
        "type": "Point",
        "coordinates": [
          9.1534,
          46.8204
        ]
      },
      "properties": {
        "icao24": "40688e",
        "callsign": "BAW118",
        "origin_country": "United Kingdom",
        "time_position": 1786962054,
        "last_contact": 1786962054,
        "baro_altitude": 12192,
        "on_ground": false,
        "velocity": 231.51,
        "true_track": 295.26,
        "vertical_rate": 0,
        "geo_altitude": 12633.96,
        "squawk": "7534",
        "spi": false,
        "position_source": 0
      }
    },
    {
      "type": "Feature",
      "geometry": {
        "type": "Point",
        "coordinates": [
          17.0949,
          47.4041
        ]
      },
      "properties": {
        "icao24": "896462",
        "callsign": "ETD75F",
        "origin_country": "United Arab Emirates",
        "time_position": 1786962054,
        "last_contact": 1786962055,
        "baro_altitude": 12192,
        "on_ground": false,
        "velocity": 237.69,
        "true_track": 297.45,
        "vertical_rate": 0,
        "geo_altitude": 12611.1,
        "squawk": "3223",
        "spi": false,
        "position_source": 0
      }
    },
    {
      "type": "Feature",
      "geometry": {
        "type": "Point",
        "coordinates": [
          13.0247,
          36.4143
        ]
      },
      "properties": {
        "icao24": "896465",
        "callsign": "ETD87A",
        "origin_country": "United Arab Emirates",
        "time_position": 1786962055,
        "last_contact": 1786962055,
        "baro_altitude": 11269.98,
        "on_ground": false,
        "velocity": 283.15,
        "true_track": 99.41,
        "vertical_rate": -0.33,
        "geo_altitude": 11917.68,
        "squawk": "2243",
        "spi": false,
        "position_source": 0
      }
    },
    {
      "type": "Feature",
      "geometry": {
        "type": "Point",
        "coordinates": [
          7.6779,
          46.2625
        ]
      },
      "properties": {
        "icao24": "4d02cd",
        "callsign": "JFA28U",
        "origin_country": "Luxembourg",
        "time_position": 1786962054,
        "last_contact": 1786962054,
        "baro_altitude": 5135.88,
        "on_ground": false,
        "velocity": 124.34,
        "true_track": 69.92,
        "vertical_rate": 0.98,
        "geo_altitude": 5417.82,
        "squawk": "2301",
        "spi": false,
        "position_source": 0
      }
    },
    {
      "type": "Feature",
      "geometry": {
        "type": "Point",
        "coordinates": [
          7.1146,
          46.3829
        ]
      },
      "properties": {
        "icao24": "4d02e2",
        "callsign": "JFA89X",
        "origin_country": "Luxembourg",
        "time_position": 1786962054,
        "last_contact": 1786962055,
        "baro_altitude": 12306.3,
        "on_ground": false,
        "velocity": 159.79,
        "true_track": 322.98,
        "vertical_rate": 5.2,
        "geo_altitude": 12771.12,
        "squawk": "5755",
        "spi": false,
        "position_source": 0
      }
    },
    {
      "type": "Feature",
      "geometry": {
        "type": "Point",
        "coordinates": [
          9.6914,
          45.4756
        ]
      },
      "properties": {
        "icao24": "89649e",
        "callsign": "ETD11K",
        "origin_country": "United Arab Emirates",
        "time_position": 1786962054,
        "last_contact": 1786962055,
        "baro_altitude": 11887.2,
        "on_ground": false,
        "velocity": 262.15,
        "true_track": 107.12,
        "vertical_rate": 0,
        "geo_altitude": 12352.02,
        "squawk": "0441",
        "spi": false,
        "position_source": 0
      }
    },
    {
      "type": "Feature",
      "geometry": {
        "type": "Point",
        "coordinates": [
          9.2472,
          43.0121
        ]
      },
      "properties": {
        "icao24": "c023b7",
        "callsign": "ACA893",
        "origin_country": "Canada",
        "time_position": 1786962054,
        "last_contact": 1786962054,
        "baro_altitude": 9753.6,
        "on_ground": false,
        "velocity": 245.56,
        "true_track": 303.29,
        "vertical_rate": 0,
        "geo_altitude": 10248.9,
        "squawk": "4047",
        "spi": false,
        "position_source": 0
      }
    },
    {
      "type": "Feature",
      "geometry": {
        "type": "Point",
        "coordinates": [
          16.7217,
          42.305
        ]
      },
      "properties": {
        "icao24": "8964ff",
        "callsign": "ETD9XU",
        "origin_country": "United Arab Emirates",
        "time_position": 1786961963,
        "last_contact": 1786961977,
        "baro_altitude": 11277.6,
        "on_ground": false,
        "velocity": 251.42,
        "true_track": 133.76,
        "vertical_rate": -0.33,
        "geo_altitude": 11811,
        "squawk": "2215",
        "spi": false,
        "position_source": 0
      }
    },
    {
      "type": "Feature",
      "geometry": {
        "type": "Point",
        "coordinates": [
          15.132,
          46.2973
        ]
      },
      "properties": {
        "icao24": "3c49d4",
        "callsign": "EWG39KK",
        "origin_country": "Germany",
        "time_position": 1786962054,
        "last_contact": 1786962055,
        "baro_altitude": 7475.22,
        "on_ground": false,
        "velocity": 215.38,
        "true_track": 315.97,
        "vertical_rate": 6.18,
        "geo_altitude": 7825.74,
        "squawk": "2662",
        "spi": false,
        "position_source": 0
      }
    },
    {
      "type": "Feature",
      "geometry": {
        "type": "Point",
        "coordinates": [
          13.0082,
          35.8842
        ]
      },
      "properties": {
        "icao24": "8964bd",
        "callsign": "ETD108",
        "origin_country": "United Arab Emirates",
        "time_position": 1786962055,
        "last_contact": 1786962055,
        "baro_altitude": 11277.6,
        "on_ground": false,
        "velocity": 281.39,
        "true_track": 95.98,
        "vertical_rate": -0.33,
        "geo_altitude": 11940.54,
        "squawk": "4515",
        "spi": false,
        "position_source": 0
      }
    },
    {
      "type": "Feature",
      "geometry": {
        "type": "Point",
        "coordinates": [
          8.3416,
          43.2231
        ]
      },
      "properties": {
        "icao24": "4064a4",
        "callsign": "TOM5LB",
        "origin_country": "United Kingdom",
        "time_position": 1786962055,
        "last_contact": 1786962055,
        "baro_altitude": 10668,
        "on_ground": false,
        "velocity": 244.37,
        "true_track": 127.47,
        "vertical_rate": 0.65,
        "geo_altitude": 11163.3,
        "squawk": "0511",
        "spi": false,
        "position_source": 0
      }
    },
    {
      "type": "Feature",
      "geometry": {
        "type": "Point",
        "coordinates": [
          18.3812,
          40.252
        ]
      },
      "properties": {
        "icao24": "4c8097",
        "callsign": "CYP345",
        "origin_country": "Cyprus",
        "time_position": 1786962054,
        "last_contact": 1786962054,
        "baro_altitude": 11277.6,
        "on_ground": false,
        "velocity": 241.11,
        "true_track": 153.38,
        "vertical_rate": 0,
        "geo_altitude": 11811,
        "squawk": "0267",
        "spi": false,
        "position_source": 0
      }
    },
    {
      "type": "Feature",
      "geometry": {
        "type": "Point",
        "coordinates": [
          18.6145,
          47.0528
        ]
      },
      "properties": {
        "icao24": "896621",
        "callsign": "UAE44",
        "origin_country": "United Arab Emirates",
        "time_position": 1786962054,
        "last_contact": 1786962055,
        "baro_altitude": 11887.2,
        "on_ground": false,
        "velocity": 267.5,
        "true_track": 125.37,
        "vertical_rate": -0.33,
        "geo_altitude": 12313.92,
        "squawk": "7712",
        "spi": false,
        "position_source": 0
      }
    },
    {
      "type": "Feature",
      "geometry": {
        "type": "Point",
        "coordinates": [
          12.8807,
          43.6877
        ]
      },
      "properties": {
        "icao24": "896627",
        "callsign": "UAE102",
        "origin_country": "United Arab Emirates",
        "time_position": 1786962055,
        "last_contact": 1786962055,
        "baro_altitude": 12451.08,
        "on_ground": false,
        "velocity": 259.07,
        "true_track": 131.7,
        "vertical_rate": 3.58,
        "geo_altitude": 12938.76,
        "squawk": "0413",
        "spi": false,
        "position_source": 0
      }
    },
    {
      "type": "Feature",
      "geometry": {
        "type": "Point",
        "coordinates": [
          14.3908,
          41.1329
        ]
      },
      "properties": {
        "icao24": "ab1839",
        "callsign": "AAL780",
        "origin_country": "United States",
        "time_position": 1786962022,
        "last_contact": 1786962022,
        "baro_altitude": 3200.4,
        "on_ground": false,
        "velocity": 155.24,
        "true_track": 156.15,
        "vertical_rate": -7.48,
        "geo_altitude": 3444.24,
        "squawk": "2207",
        "spi": false,
        "position_source": 0
      }
    },
    {
      "type": "Feature",
      "geometry": {
        "type": "Point",
        "coordinates": [
          8.4915,
          43.6604
        ]
      },
      "properties": {
        "icao24": "40653d",
        "callsign": "EZY48ED",
        "origin_country": "United Kingdom",
        "time_position": 1786962055,
        "last_contact": 1786962055,
        "baro_altitude": 11902.44,
        "on_ground": false,
        "velocity": 237.22,
        "true_track": 154.16,
        "vertical_rate": 0.33,
        "geo_altitude": 12390.12,
        "squawk": "0531",
        "spi": false,
        "position_source": 0
      }
    },
    {
      "type": "Feature",
      "geometry": {
        "type": "Point",
        "coordinates": [
          6.8688,
          46.7468
        ]
      },
      "properties": {
        "icao24": "4b1e47",
        "callsign": "IBD91S",
        "origin_country": "Switzerland",
        "time_position": 1786962055,
        "last_contact": 1786962055,
        "baro_altitude": 2743.2,
        "on_ground": false,
        "velocity": 66.7,
        "true_track": 275.75,
        "vertical_rate": -0.65,
        "geo_altitude": 2926.08,
        "squawk": "2750",
        "spi": false,
        "position_source": 0
      }
    },
    {
      "type": "Feature",
      "geometry": {
        "type": "Point",
        "coordinates": [
          8.3376,
          40.8315
        ]
      },
      "properties": {
        "icao24": "345041",
        "callsign": "VLG22PD",
        "origin_country": "Spain",
        "time_position": 1786962055,
        "last_contact": 1786962055,
        "baro_altitude": 10668,
        "on_ground": false,
        "velocity": 227.61,
        "true_track": 277.14,
        "vertical_rate": 0,
        "geo_altitude": 11216.64,
        "squawk": "5534",
        "spi": false,
        "position_source": 0
      }
    },
    {
      "type": "Feature",
      "geometry": {
        "type": "Point",
        "coordinates": [
          12.5891,
          45.5937
        ]
      },
      "properties": {
        "icao24": "3008d6",
        "callsign": "IPVGA",
        "origin_country": "Italy",
        "time_position": 1786962053,
        "last_contact": 1786962055,
        "baro_altitude": 487.68,
        "on_ground": false,
        "velocity": 45.39,
        "true_track": 342.18,
        "vertical_rate": -0.33,
        "geo_altitude": 533.4,
        "squawk": "4251",
        "spi": false,
        "position_source": 0
      }
    },
    {
      "type": "Feature",
      "geometry": {
        "type": "Point",
        "coordinates": [
          12.7116,
          43.4175
        ]
      },
      "properties": {
        "icao24": "48af0e",
        "callsign": "LOT2141",
        "origin_country": "Poland",
        "time_position": 1786962055,
        "last_contact": 1786962055,
        "baro_altitude": 9197.34,
        "on_ground": false,
        "velocity": 227.93,
        "true_track": 209.92,
        "vertical_rate": -12.35,
        "geo_altitude": 9662.16,
        "squawk": "1000",
        "spi": false,
        "position_source": 0
      }
    },
    {
      "type": "Feature",
      "geometry": {
        "type": "Point",
        "coordinates": [
          7.7186,
          40.5433
        ]
      },
      "properties": {
        "icao24": "48af0f",
        "callsign": "LOT7PA",
        "origin_country": "Poland",
        "time_position": 1786962055,
        "last_contact": 1786962055,
        "baro_altitude": 10972.8,
        "on_ground": false,
        "velocity": 244.88,
        "true_track": 69.2,
        "vertical_rate": 0,
        "geo_altitude": 11529.06,
        "squawk": "5305",
        "spi": false,
        "position_source": 0
      }
    },
    {
      "type": "Feature",
      "geometry": {
        "type": "Point",
        "coordinates": [
          10.8115,
          43.9251
        ]
      },
      "properties": {
        "icao24": "3009b7",
        "callsign": "DLA9FF",
        "origin_country": "Italy",
        "time_position": 1786962054,
        "last_contact": 1786962054,
        "baro_altitude": 3345.18,
        "on_ground": false,
        "velocity": 143.17,
        "true_track": 177.32,
        "vertical_rate": 0,
        "geo_altitude": 3550.92,
        "squawk": "1000",
        "spi": false,
        "position_source": 0
      }
    },
    {
      "type": "Feature",
      "geometry": {
        "type": "Point",
        "coordinates": [
          7.4922,
          43.6429
        ]
      },
      "properties": {
        "icao24": "345101",
        "callsign": "VLG3SH",
        "origin_country": "Spain",
        "time_position": 1786962055,
        "last_contact": 1786962055,
        "baro_altitude": 10370.82,
        "on_ground": false,
        "velocity": 240.52,
        "true_track": 65.08,
        "vertical_rate": 0,
        "geo_altitude": 10858.5,
        "squawk": "1000",
        "spi": false,
        "position_source": 0
      }
    },
    {
      "type": "Feature",
      "geometry": {
        "type": "Point",
        "coordinates": [
          7.3803,
          47.4723
        ]
      },
      "properties": {
        "icao24": "345102",
        "callsign": "VLG4WW",
        "origin_country": "Spain",
        "time_position": 1786962054,
        "last_contact": 1786962055,
        "baro_altitude": 3063.24,
        "on_ground": false,
        "velocity": 147.24,
        "true_track": 345.43,
        "vertical_rate": -5.2,
        "geo_altitude": 3246.12,
        "squawk": "1000",
        "spi": false,
        "position_source": 0
      }
    },
    {
      "type": "Feature",
      "geometry": {
        "type": "Point",
        "coordinates": [
          7.9326,
          43.9729
        ]
      },
      "properties": {
        "icao24": "48af01",
        "callsign": "LOT2164",
        "origin_country": "Poland",
        "time_position": 1786962054,
        "last_contact": 1786962055,
        "baro_altitude": 11582.4,
        "on_ground": false,
        "velocity": 237.62,
        "true_track": 48.51,
        "vertical_rate": 0,
        "geo_altitude": 12092.94,
        "squawk": "1000",
        "spi": false,
        "position_source": 0
      }
    },
    {
      "type": "Feature",
      "geometry": {
        "type": "Point",
        "coordinates": [
          14.2383,
          44.332
        ]
      },
      "properties": {
        "icao24": "44cc48",
        "callsign": "BEL9VN",
        "origin_country": "Belgium",
        "time_position": 1786962054,
        "last_contact": 1786962055,
        "baro_altitude": 11567.16,
        "on_ground": false,
        "velocity": 229.25,
        "true_track": 316.45,
        "vertical_rate": -0.33,
        "geo_altitude": 12062.46,
        "squawk": "2043",
        "spi": false,
        "position_source": 0
      }
    },
    {
      "type": "Feature",
      "geometry": {
        "type": "Point",
        "coordinates": [
          18.2096,
          42.9835
        ]
      },
      "properties": {
        "icao24": "89653e",
        "callsign": "ETD98V",
        "origin_country": "United Arab Emirates",
        "time_position": 1786962053,
        "last_contact": 1786962053,
        "baro_altitude": 11277.6,
        "on_ground": false,
        "velocity": 252.29,
        "true_track": 145.47,
        "vertical_rate": -0.33,
        "geo_altitude": 11811,
        "squawk": "0103",
        "spi": false,
        "position_source": 0
      }
    },
    {
      "type": "Feature",
      "geometry": {
        "type": "Point",
        "coordinates": [
          7.2135,
          43.6645
        ]
      },
      "properties": {
        "icao24": "407844",
        "callsign": "BAW328",
        "origin_country": "United Kingdom",
        "time_position": 1786961808,
        "last_contact": 1786961808,
        "baro_altitude": null,
        "on_ground": true,
        "velocity": 0,
        "true_track": 351.56,
        "vertical_rate": null,
        "geo_altitude": null,
        "squawk": "1000",
        "spi": false,
        "position_source": 0
      }
    },
    {
      "type": "Feature",
      "geometry": {
        "type": "Point",
        "coordinates": [
          17.2212,
          35.7159
        ]
      },
      "properties": {
        "icao24": "8964b6",
        "callsign": "UAE1Y",
        "origin_country": "United Arab Emirates",
        "time_position": 1786962054,
        "last_contact": 1786962054,
        "baro_altitude": 10363.2,
        "on_ground": false,
        "velocity": 237.6,
        "true_track": 281.24,
        "vertical_rate": -0.33,
        "geo_altitude": 10919.46,
        "squawk": null,
        "spi": false,
        "position_source": 0
      }
    },
    {
      "type": "Feature",
      "geometry": {
        "type": "Point",
        "coordinates": [
          15.8709,
          43.6762
        ]
      },
      "properties": {
        "icao24": "8964c0",
        "callsign": "ETD99P",
        "origin_country": "United Arab Emirates",
        "time_position": 1786962049,
        "last_contact": 1786962054,
        "baro_altitude": 11277.6,
        "on_ground": false,
        "velocity": 244.22,
        "true_track": 149.49,
        "vertical_rate": -0.33,
        "geo_altitude": 11795.76,
        "squawk": "1341",
        "spi": false,
        "position_source": 0
      }
    },
    {
      "type": "Feature",
      "geometry": {
        "type": "Point",
        "coordinates": [
          17.5686,
          42.8172
        ]
      },
      "properties": {
        "icao24": "4076da",
        "callsign": "EXS9BY",
        "origin_country": "United Kingdom",
        "time_position": 1786962054,
        "last_contact": 1786962054,
        "baro_altitude": 8458.2,
        "on_ground": false,
        "velocity": 206.04,
        "true_track": 119.96,
        "vertical_rate": -9.75,
        "geo_altitude": 8968.74,
        "squawk": "7307",
        "spi": false,
        "position_source": 0
      }
    },
    {
      "type": "Feature",
      "geometry": {
        "type": "Point",
        "coordinates": [
          17.2457,
          42.6627
        ]
      },
      "properties": {
        "icao24": "8964a8",
        "callsign": "UAE9J",
        "origin_country": "United Arab Emirates",
        "time_position": 1786961863,
        "last_contact": 1786962015,
        "baro_altitude": 10972.8,
        "on_ground": false,
        "velocity": 251.79,
        "true_track": 308.7,
        "vertical_rate": 0,
        "geo_altitude": 11483.34,
        "squawk": null,
        "spi": false,
        "position_source": 0
      }
    },
    {
      "type": "Feature",
      "geometry": {
        "type": "Point",
        "coordinates": [
          13.7141,
          39.8044
        ]
      },
      "properties": {
        "icao24": "4b864b",
        "callsign": "TCARK",
        "origin_country": "Turkey",
        "time_position": 1786962055,
        "last_contact": 1786962055,
        "baro_altitude": 13098.78,
        "on_ground": false,
        "velocity": 205.07,
        "true_track": 285.57,
        "vertical_rate": 0.33,
        "geo_altitude": 13716,
        "squawk": "6620",
        "spi": false,
        "position_source": 0
      }
    },
    {
      "type": "Feature",
      "geometry": {
        "type": "Point",
        "coordinates": [
          7.3365,
          43.8978
        ]
      },
      "properties": {
        "icao24": "4d0221",
        "callsign": "SVW29VM",
        "origin_country": "Luxembourg",
        "time_position": 1786962055,
        "last_contact": 1786962055,
        "baro_altitude": 5471.16,
        "on_ground": false,
        "velocity": 202.65,
        "true_track": 157.15,
        "vertical_rate": -8.13,
        "geo_altitude": 5768.34,
        "squawk": "1000",
        "spi": false,
        "position_source": 0
      }
    },
    {
      "type": "Feature",
      "geometry": {
        "type": "Point",
        "coordinates": [
          8.7826,
          41.6852
        ]
      },
      "properties": {
        "icao24": "3c48ee",
        "callsign": "EWG59MG",
        "origin_country": "Germany",
        "time_position": 1786962053,
        "last_contact": 1786962054,
        "baro_altitude": 7299.96,
        "on_ground": false,
        "velocity": 220.65,
        "true_track": 176.26,
        "vertical_rate": -11.05,
        "geo_altitude": 7719.06,
        "squawk": "2506",
        "spi": false,
        "position_source": 0
      }
    },
    {
      "type": "Feature",
      "geometry": {
        "type": "Point",
        "coordinates": [
          7.2338,
          43.3386
        ]
      },
      "properties": {
        "icao24": "491312",
        "callsign": "NJE177K",
        "origin_country": "Portugal",
        "time_position": 1786962054,
        "last_contact": 1786962055,
        "baro_altitude": 632.46,
        "on_ground": false,
        "velocity": 128.17,
        "true_track": 282.75,
        "vertical_rate": -0.98,
        "geo_altitude": 693.42,
        "squawk": "1000",
        "spi": false,
        "position_source": 0
      }
    },
    {
      "type": "Feature",
      "geometry": {
        "type": "Point",
        "coordinates": [
          12.9324,
          47.2168
        ]
      },
      "properties": {
        "icao24": "484cb4",
        "callsign": "KLM1977",
        "origin_country": "Kingdom of the Netherlands",
        "time_position": 1786962054,
        "last_contact": 1786962055,
        "baro_altitude": 12496.8,
        "on_ground": false,
        "velocity": 241.84,
        "true_track": 139.23,
        "vertical_rate": 0,
        "geo_altitude": 12931.14,
        "squawk": "1000",
        "spi": false,
        "position_source": 0
      }
    },
    {
      "type": "Feature",
      "geometry": {
        "type": "Point",
        "coordinates": [
          6.5279,
          46.7808
        ]
      },
      "properties": {
        "icao24": "4d024a",
        "callsign": "FYL52BC",
        "origin_country": "Luxembourg",
        "time_position": 1786962055,
        "last_contact": 1786962055,
        "baro_altitude": 10370.82,
        "on_ground": false,
        "velocity": 175.32,
        "true_track": 9.63,
        "vertical_rate": 0,
        "geo_altitude": 10835.64,
        "squawk": "1000",
        "spi": false,
        "position_source": 0
      }
    },
    {
      "type": "Feature",
      "geometry": {
        "type": "Point",
        "coordinates": [
          12.3103,
          41.3152
        ]
      },
      "properties": {
        "icao24": "4078f0",
        "callsign": "EZY94MC",
        "origin_country": "United Kingdom",
        "time_position": 1786962055,
        "last_contact": 1786962055,
        "baro_altitude": 10668,
        "on_ground": false,
        "velocity": 246.35,
        "true_track": 129.41,
        "vertical_rate": 0,
        "geo_altitude": 11178.54,
        "squawk": "7270",
        "spi": false,
        "position_source": 0
      }
    },
    {
      "type": "Feature",
      "geometry": {
        "type": "Point",
        "coordinates": [
          7.9509,
          42.3911
        ]
      },
      "properties": {
        "icao24": "4d0249",
        "callsign": "FYL22AN",
        "origin_country": "Luxembourg",
        "time_position": 1786962054,
        "last_contact": 1786962054,
        "baro_altitude": 5798.82,
        "on_ground": false,
        "velocity": 194.83,
        "true_track": 163.43,
        "vertical_rate": -10.4,
        "geo_altitude": 6126.48,
        "squawk": "1000",
        "spi": false,
        "position_source": 0
      }
    },
    {
      "type": "Feature",
      "geometry": {
        "type": "Point",
        "coordinates": [
          18.3982,
          40.8729
        ]
      },
      "properties": {
        "icao24": "406696",
        "callsign": "TOM1GY",
        "origin_country": "United Kingdom",
        "time_position": 1786961990,
        "last_contact": 1786961990,
        "baro_altitude": 9753.6,
        "on_ground": false,
        "velocity": 235.97,
        "true_track": 321.11,
        "vertical_rate": -0.33,
        "geo_altitude": 10233.66,
        "squawk": null,
        "spi": false,
        "position_source": 0
      }
    },
    {
      "type": "Feature",
      "geometry": {
        "type": "Point",
        "coordinates": [
          7.0472,
          43.6813
        ]
      },
      "properties": {
        "icao24": "406674",
        "callsign": "BAW327",
        "origin_country": "United Kingdom",
        "time_position": 1786962055,
        "last_contact": 1786962055,
        "baro_altitude": 4053.84,
        "on_ground": false,
        "velocity": 150.51,
        "true_track": 320.27,
        "vertical_rate": 15.93,
        "geo_altitude": 4320.54,
        "squawk": "6756",
        "spi": false,
        "position_source": 0
      }
    },
    {
      "type": "Feature",
      "geometry": {
        "type": "Point",
        "coordinates": [
          6.9714,
          46.4436
        ]
      },
      "properties": {
        "icao24": "4d0280",
        "callsign": "JFA45W",
        "origin_country": "Luxembourg",
        "time_position": 1786962055,
        "last_contact": 1786962055,
        "baro_altitude": 4876.8,
        "on_ground": false,
        "velocity": 98.07,
        "true_track": 11.19,
        "vertical_rate": 0,
        "geo_altitude": 5143.5,
        "squawk": "5772",
        "spi": false,
        "position_source": 0
      }
    },
    {
      "type": "Feature",
      "geometry": {
        "type": "Point",
        "coordinates": [
          13.0345,
          41.9599
        ]
      },
      "properties": {
        "icao24": "896741",
        "callsign": "ABY668",
        "origin_country": "United Arab Emirates",
        "time_position": 1786962054,
        "last_contact": 1786962054,
        "baro_altitude": 4267.2,
        "on_ground": false,
        "velocity": 141.1,
        "true_track": 245.21,
        "vertical_rate": 0,
        "geo_altitude": 4518.66,
        "squawk": "6047",
        "spi": false,
        "position_source": 0
      }
    },
    {
      "type": "Feature",
      "geometry": {
        "type": "Point",
        "coordinates": [
          8.53,
          44.663
        ]
      },
      "properties": {
        "icao24": "346499",
        "callsign": "IBE0664",
        "origin_country": "Spain",
        "time_position": 1786962055,
        "last_contact": 1786962055,
        "baro_altitude": 9364.98,
        "on_ground": false,
        "velocity": 217.89,
        "true_track": 231.61,
        "vertical_rate": 7.8,
        "geo_altitude": 9814.56,
        "squawk": "1000",
        "spi": false,
        "position_source": 0
      }
    },
    {
      "type": "Feature",
      "geometry": {
        "type": "Point",
        "coordinates": [
          17.0399,
          41.1497
        ]
      },
      "properties": {
        "icao24": "896713",
        "callsign": "ETD9GL",
        "origin_country": "United Arab Emirates",
        "time_position": 1786962053,
        "last_contact": 1786962054,
        "baro_altitude": 10058.4,
        "on_ground": false,
        "velocity": 231.26,
        "true_track": 140.32,
        "vertical_rate": 0,
        "geo_altitude": 10561.32,
        "squawk": "3022",
        "spi": false,
        "position_source": 0
      }
    },
    {
      "type": "Feature",
      "geometry": {
        "type": "Point",
        "coordinates": [
          10.2061,
          39.7712
        ]
      },
      "properties": {
        "icao24": "a8deda",
        "callsign": "UAL736",
        "origin_country": "United States",
        "time_position": 1786962055,
        "last_contact": 1786962055,
        "baro_altitude": 9144,
        "on_ground": false,
        "velocity": 233.43,
        "true_track": 303.59,
        "vertical_rate": 0,
        "geo_altitude": 9654.54,
        "squawk": "1202",
        "spi": false,
        "position_source": 0
      }
    },
    {
      "type": "Feature",
      "geometry": {
        "type": "Point",
        "coordinates": [
          6.6505,
          39.5872
        ]
      },
      "properties": {
        "icao24": "0201c5",
        "callsign": "RAM273C",
        "origin_country": "Morocco",
        "time_position": 1786962054,
        "last_contact": 1786962054,
        "baro_altitude": 11277.6,
        "on_ground": false,
        "velocity": 214.34,
        "true_track": 264.91,
        "vertical_rate": 0,
        "geo_altitude": 11864.34,
        "squawk": "5524",
        "spi": false,
        "position_source": 0
      }
    },
    {
      "type": "Feature",
      "geometry": {
        "type": "Point",
        "coordinates": [
          18.0428,
          39.2384
        ]
      },
      "properties": {
        "icao24": "4d00c3",
        "callsign": "LGL846",
        "origin_country": "Luxembourg",
        "time_position": 1786962054,
        "last_contact": 1786962055,
        "baro_altitude": 11582.4,
        "on_ground": false,
        "velocity": 215.19,
        "true_track": 309.67,
        "vertical_rate": 0,
        "geo_altitude": 12131.04,
        "squawk": "2011",
        "spi": false,
        "position_source": 0
      }
    },
    {
      "type": "Feature",
      "geometry": {
        "type": "Point",
        "coordinates": [
          11.5606,
          46.5513
        ]
      },
      "properties": {
        "icao24": "400ff4",
        "callsign": "TOM8JT",
        "origin_country": "United Kingdom",
        "time_position": 1786962054,
        "last_contact": 1786962055,
        "baro_altitude": 11277.6,
        "on_ground": false,
        "velocity": 237.22,
        "true_track": 136.05,
        "vertical_rate": 0.33,
        "geo_altitude": 11704.32,
        "squawk": "0540",
        "spi": false,
        "position_source": 0
      }
    },
    {
      "type": "Feature",
      "geometry": {
        "type": "Point",
        "coordinates": [
          10.2898,
          44.1779
        ]
      },
      "properties": {
        "icao24": "345204",
        "callsign": "VLG17GU",
        "origin_country": "Spain",
        "time_position": 1786962054,
        "last_contact": 1786962055,
        "baro_altitude": 6697.98,
        "on_ground": false,
        "velocity": 167.41,
        "true_track": 107.71,
        "vertical_rate": -6.5,
        "geo_altitude": 7056.12,
        "squawk": "1000",
        "spi": false,
        "position_source": 0
      }
    },
    {
      "type": "Feature",
      "geometry": {
        "type": "Point",
        "coordinates": [
          11.4598,
          44.474
        ]
      },
      "properties": {
        "icao24": "4d00d5",
        "callsign": "LGL681Q",
        "origin_country": "Luxembourg",
        "time_position": 1786962055,
        "last_contact": 1786962055,
        "baro_altitude": 891.54,
        "on_ground": false,
        "velocity": 101.23,
        "true_track": 296.57,
        "vertical_rate": -4.55,
        "geo_altitude": 967.74,
        "squawk": "1000",
        "spi": false,
        "position_source": 0
      }
    },
    {
      "type": "Feature",
      "geometry": {
        "type": "Point",
        "coordinates": [
          14.9231,
          40.9126
        ]
      },
      "properties": {
        "icao24": "8965b4",
        "callsign": "FDB3UM",
        "origin_country": "United Arab Emirates",
        "time_position": 1786961988,
        "last_contact": 1786961989,
        "baro_altitude": 3901.44,
        "on_ground": false,
        "velocity": 138.81,
        "true_track": 228.15,
        "vertical_rate": -6.18,
        "geo_altitude": 4152.9,
        "squawk": "2046",
        "spi": false,
        "position_source": 0
      }
    },
    {
      "type": "Feature",
      "geometry": {
        "type": "Point",
        "coordinates": [
          13.299,
          47.0083
        ]
      },
      "properties": {
        "icao24": "3c49b1",
        "callsign": "TUI1TX",
        "origin_country": "Germany",
        "time_position": 1786962054,
        "last_contact": 1786962055,
        "baro_altitude": 8237.22,
        "on_ground": false,
        "velocity": 227.33,
        "true_track": 295.75,
        "vertical_rate": -4.88,
        "geo_altitude": 8618.22,
        "squawk": "6630",
        "spi": false,
        "position_source": 0
      }
    },
    {
      "type": "Feature",
      "geometry": {
        "type": "Point",
        "coordinates": [
          17.3427,
          44.6568
        ]
      },
      "properties": {
        "icao24": "491221",
        "callsign": "NJE041R",
        "origin_country": "Portugal",
        "time_position": 1786962055,
        "last_contact": 1786962055,
        "baro_altitude": 12192,
        "on_ground": false,
        "velocity": 203.68,
        "true_track": 309.16,
        "vertical_rate": 0,
        "geo_altitude": 12664.44,
        "squawk": "5314",
        "spi": false,
        "position_source": 0
      }
    },
    {
      "type": "Feature",
      "geometry": {
        "type": "Point",
        "coordinates": [
          10.0781,
          45.5511
        ]
      },
      "properties": {
        "icao24": "4b1bb1",
        "callsign": "HBKMR",
        "origin_country": "Switzerland",
        "time_position": 1786961751,
        "last_contact": 1786961751,
        "baro_altitude": 640.08,
        "on_ground": false,
        "velocity": 51.02,
        "true_track": 86.53,
        "vertical_rate": -1.3,
        "geo_altitude": 632.46,
        "squawk": "7000",
        "spi": false,
        "position_source": 0
      }
    },
    {
      "type": "Feature",
      "geometry": {
        "type": "Point",
        "coordinates": [
          16.0853,
          44.4987
        ]
      },
      "properties": {
        "icao24": "89907b",
        "callsign": "EVA096",
        "origin_country": "Taiwan",
        "time_position": 1786962053,
        "last_contact": 1786962054,
        "baro_altitude": 10668,
        "on_ground": false,
        "velocity": 255.67,
        "true_track": 110,
        "vertical_rate": 0,
        "geo_altitude": 11155.68,
        "squawk": "0421",
        "spi": false,
        "position_source": 0
      }
    },
    {
      "type": "Feature",
      "geometry": {
        "type": "Point",
        "coordinates": [
          13.6348,
          40.3573
        ]
      },
      "properties": {
        "icao24": "3b7769",
        "callsign": "CTM3001",
        "origin_country": "France",
        "time_position": 1786962055,
        "last_contact": 1786962055,
        "baro_altitude": 8221.98,
        "on_ground": false,
        "velocity": 217,
        "true_track": 127.2,
        "vertical_rate": -1.3,
        "geo_altitude": 8656.32,
        "squawk": "1271",
        "spi": false,
        "position_source": 0
      }
    },
    {
      "type": "Feature",
      "geometry": {
        "type": "Point",
        "coordinates": [
          10.306,
          46.6653
        ]
      },
      "properties": {
        "icao24": "4bcd82",
        "callsign": "SXS4RN",
        "origin_country": "Turkey",
        "time_position": 1786962055,
        "last_contact": 1786962055,
        "baro_altitude": 11277.6,
        "on_ground": false,
        "velocity": 238.91,
        "true_track": 122.42,
        "vertical_rate": 0,
        "geo_altitude": 11711.94,
        "squawk": "2524",
        "spi": false,
        "position_source": 0
      }
    },
    {
      "type": "Feature",
      "geometry": {
        "type": "Point",
        "coordinates": [
          9.4878,
          44.3274
        ]
      },
      "properties": {
        "icao24": "4ca4f4",
        "callsign": "RYR5WR",
        "origin_country": "Ireland",
        "time_position": 1786962054,
        "last_contact": 1786962055,
        "baro_altitude": 2583.18,
        "on_ground": false,
        "velocity": 137.52,
        "true_track": 272.79,
        "vertical_rate": 0,
        "geo_altitude": 2750.82,
        "squawk": "2641",
        "spi": false,
        "position_source": 0
      }
    },
    {
      "type": "Feature",
      "geometry": {
        "type": "Point",
        "coordinates": [
          11.3833,
          46.4678
        ]
      },
      "properties": {
        "icao24": "49d3fa",
        "callsign": "TVQ6256",
        "origin_country": "Czech Republic",
        "time_position": 1786962054,
        "last_contact": 1786962055,
        "baro_altitude": 10668,
        "on_ground": false,
        "velocity": 212.45,
        "true_track": 239.27,
        "vertical_rate": 0,
        "geo_altitude": 11109.96,
        "squawk": "1000",
        "spi": false,
        "position_source": 0
      }
    },
    {
      "type": "Feature",
      "geometry": {
        "type": "Point",
        "coordinates": [
          12.5046,
          43.0947
        ]
      },
      "properties": {
        "icao24": "4ca4ec",
        "callsign": "RYR75SE",
        "origin_country": "Ireland",
        "time_position": 1786962054,
        "last_contact": 1786962054,
        "baro_altitude": null,
        "on_ground": true,
        "velocity": 3.09,
        "true_track": 210.94,
        "vertical_rate": null,
        "geo_altitude": null,
        "squawk": "1000",
        "spi": false,
        "position_source": 0
      }
    },
    {
      "type": "Feature",
      "geometry": {
        "type": "Point",
        "coordinates": [
          13.0244,
          41.0474
        ]
      },
      "properties": {
        "icao24": "394a15",
        "callsign": "AFR966",
        "origin_country": "France",
        "time_position": 1786962054,
        "last_contact": 1786962054,
        "baro_altitude": 10668,
        "on_ground": false,
        "velocity": 264.27,
        "true_track": 114.62,
        "vertical_rate": 0,
        "geo_altitude": 11201.4,
        "squawk": "7562",
        "spi": false,
        "position_source": 0
      }
    },
    {
      "type": "Feature",
      "geometry": {
        "type": "Point",
        "coordinates": [
          13.5495,
          40.6602
        ]
      },
      "properties": {
        "icao24": "4ca565",
        "callsign": "RYR3PW",
        "origin_country": "Ireland",
        "time_position": 1786962055,
        "last_contact": 1786962055,
        "baro_altitude": 10370.82,
        "on_ground": false,
        "velocity": 244.62,
        "true_track": 115.27,
        "vertical_rate": 5.2,
        "geo_altitude": 10843.26,
        "squawk": null,
        "spi": false,
        "position_source": 0
      }
    },
    {
      "type": "Feature",
      "geometry": {
        "type": "Point",
        "coordinates": [
          12.2185,
          41.992
        ]
      },
      "properties": {
        "icao24": "4ca56d",
        "callsign": "RYR34MP",
        "origin_country": "Ireland",
        "time_position": 1786962055,
        "last_contact": 1786962055,
        "baro_altitude": 807.72,
        "on_ground": false,
        "velocity": 93.63,
        "true_track": 202.62,
        "vertical_rate": -3.58,
        "geo_altitude": 906.78,
        "squawk": null,
        "spi": false,
        "position_source": 0
      }
    },
    {
      "type": "Feature",
      "geometry": {
        "type": "Point",
        "coordinates": [
          12.7387,
          39.1724
        ]
      },
      "properties": {
        "icao24": "4ca56b",
        "callsign": "RYR1FU",
        "origin_country": "Ireland",
        "time_position": 1786962055,
        "last_contact": 1786962055,
        "baro_altitude": 11277.6,
        "on_ground": false,
        "velocity": 243.76,
        "true_track": 160.26,
        "vertical_rate": 0,
        "geo_altitude": 11841.48,
        "squawk": "0442",
        "spi": false,
        "position_source": 0
      }
    },
    {
      "type": "Feature",
      "geometry": {
        "type": "Point",
        "coordinates": [
          15.1588,
          43.7869
        ]
      },
      "properties": {
        "icao24": "44d1ba",
        "callsign": "JAF1YV",
        "origin_country": "Belgium",
        "time_position": 1786962052,
        "last_contact": 1786962052,
        "baro_altitude": 10972.8,
        "on_ground": false,
        "velocity": 235.09,
        "true_track": 320.77,
        "vertical_rate": 0,
        "geo_altitude": 11483.34,
        "squawk": "2026",
        "spi": false,
        "position_source": 0
      }
    },
    {
      "type": "Feature",
      "geometry": {
        "type": "Point",
        "coordinates": [
          18.0424,
          46.9585
        ]
      },
      "properties": {
        "icao24": "4ba9eb",
        "callsign": "THY5TP",
        "origin_country": "Turkey",
        "time_position": 1786962054,
        "last_contact": 1786962054,
        "baro_altitude": 12192,
        "on_ground": false,
        "velocity": 224.09,
        "true_track": 296.74,
        "vertical_rate": 0,
        "geo_altitude": 12626.34,
        "squawk": "1000",
        "spi": false,
        "position_source": 0
      }
    },
    {
      "type": "Feature",
      "geometry": {
        "type": "Point",
        "coordinates": [
          8.1331,
          39.7589
        ]
      },
      "properties": {
        "icao24": "4ba9da",
        "callsign": "THY8RF",
        "origin_country": "Turkey",
        "time_position": 1786962055,
        "last_contact": 1786962055,
        "baro_altitude": 12192,
        "on_ground": false,
        "velocity": 268.4,
        "true_track": 77.83,
        "vertical_rate": 0,
        "geo_altitude": 12793.98,
        "squawk": "1410",
        "spi": false,
        "position_source": 0
      }
    },
    {
      "type": "Feature",
      "geometry": {
        "type": "Point",
        "coordinates": [
          11.828,
          42.0673
        ]
      },
      "properties": {
        "icao24": "ab4866",
        "callsign": "DAL230",
        "origin_country": "United States",
        "time_position": 1786962054,
        "last_contact": 1786962054,
        "baro_altitude": 2865.12,
        "on_ground": false,
        "velocity": 158.62,
        "true_track": 71.86,
        "vertical_rate": -12.35,
        "geo_altitude": 3086.1,
        "squawk": "2240",
        "spi": false,
        "position_source": 0
      }
    },
    {
      "type": "Feature",
      "geometry": {
        "type": "Point",
        "coordinates": [
          8.1272,
          42.5965
        ]
      },
      "properties": {
        "icao24": "3ce690",
        "callsign": "PTN12Q",
        "origin_country": "Germany",
        "time_position": 1786962054,
        "last_contact": 1786962054,
        "baro_altitude": 4267.2,
        "on_ground": false,
        "velocity": 109.5,
        "true_track": 337.05,
        "vertical_rate": 0,
        "geo_altitude": 4518.66,
        "squawk": null,
        "spi": false,
        "position_source": 0
      }
    },
    {
      "type": "Feature",
      "geometry": {
        "type": "Point",
        "coordinates": [
          15.5636,
          40.7755
        ]
      },
      "properties": {
        "icao24": "4241c2",
        "callsign": "GKY518",
        "origin_country": "United Kingdom",
        "time_position": 1786962055,
        "last_contact": 1786962055,
        "baro_altitude": 13106.4,
        "on_ground": false,
        "velocity": 234.77,
        "true_track": 298.25,
        "vertical_rate": 0,
        "geo_altitude": 13700.76,
        "squawk": "2071",
        "spi": false,
        "position_source": 0
      }
    },
    {
      "type": "Feature",
      "geometry": {
        "type": "Point",
        "coordinates": [
          18.3903,
          42.4028
        ]
      },
      "properties": {
        "icao24": "06a2e2",
        "callsign": "QTR8237",
        "origin_country": "Qatar",
        "time_position": 1786962031,
        "last_contact": 1786962031,
        "baro_altitude": 10972.8,
        "on_ground": false,
        "velocity": 244.88,
        "true_track": 311.59,
        "vertical_rate": 0,
        "geo_altitude": 11483.34,
        "squawk": "5536",
        "spi": false,
        "position_source": 0
      }
    },
    {
      "type": "Feature",
      "geometry": {
        "type": "Point",
        "coordinates": [
          9.5924,
          41.1693
        ]
      },
      "properties": {
        "icao24": "508305",
        "callsign": "LWG2004",
        "origin_country": "Ukraine",
        "time_position": 1786961928,
        "last_contact": 1786961928,
        "baro_altitude": 2545.08,
        "on_ground": false,
        "velocity": 138.79,
        "true_track": 120.27,
        "vertical_rate": -11.38,
        "geo_altitude": 3390.9,
        "squawk": "3524",
        "spi": false,
        "position_source": 0
      }
    },
    {
      "type": "Feature",
      "geometry": {
        "type": "Point",
        "coordinates": [
          11.2885,
          45.4053
        ]
      },
      "properties": {
        "icao24": "502ccd",
        "callsign": "BTI9TZ",
        "origin_country": "Latvia",
        "time_position": 1786962054,
        "last_contact": 1786962055,
        "baro_altitude": 11277.6,
        "on_ground": false,
        "velocity": 211.09,
        "true_track": 246.75,
        "vertical_rate": 0,
        "geo_altitude": 11750.04,
        "squawk": "1000",
        "spi": false,
        "position_source": 0
      }
    },
    {
      "type": "Feature",
      "geometry": {
        "type": "Point",
        "coordinates": [
          11.5194,
          46.2215
        ]
      },
      "properties": {
        "icao24": "502ce7",
        "callsign": "SWR8KW",
        "origin_country": "Latvia",
        "time_position": 1786962055,
        "last_contact": 1786962055,
        "baro_altitude": 8145.78,
        "on_ground": false,
        "velocity": 208.22,
        "true_track": 334.07,
        "vertical_rate": 8.13,
        "geo_altitude": 8519.16,
        "squawk": "1000",
        "spi": false,
        "position_source": 0
      }
    },
    {
      "type": "Feature",
      "geometry": {
        "type": "Point",
        "coordinates": [
          12.3083,
          43.597
        ]
      },
      "properties": {
        "icao24": "a79f6d",
        "callsign": "N590WT",
        "origin_country": "United States",
        "time_position": 1786962055,
        "last_contact": 1786962055,
        "baro_altitude": 1836.42,
        "on_ground": false,
        "velocity": 48.7,
        "true_track": 238.83,
        "vertical_rate": -0.98,
        "geo_altitude": 1973.58,
        "squawk": "3674",
        "spi": false,
        "position_source": 0
      }
    },
    {
      "type": "Feature",
      "geometry": {
        "type": "Point",
        "coordinates": [
          17.2515,
          43.3564
        ]
      },
      "properties": {
        "icao24": "406ecc",
        "callsign": "VIR317",
        "origin_country": "United Kingdom",
        "time_position": 1786962047,
        "last_contact": 1786962048,
        "baro_altitude": 12192,
        "on_ground": false,
        "velocity": 241.13,
        "true_track": 305.62,
        "vertical_rate": 0,
        "geo_altitude": 12717.78,
        "squawk": "2044",
        "spi": false,
        "position_source": 0
      }
    },
    {
      "type": "Feature",
      "geometry": {
        "type": "Point",
        "coordinates": [
          15.4944,
          38.6705
        ]
      },
      "properties": {
        "icao24": "06a2b2",
        "callsign": "QTR18F",
        "origin_country": "Qatar",
        "time_position": 1786962054,
        "last_contact": 1786962054,
        "baro_altitude": 9753.6,
        "on_ground": false,
        "velocity": 237.98,
        "true_track": 293.57,
        "vertical_rate": 0,
        "geo_altitude": 10271.76,
        "squawk": null,
        "spi": false,
        "position_source": 0
      }
    },
    {
      "type": "Feature",
      "geometry": {
        "type": "Point",
        "coordinates": [
          16.4603,
          38.3176
        ]
      },
      "properties": {
        "icao24": "06a2af",
        "callsign": "QTR97U",
        "origin_country": "Qatar",
        "time_position": 1786962054,
        "last_contact": 1786962054,
        "baro_altitude": 9753.6,
        "on_ground": false,
        "velocity": 241.53,
        "true_track": 294.27,
        "vertical_rate": 0,
        "geo_altitude": 10264.14,
        "squawk": "5502",
        "spi": false,
        "position_source": 0
      }
    },
    {
      "type": "Feature",
      "geometry": {
        "type": "Point",
        "coordinates": [
          12.2186,
          41.834
        ]
      },
      "properties": {
        "icao24": "c078ac",
        "callsign": "TSC308",
        "origin_country": "Canada",
        "time_position": 1786961862,
        "last_contact": 1786961873,
        "baro_altitude": 121.92,
        "on_ground": false,
        "velocity": 72.4,
        "true_track": 162.21,
        "vertical_rate": -3.25,
        "geo_altitude": 205.74,
        "squawk": "2232",
        "spi": false,
        "position_source": 0
      }
    },
    {
      "type": "Feature",
      "geometry": {
        "type": "Point",
        "coordinates": [
          12.0678,
          38.1144
        ]
      },
      "properties": {
        "icao24": "4b8e45",
        "callsign": "PGT751",
        "origin_country": "Turkey",
        "time_position": 1786962055,
        "last_contact": 1786962055,
        "baro_altitude": 11582.4,
        "on_ground": false,
        "velocity": 210.19,
        "true_track": 240.05,
        "vertical_rate": 0,
        "geo_altitude": 12192,
        "squawk": "2333",
        "spi": false,
        "position_source": 0
      }
    },
    {
      "type": "Feature",
      "geometry": {
        "type": "Point",
        "coordinates": [
          10.0692,
          46.4696
        ]
      },
      "properties": {
        "icao24": "4ba8c8",
        "callsign": "TKJ90U",
        "origin_country": "Turkey",
        "time_position": 1786962055,
        "last_contact": 1786962055,
        "baro_altitude": 9448.8,
        "on_ground": false,
        "velocity": 239.5,
        "true_track": 116.4,
        "vertical_rate": 0.33,
        "geo_altitude": 9883.14,
        "squawk": "0255",
        "spi": false,
        "position_source": 0
      }
    },
    {
      "type": "Feature",
      "geometry": {
        "type": "Point",
        "coordinates": [
          8.7174,
          45.6251
        ]
      },
      "properties": {
        "icao24": "39bda4",
        "callsign": "AFR76RH",
        "origin_country": "France",
        "time_position": 1786962050,
        "last_contact": 1786962052,
        "baro_altitude": null,
        "on_ground": true,
        "velocity": 0,
        "true_track": 258.75,
        "vertical_rate": null,
        "geo_altitude": null,
        "squawk": "1000",
        "spi": false,
        "position_source": 0
      }
    },
    {
      "type": "Feature",
      "geometry": {
        "type": "Point",
        "coordinates": [
          6.1461,
          47.4608
        ]
      },
      "properties": {
        "icao24": "49d1c6",
        "callsign": "EWG585",
        "origin_country": "Czech Republic",
        "time_position": 1786962054,
        "last_contact": 1786962054,
        "baro_altitude": 10828.02,
        "on_ground": false,
        "velocity": 182.63,
        "true_track": 359.84,
        "vertical_rate": -4.88,
        "geo_altitude": 11292.84,
        "squawk": "5552",
        "spi": false,
        "position_source": 0
      }
    },
    {
      "type": "Feature",
      "geometry": {
        "type": "Point",
        "coordinates": [
          7.8666,
          47.3695
        ]
      },
      "properties": {
        "icao24": "39bdb7",
        "callsign": "AFR78RM",
        "origin_country": "France",
        "time_position": 1786962054,
        "last_contact": 1786962055,
        "baro_altitude": 5897.88,
        "on_ground": false,
        "velocity": 167.84,
        "true_track": 272.28,
        "vertical_rate": 11.38,
        "geo_altitude": 6164.58,
        "squawk": "1000",
        "spi": false,
        "position_source": 0
      }
    },
    {
      "type": "Feature",
      "geometry": {
        "type": "Point",
        "coordinates": [
          16.2761,
          41.6174
        ]
      },
      "properties": {
        "icao24": "4ca2d5",
        "callsign": "RYR3RP",
        "origin_country": "Ireland",
        "time_position": 1786962054,
        "last_contact": 1786962055,
        "baro_altitude": 11277.6,
        "on_ground": false,
        "velocity": 233.9,
        "true_track": 125.96,
        "vertical_rate": -0.33,
        "geo_altitude": 11795.76,
        "squawk": "0224",
        "spi": false,
        "position_source": 0
      }
    },
    {
      "type": "Feature",
      "geometry": {
        "type": "Point",
        "coordinates": [
          12.0925,
          45.2273
        ]
      },
      "properties": {
        "icao24": "4ca2bf",
        "callsign": "RYR17XU",
        "origin_country": "Ireland",
        "time_position": 1786962054,
        "last_contact": 1786962054,
        "baro_altitude": 2011.68,
        "on_ground": false,
        "velocity": 123.75,
        "true_track": 336.74,
        "vertical_rate": -6.18,
        "geo_altitude": 2133.6,
        "squawk": "1000",
        "spi": false,
        "position_source": 0
      }
    },
    {
      "type": "Feature",
      "geometry": {
        "type": "Point",
        "coordinates": [
          15.4436,
          46.9938
        ]
      },
      "properties": {
        "icao24": "3cd29d",
        "callsign": "DCHBH",
        "origin_country": "Germany",
        "time_position": 1786962041,
        "last_contact": 1786962052,
        "baro_altitude": null,
        "on_ground": true,
        "velocity": 0,
        "true_track": 348.75,
        "vertical_rate": null,
        "geo_altitude": null,
        "squawk": null,
        "spi": false,
        "position_source": 0
      }
    },
    {
      "type": "Feature",
      "geometry": {
        "type": "Point",
        "coordinates": [
          18.9511,
          46.8922
        ]
      },
      "properties": {
        "icao24": "4ba945",
        "callsign": "THY6",
        "origin_country": "Turkey",
        "time_position": 1786962054,
        "last_contact": 1786962054,
        "baro_altitude": 10668,
        "on_ground": false,
        "velocity": 260.26,
        "true_track": 125.67,
        "vertical_rate": 0,
        "geo_altitude": 11109.96,
        "squawk": "1173",
        "spi": false,
        "position_source": 0
      }
    },
    {
      "type": "Feature",
      "geometry": {
        "type": "Point",
        "coordinates": [
          12.948,
          43.3123
        ]
      },
      "properties": {
        "icao24": "4ca303",
        "callsign": "RYR28SK",
        "origin_country": "Ireland",
        "time_position": 1786962054,
        "last_contact": 1786962055,
        "baro_altitude": 9128.76,
        "on_ground": false,
        "velocity": 242.43,
        "true_track": 142.33,
        "vertical_rate": 10.08,
        "geo_altitude": 9555.48,
        "squawk": "1000",
        "spi": false,
        "position_source": 0
      }
    },
    {
      "type": "Feature",
      "geometry": {
        "type": "Point",
        "coordinates": [
          11.3559,
          45.719
        ]
      },
      "properties": {
        "icao24": "49d353",
        "callsign": "TVS69J",
        "origin_country": "Czech Republic",
        "time_position": 1786962055,
        "last_contact": 1786962055,
        "baro_altitude": 12192,
        "on_ground": false,
        "velocity": 247.69,
        "true_track": 40.7,
        "vertical_rate": 0,
        "geo_altitude": 12656.82,
        "squawk": "1000",
        "spi": false,
        "position_source": 0
      }
    },
    {
      "type": "Feature",
      "geometry": {
        "type": "Point",
        "coordinates": [
          11.8987,
          44.813
        ]
      },
      "properties": {
        "icao24": "44082a",
        "callsign": "AUA38TZ",
        "origin_country": "Austria",
        "time_position": 1786962054,
        "last_contact": 1786962054,
        "baro_altitude": 10972.8,
        "on_ground": false,
        "velocity": 250.1,
        "true_track": 54.54,
        "vertical_rate": -0.33,
        "geo_altitude": 11475.72,
        "squawk": "1000",
        "spi": false,
        "position_source": 0
      }
    },
    {
      "type": "Feature",
      "geometry": {
        "type": "Point",
        "coordinates": [
          13.1654,
          47.0496
        ]
      },
      "properties": {
        "icao24": "48e9f5",
        "callsign": "RYR753C",
        "origin_country": "Poland",
        "time_position": 1786962055,
        "last_contact": 1786962055,
        "baro_altitude": 10972.8,
        "on_ground": false,
        "velocity": 246.81,
        "true_track": 48.8,
        "vertical_rate": 0,
        "geo_altitude": 11399.52,
        "squawk": "1000",
        "spi": false,
        "position_source": 0
      }
    },
    {
      "type": "Feature",
      "geometry": {
        "type": "Point",
        "coordinates": [
          11.2127,
          45.7527
        ]
      },
      "properties": {
        "icao24": "48e9f0",
        "callsign": "RYR35EQ",
        "origin_country": "Poland",
        "time_position": 1786962055,
        "last_contact": 1786962055,
        "baro_altitude": 11277.6,
        "on_ground": false,
        "velocity": 217.85,
        "true_track": 210.2,
        "vertical_rate": 0,
        "geo_altitude": 11734.8,
        "squawk": "1000",
        "spi": false,
        "position_source": 0
      }
    },
    {
      "type": "Feature",
      "geometry": {
        "type": "Point",
        "coordinates": [
          8.7176,
          45.6264
        ]
      },
      "properties": {
        "icao24": "31d795",
        "callsign": null,
        "origin_country": "Italy",
        "time_position": 1786962054,
        "last_contact": 1786962054,
        "baro_altitude": null,
        "on_ground": true,
        "velocity": 3.09,
        "true_track": 255.94,
        "vertical_rate": null,
        "geo_altitude": null,
        "squawk": null,
        "spi": false,
        "position_source": 0
      }
    },
    {
      "type": "Feature",
      "geometry": {
        "type": "Point",
        "coordinates": [
          7.9713,
          46.6946
        ]
      },
      "properties": {
        "icao24": "4b44a5",
        "callsign": "HBZZX",
        "origin_country": "Switzerland",
        "time_position": 1786961970,
        "last_contact": 1786961970,
        "baro_altitude": 1257.3,
        "on_ground": false,
        "velocity": 21.59,
        "true_track": 102.38,
        "vertical_rate": -2.28,
        "geo_altitude": 1379.22,
        "squawk": null,
        "spi": false,
        "position_source": 0
      }
    },
    {
      "type": "Feature",
      "geometry": {
        "type": "Point",
        "coordinates": [
          12.1312,
          42.0426
        ]
      },
      "properties": {
        "icao24": "c0656f",
        "callsign": "WJA24",
        "origin_country": "Canada",
        "time_position": 1786962055,
        "last_contact": 1786962055,
        "baro_altitude": 1363.98,
        "on_ground": false,
        "velocity": 115.03,
        "true_track": 162.29,
        "vertical_rate": -4.23,
        "geo_altitude": 1493.52,
        "squawk": "5254",
        "spi": false,
        "position_source": 0
      }
    },
    {
      "type": "Feature",
      "geometry": {
        "type": "Point",
        "coordinates": [
          6.3887,
          45.3753
        ]
      },
      "properties": {
        "icao24": "aaaa92",
        "callsign": "AAL199",
        "origin_country": "United States",
        "time_position": 1786962055,
        "last_contact": 1786962055,
        "baro_altitude": 9144,
        "on_ground": false,
        "velocity": 243.74,
        "true_track": 285.3,
        "vertical_rate": 0.33,
        "geo_altitude": 9601.2,
        "squawk": "5754",
        "spi": false,
        "position_source": 0
      }
    },
    {
      "type": "Feature",
      "geometry": {
        "type": "Point",
        "coordinates": [
          6.2154,
          43.502
        ]
      },
      "properties": {
        "icao24": "34250a",
        "callsign": "IBE0944",
        "origin_country": "Spain",
        "time_position": 1786962054,
        "last_contact": 1786962054,
        "baro_altitude": 10607.04,
        "on_ground": false,
        "velocity": 236.17,
        "true_track": 247.46,
        "vertical_rate": 3.25,
        "geo_altitude": 11109.96,
        "squawk": "1000",
        "spi": false,
        "position_source": 0
      }
    },
    {
      "type": "Feature",
      "geometry": {
        "type": "Point",
        "coordinates": [
          15.1259,
          36.254
        ]
      },
      "properties": {
        "icao24": "744821",
        "callsign": "RJA551",
        "origin_country": "Jordan",
        "time_position": 1786962055,
        "last_contact": 1786962055,
        "baro_altitude": 10355.58,
        "on_ground": false,
        "velocity": 218.26,
        "true_track": 278.13,
        "vertical_rate": 0,
        "geo_altitude": 10927.08,
        "squawk": "5611",
        "spi": false,
        "position_source": 0
      }
    },
    {
      "type": "Feature",
      "geometry": {
        "type": "Point",
        "coordinates": [
          17.7976,
          40.4917
        ]
      },
      "properties": {
        "icao24": "744831",
        "callsign": "RJA115",
        "origin_country": "Jordan",
        "time_position": 1786962050,
        "last_contact": 1786962050,
        "baro_altitude": 10972.8,
        "on_ground": false,
        "velocity": 225.1,
        "true_track": 294.87,
        "vertical_rate": 0,
        "geo_altitude": 11498.58,
        "squawk": "5610",
        "spi": false,
        "position_source": 0
      }
    },
    {
      "type": "Feature",
      "geometry": {
        "type": "Point",
        "coordinates": [
          7.444,
          41.3141
        ]
      },
      "properties": {
        "icao24": "508003",
        "callsign": "ADB5528",
        "origin_country": "Ukraine",
        "time_position": 1786962055,
        "last_contact": 1786962055,
        "baro_altitude": 10073.64,
        "on_ground": false,
        "velocity": 214.8,
        "true_track": 312.67,
        "vertical_rate": -0.33,
        "geo_altitude": 10599.42,
        "squawk": "7347",
        "spi": false,
        "position_source": 0
      }
    },
    {
      "type": "Feature",
      "geometry": {
        "type": "Point",
        "coordinates": [
          7.0636,
          43.3607
        ]
      },
      "properties": {
        "icao24": "405b6a",
        "callsign": "EZY86QU",
        "origin_country": "United Kingdom",
        "time_position": 1786962054,
        "last_contact": 1786962055,
        "baro_altitude": 2644.14,
        "on_ground": false,
        "velocity": 138.12,
        "true_track": 93.42,
        "vertical_rate": -1.63,
        "geo_altitude": 2827.02,
        "squawk": "0550",
        "spi": false,
        "position_source": 0
      }
    },
    {
      "type": "Feature",
      "geometry": {
        "type": "Point",
        "coordinates": [
          18.1837,
          44.9452
        ]
      },
      "properties": {
        "icao24": "4ba90f",
        "callsign": "THY6ZG",
        "origin_country": "Turkey",
        "time_position": 1786962055,
        "last_contact": 1786962055,
        "baro_altitude": 10363.2,
        "on_ground": false,
        "velocity": 225.08,
        "true_track": 293.58,
        "vertical_rate": 0.33,
        "geo_altitude": 10843.26,
        "squawk": "2354",
        "spi": false,
        "position_source": 0
      }
    },
    {
      "type": "Feature",
      "geometry": {
        "type": "Point",
        "coordinates": [
          11.6727,
          41.9795
        ]
      },
      "properties": {
        "icao24": "49d0e0",
        "callsign": "ABP751",
        "origin_country": "Czech Republic",
        "time_position": 1786962054,
        "last_contact": 1786962054,
        "baro_altitude": 9799.32,
        "on_ground": false,
        "velocity": 239.73,
        "true_track": 224.57,
        "vertical_rate": -4.88,
        "geo_altitude": 10294.62,
        "squawk": "7126",
        "spi": false,
        "position_source": 0
      }
    },
    {
      "type": "Feature",
      "geometry": {
        "type": "Point",
        "coordinates": [
          8.3142,
          43.1579
        ]
      },
      "properties": {
        "icao24": "3e3735",
        "callsign": "HRN121",
        "origin_country": "Germany",
        "time_position": 1786962054,
        "last_contact": 1786962054,
        "baro_altitude": 4404.36,
        "on_ground": false,
        "velocity": 134.29,
        "true_track": 281.27,
        "vertical_rate": -5.2,
        "geo_altitude": 4671.06,
        "squawk": "1000",
        "spi": false,
        "position_source": 0
      }
    },
    {
      "type": "Feature",
      "geometry": {
        "type": "Point",
        "coordinates": [
          6.4606,
          40.9595
        ]
      },
      "properties": {
        "icao24": "4ca242",
        "callsign": "RYR9SV",
        "origin_country": "Ireland",
        "time_position": 1786962054,
        "last_contact": 1786962054,
        "baro_altitude": 11277.6,
        "on_ground": false,
        "velocity": 224.35,
        "true_track": 274.08,
        "vertical_rate": 0,
        "geo_altitude": 11833.86,
        "squawk": "1744",
        "spi": false,
        "position_source": 0
      }
    },
    {
      "type": "Feature",
      "geometry": {
        "type": "Point",
        "coordinates": [
          12.4404,
          43.7794
        ]
      },
      "properties": {
        "icao24": "503e82",
        "callsign": "EWG2AR",
        "origin_country": "Lithuania",
        "time_position": 1786962054,
        "last_contact": 1786962054,
        "baro_altitude": 10965.18,
        "on_ground": false,
        "velocity": 232.63,
        "true_track": 347.22,
        "vertical_rate": 0,
        "geo_altitude": 11490.96,
        "squawk": "1265",
        "spi": false,
        "position_source": 0
      }
    },
    {
      "type": "Feature",
      "geometry": {
        "type": "Point",
        "coordinates": [
          17.8659,
          47.2388
        ]
      },
      "properties": {
        "icao24": "407ff4",
        "callsign": "WUK7UP",
        "origin_country": "United Kingdom",
        "time_position": 1786962055,
        "last_contact": 1786962055,
        "baro_altitude": 10363.2,
        "on_ground": false,
        "velocity": 216.45,
        "true_track": 319.72,
        "vertical_rate": 0,
        "geo_altitude": 10805.16,
        "squawk": "5456",
        "spi": false,
        "position_source": 0
      }
    },
    {
      "type": "Feature",
      "geometry": {
        "type": "Point",
        "coordinates": [
          18.5342,
          42.7393
        ]
      },
      "properties": {
        "icao24": "4ca251",
        "callsign": "RYR7W",
        "origin_country": "Ireland",
        "time_position": 1786962054,
        "last_contact": 1786962054,
        "baro_altitude": 11277.6,
        "on_ground": false,
        "velocity": 237.88,
        "true_track": 67.76,
        "vertical_rate": 0,
        "geo_altitude": 11788.14,
        "squawk": "1222",
        "spi": false,
        "position_source": 0
      }
    },
    {
      "type": "Feature",
      "geometry": {
        "type": "Point",
        "coordinates": [
          6.0496,
          47.798
        ]
      },
      "properties": {
        "icao24": "407fda",
        "callsign": "WUK9UG",
        "origin_country": "United Kingdom",
        "time_position": 1786962055,
        "last_contact": 1786962055,
        "baro_altitude": 10988.04,
        "on_ground": false,
        "velocity": 197.77,
        "true_track": 303.11,
        "vertical_rate": 0,
        "geo_altitude": 11452.86,
        "squawk": "7531",
        "spi": false,
        "position_source": 0
      }
    },
    {
      "type": "Feature",
      "geometry": {
        "type": "Point",
        "coordinates": [
          16.6618,
          41.548
        ]
      },
      "properties": {
        "icao24": "4ca246",
        "callsign": "RYR54FN",
        "origin_country": "Ireland",
        "time_position": 1786962016,
        "last_contact": 1786962026,
        "baro_altitude": 7284.72,
        "on_ground": false,
        "velocity": 219.64,
        "true_track": 137.94,
        "vertical_rate": -13,
        "geo_altitude": 7688.58,
        "squawk": "1000",
        "spi": false,
        "position_source": 0
      }
    },
    {
      "type": "Feature",
      "geometry": {
        "type": "Point",
        "coordinates": [
          11.2324,
          44.7789
        ]
      },
      "properties": {
        "icao24": "4ca244",
        "callsign": "RYR5AM",
        "origin_country": "Ireland",
        "time_position": 1786962054,
        "last_contact": 1786962054,
        "baro_altitude": 3619.5,
        "on_ground": false,
        "velocity": 142.55,
        "true_track": 178.55,
        "vertical_rate": -1.3,
        "geo_altitude": 3825.24,
        "squawk": "1000",
        "spi": false,
        "position_source": 0
      }
    },
    {
      "type": "Feature",
      "geometry": {
        "type": "Point",
        "coordinates": [
          11.0725,
          46.094
        ]
      },
      "properties": {
        "icao24": "4ca264",
        "callsign": "RYR6DB",
        "origin_country": "Ireland",
        "time_position": 1786962055,
        "last_contact": 1786962055,
        "baro_altitude": 7437.12,
        "on_ground": false,
        "velocity": 242.39,
        "true_track": 155.28,
        "vertical_rate": -12.68,
        "geo_altitude": 7818.12,
        "squawk": "2157",
        "spi": false,
        "position_source": 0
      }
    },
    {
      "type": "Feature",
      "geometry": {
        "type": "Point",
        "coordinates": [
          14.1793,
          47.2833
        ]
      },
      "properties": {
        "icao24": "4ca24c",
        "callsign": "RUK3UK",
        "origin_country": "Ireland",
        "time_position": 1786962055,
        "last_contact": 1786962055,
        "baro_altitude": 11582.4,
        "on_ground": false,
        "velocity": 217.69,
        "true_track": 309.82,
        "vertical_rate": 0.33,
        "geo_altitude": 12001.5,
        "squawk": "5647",
        "spi": false,
        "position_source": 0
      }
    },
    {
      "type": "Feature",
      "geometry": {
        "type": "Point",
        "coordinates": [
          18.1055,
          43.3633
        ]
      },
      "properties": {
        "icao24": "468e45",
        "callsign": "SEH6MA",
        "origin_country": "Greece",
        "time_position": 1786962052,
        "last_contact": 1786962053,
        "baro_altitude": 11590.02,
        "on_ground": false,
        "velocity": 230.63,
        "true_track": 328.69,
        "vertical_rate": 0,
        "geo_altitude": 12115.8,
        "squawk": "0064",
        "spi": false,
        "position_source": 0
      }
    },
    {
      "type": "Feature",
      "geometry": {
        "type": "Point",
        "coordinates": [
          6.7019,
          45.4999
        ]
      },
      "properties": {
        "icao24": "a8b5fc",
        "callsign": "UAL126",
        "origin_country": "United States",
        "time_position": 1786962054,
        "last_contact": 1786962054,
        "baro_altitude": 11887.2,
        "on_ground": false,
        "velocity": 267.01,
        "true_track": 134.69,
        "vertical_rate": 0,
        "geo_altitude": 12374.88,
        "squawk": "5225",
        "spi": false,
        "position_source": 0
      }
    },
    {
      "type": "Feature",
      "geometry": {
        "type": "Point",
        "coordinates": [
          13.55,
          39.7304
        ]
      },
      "properties": {
        "icao24": "4405b6",
        "callsign": "EJU36PG",
        "origin_country": "Austria",
        "time_position": 1786962055,
        "last_contact": 1786962055,
        "baro_altitude": 10965.18,
        "on_ground": false,
        "velocity": 211.97,
        "true_track": 281.34,
        "vertical_rate": -0.33,
        "geo_altitude": 11513.82,
        "squawk": "2054",
        "spi": false,
        "position_source": 0
      }
    },
    {
      "type": "Feature",
      "geometry": {
        "type": "Point",
        "coordinates": [
          17.631,
          47.6052
        ]
      },
      "properties": {
        "icao24": "48e97c",
        "callsign": "LOT2KT",
        "origin_country": "Poland",
        "time_position": 1786962054,
        "last_contact": 1786962055,
        "baro_altitude": 10668,
        "on_ground": false,
        "velocity": 253.33,
        "true_track": 35.08,
        "vertical_rate": 0,
        "geo_altitude": 11094.72,
        "squawk": "1000",
        "spi": false,
        "position_source": 0
      }
    },
    {
      "type": "Feature",
      "geometry": {
        "type": "Point",
        "coordinates": [
          16.1953,
          40.8385
        ]
      },
      "properties": {
        "icao24": "7448a3",
        "callsign": "RJA101",
        "origin_country": "Jordan",
        "time_position": 1786962054,
        "last_contact": 1786962054,
        "baro_altitude": 10972.8,
        "on_ground": false,
        "velocity": 217.91,
        "true_track": 277.46,
        "vertical_rate": -0.33,
        "geo_altitude": 11483.34,
        "squawk": "5607",
        "spi": false,
        "position_source": 0
      }
    },
    {
      "type": "Feature",
      "geometry": {
        "type": "Point",
        "coordinates": [
          18.0351,
          40.338
        ]
      },
      "properties": {
        "icao24": "39ceab",
        "callsign": "TVF89TU",
        "origin_country": "France",
        "time_position": 1786962055,
        "last_contact": 1786962055,
        "baro_altitude": 10972.8,
        "on_ground": false,
        "velocity": 225.55,
        "true_track": 291.83,
        "vertical_rate": 0,
        "geo_altitude": 11490.96,
        "squawk": "5510",
        "spi": false,
        "position_source": 0
      }
    },
    {
      "type": "Feature",
      "geometry": {
        "type": "Point",
        "coordinates": [
          16.2736,
          45.4479
        ]
      },
      "properties": {
        "icao24": "48e95d",
        "callsign": "LOT2206",
        "origin_country": "Poland",
        "time_position": 1786962054,
        "last_contact": 1786962055,
        "baro_altitude": 11887.2,
        "on_ground": false,
        "velocity": 244.39,
        "true_track": 31.05,
        "vertical_rate": 0,
        "geo_altitude": 12367.26,
        "squawk": "6011",
        "spi": false,
        "position_source": 0
      }
    },
    {
      "type": "Feature",
      "geometry": {
        "type": "Point",
        "coordinates": [
          9.3957,
          45.6156
        ]
      },
      "properties": {
        "icao24": "48e95a",
        "callsign": "LOT5JB",
        "origin_country": "Poland",
        "time_position": 1786962054,
        "last_contact": 1786962054,
        "baro_altitude": 11277.6,
        "on_ground": false,
        "velocity": 215.73,
        "true_track": 238.36,
        "vertical_rate": -0.33,
        "geo_altitude": 11734.8,
        "squawk": "1330",
        "spi": false,
        "position_source": 0
      }
    },
    {
      "type": "Feature",
      "geometry": {
        "type": "Point",
        "coordinates": [
          8.5283,
          45.0219
        ]
      },
      "properties": {
        "icao24": "39cea2",
        "callsign": "TVF25LF",
        "origin_country": "France",
        "time_position": 1786962055,
        "last_contact": 1786962055,
        "baro_altitude": 11277.6,
        "on_ground": false,
        "velocity": 239.44,
        "true_track": 104.3,
        "vertical_rate": 0.33,
        "geo_altitude": 11742.42,
        "squawk": "0437",
        "spi": false,
        "position_source": 0
      }
    },
    {
      "type": "Feature",
      "geometry": {
        "type": "Point",
        "coordinates": [
          9.2376,
          45.7147
        ]
      },
      "properties": {
        "icao24": "407e63",
        "callsign": "EZY52CE",
        "origin_country": "United Kingdom",
        "time_position": 1786962054,
        "last_contact": 1786962054,
        "baro_altitude": 11574.78,
        "on_ground": false,
        "velocity": 209.26,
        "true_track": 273.52,
        "vertical_rate": 0,
        "geo_altitude": 12031.98,
        "squawk": "1250",
        "spi": false,
        "position_source": 0
      }
    },
    {
      "type": "Feature",
      "geometry": {
        "type": "Point",
        "coordinates": [
          12.4302,
          39.62
        ]
      },
      "properties": {
        "icao24": "4b9dad",
        "callsign": "QRJ03",
        "origin_country": "Turkey",
        "time_position": 1786962054,
        "last_contact": 1786962054,
        "baro_altitude": 11582.4,
        "on_ground": false,
        "velocity": 230.04,
        "true_track": 291.52,
        "vertical_rate": -0.65,
        "geo_altitude": 12115.8,
        "squawk": "2053",
        "spi": false,
        "position_source": 0
      }
    },
    {
      "type": "Feature",
      "geometry": {
        "type": "Point",
        "coordinates": [
          13.2149,
          43.9551
        ]
      },
      "properties": {
        "icao24": "440612",
        "callsign": "EJU41HU",
        "origin_country": "Austria",
        "time_position": 1786962054,
        "last_contact": 1786962054,
        "baro_altitude": 10675.62,
        "on_ground": false,
        "velocity": 244.01,
        "true_track": 119.7,
        "vertical_rate": 0,
        "geo_altitude": 11178.54,
        "squawk": "0415",
        "spi": false,
        "position_source": 0
      }
    },
    {
      "type": "Feature",
      "geometry": {
        "type": "Point",
        "coordinates": [
          6.4128,
          41.1842
        ]
      },
      "properties": {
        "icao24": "440610",
        "callsign": "EJU32RT",
        "origin_country": "Austria",
        "time_position": 1786962054,
        "last_contact": 1786962055,
        "baro_altitude": 10965.18,
        "on_ground": false,
        "velocity": 233.9,
        "true_track": 39.47,
        "vertical_rate": -0.33,
        "geo_altitude": 11529.06,
        "squawk": "5301",
        "spi": false,
        "position_source": 0
      }
    },
    {
      "type": "Feature",
      "geometry": {
        "type": "Point",
        "coordinates": [
          16.1559,
          46.4002
        ]
      },
      "properties": {
        "icao24": "440607",
        "callsign": "AUA57C",
        "origin_country": "Austria",
        "time_position": 1786962054,
        "last_contact": 1786962054,
        "baro_altitude": 9197.34,
        "on_ground": false,
        "velocity": 244.2,
        "true_track": 355.17,
        "vertical_rate": -4.88,
        "geo_altitude": 9608.82,
        "squawk": "1000",
        "spi": false,
        "position_source": 0
      }
    },
    {
      "type": "Feature",
      "geometry": {
        "type": "Point",
        "coordinates": [
          15.6855,
          42.7771
        ]
      },
      "properties": {
        "icao24": "440605",
        "callsign": "AUA586",
        "origin_country": "Austria",
        "time_position": 1786962054,
        "last_contact": 1786962054,
        "baro_altitude": 10972.8,
        "on_ground": false,
        "velocity": 244.48,
        "true_track": 358.19,
        "vertical_rate": -0.33,
        "geo_altitude": 11490.96,
        "squawk": null,
        "spi": false,
        "position_source": 0
      }
    },
    {
      "type": "Feature",
      "geometry": {
        "type": "Point",
        "coordinates": [
          8.8658,
          46.1425
        ]
      },
      "properties": {
        "icao24": "4b4437",
        "callsign": "HBZVR",
        "origin_country": "Switzerland",
        "time_position": 1786962054,
        "last_contact": 1786962054,
        "baro_altitude": 579.12,
        "on_ground": false,
        "velocity": 1.46,
        "true_track": 45,
        "vertical_rate": -2.28,
        "geo_altitude": 640.08,
        "squawk": null,
        "spi": false,
        "position_source": 0
      }
    },
    {
      "type": "Feature",
      "geometry": {
        "type": "Point",
        "coordinates": [
          15.9375,
          45.6204
        ]
      },
      "properties": {
        "icao24": "a519b8",
        "callsign": "DAL212",
        "origin_country": "United States",
        "time_position": 1786962055,
        "last_contact": 1786962055,
        "baro_altitude": 11887.2,
        "on_ground": false,
        "velocity": 248.62,
        "true_track": 132.9,
        "vertical_rate": 0,
        "geo_altitude": 12367.26,
        "squawk": "5203",
        "spi": false,
        "position_source": 0
      }
    },
    {
      "type": "Feature",
      "geometry": {
        "type": "Point",
        "coordinates": [
          14.9482,
          45.2849
        ]
      },
      "properties": {
        "icao24": "48c1a7",
        "callsign": "RYR537E",
        "origin_country": "Poland",
        "time_position": 1786962055,
        "last_contact": 1786962055,
        "baro_altitude": 9677.4,
        "on_ground": false,
        "velocity": 241.71,
        "true_track": 352.66,
        "vertical_rate": 9.43,
        "geo_altitude": 10111.74,
        "squawk": "1000",
        "spi": false,
        "position_source": 0
      }
    },
    {
      "type": "Feature",
      "geometry": {
        "type": "Point",
        "coordinates": [
          14.4778,
          46.6486
        ]
      },
      "properties": {
        "icao24": "48c1a6",
        "callsign": "RYR35VW",
        "origin_country": "Poland",
        "time_position": 1786962054,
        "last_contact": 1786962055,
        "baro_altitude": 11277.6,
        "on_ground": false,
        "velocity": 240.23,
        "true_track": 131.27,
        "vertical_rate": 0,
        "geo_altitude": 11719.56,
        "squawk": "0150",
        "spi": false,
        "position_source": 0
      }
    },
    {
      "type": "Feature",
      "geometry": {
        "type": "Point",
        "coordinates": [
          18.3243,
          46.8031
        ]
      },
      "properties": {
        "icao24": "48c1a1",
        "callsign": "RYR2CR",
        "origin_country": "Poland",
        "time_position": 1786962055,
        "last_contact": 1786962055,
        "baro_altitude": 5646.42,
        "on_ground": false,
        "velocity": 201.45,
        "true_track": 59.96,
        "vertical_rate": -10.08,
        "geo_altitude": 5951.22,
        "squawk": "1000",
        "spi": false,
        "position_source": 0
      }
    },
    {
      "type": "Feature",
      "geometry": {
        "type": "Point",
        "coordinates": [
          8.7438,
          47.2743
        ]
      },
      "properties": {
        "icao24": "44061c",
        "callsign": "EJU54YE",
        "origin_country": "Austria",
        "time_position": 1786962055,
        "last_contact": 1786962055,
        "baro_altitude": 11887.2,
        "on_ground": false,
        "velocity": 255.53,
        "true_track": 131.33,
        "vertical_rate": 0,
        "geo_altitude": 12313.92,
        "squawk": "1000",
        "spi": false,
        "position_source": 0
      }
    },
    {
      "type": "Feature",
      "geometry": {
        "type": "Point",
        "coordinates": [
          12.7326,
          43.806
        ]
      },
      "properties": {
        "icao24": "45aa4f",
        "callsign": "DTR1711",
        "origin_country": "Denmark",
        "time_position": 1786962054,
        "last_contact": 1786962054,
        "baro_altitude": 3124.2,
        "on_ground": false,
        "velocity": 145.94,
        "true_track": 120.27,
        "vertical_rate": -3.58,
        "geo_altitude": 3307.08,
        "squawk": "1000",
        "spi": false,
        "position_source": 0
      }
    },
    {
      "type": "Feature",
      "geometry": {
        "type": "Point",
        "coordinates": [
          18.8547,
          43.5706
        ]
      },
      "properties": {
        "icao24": "06a072",
        "callsign": "QTR17E",
        "origin_country": "Qatar",
        "time_position": 1786962048,
        "last_contact": 1786962052,
        "baro_altitude": 10058.4,
        "on_ground": false,
        "velocity": 253.99,
        "true_track": 133.52,
        "vertical_rate": 0,
        "geo_altitude": 10538.46,
        "squawk": "2255",
        "spi": false,
        "position_source": 0
      }
    },
    {
      "type": "Feature",
      "geometry": {
        "type": "Point",
        "coordinates": [
          7.5324,
          47.5976
        ]
      },
      "properties": {
        "icao24": "3829ff",
        "callsign": "GTA1",
        "origin_country": "France",
        "time_position": 1786961907,
        "last_contact": 1786961907,
        "baro_altitude": null,
        "on_ground": true,
        "velocity": 8.23,
        "true_track": 154.69,
        "vertical_rate": null,
        "geo_altitude": null,
        "squawk": null,
        "spi": false,
        "position_source": 0
      }
    },
    {
      "type": "Feature",
      "geometry": {
        "type": "Point",
        "coordinates": [
          15.9578,
          42.9966
        ]
      },
      "properties": {
        "icao24": "3949f4",
        "callsign": "AFR877",
        "origin_country": "France",
        "time_position": 1786962043,
        "last_contact": 1786962055,
        "baro_altitude": 10668,
        "on_ground": false,
        "velocity": 245.84,
        "true_track": 137.8,
        "vertical_rate": 0,
        "geo_altitude": 11178.54,
        "squawk": "0233",
        "spi": false,
        "position_source": 0
      }
    },
    {
      "type": "Feature",
      "geometry": {
        "type": "Point",
        "coordinates": [
          12.649,
          38.3465
        ]
      },
      "properties": {
        "icao24": "4010da",
        "callsign": "EFW12LS",
        "origin_country": "United Kingdom",
        "time_position": 1786962055,
        "last_contact": 1786962055,
        "baro_altitude": 10347.96,
        "on_ground": false,
        "velocity": 219.57,
        "true_track": 343.39,
        "vertical_rate": 0,
        "geo_altitude": 10873.74,
        "squawk": "6574",
        "spi": false,
        "position_source": 0
      }
    },
    {
      "type": "Feature",
      "geometry": {
        "type": "Point",
        "coordinates": [
          14.7106,
          41.0843
        ]
      },
      "properties": {
        "icao24": "4406f0",
        "callsign": "EJU839Z",
        "origin_country": "Austria",
        "time_position": 1786961758,
        "last_contact": 1786961762,
        "baro_altitude": 2202.18,
        "on_ground": false,
        "velocity": 120.77,
        "true_track": 224.65,
        "vertical_rate": -6.5,
        "geo_altitude": 2377.44,
        "squawk": "1000",
        "spi": false,
        "position_source": 0
      }
    },
    {
      "type": "Feature",
      "geometry": {
        "type": "Point",
        "coordinates": [
          7.3142,
          43.6578
        ]
      },
      "properties": {
        "icao24": "392651",
        "callsign": "FGJSR",
        "origin_country": "France",
        "time_position": 1786962055,
        "last_contact": 1786962055,
        "baro_altitude": 160.02,
        "on_ground": false,
        "velocity": 61.57,
        "true_track": 80.38,
        "vertical_rate": 0,
        "geo_altitude": 205.74,
        "squawk": null,
        "spi": false,
        "position_source": 0
      }
    },
    {
      "type": "Feature",
      "geometry": {
        "type": "Point",
        "coordinates": [
          7.8426,
          47.507
        ]
      },
      "properties": {
        "icao24": "407f35",
        "callsign": "EZY16AE",
        "origin_country": "United Kingdom",
        "time_position": 1786962054,
        "last_contact": 1786962054,
        "baro_altitude": 11277.6,
        "on_ground": false,
        "velocity": 248.69,
        "true_track": 123.53,
        "vertical_rate": 0,
        "geo_altitude": 11711.94,
        "squawk": "2170",
        "spi": false,
        "position_source": 0
      }
    },
    {
      "type": "Feature",
      "geometry": {
        "type": "Point",
        "coordinates": [
          15.3306,
          46.5003
        ]
      },
      "properties": {
        "icao24": "ae0a54",
        "callsign": "DUKE75",
        "origin_country": "United States",
        "time_position": 1786962054,
        "last_contact": 1786962054,
        "baro_altitude": 8534.4,
        "on_ground": false,
        "velocity": 123.17,
        "true_track": 318.39,
        "vertical_rate": 0,
        "geo_altitude": 8938.26,
        "squawk": "2660",
        "spi": false,
        "position_source": 0
      }
    },
    {
      "type": "Feature",
      "geometry": {
        "type": "Point",
        "coordinates": [
          10.5883,
          41.9632
        ]
      },
      "properties": {
        "icao24": "407f7b",
        "callsign": "EXS66DP",
        "origin_country": "United Kingdom",
        "time_position": 1786962055,
        "last_contact": 1786962055,
        "baro_altitude": 10972.8,
        "on_ground": false,
        "velocity": 222.42,
        "true_track": 312.84,
        "vertical_rate": 0,
        "geo_altitude": 11498.58,
        "squawk": "3770",
        "spi": false,
        "position_source": 0
      }
    },
    {
      "type": "Feature",
      "geometry": {
        "type": "Point",
        "coordinates": [
          6.1491,
          44.9614
        ]
      },
      "properties": {
        "icao24": "407f65",
        "callsign": "EZY41JK",
        "origin_country": "United Kingdom",
        "time_position": 1786962055,
        "last_contact": 1786962055,
        "baro_altitude": 10965.18,
        "on_ground": false,
        "velocity": 198.66,
        "true_track": 327.59,
        "vertical_rate": 0,
        "geo_altitude": 11468.1,
        "squawk": "4015",
        "spi": false,
        "position_source": 0
      }
    },
    {
      "type": "Feature",
      "geometry": {
        "type": "Point",
        "coordinates": [
          16.5229,
          43.1207
        ]
      },
      "properties": {
        "icao24": "407f64",
        "callsign": "EZY43DX",
        "origin_country": "United Kingdom",
        "time_position": 1786962055,
        "last_contact": 1786962055,
        "baro_altitude": 9121.14,
        "on_ground": false,
        "velocity": 229.77,
        "true_track": 306.07,
        "vertical_rate": 7.48,
        "geo_altitude": 9547.86,
        "squawk": null,
        "spi": false,
        "position_source": 0
      }
    },
    {
      "type": "Feature",
      "geometry": {
        "type": "Point",
        "coordinates": [
          13.6839,
          47.6234
        ]
      },
      "properties": {
        "icao24": "3e2280",
        "callsign": "DIEGM",
        "origin_country": "Germany",
        "time_position": 1786962055,
        "last_contact": 1786962055,
        "baro_altitude": 9144,
        "on_ground": false,
        "velocity": 200.64,
        "true_track": 327.25,
        "vertical_rate": 0,
        "geo_altitude": 9502.14,
        "squawk": "4522",
        "spi": false,
        "position_source": 0
      }
    },
    {
      "type": "Feature",
      "geometry": {
        "type": "Point",
        "coordinates": [
          8.8586,
          45.1531
        ]
      },
      "properties": {
        "icao24": "3c9258",
        "callsign": "DCS105",
        "origin_country": "Germany",
        "time_position": 1786962054,
        "last_contact": 1786962054,
        "baro_altitude": 10309.86,
        "on_ground": false,
        "velocity": 226.11,
        "true_track": 215.46,
        "vertical_rate": -4.88,
        "geo_altitude": 10759.44,
        "squawk": "1000",
        "spi": false,
        "position_source": 0
      }
    },
    {
      "type": "Feature",
      "geometry": {
        "type": "Point",
        "coordinates": [
          14.5657,
          36.421
        ]
      },
      "properties": {
        "icao24": "48c2ad",
        "callsign": "RYR9WG",
        "origin_country": "Poland",
        "time_position": 1786962055,
        "last_contact": 1786962055,
        "baro_altitude": 3741.42,
        "on_ground": false,
        "velocity": 192,
        "true_track": 171.37,
        "vertical_rate": -17.23,
        "geo_altitude": 4008.12,
        "squawk": "7366",
        "spi": false,
        "position_source": 0
      }
    },
    {
      "type": "Feature",
      "geometry": {
        "type": "Point",
        "coordinates": [
          17.4494,
          46.983
        ]
      },
      "properties": {
        "icao24": "48c2ab",
        "callsign": "RYR34KC",
        "origin_country": "Poland",
        "time_position": 1786962054,
        "last_contact": 1786962054,
        "baro_altitude": 11582.4,
        "on_ground": false,
        "velocity": 212.72,
        "true_track": 208.61,
        "vertical_rate": 0,
        "geo_altitude": 12024.36,
        "squawk": "5560",
        "spi": false,
        "position_source": 0
      }
    },
    {
      "type": "Feature",
      "geometry": {
        "type": "Point",
        "coordinates": [
          9.5054,
          44.4663
        ]
      },
      "properties": {
        "icao24": "48c2ac",
        "callsign": "RYR29EN",
        "origin_country": "Poland",
        "time_position": 1786962055,
        "last_contact": 1786962055,
        "baro_altitude": 10972.8,
        "on_ground": false,
        "velocity": 246.34,
        "true_track": 36.08,
        "vertical_rate": 0,
        "geo_altitude": 11468.1,
        "squawk": "1000",
        "spi": false,
        "position_source": 0
      }
    },
    {
      "type": "Feature",
      "geometry": {
        "type": "Point",
        "coordinates": [
          13.9613,
          45.9654
        ]
      },
      "properties": {
        "icao24": "48c2b1",
        "callsign": "RYR44MW",
        "origin_country": "Poland",
        "time_position": 1786962055,
        "last_contact": 1786962055,
        "baro_altitude": 11582.4,
        "on_ground": false,
        "velocity": 219.98,
        "true_track": 189.29,
        "vertical_rate": 0,
        "geo_altitude": 12047.22,
        "squawk": "1000",
        "spi": false,
        "position_source": 0
      }
    },
    {
      "type": "Feature",
      "geometry": {
        "type": "Point",
        "coordinates": [
          18.2242,
          39.732
        ]
      },
      "properties": {
        "icao24": "45ab53",
        "callsign": "JTD228",
        "origin_country": "Denmark",
        "time_position": 1786962055,
        "last_contact": 1786962055,
        "baro_altitude": 11582.4,
        "on_ground": false,
        "velocity": 219.26,
        "true_track": 306.41,
        "vertical_rate": 0,
        "geo_altitude": 12123.42,
        "squawk": null,
        "spi": false,
        "position_source": 0
      }
    },
    {
      "type": "Feature",
      "geometry": {
        "type": "Point",
        "coordinates": [
          6.9635,
          46.3888
        ]
      },
      "properties": {
        "icao24": "4b4398",
        "callsign": "HBZPO",
        "origin_country": "Switzerland",
        "time_position": 1786962021,
        "last_contact": 1786962022,
        "baro_altitude": 1584.96,
        "on_ground": false,
        "velocity": 15.27,
        "true_track": 212.62,
        "vertical_rate": -6.18,
        "geo_altitude": 1722.12,
        "squawk": "7000",
        "spi": false,
        "position_source": 0
      }
    },
    {
      "type": "Feature",
      "geometry": {
        "type": "Point",
        "coordinates": [
          14.9802,
          45.4131
        ]
      },
      "properties": {
        "icao24": "49d045",
        "callsign": "NTF580T",
        "origin_country": "Czech Republic",
        "time_position": 1786962055,
        "last_contact": 1786962055,
        "baro_altitude": 12184.38,
        "on_ground": false,
        "velocity": 196.93,
        "true_track": 264.45,
        "vertical_rate": 0,
        "geo_altitude": 12664.44,
        "squawk": "1000",
        "spi": false,
        "position_source": 0
      }
    },
    {
      "type": "Feature",
      "geometry": {
        "type": "Point",
        "coordinates": [
          18.7313,
          44.0817
        ]
      },
      "properties": {
        "icao24": "45ab23",
        "callsign": "JTD624",
        "origin_country": "Denmark",
        "time_position": 1786962054,
        "last_contact": 1786962054,
        "baro_altitude": 11582.4,
        "on_ground": false,
        "velocity": 236.07,
        "true_track": 346.39,
        "vertical_rate": 0,
        "geo_altitude": 12092.94,
        "squawk": "4554",
        "spi": false,
        "position_source": 0
      }
    },
    {
      "type": "Feature",
      "geometry": {
        "type": "Point",
        "coordinates": [
          9.9911,
          44.5904
        ]
      },
      "properties": {
        "icao24": "48c135",
        "callsign": "RYR45TF",
        "origin_country": "Poland",
        "time_position": 1786962055,
        "last_contact": 1786962055,
        "baro_altitude": 10972.8,
        "on_ground": false,
        "velocity": 246.94,
        "true_track": 39.76,
        "vertical_rate": 0,
        "geo_altitude": 11452.86,
        "squawk": "1000",
        "spi": false,
        "position_source": 0
      }
    },
    {
      "type": "Feature",
      "geometry": {
        "type": "Point",
        "coordinates": [
          14.1926,
          40.5598
        ]
      },
      "properties": {
        "icao24": "48c133",
        "callsign": "RYR4C",
        "origin_country": "Poland",
        "time_position": 1786962055,
        "last_contact": 1786962055,
        "baro_altitude": 11277.6,
        "on_ground": false,
        "velocity": 234.7,
        "true_track": 196.69,
        "vertical_rate": 0,
        "geo_altitude": 11803.38,
        "squawk": "1000",
        "spi": false,
        "position_source": 0
      }
    },
    {
      "type": "Feature",
      "geometry": {
        "type": "Point",
        "coordinates": [
          18.7765,
          38.5549
        ]
      },
      "properties": {
        "icao24": "440481",
        "callsign": "AOJ79E",
        "origin_country": "Austria",
        "time_position": 1786962042,
        "last_contact": 1786962042,
        "baro_altitude": 10058.4,
        "on_ground": false,
        "velocity": 247.39,
        "true_track": 101.64,
        "vertical_rate": -1.3,
        "geo_altitude": 10553.7,
        "squawk": "2211",
        "spi": false,
        "position_source": 0
      }
    },
    {
      "type": "Feature",
      "geometry": {
        "type": "Point",
        "coordinates": [
          8.5665,
          45.0127
        ]
      },
      "properties": {
        "icao24": "440469",
        "callsign": "EJU6856",
        "origin_country": "Austria",
        "time_position": 1786962055,
        "last_contact": 1786962055,
        "baro_altitude": 11574.78,
        "on_ground": false,
        "velocity": 213,
        "true_track": 280.58,
        "vertical_rate": 0,
        "geo_altitude": 12054.84,
        "squawk": "7342",
        "spi": false,
        "position_source": 0
      }
    },
    {
      "type": "Feature",
      "geometry": {
        "type": "Point",
        "coordinates": [
          10.5009,
          40.2769
        ]
      },
      "properties": {
        "icao24": "342091",
        "callsign": "IBE08HP",
        "origin_country": "Spain",
        "time_position": 1786962054,
        "last_contact": 1786962055,
        "baro_altitude": 11269.98,
        "on_ground": false,
        "velocity": 240.14,
        "true_track": 100.49,
        "vertical_rate": -0.33,
        "geo_altitude": 11803.38,
        "squawk": "1450",
        "spi": false,
        "position_source": 0
      }
    },
    {
      "type": "Feature",
      "geometry": {
        "type": "Point",
        "coordinates": [
          18.9393,
          41.7539
        ]
      },
      "properties": {
        "icao24": "44042a",
        "callsign": "LDX350",
        "origin_country": "Austria",
        "time_position": 1786962050,
        "last_contact": 1786962052,
        "baro_altitude": 12496.8,
        "on_ground": false,
        "velocity": 248.99,
        "true_track": 129.21,
        "vertical_rate": -0.33,
        "geo_altitude": 13037.82,
        "squawk": "3023",
        "spi": false,
        "position_source": 0
      }
    },
    {
      "type": "Feature",
      "geometry": {
        "type": "Point",
        "coordinates": [
          15.8743,
          41.2094
        ]
      },
      "properties": {
        "icao24": "4bb84e",
        "callsign": "PGT74ER",
        "origin_country": "Turkey",
        "time_position": 1786962053,
        "last_contact": 1786962054,
        "baro_altitude": 10980.42,
        "on_ground": false,
        "velocity": 233.05,
        "true_track": 285.75,
        "vertical_rate": 0,
        "geo_altitude": 11498.58,
        "squawk": "2312",
        "spi": false,
        "position_source": 0
      }
    },
    {
      "type": "Feature",
      "geometry": {
        "type": "Point",
        "coordinates": [
          8.6236,
          40.7343
        ]
      },
      "properties": {
        "icao24": "344699",
        "callsign": "VLG9YM",
        "origin_country": "Spain",
        "time_position": 1786962054,
        "last_contact": 1786962054,
        "baro_altitude": 10363.2,
        "on_ground": false,
        "velocity": 242.02,
        "true_track": 85.49,
        "vertical_rate": 0.33,
        "geo_altitude": 10911.84,
        "squawk": "1000",
        "spi": false,
        "position_source": 0
      }
    },
    {
      "type": "Feature",
      "geometry": {
        "type": "Point",
        "coordinates": [
          8.5382,
          46.643
        ]
      },
      "properties": {
        "icao24": "46a5e3",
        "callsign": "SEH5DH",
        "origin_country": "Greece",
        "time_position": 1786962054,
        "last_contact": 1786962055,
        "baro_altitude": 11277.6,
        "on_ground": false,
        "velocity": 241.28,
        "true_track": 142.89,
        "vertical_rate": 0.33,
        "geo_altitude": 11727.18,
        "squawk": "5640",
        "spi": false,
        "position_source": 0
      }
    },
    {
      "type": "Feature",
      "geometry": {
        "type": "Point",
        "coordinates": [
          8.7373,
          45.6164
        ]
      },
      "properties": {
        "icao24": "4402f1",
        "callsign": "EJU17DW",
        "origin_country": "Austria",
        "time_position": 1786962053,
        "last_contact": 1786962053,
        "baro_altitude": null,
        "on_ground": true,
        "velocity": 0,
        "true_track": 348.75,
        "vertical_rate": null,
        "geo_altitude": null,
        "squawk": null,
        "spi": false,
        "position_source": 0
      }
    },
    {
      "type": "Feature",
      "geometry": {
        "type": "Point",
        "coordinates": [
          16.4989,
          45.5756
        ]
      },
      "properties": {
        "icao24": "4bb864",
        "callsign": "PGT276N",
        "origin_country": "Turkey",
        "time_position": 1786962055,
        "last_contact": 1786962055,
        "baro_altitude": 10675.62,
        "on_ground": false,
        "velocity": 242.31,
        "true_track": 117.71,
        "vertical_rate": 0,
        "geo_altitude": 11155.68,
        "squawk": "3010",
        "spi": false,
        "position_source": 0
      }
    },
    {
      "type": "Feature",
      "geometry": {
        "type": "Point",
        "coordinates": [
          7.881,
          47.2376
        ]
      },
      "properties": {
        "icao24": "469e41",
        "callsign": "SEH7WA",
        "origin_country": "Greece",
        "time_position": 1786962054,
        "last_contact": 1786962054,
        "baro_altitude": 10972.8,
        "on_ground": false,
        "velocity": 218.46,
        "true_track": 293.3,
        "vertical_rate": 0,
        "geo_altitude": 11407.14,
        "squawk": "2771",
        "spi": false,
        "position_source": 0
      }
    },
    {
      "type": "Feature",
      "geometry": {
        "type": "Point",
        "coordinates": [
          6.727,
          46.3997
        ]
      },
      "properties": {
        "icao24": "469e42",
        "callsign": "SEH9DG",
        "origin_country": "Greece",
        "time_position": 1786962054,
        "last_contact": 1786962054,
        "baro_altitude": 9753.6,
        "on_ground": false,
        "velocity": 204.11,
        "true_track": 324.75,
        "vertical_rate": 0,
        "geo_altitude": 10210.8,
        "squawk": "1000",
        "spi": false,
        "position_source": 0
      }
    },
    {
      "type": "Feature",
      "geometry": {
        "type": "Point",
        "coordinates": [
          10.991,
          44.6151
        ]
      },
      "properties": {
        "icao24": "46b8b6",
        "callsign": "AEE5ZH",
        "origin_country": "Greece",
        "time_position": 1786962055,
        "last_contact": 1786962055,
        "baro_altitude": 11887.2,
        "on_ground": false,
        "velocity": 244.56,
        "true_track": 114.08,
        "vertical_rate": 0,
        "geo_altitude": 12374.88,
        "squawk": "3026",
        "spi": false,
        "position_source": 0
      }
    },
    {
      "type": "Feature",
      "geometry": {
        "type": "Point",
        "coordinates": [
          9.8945,
          40.8941
        ]
      },
      "properties": {
        "icao24": "06a129",
        "callsign": "QTR58G",
        "origin_country": "Qatar",
        "time_position": 1786962054,
        "last_contact": 1786962054,
        "baro_altitude": 11277.6,
        "on_ground": false,
        "velocity": 238.72,
        "true_track": 269.26,
        "vertical_rate": 0,
        "geo_altitude": 11818.62,
        "squawk": "1336",
        "spi": false,
        "position_source": 0
      }
    },
    {
      "type": "Feature",
      "geometry": {
        "type": "Point",
        "coordinates": [
          15.1664,
          44.3406
        ]
      },
      "properties": {
        "icao24": "06a11f",
        "callsign": "QTR35P",
        "origin_country": "Qatar",
        "time_position": 1786962054,
        "last_contact": 1786962055,
        "baro_altitude": 11887.2,
        "on_ground": false,
        "velocity": 256.62,
        "true_track": 122.22,
        "vertical_rate": 0,
        "geo_altitude": 12390.12,
        "squawk": "2710",
        "spi": false,
        "position_source": 0
      }
    },
    {
      "type": "Feature",
      "geometry": {
        "type": "Point",
        "coordinates": [
          18.2879,
          46.6838
        ]
      },
      "properties": {
        "icao24": "06a11d",
        "callsign": "QTR20V",
        "origin_country": "Qatar",
        "time_position": 1786962055,
        "last_contact": 1786962055,
        "baro_altitude": 10363.2,
        "on_ground": false,
        "velocity": 247.57,
        "true_track": 325.58,
        "vertical_rate": 0,
        "geo_altitude": 10805.16,
        "squawk": "6004",
        "spi": false,
        "position_source": 0
      }
    },
    {
      "type": "Feature",
      "geometry": {
        "type": "Point",
        "coordinates": [
          12.0719,
          39.6509
        ]
      },
      "properties": {
        "icao24": "06a137",
        "callsign": "QTR80C",
        "origin_country": "Qatar",
        "time_position": 1786962055,
        "last_contact": 1786962055,
        "baro_altitude": 10363.2,
        "on_ground": false,
        "velocity": 236.74,
        "true_track": 285.24,
        "vertical_rate": 0,
        "geo_altitude": 10904.22,
        "squawk": "2025",
        "spi": false,
        "position_source": 0
      }
    },
    {
      "type": "Feature",
      "geometry": {
        "type": "Point",
        "coordinates": [
          9.1922,
          44.4742
        ]
      },
      "properties": {
        "icao24": "4404e9",
        "callsign": "OEGGM",
        "origin_country": "Austria",
        "time_position": 1786962054,
        "last_contact": 1786962055,
        "baro_altitude": 9806.94,
        "on_ground": false,
        "velocity": 229,
        "true_track": 192.85,
        "vertical_rate": -4.88,
        "geo_altitude": 10264.14,
        "squawk": "2766",
        "spi": false,
        "position_source": 0
      }
    },
    {
      "type": "Feature",
      "geometry": {
        "type": "Point",
        "coordinates": [
          13.1919,
          44.0324
        ]
      },
      "properties": {
        "icao24": "06a12e",
        "callsign": "QTR16A",
        "origin_country": "Qatar",
        "time_position": 1786962055,
        "last_contact": 1786962055,
        "baro_altitude": 10972.8,
        "on_ground": false,
        "velocity": 241.58,
        "true_track": 288.63,
        "vertical_rate": 0.33,
        "geo_altitude": 11460.48,
        "squawk": "7357",
        "spi": false,
        "position_source": 0
      }
    },
    {
      "type": "Feature",
      "geometry": {
        "type": "Point",
        "coordinates": [
          17.115,
          47.4433
        ]
      },
      "properties": {
        "icao24": "06a146",
        "callsign": "QTR003",
        "origin_country": "Qatar",
        "time_position": 1786962054,
        "last_contact": 1786962055,
        "baro_altitude": 11582.4,
        "on_ground": false,
        "velocity": 223.52,
        "true_track": 298.45,
        "vertical_rate": 0,
        "geo_altitude": 12016.74,
        "squawk": "2664",
        "spi": false,
        "position_source": 0
      }
    },
    {
      "type": "Feature",
      "geometry": {
        "type": "Point",
        "coordinates": [
          9.7598,
          45.4308
        ]
      },
      "properties": {
        "icao24": "468d07",
        "callsign": "SEH5IR",
        "origin_country": "Greece",
        "time_position": 1786962054,
        "last_contact": 1786962054,
        "baro_altitude": 11292.84,
        "on_ground": false,
        "velocity": 237.24,
        "true_track": 131.57,
        "vertical_rate": 0,
        "geo_altitude": 11765.28,
        "squawk": "0110",
        "spi": false,
        "position_source": 0
      }
    },
    {
      "type": "Feature",
      "geometry": {
        "type": "Point",
        "coordinates": [
          14.4961,
          35.8448
        ]
      },
      "properties": {
        "icao24": "48c22d",
        "callsign": "RYR2QK",
        "origin_country": "Poland",
        "time_position": 1786962041,
        "last_contact": 1786962041,
        "baro_altitude": null,
        "on_ground": true,
        "velocity": 2.57,
        "true_track": 149.06,
        "vertical_rate": null,
        "geo_altitude": null,
        "squawk": null,
        "spi": false,
        "position_source": 0
      }
    },
    {
      "type": "Feature",
      "geometry": {
        "type": "Point",
        "coordinates": [
          15.4058,
          43.2381
        ]
      },
      "properties": {
        "icao24": "406a92",
        "callsign": "EZY28NJ",
        "origin_country": "United Kingdom",
        "time_position": 1786962054,
        "last_contact": 1786962055,
        "baro_altitude": 10972.8,
        "on_ground": false,
        "velocity": 232.57,
        "true_track": 313.12,
        "vertical_rate": 0.33,
        "geo_altitude": 11490.96,
        "squawk": "3704",
        "spi": false,
        "position_source": 0
      }
    },
    {
      "type": "Feature",
      "geometry": {
        "type": "Point",
        "coordinates": [
          14.3292,
          45.1525
        ]
      },
      "properties": {
        "icao24": "48c222",
        "callsign": "RYR8YH",
        "origin_country": "Poland",
        "time_position": 1786962055,
        "last_contact": 1786962055,
        "baro_altitude": 11582.4,
        "on_ground": false,
        "velocity": 245.68,
        "true_track": 66.82,
        "vertical_rate": 0,
        "geo_altitude": 12070.08,
        "squawk": "1000",
        "spi": false,
        "position_source": 0
      }
    },
    {
      "type": "Feature",
      "geometry": {
        "type": "Point",
        "coordinates": [
          14.0891,
          47.5618
        ]
      },
      "properties": {
        "icao24": "47a218",
        "callsign": "NOZ1871",
        "origin_country": "Norway",
        "time_position": 1786962054,
        "last_contact": 1786962054,
        "baro_altitude": 10972.8,
        "on_ground": false,
        "velocity": 246.73,
        "true_track": 37.2,
        "vertical_rate": 0,
        "geo_altitude": 11391.9,
        "squawk": "1226",
        "spi": false,
        "position_source": 0
      }
    },
    {
      "type": "Feature",
      "geometry": {
        "type": "Point",
        "coordinates": [
          12.1332,
          36.0553
        ]
      },
      "properties": {
        "icao24": "500548",
        "callsign": "T7AAT",
        "origin_country": "San Marino",
        "time_position": 1786962054,
        "last_contact": 1786962054,
        "baro_altitude": 12192,
        "on_ground": false,
        "velocity": 212.53,
        "true_track": 268.61,
        "vertical_rate": 0,
        "geo_altitude": 12885.42,
        "squawk": "2313",
        "spi": false,
        "position_source": 0
      }
    },
    {
      "type": "Feature",
      "geometry": {
        "type": "Point",
        "coordinates": [
          15.6557,
          46.1828
        ]
      },
      "properties": {
        "icao24": "406a02",
        "callsign": "BAW628",
        "origin_country": "United Kingdom",
        "time_position": 1786962055,
        "last_contact": 1786962055,
        "baro_altitude": 11269.98,
        "on_ground": false,
        "velocity": 239.83,
        "true_track": 130.21,
        "vertical_rate": -0.33,
        "geo_altitude": 11750.04,
        "squawk": "4734",
        "spi": false,
        "position_source": 0
      }
    },
    {
      "type": "Feature",
      "geometry": {
        "type": "Point",
        "coordinates": [
          11.1883,
          36.089
        ]
      },
      "properties": {
        "icao24": "06a106",
        "callsign": "QTR83R",
        "origin_country": "Qatar",
        "time_position": 1786962054,
        "last_contact": 1786962054,
        "baro_altitude": 12192,
        "on_ground": false,
        "velocity": 227.95,
        "true_track": 278.7,
        "vertical_rate": 0,
        "geo_altitude": 12893.04,
        "squawk": "7734",
        "spi": false,
        "position_source": 0
      }
    },
    {
      "type": "Feature",
      "geometry": {
        "type": "Point",
        "coordinates": [
          10.8379,
          42.8199
        ]
      },
      "properties": {
        "icao24": "440591",
        "callsign": "GAC737Y",
        "origin_country": "Austria",
        "time_position": 1786962054,
        "last_contact": 1786962055,
        "baro_altitude": 10058.4,
        "on_ground": false,
        "velocity": 163.33,
        "true_track": 198.55,
        "vertical_rate": 0,
        "geo_altitude": 10553.7,
        "squawk": "5115",
        "spi": false,
        "position_source": 0
      }
    },
    {
      "type": "Feature",
      "geometry": {
        "type": "Point",
        "coordinates": [
          13.0293,
          45.4367
        ]
      },
      "properties": {
        "icao24": "3c9061",
        "callsign": "DCS405",
        "origin_country": "Germany",
        "time_position": 1786962054,
        "last_contact": 1786962055,
        "baro_altitude": 12496.8,
        "on_ground": false,
        "velocity": 216.27,
        "true_track": 252.99,
        "vertical_rate": 0,
        "geo_altitude": 12984.48,
        "squawk": "1000",
        "spi": false,
        "position_source": 0
      }
    },
    {
      "type": "Feature",
      "geometry": {
        "type": "Point",
        "coordinates": [
          16.8043,
          46.1489
        ]
      },
      "properties": {
        "icao24": "440549",
        "callsign": "AUA742L",
        "origin_country": "Austria",
        "time_position": 1786962055,
        "last_contact": 1786962055,
        "baro_altitude": 9898.38,
        "on_ground": false,
        "velocity": 238.99,
        "true_track": 336.8,
        "vertical_rate": -4.88,
        "geo_altitude": 10347.96,
        "squawk": "7111",
        "spi": false,
        "position_source": 0
      }
    },
    {
      "type": "Feature",
      "geometry": {
        "type": "Point",
        "coordinates": [
          14.3271,
          36.0873
        ]
      },
      "properties": {
        "icao24": "3d3999",
        "callsign": "DEUBH",
        "origin_country": "Germany",
        "time_position": 1786962054,
        "last_contact": 1786962054,
        "baro_altitude": 579.12,
        "on_ground": false,
        "velocity": 46.34,
        "true_track": 67.14,
        "vertical_rate": 0.98,
        "geo_altitude": 662.94,
        "squawk": "3606",
        "spi": false,
        "position_source": 0
      }
    },
    {
      "type": "Feature",
      "geometry": {
        "type": "Point",
        "coordinates": [
          7.0605,
          44.5978
        ]
      },
      "properties": {
        "icao24": "4acaaf",
        "callsign": "SAS4703",
        "origin_country": "Sweden",
        "time_position": 1786962055,
        "last_contact": 1786962055,
        "baro_altitude": 8831.58,
        "on_ground": false,
        "velocity": 238.41,
        "true_track": 170.44,
        "vertical_rate": -1.95,
        "geo_altitude": 9296.4,
        "squawk": "0733",
        "spi": false,
        "position_source": 0
      }
    },
    {
      "type": "Feature",
      "geometry": {
        "type": "Point",
        "coordinates": [
          18.1777,
          42.035
        ]
      },
      "properties": {
        "icao24": "4a2182",
        "callsign": "HLJ3EH",
        "origin_country": "Romania",
        "time_position": 1786962048,
        "last_contact": 1786962048,
        "baro_altitude": 10972.8,
        "on_ground": false,
        "velocity": 229.4,
        "true_track": 352.4,
        "vertical_rate": 0,
        "geo_altitude": 11490.96,
        "squawk": "5521",
        "spi": false,
        "position_source": 0
      }
    },
    {
      "type": "Feature",
      "geometry": {
        "type": "Point",
        "coordinates": [
          7.7902,
          45.1188
        ]
      },
      "properties": {
        "icao24": "4403bd",
        "callsign": "IJM572",
        "origin_country": "Austria",
        "time_position": 1786962054,
        "last_contact": 1786962055,
        "baro_altitude": 12192,
        "on_ground": false,
        "velocity": 227.95,
        "true_track": 278.7,
        "vertical_rate": 0,
        "geo_altitude": 12687.3,
        "squawk": "7344",
        "spi": false,
        "position_source": 0
      }
    },
    {
      "type": "Feature",
      "geometry": {
        "type": "Point",
        "coordinates": [
          6.6214,
          45.6705
        ]
      },
      "properties": {
        "icao24": "39bb20",
        "callsign": "AFR35BQ",
        "origin_country": "France",
        "time_position": 1786962054,
        "last_contact": 1786962055,
        "baro_altitude": 8595.36,
        "on_ground": false,
        "velocity": 241.96,
        "true_track": 114.49,
        "vertical_rate": -4.88,
        "geo_altitude": 9022.08,
        "squawk": "1000",
        "spi": false,
        "position_source": 0
      }
    },
    {
      "type": "Feature",
      "geometry": {
        "type": "Point",
        "coordinates": [
          11.8959,
          40.1597
        ]
      },
      "properties": {
        "icao24": "408124",
        "callsign": "EXS650",
        "origin_country": "United Kingdom",
        "time_position": 1786962054,
        "last_contact": 1786962054,
        "baro_altitude": 10972.8,
        "on_ground": false,
        "velocity": 218.66,
        "true_track": 342.33,
        "vertical_rate": 0,
        "geo_altitude": 11498.58,
        "squawk": "6567",
        "spi": false,
        "position_source": 0
      }
    },
    {
      "type": "Feature",
      "geometry": {
        "type": "Point",
        "coordinates": [
          8.5493,
          47.4604
        ]
      },
      "properties": {
        "icao24": "4b1804",
        "callsign": "SWR3TE",
        "origin_country": "Switzerland",
        "time_position": 1786962055,
        "last_contact": 1786962055,
        "baro_altitude": null,
        "on_ground": true,
        "velocity": 7.46,
        "true_track": 154.69,
        "vertical_rate": null,
        "geo_altitude": null,
        "squawk": "1000",
        "spi": false,
        "position_source": 0
      }
    },
    {
      "type": "Feature",
      "geometry": {
        "type": "Point",
        "coordinates": [
          8.5563,
          47.4543
        ]
      },
      "properties": {
        "icao24": "4b1805",
        "callsign": "SWR",
        "origin_country": "Switzerland",
        "time_position": 1786962046,
        "last_contact": 1786962050,
        "baro_altitude": null,
        "on_ground": true,
        "velocity": 0,
        "true_track": 185.62,
        "vertical_rate": null,
        "geo_altitude": null,
        "squawk": "1000",
        "spi": false,
        "position_source": 0
      }
    },
    {
      "type": "Feature",
      "geometry": {
        "type": "Point",
        "coordinates": [
          6.2183,
          43.2872
        ]
      },
      "properties": {
        "icao24": "39d228",
        "callsign": "FHURI",
        "origin_country": "France",
        "time_position": 1786962055,
        "last_contact": 1786962055,
        "baro_altitude": 2438.4,
        "on_ground": false,
        "velocity": 81.05,
        "true_track": 290.05,
        "vertical_rate": 0,
        "geo_altitude": 2628.9,
        "squawk": "4742",
        "spi": false,
        "position_source": 0
      }
    },
    {
      "type": "Feature",
      "geometry": {
        "type": "Point",
        "coordinates": [
          7.1155,
          46.804
        ]
      },
      "properties": {
        "icao24": "4b1806",
        "callsign": "SWR8XD",
        "origin_country": "Switzerland",
        "time_position": 1786962054,
        "last_contact": 1786962054,
        "baro_altitude": 7223.76,
        "on_ground": false,
        "velocity": 207.97,
        "true_track": 201.93,
        "vertical_rate": 6.18,
        "geo_altitude": 7581.9,
        "squawk": "1000",
        "spi": false,
        "position_source": 0
      }
    },
    {
      "type": "Feature",
      "geometry": {
        "type": "Point",
        "coordinates": [
          17.8296,
          40.1819
        ]
      },
      "properties": {
        "icao24": "4b1807",
        "callsign": "SWR1820",
        "origin_country": "Switzerland",
        "time_position": 1786962054,
        "last_contact": 1786962054,
        "baro_altitude": 11277.6,
        "on_ground": false,
        "velocity": 247.39,
        "true_track": 134.16,
        "vertical_rate": 0,
        "geo_altitude": 11826.24,
        "squawk": "5710",
        "spi": false,
        "position_source": 0
      }
    },
    {
      "type": "Feature",
      "geometry": {
        "type": "Point",
        "coordinates": [
          6.3869,
          46.3671
        ]
      },
      "properties": {
        "icao24": "4952d2",
        "callsign": "TAP40GV",
        "origin_country": "Portugal",
        "time_position": 1786962054,
        "last_contact": 1786962055,
        "baro_altitude": 1859.28,
        "on_ground": false,
        "velocity": 109.8,
        "true_track": 324.15,
        "vertical_rate": -0.98,
        "geo_altitude": 2011.68,
        "squawk": "2277",
        "spi": false,
        "position_source": 0
      }
    },
    {
      "type": "Feature",
      "geometry": {
        "type": "Point",
        "coordinates": [
          12.2356,
          41.9078
        ]
      },
      "properties": {
        "icao24": "4952d3",
        "callsign": "TAP832",
        "origin_country": "Portugal",
        "time_position": 1786962055,
        "last_contact": 1786962055,
        "baro_altitude": 388.62,
        "on_ground": false,
        "velocity": 82.19,
        "true_track": 163.27,
        "vertical_rate": -3.9,
        "geo_altitude": 457.2,
        "squawk": "2264",
        "spi": false,
        "position_source": 0
      }
    },
    {
      "type": "Feature",
      "geometry": {
        "type": "Point",
        "coordinates": [
          11.0365,
          47.059
        ]
      },
      "properties": {
        "icao24": "4b181c",
        "callsign": "SWR8ZK",
        "origin_country": "Switzerland",
        "time_position": 1786962055,
        "last_contact": 1786962055,
        "baro_altitude": 9372.6,
        "on_ground": false,
        "velocity": 187.3,
        "true_track": 284.8,
        "vertical_rate": -5.53,
        "geo_altitude": 9791.7,
        "squawk": "1000",
        "spi": false,
        "position_source": 0
      }
    },
    {
      "type": "Feature",
      "geometry": {
        "type": "Point",
        "coordinates": [
          8.5595,
          47.4541
        ]
      },
      "properties": {
        "icao24": "4b180a",
        "callsign": "SWR4HZ",
        "origin_country": "Switzerland",
        "time_position": 1786962048,
        "last_contact": 1786962054,
        "baro_altitude": null,
        "on_ground": true,
        "velocity": 0,
        "true_track": 185.62,
        "vertical_rate": null,
        "geo_altitude": null,
        "squawk": "2000",
        "spi": false,
        "position_source": 0
      }
    },
    {
      "type": "Feature",
      "geometry": {
        "type": "Point",
        "coordinates": [
          14.1471,
          41.5435
        ]
      },
      "properties": {
        "icao24": "3c666c",
        "callsign": "DLH6RK",
        "origin_country": "Germany",
        "time_position": 1786962054,
        "last_contact": 1786962054,
        "baro_altitude": 5516.88,
        "on_ground": false,
        "velocity": 161.65,
        "true_track": 132.68,
        "vertical_rate": -6.5,
        "geo_altitude": 5829.3,
        "squawk": "1000",
        "spi": false,
        "position_source": 0
      }
    },
    {
      "type": "Feature",
      "geometry": {
        "type": "Point",
        "coordinates": [
          16.3196,
          38.683
        ]
      },
      "properties": {
        "icao24": "0a00c4",
        "callsign": "DAH3180",
        "origin_country": "Algeria",
        "time_position": 1786962054,
        "last_contact": 1786962055,
        "baro_altitude": 10668,
        "on_ground": false,
        "velocity": 262.1,
        "true_track": 69.43,
        "vertical_rate": 0,
        "geo_altitude": 11209.02,
        "squawk": "1231",
        "spi": false,
        "position_source": 0
      }
    },
    {
      "type": "Feature",
      "geometry": {
        "type": "Point",
        "coordinates": [
          15.1906,
          43.9744
        ]
      },
      "properties": {
        "icao24": "40812d",
        "callsign": "EZY35YP",
        "origin_country": "United Kingdom",
        "time_position": 1786962054,
        "last_contact": 1786962054,
        "baro_altitude": 10980.42,
        "on_ground": false,
        "velocity": 239.11,
        "true_track": 310.2,
        "vertical_rate": 0,
        "geo_altitude": 11483.34,
        "squawk": "2051",
        "spi": false,
        "position_source": 0
      }
    },
    {
      "type": "Feature",
      "geometry": {
        "type": "Point",
        "coordinates": [
          8.5681,
          47.4578
        ]
      },
      "properties": {
        "icao24": "4b1886",
        "callsign": "SWR252B",
        "origin_country": "Switzerland",
        "time_position": 1786962055,
        "last_contact": 1786962055,
        "baro_altitude": null,
        "on_ground": true,
        "velocity": 5.4,
        "true_track": 95.62,
        "vertical_rate": null,
        "geo_altitude": null,
        "squawk": "3075",
        "spi": false,
        "position_source": 0
      }
    },
    {
      "type": "Feature",
      "geometry": {
        "type": "Point",
        "coordinates": [
          15.7235,
          45.7549
        ]
      },
      "properties": {
        "icao24": "3c65d0",
        "callsign": "DLH3FP",
        "origin_country": "Germany",
        "time_position": 1786962054,
        "last_contact": 1786962054,
        "baro_altitude": 11277.6,
        "on_ground": false,
        "velocity": 239.92,
        "true_track": 132.65,
        "vertical_rate": 0,
        "geo_altitude": 11757.66,
        "squawk": "6413",
        "spi": false,
        "position_source": 0
      }
    },
    {
      "type": "Feature",
      "geometry": {
        "type": "Point",
        "coordinates": [
          7.735,
          43.5414
        ]
      },
      "properties": {
        "icao24": "3c65d2",
        "callsign": "DLH99H",
        "origin_country": "Germany",
        "time_position": 1786962054,
        "last_contact": 1786962054,
        "baro_altitude": 1783.08,
        "on_ground": false,
        "velocity": 118.97,
        "true_track": 282.23,
        "vertical_rate": -4.55,
        "geo_altitude": 1912.62,
        "squawk": "1000",
        "spi": false,
        "position_source": 0
      }
    },
    {
      "type": "Feature",
      "geometry": {
        "type": "Point",
        "coordinates": [
          6.3752,
          46.1981
        ]
      },
      "properties": {
        "icao24": "3c65cc",
        "callsign": "DLH02J",
        "origin_country": "Germany",
        "time_position": 1786962054,
        "last_contact": 1786962055,
        "baro_altitude": 7482.84,
        "on_ground": false,
        "velocity": 209.14,
        "true_track": 230.79,
        "vertical_rate": -3.9,
        "geo_altitude": 7871.46,
        "squawk": "1000",
        "spi": false,
        "position_source": 0
      }
    },
    {
      "type": "Feature",
      "geometry": {
        "type": "Point",
        "coordinates": [
          15.1609,
          46.2923
        ]
      },
      "properties": {
        "icao24": "3c65cb",
        "callsign": "DLH1PJ",
        "origin_country": "Germany",
        "time_position": 1786962055,
        "last_contact": 1786962055,
        "baro_altitude": 5212.08,
        "on_ground": false,
        "velocity": 195.89,
        "true_track": 113.2,
        "vertical_rate": -11.05,
        "geo_altitude": 5463.54,
        "squawk": "1000",
        "spi": false,
        "position_source": 0
      }
    },
    {
      "type": "Feature",
      "geometry": {
        "type": "Point",
        "coordinates": [
          15.3662,
          45.3302
        ]
      },
      "properties": {
        "icao24": "516091",
        "callsign": "MNE211",
        "origin_country": "Montenegro",
        "time_position": 1786962055,
        "last_contact": 1786962055,
        "baro_altitude": 7482.84,
        "on_ground": false,
        "velocity": 226.01,
        "true_track": 146.42,
        "vertical_rate": 8.13,
        "geo_altitude": 7833.36,
        "squawk": "6504",
        "spi": false,
        "position_source": 0
      }
    },
    {
      "type": "Feature",
      "geometry": {
        "type": "Point",
        "coordinates": [
          8.8116,
          46.0321
        ]
      },
      "properties": {
        "icao24": "3c6742",
        "callsign": "DLH5NP",
        "origin_country": "Germany",
        "time_position": 1786962054,
        "last_contact": 1786962055,
        "baro_altitude": 6347.46,
        "on_ground": false,
        "velocity": 202.18,
        "true_track": 157.09,
        "vertical_rate": -17.88,
        "geo_altitude": 6690.36,
        "squawk": "1000",
        "spi": false,
        "position_source": 0
      }
    },
    {
      "type": "Feature",
      "geometry": {
        "type": "Point",
        "coordinates": [
          12.2556,
          41.8601
        ]
      },
      "properties": {
        "icao24": "3c6741",
        "callsign": "DLH8PK",
        "origin_country": "Germany",
        "time_position": 1786961915,
        "last_contact": 1786961916,
        "baro_altitude": 106.68,
        "on_ground": false,
        "velocity": 72.24,
        "true_track": 162.6,
        "vertical_rate": -3.9,
        "geo_altitude": 167.64,
        "squawk": "1000",
        "spi": false,
        "position_source": 0
      }
    },
    {
      "type": "Feature",
      "geometry": {
        "type": "Point",
        "coordinates": [
          13.5924,
          47.0608
        ]
      },
      "properties": {
        "icao24": "3c658c",
        "callsign": "DLH8AA",
        "origin_country": "Germany",
        "time_position": 1786962054,
        "last_contact": 1786962055,
        "baro_altitude": 7962.9,
        "on_ground": false,
        "velocity": 203.47,
        "true_track": 140.23,
        "vertical_rate": -7.48,
        "geo_altitude": 8336.28,
        "squawk": "1000",
        "spi": false,
        "position_source": 0
      }
    },
    {
      "type": "Feature",
      "geometry": {
        "type": "Point",
        "coordinates": [
          10.0769,
          35.4658
        ]
      },
      "properties": {
        "icao24": "02a1a6",
        "callsign": "LBT134",
        "origin_country": "Tunisia",
        "time_position": 1786961894,
        "last_contact": 1786961896,
        "baro_altitude": 9845.04,
        "on_ground": false,
        "velocity": 229.62,
        "true_track": 343.07,
        "vertical_rate": 8.13,
        "geo_altitude": 10439.4,
        "squawk": "6160",
        "spi": false,
        "position_source": 0
      }
    },
    {
      "type": "Feature",
      "geometry": {
        "type": "Point",
        "coordinates": [
          11.9521,
          38.6392
        ]
      },
      "properties": {
        "icao24": "02a1a3",
        "callsign": "LBT7816",
        "origin_country": "Tunisia",
        "time_position": 1786962054,
        "last_contact": 1786962054,
        "baro_altitude": 11582.4,
        "on_ground": false,
        "velocity": 247.13,
        "true_track": 34.05,
        "vertical_rate": -0.33,
        "geo_altitude": 12169.14,
        "squawk": "6151",
        "spi": false,
        "position_source": 0
      }
    },
    {
      "type": "Feature",
      "geometry": {
        "type": "Point",
        "coordinates": [
          10.2258,
          40.7754
        ]
      },
      "properties": {
        "icao24": "02a1a1",
        "callsign": "LBT2047",
        "origin_country": "Tunisia",
        "time_position": 1786962055,
        "last_contact": 1786962055,
        "baro_altitude": 10668,
        "on_ground": false,
        "velocity": 240.29,
        "true_track": 161.91,
        "vertical_rate": -0.33,
        "geo_altitude": 11201.4,
        "squawk": "0124",
        "spi": false,
        "position_source": 0
      }
    },
    {
      "type": "Feature",
      "geometry": {
        "type": "Point",
        "coordinates": [
          12.9827,
          39.9394
        ]
      },
      "properties": {
        "icao24": "02a1a2",
        "callsign": "LBT7402",
        "origin_country": "Tunisia",
        "time_position": 1786962054,
        "last_contact": 1786962055,
        "baro_altitude": 10965.18,
        "on_ground": false,
        "velocity": 233.77,
        "true_track": 21.43,
        "vertical_rate": 0.33,
        "geo_altitude": 11483.34,
        "squawk": "6134",
        "spi": false,
        "position_source": 0
      }
    },
    {
      "type": "Feature",
      "geometry": {
        "type": "Point",
        "coordinates": [
          12.3435,
          45.5034
        ]
      },
      "properties": {
        "icao24": "aa44ad",
        "callsign": "UAL169",
        "origin_country": "United States",
        "time_position": 1786961999,
        "last_contact": 1786961999,
        "baro_altitude": null,
        "on_ground": true,
        "velocity": 0,
        "true_track": 177.19,
        "vertical_rate": null,
        "geo_altitude": null,
        "squawk": null,
        "spi": false,
        "position_source": 0
      }
    },
    {
      "type": "Feature",
      "geometry": {
        "type": "Point",
        "coordinates": [
          17.5845,
          44.1556
        ]
      },
      "properties": {
        "icao24": "39d317",
        "callsign": "TVF57LK",
        "origin_country": "France",
        "time_position": 1786962054,
        "last_contact": 1786962054,
        "baro_altitude": 3726.18,
        "on_ground": false,
        "velocity": 164.23,
        "true_track": 123.89,
        "vertical_rate": -7.48,
        "geo_altitude": 4053.84,
        "squawk": "1000",
        "spi": false,
        "position_source": 0
      }
    },
    {
      "type": "Feature",
      "geometry": {
        "type": "Point",
        "coordinates": [
          8.3962,
          46.3172
        ]
      },
      "properties": {
        "icao24": "408223",
        "callsign": "SXN560",
        "origin_country": "United Kingdom",
        "time_position": 1786962055,
        "last_contact": 1786962055,
        "baro_altitude": 10058.4,
        "on_ground": false,
        "velocity": 222.28,
        "true_track": 138.38,
        "vertical_rate": 0,
        "geo_altitude": 10485.12,
        "squawk": "6372",
        "spi": false,
        "position_source": 0
      }
    },
    {
      "type": "Feature",
      "geometry": {
        "type": "Point",
        "coordinates": [
          6.5078,
          39.6662
        ]
      },
      "properties": {
        "icao24": "39d30e",
        "callsign": "TVF8315",
        "origin_country": "France",
        "time_position": 1786962055,
        "last_contact": 1786962055,
        "baro_altitude": 11582.4,
        "on_ground": false,
        "velocity": 220.26,
        "true_track": 343.72,
        "vertical_rate": 0,
        "geo_altitude": 12169.14,
        "squawk": null,
        "spi": false,
        "position_source": 0
      }
    },
    {
      "type": "Feature",
      "geometry": {
        "type": "Point",
        "coordinates": [
          12.55,
          41.9646
        ]
      },
      "properties": {
        "icao24": "39d30f",
        "callsign": "TVF28CY",
        "origin_country": "France",
        "time_position": 1786962054,
        "last_contact": 1786962054,
        "baro_altitude": 11582.4,
        "on_ground": false,
        "velocity": 221.11,
        "true_track": 293.88,
        "vertical_rate": 0,
        "geo_altitude": 12115.8,
        "squawk": "2050",
        "spi": false,
        "position_source": 0
      }
    },
    {
      "type": "Feature",
      "geometry": {
        "type": "Point",
        "coordinates": [
          12.562,
          45.8074
        ]
      },
      "properties": {
        "icao24": "39d30b",
        "callsign": "TVF55ZP",
        "origin_country": "France",
        "time_position": 1786962055,
        "last_contact": 1786962055,
        "baro_altitude": 11277.6,
        "on_ground": false,
        "velocity": 239.27,
        "true_track": 128.1,
        "vertical_rate": 0,
        "geo_altitude": 11734.8,
        "squawk": "7557",
        "spi": false,
        "position_source": 0
      }
    },
    {
      "type": "Feature",
      "geometry": {
        "type": "Point",
        "coordinates": [
          13.7709,
          46.8213
        ]
      },
      "properties": {
        "icao24": "4690e2",
        "callsign": "AEE34",
        "origin_country": "Greece",
        "time_position": 1786962055,
        "last_contact": 1786962055,
        "baro_altitude": 11292.84,
        "on_ground": false,
        "velocity": 247.44,
        "true_track": 113.53,
        "vertical_rate": 0,
        "geo_altitude": 11750.04,
        "squawk": "7650",
        "spi": false,
        "position_source": 0
      }
    },
    {
      "type": "Feature",
      "geometry": {
        "type": "Point",
        "coordinates": [
          8.5572,
          47.4538
        ]
      },
      "properties": {
        "icao24": "4b5da5",
        "callsign": "TE24",
        "origin_country": "Switzerland",
        "time_position": 1786962048,
        "last_contact": 1786962055,
        "baro_altitude": null,
        "on_ground": true,
        "velocity": 0,
        "true_track": 244.69,
        "vertical_rate": null,
        "geo_altitude": null,
        "squawk": null,
        "spi": false,
        "position_source": 0
      }
    },
    {
      "type": "Feature",
      "geometry": {
        "type": "Point",
        "coordinates": [
          9.4363,
          44.566
        ]
      },
      "properties": {
        "icao24": "39e68b",
        "callsign": "AFR81FB",
        "origin_country": "France",
        "time_position": 1786962055,
        "last_contact": 1786962055,
        "baro_altitude": 8656.32,
        "on_ground": false,
        "velocity": 240.24,
        "true_track": 121.07,
        "vertical_rate": -3.58,
        "geo_altitude": 9083.04,
        "squawk": "1000",
        "spi": false,
        "position_source": 0
      }
    },
    {
      "type": "Feature",
      "geometry": {
        "type": "Point",
        "coordinates": [
          14.0435,
          46.2946
        ]
      },
      "properties": {
        "icao24": "3c787a",
        "callsign": "CFG8VH",
        "origin_country": "Germany",
        "time_position": 1786962054,
        "last_contact": 1786962054,
        "baro_altitude": 11582.4,
        "on_ground": false,
        "velocity": 215.91,
        "true_track": 312.59,
        "vertical_rate": 0,
        "geo_altitude": 12039.6,
        "squawk": "1357",
        "spi": false,
        "position_source": 0
      }
    },
    {
      "type": "Feature",
      "geometry": {
        "type": "Point",
        "coordinates": [
          6.247,
          46.0739
        ]
      },
      "properties": {
        "icao24": "3c6550",
        "callsign": "LHX1087",
        "origin_country": "Germany",
        "time_position": 1786962055,
        "last_contact": 1786962055,
        "baro_altitude": 10972.8,
        "on_ground": false,
        "velocity": 202.63,
        "true_track": 45.72,
        "vertical_rate": -0.65,
        "geo_altitude": 11475.72,
        "squawk": "1000",
        "spi": false,
        "position_source": 0
      }
    },
    {
      "type": "Feature",
      "geometry": {
        "type": "Point",
        "coordinates": [
          7.7815,
          45.0268
        ]
      },
      "properties": {
        "icao24": "39e692",
        "callsign": "AFR1085",
        "origin_country": "France",
        "time_position": 1786962054,
        "last_contact": 1786962055,
        "baro_altitude": 10972.8,
        "on_ground": false,
        "velocity": 224.5,
        "true_track": 338.49,
        "vertical_rate": 0,
        "geo_altitude": 11437.62,
        "squawk": "1000",
        "spi": false,
        "position_source": 0
      }
    },
    {
      "type": "Feature",
      "geometry": {
        "type": "Point",
        "coordinates": [
          11.3118,
          44.5271
        ]
      },
      "properties": {
        "icao24": "39e691",
        "callsign": "AFR71DN",
        "origin_country": "France",
        "time_position": 1786962005,
        "last_contact": 1786962008,
        "baro_altitude": 121.92,
        "on_ground": false,
        "velocity": 69.48,
        "true_track": 296.38,
        "vertical_rate": -5.2,
        "geo_altitude": 160.02,
        "squawk": "1000",
        "spi": false,
        "position_source": 0
      }
    },
    {
      "type": "Feature",
      "geometry": {
        "type": "Point",
        "coordinates": [
          10.4182,
          46.2591
        ]
      },
      "properties": {
        "icao24": "3c64a5",
        "callsign": "DLH47T",
        "origin_country": "Germany",
        "time_position": 1786962055,
        "last_contact": 1786962055,
        "baro_altitude": 10668,
        "on_ground": false,
        "velocity": 219.6,
        "true_track": 232.14,
        "vertical_rate": 0,
        "geo_altitude": 11117.58,
        "squawk": "6667",
        "spi": false,
        "position_source": 0
      }
    },
    {
      "type": "Feature",
      "geometry": {
        "type": "Point",
        "coordinates": [
          17.7247,
          41.2009
        ]
      },
      "properties": {
        "icao24": "3c64a4",
        "callsign": "DLH582",
        "origin_country": "Germany",
        "time_position": 1786961931,
        "last_contact": 1786961931,
        "baro_altitude": 10675.62,
        "on_ground": false,
        "velocity": 233.78,
        "true_track": 152.48,
        "vertical_rate": 0,
        "geo_altitude": 11201.4,
        "squawk": "2546",
        "spi": false,
        "position_source": 0
      }
    },
    {
      "type": "Feature",
      "geometry": {
        "type": "Point",
        "coordinates": [
          17.4303,
          45.1628
        ]
      },
      "properties": {
        "icao24": "4080f7",
        "callsign": "EZY46XP",
        "origin_country": "United Kingdom",
        "time_position": 1786962054,
        "last_contact": 1786962054,
        "baro_altitude": 11292.84,
        "on_ground": false,
        "velocity": 238.56,
        "true_track": 123.66,
        "vertical_rate": 0.33,
        "geo_altitude": 11788.14,
        "squawk": "4723",
        "spi": false,
        "position_source": 0
      }
    },
    {
      "type": "Feature",
      "geometry": {
        "type": "Point",
        "coordinates": [
          7.4323,
          43.3779
        ]
      },
      "properties": {
        "icao24": "0a0092",
        "callsign": "DAH1040",
        "origin_country": "Algeria",
        "time_position": 1786962055,
        "last_contact": 1786962055,
        "baro_altitude": 1737.36,
        "on_ground": false,
        "velocity": 133.06,
        "true_track": 74.3,
        "vertical_rate": -5.2,
        "geo_altitude": 1874.52,
        "squawk": "5560",
        "spi": false,
        "position_source": 0
      }
    },
    {
      "type": "Feature",
      "geometry": {
        "type": "Point",
        "coordinates": [
          10.8064,
          45.7629
        ]
      },
      "properties": {
        "icao24": "02a1b4",
        "callsign": "LBT207",
        "origin_country": "Tunisia",
        "time_position": 1786962054,
        "last_contact": 1786962055,
        "baro_altitude": 11887.2,
        "on_ground": false,
        "velocity": 233.36,
        "true_track": 148.8,
        "vertical_rate": -0.33,
        "geo_altitude": 12352.02,
        "squawk": "2531",
        "spi": false,
        "position_source": 0
      }
    },
    {
      "type": "Feature",
      "geometry": {
        "type": "Point",
        "coordinates": [
          8.6335,
          46.4495
        ]
      },
      "properties": {
        "icao24": "3c64fa",
        "callsign": "DLH594",
        "origin_country": "Germany",
        "time_position": 1786962055,
        "last_contact": 1786962055,
        "baro_altitude": 10668,
        "on_ground": false,
        "velocity": 245.42,
        "true_track": 179.04,
        "vertical_rate": 0,
        "geo_altitude": 11094.72,
        "squawk": "2541",
        "spi": false,
        "position_source": 0
      }
    },
    {
      "type": "Feature",
      "geometry": {
        "type": "Point",
        "coordinates": [
          8.7255,
          45.6395
        ]
      },
      "properties": {
        "icao24": "300126",
        "callsign": "POLIB10",
        "origin_country": "Italy",
        "time_position": 1786962054,
        "last_contact": 1786962054,
        "baro_altitude": null,
        "on_ground": true,
        "velocity": 5.66,
        "true_track": 309.38,
        "vertical_rate": null,
        "geo_altitude": null,
        "squawk": "5643",
        "spi": true,
        "position_source": 0
      }
    },
    {
      "type": "Feature",
      "geometry": {
        "type": "Point",
        "coordinates": [
          17.7882,
          47.6319
        ]
      },
      "properties": {
        "icao24": "4a08e9",
        "callsign": "ROT372H",
        "origin_country": "Romania",
        "time_position": 1786962055,
        "last_contact": 1786962055,
        "baro_altitude": 11887.2,
        "on_ground": false,
        "velocity": 254.85,
        "true_track": 119.77,
        "vertical_rate": 0,
        "geo_altitude": 12313.92,
        "squawk": "1000",
        "spi": false,
        "position_source": 0
      }
    },
    {
      "type": "Feature",
      "geometry": {
        "type": "Point",
        "coordinates": [
          7.7957,
          45.2758
        ]
      },
      "properties": {
        "icao24": "49410d",
        "callsign": "NJE300T",
        "origin_country": "Portugal",
        "time_position": 1786962055,
        "last_contact": 1786962055,
        "baro_altitude": 2766.06,
        "on_ground": false,
        "velocity": 138.69,
        "true_track": 58.96,
        "vertical_rate": 12.68,
        "geo_altitude": 2948.94,
        "squawk": "3750",
        "spi": false,
        "position_source": 0
      }
    },
    {
      "type": "Feature",
      "geometry": {
        "type": "Point",
        "coordinates": [
          8.3581,
          46.5163
        ]
      },
      "properties": {
        "icao24": "4080e3",
        "callsign": "BAW7RL",
        "origin_country": "United Kingdom",
        "time_position": 1786962055,
        "last_contact": 1786962055,
        "baro_altitude": 8938.26,
        "on_ground": false,
        "velocity": 241.14,
        "true_track": 152.56,
        "vertical_rate": -9.75,
        "geo_altitude": 9349.74,
        "squawk": "0527",
        "spi": false,
        "position_source": 0
      }
    },
    {
      "type": "Feature",
      "geometry": {
        "type": "Point",
        "coordinates": [
          7.6881,
          45.2227
        ]
      },
      "properties": {
        "icao24": "4080e1",
        "callsign": "BAW547",
        "origin_country": "United Kingdom",
        "time_position": 1786962055,
        "last_contact": 1786962055,
        "baro_altitude": 11590.02,
        "on_ground": false,
        "velocity": 217.93,
        "true_track": 337.37,
        "vertical_rate": 0.33,
        "geo_altitude": 12077.7,
        "squawk": "4007",
        "spi": false,
        "position_source": 0
      }
    },
    {
      "type": "Feature",
      "geometry": {
        "type": "Point",
        "coordinates": [
          18.1959,
          39.6112
        ]
      },
      "properties": {
        "icao24": "494102",
        "callsign": "NJE533T",
        "origin_country": "Portugal",
        "time_position": 1786962054,
        "last_contact": 1786962054,
        "baro_altitude": 12496.8,
        "on_ground": false,
        "velocity": 242.49,
        "true_track": 116.73,
        "vertical_rate": 0.33,
        "geo_altitude": 13098.78,
        "squawk": "1242",
        "spi": false,
        "position_source": 0
      }
    },
    {
      "type": "Feature",
      "geometry": {
        "type": "Point",
        "coordinates": [
          12.5388,
          47.3008
        ]
      },
      "properties": {
        "icao24": "494109",
        "callsign": "NJE434N",
        "origin_country": "Portugal",
        "time_position": 1786962054,
        "last_contact": 1786962055,
        "baro_altitude": 9197.34,
        "on_ground": false,
        "velocity": 213.23,
        "true_track": 313.63,
        "vertical_rate": -6.5,
        "geo_altitude": 9585.96,
        "squawk": "1000",
        "spi": false,
        "position_source": 0
      }
    },
    {
      "type": "Feature",
      "geometry": {
        "type": "Point",
        "coordinates": [
          14.835,
          37.4236
        ]
      },
      "properties": {
        "icao24": "4080ad",
        "callsign": "EZY27EQ",
        "origin_country": "United Kingdom",
        "time_position": 1786962055,
        "last_contact": 1786962055,
        "baro_altitude": 5471.16,
        "on_ground": false,
        "velocity": 175.31,
        "true_track": 296.49,
        "vertical_rate": 15.61,
        "geo_altitude": 5798.82,
        "squawk": null,
        "spi": false,
        "position_source": 0
      }
    },
    {
      "type": "Feature",
      "geometry": {
        "type": "Point",
        "coordinates": [
          8.5581,
          47.4575
        ]
      },
      "properties": {
        "icao24": "4b15ee",
        "callsign": "EDW316",
        "origin_country": "Switzerland",
        "time_position": 1786962055,
        "last_contact": 1786962055,
        "baro_altitude": 403.86,
        "on_ground": false,
        "velocity": 64.65,
        "true_track": 275.94,
        "vertical_rate": 0,
        "geo_altitude": 480.06,
        "squawk": "3055",
        "spi": false,
        "position_source": 0
      }
    },
    {
      "type": "Feature",
      "geometry": {
        "type": "Point",
        "coordinates": [
          8.9797,
          41.7398
        ]
      },
      "properties": {
        "icao24": "408184",
        "callsign": "EZY79GK",
        "origin_country": "United Kingdom",
        "time_position": 1786962055,
        "last_contact": 1786962055,
        "baro_altitude": 11582.4,
        "on_ground": false,
        "velocity": 225.6,
        "true_track": 328.52,
        "vertical_rate": 0.33,
        "geo_altitude": 12138.66,
        "squawk": "6575",
        "spi": false,
        "position_source": 0
      }
    },
    {
      "type": "Feature",
      "geometry": {
        "type": "Point",
        "coordinates": [
          8.5062,
          47.419
        ]
      },
      "properties": {
        "icao24": "4b15ef",
        "callsign": "EDW332",
        "origin_country": "Switzerland",
        "time_position": 1786962055,
        "last_contact": 1786962055,
        "baro_altitude": 1691.64,
        "on_ground": false,
        "velocity": 137.03,
        "true_track": 95.82,
        "vertical_rate": 0.98,
        "geo_altitude": 1828.8,
        "squawk": "3017",
        "spi": false,
        "position_source": 0
      }
    },
    {
      "type": "Feature",
      "geometry": {
        "type": "Point",
        "coordinates": [
          13.9223,
          47.0053
        ]
      },
      "properties": {
        "icao24": "3c7982",
        "callsign": "CFG7EV",
        "origin_country": "Germany",
        "time_position": 1786962055,
        "last_contact": 1786962055,
        "baro_altitude": 10363.2,
        "on_ground": false,
        "velocity": 211.71,
        "true_track": 285.79,
        "vertical_rate": 0,
        "geo_altitude": 10797.54,
        "squawk": "6634",
        "spi": false,
        "position_source": 0
      }
    },
    {
      "type": "Feature",
      "geometry": {
        "type": "Point",
        "coordinates": [
          6.1619,
          43.7468
        ]
      },
      "properties": {
        "icao24": "3c7984",
        "callsign": "CFG1XF",
        "origin_country": "Germany",
        "time_position": 1786962055,
        "last_contact": 1786962055,
        "baro_altitude": 10965.18,
        "on_ground": false,
        "velocity": 207.24,
        "true_track": 22.94,
        "vertical_rate": -0.33,
        "geo_altitude": 11483.34,
        "squawk": "1000",
        "spi": false,
        "position_source": 0
      }
    },
    {
      "type": "Feature",
      "geometry": {
        "type": "Point",
        "coordinates": [
          16.2897,
          45.6139
        ]
      },
      "properties": {
        "icao24": "7103d6",
        "callsign": "SVA215",
        "origin_country": "Saudi Arabia",
        "time_position": 1786962054,
        "last_contact": 1786962054,
        "baro_altitude": 11582.4,
        "on_ground": false,
        "velocity": 242.66,
        "true_track": 320.51,
        "vertical_rate": -0.33,
        "geo_altitude": 12070.08,
        "squawk": "2060",
        "spi": false,
        "position_source": 0
      }
    },
    {
      "type": "Feature",
      "geometry": {
        "type": "Point",
        "coordinates": [
          12.3541,
          45.5078
        ]
      },
      "properties": {
        "icao24": "400879",
        "callsign": "BAW600",
        "origin_country": "United Kingdom",
        "time_position": 1786962028,
        "last_contact": 1786962028,
        "baro_altitude": null,
        "on_ground": true,
        "velocity": 15.95,
        "true_track": 16.88,
        "vertical_rate": null,
        "geo_altitude": null,
        "squawk": "0520",
        "spi": false,
        "position_source": 0
      }
    },
    {
      "type": "Feature",
      "geometry": {
        "type": "Point",
        "coordinates": [
          6.2004,
          45.7688
        ]
      },
      "properties": {
        "icao24": "3c6467",
        "callsign": "CFG9KL",
        "origin_country": "Germany",
        "time_position": 1786962054,
        "last_contact": 1786962055,
        "baro_altitude": 10668,
        "on_ground": false,
        "velocity": 255.9,
        "true_track": 198.76,
        "vertical_rate": -0.33,
        "geo_altitude": 11163.3,
        "squawk": "1000",
        "spi": false,
        "position_source": 0
      }
    },
    {
      "type": "Feature",
      "geometry": {
        "type": "Point",
        "coordinates": [
          8.5571,
          47.454
        ]
      },
      "properties": {
        "icao24": "4b5d9f",
        "callsign": "ALT777",
        "origin_country": "Switzerland",
        "time_position": 1786958655,
        "last_contact": 1786962050,
        "baro_altitude": null,
        "on_ground": true,
        "velocity": 2.31,
        "true_track": 171.56,
        "vertical_rate": null,
        "geo_altitude": null,
        "squawk": null,
        "spi": false,
        "position_source": 0
      }
    },
    {
      "type": "Feature",
      "geometry": {
        "type": "Point",
        "coordinates": [
          8.5607,
          47.4422
        ]
      },
      "properties": {
        "icao24": "4b5d9e",
        "callsign": "ATL785",
        "origin_country": "Switzerland",
        "time_position": 1786961865,
        "last_contact": 1786961865,
        "baro_altitude": null,
        "on_ground": true,
        "velocity": 8.23,
        "true_track": 154.69,
        "vertical_rate": null,
        "geo_altitude": null,
        "squawk": "7375",
        "spi": false,
        "position_source": 0
      }
    },
    {
      "type": "Feature",
      "geometry": {
        "type": "Point",
        "coordinates": [
          8.5523,
          47.46
        ]
      },
      "properties": {
        "icao24": "4b5d9b",
        "callsign": "ATL781",
        "origin_country": "Switzerland",
        "time_position": 1786962055,
        "last_contact": 1786962055,
        "baro_altitude": null,
        "on_ground": true,
        "velocity": 0.06,
        "true_track": 357.19,
        "vertical_rate": null,
        "geo_altitude": null,
        "squawk": "0311",
        "spi": false,
        "position_source": 0
      }
    },
    {
      "type": "Feature",
      "geometry": {
        "type": "Point",
        "coordinates": [
          8.5521,
          47.4636
        ]
      },
      "properties": {
        "icao24": "4b5d9c",
        "callsign": "TE782",
        "origin_country": "Switzerland",
        "time_position": 1786961882,
        "last_contact": 1786961882,
        "baro_altitude": null,
        "on_ground": true,
        "velocity": 0,
        "true_track": 317.81,
        "vertical_rate": null,
        "geo_altitude": null,
        "squawk": null,
        "spi": false,
        "position_source": 0
      }
    },
    {
      "type": "Feature",
      "geometry": {
        "type": "Point",
        "coordinates": [
          18.4823,
          42.6849
        ]
      },
      "properties": {
        "icao24": "3c6489",
        "callsign": "DLH6VR",
        "origin_country": "Germany",
        "time_position": 1786962040,
        "last_contact": 1786962052,
        "baro_altitude": 10972.8,
        "on_ground": false,
        "velocity": 239.55,
        "true_track": 330.68,
        "vertical_rate": 0,
        "geo_altitude": 11475.72,
        "squawk": "2030",
        "spi": false,
        "position_source": 0
      }
    },
    {
      "type": "Feature",
      "geometry": {
        "type": "Point",
        "coordinates": [
          15.2513,
          45.8433
        ]
      },
      "properties": {
        "icao24": "3c6427",
        "callsign": "CFG030",
        "origin_country": "Germany",
        "time_position": 1786962055,
        "last_contact": 1786962055,
        "baro_altitude": 10073.64,
        "on_ground": false,
        "velocity": 241.11,
        "true_track": 128.85,
        "vertical_rate": 0,
        "geo_altitude": 10515.6,
        "squawk": "2543",
        "spi": false,
        "position_source": 0
      }
    },
    {
      "type": "Feature",
      "geometry": {
        "type": "Point",
        "coordinates": [
          15.6915,
          46.3704
        ]
      },
      "properties": {
        "icao24": "3c6429",
        "callsign": "CFG8EC",
        "origin_country": "Germany",
        "time_position": 1786962055,
        "last_contact": 1786962055,
        "baro_altitude": 10972.8,
        "on_ground": false,
        "velocity": 220.54,
        "true_track": 316.7,
        "vertical_rate": 0,
        "geo_altitude": 11430,
        "squawk": "7731",
        "spi": false,
        "position_source": 0
      }
    },
    {
      "type": "Feature",
      "geometry": {
        "type": "Point",
        "coordinates": [
          16.1121,
          47.5155
        ]
      },
      "properties": {
        "icao24": "440c8c",
        "callsign": "AUA42B",
        "origin_country": "Austria",
        "time_position": 1786962055,
        "last_contact": 1786962055,
        "baro_altitude": 5105.4,
        "on_ground": false,
        "velocity": 197.73,
        "true_track": 31.71,
        "vertical_rate": -10.73,
        "geo_altitude": 5364.48,
        "squawk": "1000",
        "spi": false,
        "position_source": 0
      }
    },
    {
      "type": "Feature",
      "geometry": {
        "type": "Point",
        "coordinates": [
          12.336,
          45.4952
        ]
      },
      "properties": {
        "icao24": "abfa24",
        "callsign": "AAL131",
        "origin_country": "United States",
        "time_position": 1786962055,
        "last_contact": 1786962055,
        "baro_altitude": null,
        "on_ground": true,
        "velocity": 1.54,
        "true_track": 160.31,
        "vertical_rate": null,
        "geo_altitude": null,
        "squawk": "0262",
        "spi": false,
        "position_source": 0
      }
    },
    {
      "type": "Feature",
      "geometry": {
        "type": "Point",
        "coordinates": [
          8.3725,
          47.7279
        ]
      },
      "properties": {
        "icao24": "4b1620",
        "callsign": "EDW315D",
        "origin_country": "Switzerland",
        "time_position": 1786962055,
        "last_contact": 1786962055,
        "baro_altitude": 1866.9,
        "on_ground": false,
        "velocity": 143.74,
        "true_track": 194.09,
        "vertical_rate": -8.45,
        "geo_altitude": 2019.3,
        "squawk": "0740",
        "spi": false,
        "position_source": 0
      }
    },
    {
      "type": "Feature",
      "geometry": {
        "type": "Point",
        "coordinates": [
          18.9912,
          46.8684
        ]
      },
      "properties": {
        "icao24": "3c644d",
        "callsign": "LHX6UW",
        "origin_country": "Germany",
        "time_position": 1786962055,
        "last_contact": 1786962055,
        "baro_altitude": 9631.68,
        "on_ground": false,
        "velocity": 253.06,
        "true_track": 111.71,
        "vertical_rate": -5.2,
        "geo_altitude": 10066.02,
        "squawk": "1000",
        "spi": false,
        "position_source": 0
      }
    },
    {
      "type": "Feature",
      "geometry": {
        "type": "Point",
        "coordinates": [
          6.4212,
          47.3551
        ]
      },
      "properties": {
        "icao24": "4869c4",
        "callsign": "KLM1602",
        "origin_country": "Kingdom of the Netherlands",
        "time_position": 1786962055,
        "last_contact": 1786962055,
        "baro_altitude": 10972.8,
        "on_ground": false,
        "velocity": 186.1,
        "true_track": 351.74,
        "vertical_rate": 0,
        "geo_altitude": 11414.76,
        "squawk": "1000",
        "spi": false,
        "position_source": 0
      }
    },
    {
      "type": "Feature",
      "geometry": {
        "type": "Point",
        "coordinates": [
          8.5621,
          47.4439
        ]
      },
      "properties": {
        "icao24": "4b1699",
        "callsign": "SWR89T",
        "origin_country": "Switzerland",
        "time_position": 1786962051,
        "last_contact": 1786962054,
        "baro_altitude": 388.62,
        "on_ground": true,
        "velocity": 0,
        "true_track": 334.69,
        "vertical_rate": null,
        "geo_altitude": null,
        "squawk": "3057",
        "spi": false,
        "position_source": 0
      }
    },
    {
      "type": "Feature",
      "geometry": {
        "type": "Point",
        "coordinates": [
          9.7684,
          42.3604
        ]
      },
      "properties": {
        "icao24": "440c32",
        "callsign": "EJU81MN",
        "origin_country": "Austria",
        "time_position": 1786962055,
        "last_contact": 1786962055,
        "baro_altitude": 11277.6,
        "on_ground": false,
        "velocity": 226.92,
        "true_track": 148.72,
        "vertical_rate": -0.65,
        "geo_altitude": 11795.76,
        "squawk": "1000",
        "spi": false,
        "position_source": 0
      }
    },
    {
      "type": "Feature",
      "geometry": {
        "type": "Point",
        "coordinates": [
          12.9707,
          42.8035
        ]
      },
      "properties": {
        "icao24": "440c34",
        "callsign": "EJU15LG",
        "origin_country": "Austria",
        "time_position": 1786962054,
        "last_contact": 1786962054,
        "baro_altitude": 10599.42,
        "on_ground": false,
        "velocity": 236.32,
        "true_track": 165.63,
        "vertical_rate": -7.15,
        "geo_altitude": 11102.34,
        "squawk": "1000",
        "spi": false,
        "position_source": 0
      }
    },
    {
      "type": "Feature",
      "geometry": {
        "type": "Point",
        "coordinates": [
          14.1819,
          43.9295
        ]
      },
      "properties": {
        "icao24": "4b0280",
        "callsign": "EZS87GD",
        "origin_country": "Switzerland",
        "time_position": 1786962055,
        "last_contact": 1786962055,
        "baro_altitude": 10660.38,
        "on_ground": false,
        "velocity": 221.27,
        "true_track": 114.3,
        "vertical_rate": 0,
        "geo_altitude": 11148.06,
        "squawk": "5744",
        "spi": false,
        "position_source": 0
      }
    },
    {
      "type": "Feature",
      "geometry": {
        "type": "Point",
        "coordinates": [
          15.2723,
          44.8062
        ]
      },
      "properties": {
        "icao24": "4246be",
        "callsign": "AHY036",
        "origin_country": "United Kingdom",
        "time_position": 1786962054,
        "last_contact": 1786962054,
        "baro_altitude": 11269.98,
        "on_ground": false,
        "velocity": 242.45,
        "true_track": 106.01,
        "vertical_rate": 0,
        "geo_altitude": 11765.28,
        "squawk": "0427",
        "spi": false,
        "position_source": 0
      }
    },
    {
      "type": "Feature",
      "geometry": {
        "type": "Point",
        "coordinates": [
          8.518,
          47.4953
        ]
      },
      "properties": {
        "icao24": "4b028c",
        "callsign": "SWR896B",
        "origin_country": "Switzerland",
        "time_position": 1786962055,
        "last_contact": 1786962055,
        "baro_altitude": 510.54,
        "on_ground": false,
        "velocity": 67.35,
        "true_track": 137.17,
        "vertical_rate": -3.58,
        "geo_altitude": 594.36,
        "squawk": "1000",
        "spi": false,
        "position_source": 0
      }
    },
    {
      "type": "Feature",
      "geometry": {
        "type": "Point",
        "coordinates": [
          7.4525,
          47.7156
        ]
      },
      "properties": {
        "icao24": "4b028a",
        "callsign": "SWR3VB",
        "origin_country": "Switzerland",
        "time_position": 1786962055,
        "last_contact": 1786962055,
        "baro_altitude": 6035.04,
        "on_ground": false,
        "velocity": 206.65,
        "true_track": 158.99,
        "vertical_rate": -11.7,
        "geo_altitude": 6316.98,
        "squawk": "0526",
        "spi": false,
        "position_source": 0
      }
    },
    {
      "type": "Feature",
      "geometry": {
        "type": "Point",
        "coordinates": [
          8.8759,
          47.7529
        ]
      },
      "properties": {
        "icao24": "4b0293",
        "callsign": "SWR4KT",
        "origin_country": "Switzerland",
        "time_position": 1786962055,
        "last_contact": 1786962055,
        "baro_altitude": 3147.06,
        "on_ground": false,
        "velocity": 139.1,
        "true_track": 251.23,
        "vertical_rate": -4.88,
        "geo_altitude": 3314.7,
        "squawk": "1000",
        "spi": false,
        "position_source": 0
      }
    },
    {
      "type": "Feature",
      "geometry": {
        "type": "Point",
        "coordinates": [
          18.2213,
          40.8419
        ]
      },
      "properties": {
        "icao24": "3991e3",
        "callsign": "AFR48EM",
        "origin_country": "France",
        "time_position": 1786962017,
        "last_contact": 1786962026,
        "baro_altitude": 10363.2,
        "on_ground": false,
        "velocity": 238.85,
        "true_track": 326.24,
        "vertical_rate": 0,
        "geo_altitude": 10866.12,
        "squawk": "6636",
        "spi": false,
        "position_source": 0
      }
    },
    {
      "type": "Feature",
      "geometry": {
        "type": "Point",
        "coordinates": [
          7.5696,
          44.713
        ]
      },
      "properties": {
        "icao24": "ac3efd",
        "callsign": "N8888",
        "origin_country": "United States",
        "time_position": 1786962055,
        "last_contact": 1786962055,
        "baro_altitude": 8831.58,
        "on_ground": false,
        "velocity": 252.72,
        "true_track": 142.36,
        "vertical_rate": -0.33,
        "geo_altitude": 9265.92,
        "squawk": "5712",
        "spi": false,
        "position_source": 0
      }
    },
    {
      "type": "Feature",
      "geometry": {
        "type": "Point",
        "coordinates": [
          9.7711,
          46.57
        ]
      },
      "properties": {
        "icao24": "ab60e3",
        "callsign": "DAL288",
        "origin_country": "United States",
        "time_position": 1786962055,
        "last_contact": 1786962055,
        "baro_altitude": 8839.2,
        "on_ground": false,
        "velocity": 261.96,
        "true_track": 136.11,
        "vertical_rate": 0,
        "geo_altitude": 9235.44,
        "squawk": "2251",
        "spi": false,
        "position_source": 0
      }
    },
    {
      "type": "Feature",
      "geometry": {
        "type": "Point",
        "coordinates": [
          17.3667,
          42.4294
        ]
      },
      "properties": {
        "icao24": "3c7865",
        "callsign": "VJH713",
        "origin_country": "Germany",
        "time_position": 1786961891,
        "last_contact": 1786961891,
        "baro_altitude": 8161.02,
        "on_ground": false,
        "velocity": 246.94,
        "true_track": 95.26,
        "vertical_rate": -0.33,
        "geo_altitude": 9258.3,
        "squawk": "4301",
        "spi": false,
        "position_source": 0
      }
    },
    {
      "type": "Feature",
      "geometry": {
        "type": "Point",
        "coordinates": [
          15.1912,
          46.5326
        ]
      },
      "properties": {
        "icao24": "3c7861",
        "callsign": "CFG6TZ",
        "origin_country": "Germany",
        "time_position": 1786962054,
        "last_contact": 1786962055,
        "baro_altitude": 11582.4,
        "on_ground": false,
        "velocity": 217.57,
        "true_track": 319.8,
        "vertical_rate": 0.33,
        "geo_altitude": 12024.36,
        "squawk": "5535",
        "spi": false,
        "position_source": 0
      }
    },
    {
      "type": "Feature",
      "geometry": {
        "type": "Point",
        "coordinates": [
          10.4877,
          44.9712
        ]
      },
      "properties": {
        "icao24": "4951d3",
        "callsign": "TAP86GM",
        "origin_country": "Portugal",
        "time_position": 1786962055,
        "last_contact": 1786962055,
        "baro_altitude": 9997.44,
        "on_ground": false,
        "velocity": 220.32,
        "true_track": 249.07,
        "vertical_rate": 6.18,
        "geo_altitude": 10454.64,
        "squawk": "0235",
        "spi": false,
        "position_source": 0
      }
    },
    {
      "type": "Feature",
      "geometry": {
        "type": "Point",
        "coordinates": [
          9.608,
          45.6994
        ]
      },
      "properties": {
        "icao24": "4951d4",
        "callsign": "TAP552N",
        "origin_country": "Portugal",
        "time_position": 1786962055,
        "last_contact": 1786962055,
        "baro_altitude": 10797.54,
        "on_ground": false,
        "velocity": 251.87,
        "true_track": 72.53,
        "vertical_rate": -2.93,
        "geo_altitude": 11262.36,
        "squawk": "1156",
        "spi": false,
        "position_source": 0
      }
    },
    {
      "type": "Feature",
      "geometry": {
        "type": "Point",
        "coordinates": [
          15.3625,
          38.3536
        ]
      },
      "properties": {
        "icao24": "3dd371",
        "callsign": "DHAIB",
        "origin_country": "Germany",
        "time_position": 1786962055,
        "last_contact": 1786962055,
        "baro_altitude": 1394.46,
        "on_ground": false,
        "velocity": 50.78,
        "true_track": 320.34,
        "vertical_rate": -0.65,
        "geo_altitude": 1531.62,
        "squawk": null,
        "spi": false,
        "position_source": 0
      }
    },
    {
      "type": "Feature",
      "geometry": {
        "type": "Point",
        "coordinates": [
          10.2272,
          39.2452
        ]
      },
      "properties": {
        "icao24": "4c348c",
        "callsign": "FUU231A",
        "origin_country": "Serbia",
        "time_position": 1786961986,
        "last_contact": 1786961997,
        "baro_altitude": 6431.28,
        "on_ground": false,
        "velocity": 179.57,
        "true_track": 256.92,
        "vertical_rate": -10.73,
        "geo_altitude": 6781.8,
        "squawk": "2036",
        "spi": false,
        "position_source": 0
      }
    },
    {
      "type": "Feature",
      "geometry": {
        "type": "Point",
        "coordinates": [
          11.6857,
          44.9953
        ]
      },
      "properties": {
        "icao24": "7105ae",
        "callsign": "SVA127",
        "origin_country": "Saudi Arabia",
        "time_position": 1786962055,
        "last_contact": 1786962055,
        "baro_altitude": 10965.18,
        "on_ground": false,
        "velocity": 240.64,
        "true_track": 294.1,
        "vertical_rate": -0.33,
        "geo_altitude": 11445.24,
        "squawk": "2057",
        "spi": false,
        "position_source": 0
      }
    },
    {
      "type": "Feature",
      "geometry": {
        "type": "Point",
        "coordinates": [
          7.5516,
          45.3189
        ]
      },
      "properties": {
        "icao24": "485873",
        "callsign": "KLM70R",
        "origin_country": "Kingdom of the Netherlands",
        "time_position": 1786962054,
        "last_contact": 1786962054,
        "baro_altitude": 6416.04,
        "on_ground": false,
        "velocity": 169.6,
        "true_track": 324.38,
        "vertical_rate": 7.8,
        "geo_altitude": 6774.18,
        "squawk": "1000",
        "spi": false,
        "position_source": 0
      }
    },
    {
      "type": "Feature",
      "geometry": {
        "type": "Point",
        "coordinates": [
          16.6676,
          46.8453
        ]
      },
      "properties": {
        "icao24": "4ca9d4",
        "callsign": "RYR55XJ",
        "origin_country": "Ireland",
        "time_position": 1786962054,
        "last_contact": 1786962054,
        "baro_altitude": 10058.4,
        "on_ground": false,
        "velocity": 225.32,
        "true_track": 161.36,
        "vertical_rate": 0,
        "geo_altitude": 10477.5,
        "squawk": "7675",
        "spi": false,
        "position_source": 0
      }
    },
    {
      "type": "Feature",
      "geometry": {
        "type": "Point",
        "coordinates": [
          11.504,
          37.2471
        ]
      },
      "properties": {
        "icao24": "0a00e3",
        "callsign": "DAH3016",
        "origin_country": "Algeria",
        "time_position": 1786962054,
        "last_contact": 1786962055,
        "baro_altitude": 10668,
        "on_ground": false,
        "velocity": 256.4,
        "true_track": 52.99,
        "vertical_rate": 0.33,
        "geo_altitude": 11262.36,
        "squawk": "1233",
        "spi": false,
        "position_source": 0
      }
    },
    {
      "type": "Feature",
      "geometry": {
        "type": "Point",
        "coordinates": [
          11.0464,
          43.1314
        ]
      },
      "properties": {
        "icao24": "4ca9a1",
        "callsign": "NOS13BG",
        "origin_country": "Ireland",
        "time_position": 1786962055,
        "last_contact": 1786962055,
        "baro_altitude": 8450.58,
        "on_ground": false,
        "velocity": 216.74,
        "true_track": 354.01,
        "vertical_rate": -9.75,
        "geo_altitude": 8907.78,
        "squawk": "6161",
        "spi": false,
        "position_source": 0
      }
    },
    {
      "type": "Feature",
      "geometry": {
        "type": "Point",
        "coordinates": [
          7.3439,
          47.0322
        ]
      },
      "properties": {
        "icao24": "459544",
        "callsign": "MMD676",
        "origin_country": "Denmark",
        "time_position": 1786962054,
        "last_contact": 1786962055,
        "baro_altitude": 2438.4,
        "on_ground": false,
        "velocity": 148.88,
        "true_track": 192.98,
        "vertical_rate": -0.33,
        "geo_altitude": 2606.04,
        "squawk": "3110",
        "spi": false,
        "position_source": 0
      }
    },
    {
      "type": "Feature",
      "geometry": {
        "type": "Point",
        "coordinates": [
          8.5635,
          47.4492
        ]
      },
      "properties": {
        "icao24": "4b5c1c",
        "callsign": "URSULA9",
        "origin_country": "Switzerland",
        "time_position": 1786961815,
        "last_contact": 1786961847,
        "baro_altitude": null,
        "on_ground": true,
        "velocity": 9.77,
        "true_track": 334.69,
        "vertical_rate": null,
        "geo_altitude": null,
        "squawk": null,
        "spi": false,
        "position_source": 0
      }
    },
    {
      "type": "Feature",
      "geometry": {
        "type": "Point",
        "coordinates": [
          6.5222,
          46.2887
        ]
      },
      "properties": {
        "icao24": "4ca9eb",
        "callsign": "RYR51TU",
        "origin_country": "Ireland",
        "time_position": 1786962054,
        "last_contact": 1786962055,
        "baro_altitude": 10363.2,
        "on_ground": false,
        "velocity": 201.24,
        "true_track": 328.91,
        "vertical_rate": -0.65,
        "geo_altitude": 10828.02,
        "squawk": "5705",
        "spi": false,
        "position_source": 0
      }
    },
    {
      "type": "Feature",
      "geometry": {
        "type": "Point",
        "coordinates": [
          8.5588,
          47.4611
        ]
      },
      "properties": {
        "icao24": "4b5c3a",
        "callsign": "ZEBRA5",
        "origin_country": "Switzerland",
        "time_position": 1786962055,
        "last_contact": 1786962055,
        "baro_altitude": null,
        "on_ground": true,
        "velocity": 2.06,
        "true_track": 334.69,
        "vertical_rate": null,
        "geo_altitude": null,
        "squawk": null,
        "spi": false,
        "position_source": 0
      }
    },
    {
      "type": "Feature",
      "geometry": {
        "type": "Point",
        "coordinates": [
          8.562,
          47.4486
        ]
      },
      "properties": {
        "icao24": "4b5c6e",
        "callsign": "ORION2",
        "origin_country": "Switzerland",
        "time_position": 1786961789,
        "last_contact": 1786961790,
        "baro_altitude": null,
        "on_ground": true,
        "velocity": 0,
        "true_track": 239.06,
        "vertical_rate": null,
        "geo_altitude": null,
        "squawk": null,
        "spi": false,
        "position_source": 0
      }
    },
    {
      "type": "Feature",
      "geometry": {
        "type": "Point",
        "coordinates": [
          9.2899,
          45.3237
        ]
      },
      "properties": {
        "icao24": "4867c0",
        "callsign": "KLM95Q",
        "origin_country": "Kingdom of the Netherlands",
        "time_position": 1786962055,
        "last_contact": 1786962055,
        "baro_altitude": 746.76,
        "on_ground": false,
        "velocity": 99.04,
        "true_track": 355.83,
        "vertical_rate": -5.85,
        "geo_altitude": 830.58,
        "squawk": "1000",
        "spi": false,
        "position_source": 0
      }
    },
    {
      "type": "Feature",
      "geometry": {
        "type": "Point",
        "coordinates": [
          15.4921,
          45.4718
        ]
      },
      "properties": {
        "icao24": "4867b0",
        "callsign": "TRA21Q",
        "origin_country": "Kingdom of the Netherlands",
        "time_position": 1786962054,
        "last_contact": 1786962054,
        "baro_altitude": 10972.8,
        "on_ground": false,
        "velocity": 233.19,
        "true_track": 329.36,
        "vertical_rate": 0,
        "geo_altitude": 11445.24,
        "squawk": "5511",
        "spi": false,
        "position_source": 0
      }
    },
    {
      "type": "Feature",
      "geometry": {
        "type": "Point",
        "coordinates": [
          8.9022,
          45.1194
        ]
      },
      "properties": {
        "icao24": "aa8fc1",
        "callsign": "N78SD",
        "origin_country": "United States",
        "time_position": 1786962055,
        "last_contact": 1786962055,
        "baro_altitude": 5699.76,
        "on_ground": false,
        "velocity": 213.69,
        "true_track": 168.47,
        "vertical_rate": -10.73,
        "geo_altitude": 5996.94,
        "squawk": "0523",
        "spi": false,
        "position_source": 0
      }
    },
    {
      "type": "Feature",
      "geometry": {
        "type": "Point",
        "coordinates": [
          11.2092,
          40.5825
        ]
      },
      "properties": {
        "icao24": "3c0d0c",
        "callsign": "TUI9WA",
        "origin_country": "Germany",
        "time_position": 1786962054,
        "last_contact": 1786962054,
        "baro_altitude": 11582.4,
        "on_ground": false,
        "velocity": 229.09,
        "true_track": 342.62,
        "vertical_rate": 0.33,
        "geo_altitude": 12146.28,
        "squawk": "6144",
        "spi": false,
        "position_source": 0
      }
    },
    {
      "type": "Feature",
      "geometry": {
        "type": "Point",
        "coordinates": [
          11.0784,
          42.8128
        ]
      },
      "properties": {
        "icao24": "a7c857",
        "callsign": "N600ME",
        "origin_country": "United States",
        "time_position": 1786962054,
        "last_contact": 1786962055,
        "baro_altitude": 11277.6,
        "on_ground": false,
        "velocity": 249.88,
        "true_track": 237.36,
        "vertical_rate": -0.33,
        "geo_altitude": 11795.76,
        "squawk": "1000",
        "spi": false,
        "position_source": 0
      }
    },
    {
      "type": "Feature",
      "geometry": {
        "type": "Point",
        "coordinates": [
          6.9608,
          43.5475
        ]
      },
      "properties": {
        "icao24": "4d4020",
        "callsign": "3AMAX",
        "origin_country": "Monaco",
        "time_position": 1786961818,
        "last_contact": 1786961818,
        "baro_altitude": null,
        "on_ground": true,
        "velocity": 0,
        "true_track": 126.56,
        "vertical_rate": null,
        "geo_altitude": null,
        "squawk": null,
        "spi": false,
        "position_source": 0
      }
    },
    {
      "type": "Feature",
      "geometry": {
        "type": "Point",
        "coordinates": [
          14.4278,
          47.1663
        ]
      },
      "properties": {
        "icao24": "48683f",
        "callsign": "TRA96K",
        "origin_country": "Kingdom of the Netherlands",
        "time_position": 1786962055,
        "last_contact": 1786962055,
        "baro_altitude": 10972.8,
        "on_ground": false,
        "velocity": 225.28,
        "true_track": 318.7,
        "vertical_rate": 0,
        "geo_altitude": 11422.38,
        "squawk": "2073",
        "spi": false,
        "position_source": 0
      }
    },
    {
      "type": "Feature",
      "geometry": {
        "type": "Point",
        "coordinates": [
          12.2268,
          43.6998
        ]
      },
      "properties": {
        "icao24": "486804",
        "callsign": "KLC27U",
        "origin_country": "Kingdom of the Netherlands",
        "time_position": 1786962055,
        "last_contact": 1786962055,
        "baro_altitude": 3688.08,
        "on_ground": false,
        "velocity": 156.88,
        "true_track": 15.4,
        "vertical_rate": -7.8,
        "geo_altitude": 3901.44,
        "squawk": "1000",
        "spi": false,
        "position_source": 0
      }
    },
    {
      "type": "Feature",
      "geometry": {
        "type": "Point",
        "coordinates": [
          18.5373,
          41.2336
        ]
      },
      "properties": {
        "icao24": "3c0ca7",
        "callsign": "TUI6M",
        "origin_country": "Germany",
        "time_position": 1786961821,
        "last_contact": 1786961821,
        "baro_altitude": 10972.8,
        "on_ground": false,
        "velocity": 231.46,
        "true_track": 319.87,
        "vertical_rate": 0,
        "geo_altitude": 11483.34,
        "squawk": "2002",
        "spi": false,
        "position_source": 0
      }
    },
    {
      "type": "Feature",
      "geometry": {
        "type": "Point",
        "coordinates": [
          7.6245,
          40.6468
        ]
      },
      "properties": {
        "icao24": "4ca8e6",
        "callsign": "RYR6KV",
        "origin_country": "Ireland",
        "time_position": 1786962054,
        "last_contact": 1786962054,
        "baro_altitude": 9753.6,
        "on_ground": false,
        "velocity": 255.38,
        "true_track": 79.44,
        "vertical_rate": -0.33,
        "geo_altitude": 10271.76,
        "squawk": "2201",
        "spi": false,
        "position_source": 0
      }
    },
    {
      "type": "Feature",
      "geometry": {
        "type": "Point",
        "coordinates": [
          15.1583,
          44.7192
        ]
      },
      "properties": {
        "icao24": "4bab29",
        "callsign": "THY9EX",
        "origin_country": "Turkey",
        "time_position": 1786962055,
        "last_contact": 1786962055,
        "baro_altitude": 9753.6,
        "on_ground": false,
        "velocity": 224.89,
        "true_track": 281.08,
        "vertical_rate": 0,
        "geo_altitude": 10210.8,
        "squawk": "2316",
        "spi": false,
        "position_source": 0
      }
    },
    {
      "type": "Feature",
      "geometry": {
        "type": "Point",
        "coordinates": [
          17.0784,
          37.3018
        ]
      },
      "properties": {
        "icao24": "4bab25",
        "callsign": "THY640",
        "origin_country": "Turkey",
        "time_position": 1786962055,
        "last_contact": 1786962055,
        "baro_altitude": 10668,
        "on_ground": false,
        "velocity": 249.61,
        "true_track": 46.34,
        "vertical_rate": 0,
        "geo_altitude": 11224.26,
        "squawk": "4107",
        "spi": false,
        "position_source": 0
      }
    },
    {
      "type": "Feature",
      "geometry": {
        "type": "Point",
        "coordinates": [
          9.492,
          43.4668
        ]
      },
      "properties": {
        "icao24": "4ca8f4",
        "callsign": "ITY575",
        "origin_country": "Ireland",
        "time_position": 1786962054,
        "last_contact": 1786962055,
        "baro_altitude": 10347.96,
        "on_ground": false,
        "velocity": 227.63,
        "true_track": 137.84,
        "vertical_rate": -10.08,
        "geo_altitude": 10881.36,
        "squawk": "1000",
        "spi": false,
        "position_source": 0
      }
    },
    {
      "type": "Feature",
      "geometry": {
        "type": "Point",
        "coordinates": [
          10.1895,
          45.9515
        ]
      },
      "properties": {
        "icao24": "4ca8db",
        "callsign": "RYR3YX",
        "origin_country": "Ireland",
        "time_position": 1786962054,
        "last_contact": 1786962055,
        "baro_altitude": 11277.6,
        "on_ground": false,
        "velocity": 219.95,
        "true_track": 190.78,
        "vertical_rate": -0.33,
        "geo_altitude": 11734.8,
        "squawk": "1000",
        "spi": false,
        "position_source": 0
      }
    },
    {
      "type": "Feature",
      "geometry": {
        "type": "Point",
        "coordinates": [
          17.9205,
          42.8056
        ]
      },
      "properties": {
        "icao24": "4ca8d9",
        "callsign": "RYR5649",
        "origin_country": "Ireland",
        "time_position": 1786962054,
        "last_contact": 1786962054,
        "baro_altitude": 10218.42,
        "on_ground": false,
        "velocity": 227.18,
        "true_track": 129.86,
        "vertical_rate": -4.88,
        "geo_altitude": 10744.2,
        "squawk": "7216",
        "spi": false,
        "position_source": 0
      }
    },
    {
      "type": "Feature",
      "geometry": {
        "type": "Point",
        "coordinates": [
          10.3794,
          43.6694
        ]
      },
      "properties": {
        "icao24": "4ca8d4",
        "callsign": "RYR8128",
        "origin_country": "Ireland",
        "time_position": 1786962024,
        "last_contact": 1786962025,
        "baro_altitude": 45.72,
        "on_ground": false,
        "velocity": 87.46,
        "true_track": 36.87,
        "vertical_rate": -3.9,
        "geo_altitude": 106.68,
        "squawk": "5256",
        "spi": false,
        "position_source": 0
      }
    },
    {
      "type": "Feature",
      "geometry": {
        "type": "Point",
        "coordinates": [
          18.3505,
          44.2703
        ]
      },
      "properties": {
        "icao24": "3c743a",
        "callsign": "TUI3MC",
        "origin_country": "Germany",
        "time_position": 1786962054,
        "last_contact": 1786962054,
        "baro_altitude": 10972.8,
        "on_ground": false,
        "velocity": 230.46,
        "true_track": 318.98,
        "vertical_rate": 0,
        "geo_altitude": 11483.34,
        "squawk": "6624",
        "spi": false,
        "position_source": 0
      }
    },
    {
      "type": "Feature",
      "geometry": {
        "type": "Point",
        "coordinates": [
          6.7175,
          46.1648
        ]
      },
      "properties": {
        "icao24": "3c0acc",
        "callsign": "CFG8ZY",
        "origin_country": "Germany",
        "time_position": 1786962055,
        "last_contact": 1786962055,
        "baro_altitude": 11277.6,
        "on_ground": false,
        "velocity": 260.96,
        "true_track": 203.84,
        "vertical_rate": -0.33,
        "geo_altitude": 11757.66,
        "squawk": "1000",
        "spi": false,
        "position_source": 0
      }
    },
    {
      "type": "Feature",
      "geometry": {
        "type": "Point",
        "coordinates": [
          11.2505,
          45.0649
        ]
      },
      "properties": {
        "icao24": "3c0acb",
        "callsign": "CFG3UC",
        "origin_country": "Germany",
        "time_position": 1786962054,
        "last_contact": 1786962055,
        "baro_altitude": 10980.42,
        "on_ground": false,
        "velocity": 227.81,
        "true_track": 329.61,
        "vertical_rate": 0,
        "geo_altitude": 11445.24,
        "squawk": "1000",
        "spi": false,
        "position_source": 0
      }
    },
    {
      "type": "Feature",
      "geometry": {
        "type": "Point",
        "coordinates": [
          18.8947,
          45.1353
        ]
      },
      "properties": {
        "icao24": "4baa67",
        "callsign": "THY46P",
        "origin_country": "Turkey",
        "time_position": 1786962054,
        "last_contact": 1786962055,
        "baro_altitude": 10675.62,
        "on_ground": false,
        "velocity": 240.8,
        "true_track": 118.59,
        "vertical_rate": 0,
        "geo_altitude": 11155.68,
        "squawk": "7664",
        "spi": false,
        "position_source": 0
      }
    },
    {
      "type": "Feature",
      "geometry": {
        "type": "Point",
        "coordinates": [
          14.2766,
          46.3673
        ]
      },
      "properties": {
        "icao24": "3c7427",
        "callsign": "TUI10D",
        "origin_country": "Germany",
        "time_position": 1786962055,
        "last_contact": 1786962055,
        "baro_altitude": 10972.8,
        "on_ground": false,
        "velocity": 223.3,
        "true_track": 307.79,
        "vertical_rate": 0.33,
        "geo_altitude": 11422.38,
        "squawk": "5532",
        "spi": false,
        "position_source": 0
      }
    },
    {
      "type": "Feature",
      "geometry": {
        "type": "Point",
        "coordinates": [
          6.4841,
          46.7196
        ]
      },
      "properties": {
        "icao24": "4ca912",
        "callsign": "RYR87EZ",
        "origin_country": "Ireland",
        "time_position": 1786962055,
        "last_contact": 1786962055,
        "baro_altitude": 10972.8,
        "on_ground": false,
        "velocity": 199.75,
        "true_track": 300.66,
        "vertical_rate": -0.33,
        "geo_altitude": 11437.62,
        "squawk": "5711",
        "spi": false,
        "position_source": 0
      }
    },
    {
      "type": "Feature",
      "geometry": {
        "type": "Point",
        "coordinates": [
          16.1099,
          40.8445
        ]
      },
      "properties": {
        "icao24": "4ca900",
        "callsign": "ITY1624",
        "origin_country": "Ireland",
        "time_position": 1786962053,
        "last_contact": 1786962055,
        "baro_altitude": 9098.28,
        "on_ground": false,
        "velocity": 241.76,
        "true_track": 280.54,
        "vertical_rate": 4.55,
        "geo_altitude": 9578.34,
        "squawk": null,
        "spi": false,
        "position_source": 0
      }
    },
    {
      "type": "Feature",
      "geometry": {
        "type": "Point",
        "coordinates": [
          8.718,
          45.6316
        ]
      },
      "properties": {
        "icao24": "4ca961",
        "callsign": "NOS78RT",
        "origin_country": "Ireland",
        "time_position": 1786962052,
        "last_contact": 1786962052,
        "baro_altitude": null,
        "on_ground": true,
        "velocity": 0,
        "true_track": 78.75,
        "vertical_rate": null,
        "geo_altitude": null,
        "squawk": "6157",
        "spi": false,
        "position_source": 0
      }
    },
    {
      "type": "Feature",
      "geometry": {
        "type": "Point",
        "coordinates": [
          8.1404,
          43.5387
        ]
      },
      "properties": {
        "icao24": "501e45",
        "callsign": "JSY2A",
        "origin_country": "Croatia",
        "time_position": 1786962054,
        "last_contact": 1786962054,
        "baro_altitude": 3810,
        "on_ground": false,
        "velocity": 156.71,
        "true_track": 221.54,
        "vertical_rate": -12.03,
        "geo_altitude": 4008.12,
        "squawk": "1000",
        "spi": false,
        "position_source": 0
      }
    },
    {
      "type": "Feature",
      "geometry": {
        "type": "Point",
        "coordinates": [
          10.3441,
          46.1257
        ]
      },
      "properties": {
        "icao24": "4ca891",
        "callsign": "RYR4XK",
        "origin_country": "Ireland",
        "time_position": 1786962055,
        "last_contact": 1786962055,
        "baro_altitude": 6377.94,
        "on_ground": false,
        "velocity": 207.33,
        "true_track": 242.35,
        "vertical_rate": -13,
        "geo_altitude": 6705.6,
        "squawk": "1000",
        "spi": false,
        "position_source": 0
      }
    },
    {
      "type": "Feature",
      "geometry": {
        "type": "Point",
        "coordinates": [
          8.2526,
          45.0568
        ]
      },
      "properties": {
        "icao24": "4ca853",
        "callsign": "RYR838P",
        "origin_country": "Ireland",
        "time_position": 1786962054,
        "last_contact": 1786962055,
        "baro_altitude": 10980.42,
        "on_ground": false,
        "velocity": 223.31,
        "true_track": 319.48,
        "vertical_rate": 7.48,
        "geo_altitude": 11437.62,
        "squawk": "0416",
        "spi": false,
        "position_source": 0
      }
    },
    {
      "type": "Feature",
      "geometry": {
        "type": "Point",
        "coordinates": [
          10.9543,
          47.1651
        ]
      },
      "properties": {
        "icao24": "4ca856",
        "callsign": "RYR6DN",
        "origin_country": "Ireland",
        "time_position": 1786962055,
        "last_contact": 1786962055,
        "baro_altitude": 8130.54,
        "on_ground": false,
        "velocity": 247.01,
        "true_track": 97.54,
        "vertical_rate": 8.45,
        "geo_altitude": 8481.06,
        "squawk": "4377",
        "spi": false,
        "position_source": 0
      }
    },
    {
      "type": "Feature",
      "geometry": {
        "type": "Point",
        "coordinates": [
          9.279,
          45.4528
        ]
      },
      "properties": {
        "icao24": "4ca85b",
        "callsign": "ITY426",
        "origin_country": "Ireland",
        "time_position": 1786962049,
        "last_contact": 1786962049,
        "baro_altitude": null,
        "on_ground": true,
        "velocity": 4.37,
        "true_track": 222.19,
        "vertical_rate": null,
        "geo_altitude": null,
        "squawk": null,
        "spi": false,
        "position_source": 0
      }
    },
    {
      "type": "Feature",
      "geometry": {
        "type": "Point",
        "coordinates": [
          9.1906,
          47.0796
        ]
      },
      "properties": {
        "icao24": "501d1d",
        "callsign": "CTN461",
        "origin_country": "Croatia",
        "time_position": 1786962055,
        "last_contact": 1786962055,
        "baro_altitude": 7520.94,
        "on_ground": false,
        "velocity": 197.16,
        "true_track": 135.21,
        "vertical_rate": 12.68,
        "geo_altitude": 7863.84,
        "squawk": "1000",
        "spi": false,
        "position_source": 0
      }
    },
    {
      "type": "Feature",
      "geometry": {
        "type": "Point",
        "coordinates": [
          8.2843,
          44.2928
        ]
      },
      "properties": {
        "icao24": "4ca6c4",
        "callsign": "EIN4TH",
        "origin_country": "Ireland",
        "time_position": 1786962055,
        "last_contact": 1786962055,
        "baro_altitude": 10972.8,
        "on_ground": false,
        "velocity": 228.53,
        "true_track": 336.38,
        "vertical_rate": 0.33,
        "geo_altitude": 11460.48,
        "squawk": "4046",
        "spi": false,
        "position_source": 0
      }
    },
    {
      "type": "Feature",
      "geometry": {
        "type": "Point",
        "coordinates": [
          11.7475,
          46.5622
        ]
      },
      "properties": {
        "icao24": "4ca6d9",
        "callsign": "BCY041P",
        "origin_country": "Ireland",
        "time_position": 1786962055,
        "last_contact": 1786962055,
        "baro_altitude": 10980.42,
        "on_ground": false,
        "velocity": 233.32,
        "true_track": 353.92,
        "vertical_rate": 0,
        "geo_altitude": 11422.38,
        "squawk": "0474",
        "spi": false,
        "position_source": 0
      }
    },
    {
      "type": "Feature",
      "geometry": {
        "type": "Point",
        "coordinates": [
          10.6674,
          39.6172
        ]
      },
      "properties": {
        "icao24": "02a199",
        "callsign": "TAR363",
        "origin_country": "Tunisia",
        "time_position": 1786962055,
        "last_contact": 1786962055,
        "baro_altitude": 10660.38,
        "on_ground": false,
        "velocity": 246.98,
        "true_track": 181.07,
        "vertical_rate": 0,
        "geo_altitude": 11224.26,
        "squawk": "1235",
        "spi": false,
        "position_source": 0
      }
    },
    {
      "type": "Feature",
      "geometry": {
        "type": "Point",
        "coordinates": [
          10.2633,
          38.091
        ]
      },
      "properties": {
        "icao24": "02a198",
        "callsign": "TAR703",
        "origin_country": "Tunisia",
        "time_position": 1786961946,
        "last_contact": 1786961951,
        "baro_altitude": 7018.02,
        "on_ground": false,
        "velocity": 222.58,
        "true_track": 173.63,
        "vertical_rate": -13.98,
        "geo_altitude": 7559.04,
        "squawk": "5716",
        "spi": false,
        "position_source": 0
      }
    },
    {
      "type": "Feature",
      "geometry": {
        "type": "Point",
        "coordinates": [
          6.1589,
          40.7151
        ]
      },
      "properties": {
        "icao24": "02a192",
        "callsign": "TAR589",
        "origin_country": "Tunisia",
        "time_position": 1786962054,
        "last_contact": 1786962054,
        "baro_altitude": 11277.6,
        "on_ground": false,
        "velocity": 242.56,
        "true_track": 165.76,
        "vertical_rate": 0.33,
        "geo_altitude": 11849.1,
        "squawk": "5675",
        "spi": false,
        "position_source": 0
      }
    },
    {
      "type": "Feature",
      "geometry": {
        "type": "Point",
        "coordinates": [
          13.3441,
          40.7192
        ]
      },
      "properties": {
        "icao24": "4ca6fc",
        "callsign": "RYR42LK",
        "origin_country": "Ireland",
        "time_position": 1786962055,
        "last_contact": 1786962055,
        "baro_altitude": 10972.8,
        "on_ground": false,
        "velocity": 243.86,
        "true_track": 90.48,
        "vertical_rate": 0,
        "geo_altitude": 11483.34,
        "squawk": null,
        "spi": false,
        "position_source": 0
      }
    },
    {
      "type": "Feature",
      "geometry": {
        "type": "Point",
        "coordinates": [
          9.2927,
          43.7735
        ]
      },
      "properties": {
        "icao24": "4ca805",
        "callsign": "RYR84ZP",
        "origin_country": "Ireland",
        "time_position": 1786962054,
        "last_contact": 1786962055,
        "baro_altitude": 10789.92,
        "on_ground": false,
        "velocity": 227.9,
        "true_track": 143.26,
        "vertical_rate": 4.88,
        "geo_altitude": 11285.22,
        "squawk": "1000",
        "spi": false,
        "position_source": 0
      }
    },
    {
      "type": "Feature",
      "geometry": {
        "type": "Point",
        "coordinates": [
          9.3609,
          45.0093
        ]
      },
      "properties": {
        "icao24": "4ca82f",
        "callsign": "EJU5468",
        "origin_country": "Ireland",
        "time_position": 1786962055,
        "last_contact": 1786962055,
        "baro_altitude": 1912.62,
        "on_ground": false,
        "velocity": 145.18,
        "true_track": 348.97,
        "vertical_rate": -7.48,
        "geo_altitude": 2057.4,
        "squawk": "1000",
        "spi": false,
        "position_source": 0
      }
    },
    {
      "type": "Feature",
      "geometry": {
        "type": "Point",
        "coordinates": [
          6.4504,
          46.6346
        ]
      },
      "properties": {
        "icao24": "44c06a",
        "callsign": "PGC69A",
        "origin_country": "Belgium",
        "time_position": 1786962055,
        "last_contact": 1786962055,
        "baro_altitude": 4876.8,
        "on_ground": false,
        "velocity": 111.73,
        "true_track": 304.49,
        "vertical_rate": 0.33,
        "geo_altitude": 5143.5,
        "squawk": "5722",
        "spi": false,
        "position_source": 0
      }
    },
    {
      "type": "Feature",
      "geometry": {
        "type": "Point",
        "coordinates": [
          14.1369,
          44.7183
        ]
      },
      "properties": {
        "icao24": "4ca849",
        "callsign": "RYR39KL",
        "origin_country": "Ireland",
        "time_position": 1786962054,
        "last_contact": 1786962055,
        "baro_altitude": 9517.38,
        "on_ground": false,
        "velocity": 231.8,
        "true_track": 313.47,
        "vertical_rate": 7.15,
        "geo_altitude": 9959.34,
        "squawk": "7216",
        "spi": false,
        "position_source": 0
      }
    },
    {
      "type": "Feature",
      "geometry": {
        "type": "Point",
        "coordinates": [
          8.7334,
          45.6116
        ]
      },
      "properties": {
        "icao24": "4ca80c",
        "callsign": "RYR95ZC",
        "origin_country": "Ireland",
        "time_position": 1786962055,
        "last_contact": 1786962055,
        "baro_altitude": null,
        "on_ground": true,
        "velocity": 12.35,
        "true_track": 348.75,
        "vertical_rate": null,
        "geo_altitude": null,
        "squawk": "0412",
        "spi": false,
        "position_source": 0
      }
    },
    {
      "type": "Feature",
      "geometry": {
        "type": "Point",
        "coordinates": [
          9.1927,
          39.6726
        ]
      },
      "properties": {
        "icao24": "4ca811",
        "callsign": "RYR96ZJ",
        "origin_country": "Ireland",
        "time_position": 1786962055,
        "last_contact": 1786962055,
        "baro_altitude": 4686.3,
        "on_ground": false,
        "velocity": 207.7,
        "true_track": 30.18,
        "vertical_rate": 15.93,
        "geo_altitude": 4991.1,
        "squawk": null,
        "spi": false,
        "position_source": 0
      }
    },
    {
      "type": "Feature",
      "geometry": {
        "type": "Point",
        "coordinates": [
          18.3009,
          43.8007
        ]
      },
      "properties": {
        "icao24": "4bcde6",
        "callsign": "SXS5ZP",
        "origin_country": "Turkey",
        "time_position": 1786962054,
        "last_contact": 1786962054,
        "baro_altitude": 11277.6,
        "on_ground": false,
        "velocity": 226.66,
        "true_track": 129.29,
        "vertical_rate": 0,
        "geo_altitude": 11788.14,
        "squawk": "3073",
        "spi": false,
        "position_source": 0
      }
    },
    {
      "type": "Feature",
      "geometry": {
        "type": "Point",
        "coordinates": [
          15.0118,
          41.2412
        ]
      },
      "properties": {
        "icao24": "4ca758",
        "callsign": "ITY1612",
        "origin_country": "Ireland",
        "time_position": 1786962055,
        "last_contact": 1786962055,
        "baro_altitude": 8450.58,
        "on_ground": false,
        "velocity": 241.73,
        "true_track": 276.35,
        "vertical_rate": 9.43,
        "geo_altitude": 8892.54,
        "squawk": null,
        "spi": false,
        "position_source": 0
      }
    },
    {
      "type": "Feature",
      "geometry": {
        "type": "Point",
        "coordinates": [
          13.4583,
          40.3708
        ]
      },
      "properties": {
        "icao24": "4ca769",
        "callsign": "RYR3HB",
        "origin_country": "Ireland",
        "time_position": 1786962054,
        "last_contact": 1786962054,
        "baro_altitude": 10972.8,
        "on_ground": false,
        "velocity": 222.07,
        "true_track": 340.94,
        "vertical_rate": 0,
        "geo_altitude": 11498.58,
        "squawk": "7026",
        "spi": false,
        "position_source": 0
      }
    },
    {
      "type": "Feature",
      "geometry": {
        "type": "Point",
        "coordinates": [
          8.5518,
          45.1941
        ]
      },
      "properties": {
        "icao24": "4ca766",
        "callsign": "RYR8AG",
        "origin_country": "Ireland",
        "time_position": 1786962054,
        "last_contact": 1786962054,
        "baro_altitude": 11277.6,
        "on_ground": false,
        "velocity": 223.16,
        "true_track": 230.14,
        "vertical_rate": 0,
        "geo_altitude": 11742.42,
        "squawk": "1000",
        "spi": false,
        "position_source": 0
      }
    },
    {
      "type": "Feature",
      "geometry": {
        "type": "Point",
        "coordinates": [
          14.0644,
          43.6715
        ]
      },
      "properties": {
        "icao24": "4ca764",
        "callsign": "RYR8GU",
        "origin_country": "Ireland",
        "time_position": 1786962054,
        "last_contact": 1786962054,
        "baro_altitude": 10058.4,
        "on_ground": false,
        "velocity": 233.07,
        "true_track": 132.32,
        "vertical_rate": 0,
        "geo_altitude": 10530.84,
        "squawk": "7432",
        "spi": false,
        "position_source": 0
      }
    },
    {
      "type": "Feature",
      "geometry": {
        "type": "Point",
        "coordinates": [
          14.2682,
          46.0513
        ]
      },
      "properties": {
        "icao24": "4bcdd4",
        "callsign": "SXS9GG",
        "origin_country": "Turkey",
        "time_position": 1786962054,
        "last_contact": 1786962054,
        "baro_altitude": 10972.8,
        "on_ground": false,
        "velocity": 215.33,
        "true_track": 282.28,
        "vertical_rate": 0,
        "geo_altitude": 11422.38,
        "squawk": "3231",
        "spi": false,
        "position_source": 0
      }
    },
    {
      "type": "Feature",
      "geometry": {
        "type": "Point",
        "coordinates": [
          13.4874,
          41.2747
        ]
      },
      "properties": {
        "icao24": "4ca730",
        "callsign": "ITY1168",
        "origin_country": "Ireland",
        "time_position": 1786962055,
        "last_contact": 1786962055,
        "baro_altitude": 6758.94,
        "on_ground": false,
        "velocity": 214.25,
        "true_track": 302.05,
        "vertical_rate": -21.46,
        "geo_altitude": 7178.04,
        "squawk": null,
        "spi": false,
        "position_source": 0
      }
    },
    {
      "type": "Feature",
      "geometry": {
        "type": "Point",
        "coordinates": [
          16.2612,
          44.9947
        ]
      },
      "properties": {
        "icao24": "4bcde5",
        "callsign": "SXS78U",
        "origin_country": "Turkey",
        "time_position": 1786962054,
        "last_contact": 1786962054,
        "baro_altitude": 11277.6,
        "on_ground": false,
        "velocity": 238.21,
        "true_track": 130.71,
        "vertical_rate": 0,
        "geo_altitude": 11757.66,
        "squawk": "6405",
        "spi": false,
        "position_source": 0
      }
    },
    {
      "type": "Feature",
      "geometry": {
        "type": "Point",
        "coordinates": [
          10.8676,
          42.513
        ]
      },
      "properties": {
        "icao24": "4ca798",
        "callsign": "ITY2045",
        "origin_country": "Ireland",
        "time_position": 1786962054,
        "last_contact": 1786962054,
        "baro_altitude": 7734.3,
        "on_ground": false,
        "velocity": 217.48,
        "true_track": 104.1,
        "vertical_rate": -6.83,
        "geo_altitude": 8161.02,
        "squawk": "1000",
        "spi": false,
        "position_source": 0
      }
    },
    {
      "type": "Feature",
      "geometry": {
        "type": "Point",
        "coordinates": [
          6.5099,
          46.0416
        ]
      },
      "properties": {
        "icao24": "449682",
        "callsign": "JAF3LV",
        "origin_country": "Belgium",
        "time_position": 1786962054,
        "last_contact": 1786962054,
        "baro_altitude": 12192,
        "on_ground": false,
        "velocity": 204.35,
        "true_track": 349.85,
        "vertical_rate": 0.65,
        "geo_altitude": 12664.44,
        "squawk": "1000",
        "spi": false,
        "position_source": 0
      }
    },
    {
      "type": "Feature",
      "geometry": {
        "type": "Point",
        "coordinates": [
          10.5429,
          39.953
        ]
      },
      "properties": {
        "icao24": "405e23",
        "callsign": "TOM491",
        "origin_country": "United Kingdom",
        "time_position": 1786962054,
        "last_contact": 1786962054,
        "baro_altitude": 11582.4,
        "on_ground": false,
        "velocity": 223.36,
        "true_track": 350.32,
        "vertical_rate": 0,
        "geo_altitude": 12131.04,
        "squawk": "6173",
        "spi": false,
        "position_source": 0
      }
    },
    {
      "type": "Feature",
      "geometry": {
        "type": "Point",
        "coordinates": [
          7.1692,
          42.2786
        ]
      },
      "properties": {
        "icao24": "4ca6a6",
        "callsign": "RYR78BG",
        "origin_country": "Ireland",
        "time_position": 1786962055,
        "last_contact": 1786962055,
        "baro_altitude": 11277.6,
        "on_ground": false,
        "velocity": 229.56,
        "true_track": 220.36,
        "vertical_rate": 0.33,
        "geo_altitude": 11803.38,
        "squawk": "1000",
        "spi": false,
        "position_source": 0
      }
    },
    {
      "type": "Feature",
      "geometry": {
        "type": "Point",
        "coordinates": [
          10.1345,
          39.0834
        ]
      },
      "properties": {
        "icao24": "02a262",
        "callsign": "TAR247",
        "origin_country": "Tunisia",
        "time_position": 1786961848,
        "last_contact": 1786962009,
        "baro_altitude": 11178.54,
        "on_ground": false,
        "velocity": 237.7,
        "true_track": 173.41,
        "vertical_rate": -5.2,
        "geo_altitude": 11772.9,
        "squawk": "2377",
        "spi": false,
        "position_source": 0
      }
    },
    {
      "type": "Feature",
      "geometry": {
        "type": "Point",
        "coordinates": [
          7.1704,
          43.628
        ]
      },
      "properties": {
        "icao24": "46aa42",
        "callsign": "RJB301",
        "origin_country": "Greece",
        "time_position": 1786962055,
        "last_contact": 1786962055,
        "baro_altitude": 236.22,
        "on_ground": false,
        "velocity": 71.67,
        "true_track": 45.87,
        "vertical_rate": -1.63,
        "geo_altitude": 281.94,
        "squawk": "1000",
        "spi": false,
        "position_source": 0
      }
    },
    {
      "type": "Feature",
      "geometry": {
        "type": "Point",
        "coordinates": [
          6.0353,
          44.4545
        ]
      },
      "properties": {
        "icao24": "394ce0",
        "callsign": "FGTHA",
        "origin_country": "France",
        "time_position": 1786961913,
        "last_contact": 1786961913,
        "baro_altitude": null,
        "on_ground": true,
        "velocity": 5.4,
        "true_track": 295.31,
        "vertical_rate": null,
        "geo_altitude": null,
        "squawk": "7071",
        "spi": false,
        "position_source": 0
      }
    },
    {
      "type": "Feature",
      "geometry": {
        "type": "Point",
        "coordinates": [
          8.7464,
          45.641
        ]
      },
      "properties": {
        "icao24": "ab40f8",
        "callsign": "DAL175",
        "origin_country": "United States",
        "time_position": 1786962055,
        "last_contact": 1786962055,
        "baro_altitude": 2811.78,
        "on_ground": false,
        "velocity": 137.4,
        "true_track": 268.5,
        "vertical_rate": 10.08,
        "geo_altitude": 2979.42,
        "squawk": "3747",
        "spi": false,
        "position_source": 0
      }
    },
    {
      "type": "Feature",
      "geometry": {
        "type": "Point",
        "coordinates": [
          15.8994,
          45.0657
        ]
      },
      "properties": {
        "icao24": "501c4b",
        "callsign": "CTN2S",
        "origin_country": "Croatia",
        "time_position": 1786962054,
        "last_contact": 1786962055,
        "baro_altitude": 5897.88,
        "on_ground": false,
        "velocity": 188.41,
        "true_track": 182.03,
        "vertical_rate": 9.75,
        "geo_altitude": 6195.06,
        "squawk": "1000",
        "spi": false,
        "position_source": 0
      }
    },
    {
      "type": "Feature",
      "geometry": {
        "type": "Point",
        "coordinates": [
          14.4996,
          45.6599
        ]
      },
      "properties": {
        "icao24": "501c58",
        "callsign": "CTN27H",
        "origin_country": "Croatia",
        "time_position": 1786962054,
        "last_contact": 1786962055,
        "baro_altitude": 11277.6,
        "on_ground": false,
        "velocity": 232.84,
        "true_track": 142.9,
        "vertical_rate": 0,
        "geo_altitude": 11734.8,
        "squawk": "1000",
        "spi": false,
        "position_source": 0
      }
    },
    {
      "type": "Feature",
      "geometry": {
        "type": "Point",
        "coordinates": [
          17.6299,
          47.4761
        ]
      },
      "properties": {
        "icao24": "43c6b8",
        "callsign": "BLKCT01",
        "origin_country": "United Kingdom",
        "time_position": 1786962054,
        "last_contact": 1786962054,
        "baro_altitude": 2910.84,
        "on_ground": false,
        "velocity": 149.7,
        "true_track": 150.79,
        "vertical_rate": -0.33,
        "geo_altitude": 3078.48,
        "squawk": "3101",
        "spi": false,
        "position_source": 0
      }
    },
    {
      "type": "Feature",
      "geometry": {
        "type": "Point",
        "coordinates": [
          15.9754,
          45.5288
        ]
      },
      "properties": {
        "icao24": "484186",
        "callsign": "TRA51T",
        "origin_country": "Kingdom of the Netherlands",
        "time_position": 1786962054,
        "last_contact": 1786962055,
        "baro_altitude": 11582.4,
        "on_ground": false,
        "velocity": 227.31,
        "true_track": 324.12,
        "vertical_rate": -0.33,
        "geo_altitude": 12062.46,
        "squawk": "6537",
        "spi": false,
        "position_source": 0
      }
    },
    {
      "type": "Feature",
      "geometry": {
        "type": "Point",
        "coordinates": [
          8.1271,
          40.7586
        ]
      },
      "properties": {
        "icao24": "50848a",
        "callsign": "SEU406",
        "origin_country": "Ukraine",
        "time_position": 1786962054,
        "last_contact": 1786962054,
        "baro_altitude": 10972.8,
        "on_ground": false,
        "velocity": 240.67,
        "true_track": 64.15,
        "vertical_rate": 0,
        "geo_altitude": 11521.44,
        "squawk": "1276",
        "spi": false,
        "position_source": 0
      }
    },
    {
      "type": "Feature",
      "geometry": {
        "type": "Point",
        "coordinates": [
          7.5118,
          45.43
        ]
      },
      "properties": {
        "icao24": "4a0442",
        "callsign": "VOE5FA",
        "origin_country": "Romania",
        "time_position": 1786962054,
        "last_contact": 1786962054,
        "baro_altitude": 10972.8,
        "on_ground": false,
        "velocity": 223.57,
        "true_track": 342.73,
        "vertical_rate": 0,
        "geo_altitude": 11437.62,
        "squawk": "1000",
        "spi": false,
        "position_source": 0
      }
    },
    {
      "type": "Feature",
      "geometry": {
        "type": "Point",
        "coordinates": [
          6.4229,
          46.3462
        ]
      },
      "properties": {
        "icao24": "4bcdab",
        "callsign": "SXS6DN",
        "origin_country": "Turkey",
        "time_position": 1786962055,
        "last_contact": 1786962055,
        "baro_altitude": 11277.6,
        "on_ground": false,
        "velocity": 245.73,
        "true_track": 120.16,
        "vertical_rate": 0.33,
        "geo_altitude": 11757.66,
        "squawk": "2167",
        "spi": false,
        "position_source": 0
      }
    },
    {
      "type": "Feature",
      "geometry": {
        "type": "Point",
        "coordinates": [
          15.3963,
          45.5857
        ]
      },
      "properties": {
        "icao24": "4ca704",
        "callsign": "RYR1NL",
        "origin_country": "Ireland",
        "time_position": 1786962055,
        "last_contact": 1786962055,
        "baro_altitude": 10066.02,
        "on_ground": false,
        "velocity": 253.04,
        "true_track": 58.64,
        "vertical_rate": 0,
        "geo_altitude": 10515.6,
        "squawk": "1257",
        "spi": false,
        "position_source": 0
      }
    },
    {
      "type": "Feature",
      "geometry": {
        "type": "Point",
        "coordinates": [
          10.7411,
          45.2939
        ]
      },
      "properties": {
        "icao24": "4ca702",
        "callsign": "RYR15XJ",
        "origin_country": "Ireland",
        "time_position": 1786962047,
        "last_contact": 1786962047,
        "baro_altitude": 853.44,
        "on_ground": false,
        "velocity": 98.6,
        "true_track": 46.06,
        "vertical_rate": -5.2,
        "geo_altitude": 937.26,
        "squawk": "7034",
        "spi": false,
        "position_source": 0
      }
    },
    {
      "type": "Feature",
      "geometry": {
        "type": "Point",
        "coordinates": [
          15.2268,
          38.1833
        ]
      },
      "properties": {
        "icao24": "48411d",
        "callsign": "P4KH5I9",
        "origin_country": "Kingdom of the Netherlands",
        "time_position": 1786962054,
        "last_contact": 1786962054,
        "baro_altitude": 11879.58,
        "on_ground": false,
        "velocity": 244.73,
        "true_track": 141.83,
        "vertical_rate": 0,
        "geo_altitude": 12496.8,
        "squawk": "0422",
        "spi": false,
        "position_source": 0
      }
    },
    {
      "type": "Feature",
      "geometry": {
        "type": "Point",
        "coordinates": [
          18.6382,
          47.5873
        ]
      },
      "properties": {
        "icao24": "472127",
        "callsign": "FCA2OL",
        "origin_country": "Hungary",
        "time_position": 1786962049,
        "last_contact": 1786962049,
        "baro_altitude": 792.48,
        "on_ground": false,
        "velocity": 76.2,
        "true_track": 124.55,
        "vertical_rate": 0,
        "geo_altitude": 838.2,
        "squawk": "6754",
        "spi": false,
        "position_source": 0
      }
    },
    {
      "type": "Feature",
      "geometry": {
        "type": "Point",
        "coordinates": [
          18.2081,
          44.5499
        ]
      },
      "properties": {
        "icao24": "4bccaa",
        "callsign": "SXS8JF",
        "origin_country": "Turkey",
        "time_position": 1786962055,
        "last_contact": 1786962055,
        "baro_altitude": 11468.1,
        "on_ground": false,
        "velocity": 223.74,
        "true_track": 315.84,
        "vertical_rate": 4.23,
        "geo_altitude": 11963.4,
        "squawk": "5301",
        "spi": false,
        "position_source": 0
      }
    },
    {
      "type": "Feature",
      "geometry": {
        "type": "Point",
        "coordinates": [
          6.9858,
          43.4809
        ]
      },
      "properties": {
        "icao24": "49d677",
        "callsign": "SUA6M",
        "origin_country": "Czech Republic",
        "time_position": 1786962055,
        "last_contact": 1786962055,
        "baro_altitude": 1546.86,
        "on_ground": false,
        "velocity": 133.7,
        "true_track": 344.15,
        "vertical_rate": 0.33,
        "geo_altitude": 1653.54,
        "squawk": null,
        "spi": false,
        "position_source": 0
      }
    },
    {
      "type": "Feature",
      "geometry": {
        "type": "Point",
        "coordinates": [
          6.7603,
          47.306
        ]
      },
      "properties": {
        "icao24": "4ca64e",
        "callsign": "RYR21LA",
        "origin_country": "Ireland",
        "time_position": 1786962054,
        "last_contact": 1786962055,
        "baro_altitude": 10972.8,
        "on_ground": false,
        "velocity": 188.1,
        "true_track": 350.87,
        "vertical_rate": 0,
        "geo_altitude": 11414.76,
        "squawk": "1000",
        "spi": false,
        "position_source": 0
      }
    },
    {
      "type": "Feature",
      "geometry": {
        "type": "Point",
        "coordinates": [
          18.9406,
          46.309
        ]
      },
      "properties": {
        "icao24": "4bce06",
        "callsign": "SXS4AX",
        "origin_country": "Turkey",
        "time_position": 1786962055,
        "last_contact": 1786962055,
        "baro_altitude": 11582.4,
        "on_ground": false,
        "velocity": 221.27,
        "true_track": 321.8,
        "vertical_rate": 0,
        "geo_altitude": 12047.22,
        "squawk": "3253",
        "spi": false,
        "position_source": 0
      }
    },
    {
      "type": "Feature",
      "geometry": {
        "type": "Point",
        "coordinates": [
          18.8487,
          44.0871
        ]
      },
      "properties": {
        "icao24": "4bce02",
        "callsign": "SXS8QL",
        "origin_country": "Turkey",
        "time_position": 1786962053,
        "last_contact": 1786962054,
        "baro_altitude": 11277.6,
        "on_ground": false,
        "velocity": 231.33,
        "true_track": 129.5,
        "vertical_rate": 0,
        "geo_altitude": 11795.76,
        "squawk": "5453",
        "spi": false,
        "position_source": 0
      }
    },
    {
      "type": "Feature",
      "geometry": {
        "type": "Point",
        "coordinates": [
          10.8498,
          43.0762
        ]
      },
      "properties": {
        "icao24": "300803",
        "callsign": "IARUM",
        "origin_country": "Italy",
        "time_position": 1786962054,
        "last_contact": 1786962054,
        "baro_altitude": 5791.2,
        "on_ground": false,
        "velocity": 123.54,
        "true_track": 75.04,
        "vertical_rate": -0.65,
        "geo_altitude": 6111.24,
        "squawk": "1000",
        "spi": false,
        "position_source": 0
      }
    },
    {
      "type": "Feature",
      "geometry": {
        "type": "Point",
        "coordinates": [
          15.6957,
          46.1402
        ]
      },
      "properties": {
        "icao24": "a6c15f",
        "callsign": "VJA534",
        "origin_country": "United States",
        "time_position": 1786962054,
        "last_contact": 1786962055,
        "baro_altitude": 13114.02,
        "on_ground": false,
        "velocity": 224.94,
        "true_track": 320.01,
        "vertical_rate": 0.98,
        "geo_altitude": 13586.46,
        "squawk": "5332",
        "spi": false,
        "position_source": 0
      }
    },
    {
      "type": "Feature",
      "geometry": {
        "type": "Point",
        "coordinates": [
          9.1812,
          45.9796
        ]
      },
      "properties": {
        "icao24": "400e14",
        "callsign": "EZY59TK",
        "origin_country": "United Kingdom",
        "time_position": 1786962055,
        "last_contact": 1786962055,
        "baro_altitude": 10980.42,
        "on_ground": false,
        "velocity": 227.63,
        "true_track": 331.81,
        "vertical_rate": 0,
        "geo_altitude": 11430,
        "squawk": "0202",
        "spi": false,
        "position_source": 0
      }
    },
    {
      "type": "Feature",
      "geometry": {
        "type": "Point",
        "coordinates": [
          8.5579,
          47.4479
        ]
      },
      "properties": {
        "icao24": "400e13",
        "callsign": "EZY67LM",
        "origin_country": "United Kingdom",
        "time_position": 1786962054,
        "last_contact": 1786962054,
        "baro_altitude": null,
        "on_ground": true,
        "velocity": 9.26,
        "true_track": 334.69,
        "vertical_rate": null,
        "geo_altitude": null,
        "squawk": "3067",
        "spi": false,
        "position_source": 0
      }
    },
    {
      "type": "Feature",
      "geometry": {
        "type": "Point",
        "coordinates": [
          10.9159,
          43.7483
        ]
      },
      "properties": {
        "icao24": "346188",
        "callsign": "VLG6205",
        "origin_country": "Spain",
        "time_position": 1786962025,
        "last_contact": 1786962025,
        "baro_altitude": 1577.34,
        "on_ground": false,
        "velocity": 118.53,
        "true_track": 151.77,
        "vertical_rate": -8.45,
        "geo_altitude": 1760.22,
        "squawk": "1076",
        "spi": false,
        "position_source": 0
      }
    },
    {
      "type": "Feature",
      "geometry": {
        "type": "Point",
        "coordinates": [
          14.3,
          37.1331
        ]
      },
      "properties": {
        "icao24": "3006f6",
        "callsign": "IPTVR",
        "origin_country": "Italy",
        "time_position": 1786962054,
        "last_contact": 1786962054,
        "baro_altitude": 106.68,
        "on_ground": false,
        "velocity": 10.21,
        "true_track": 229.09,
        "vertical_rate": -1.95,
        "geo_altitude": 213.36,
        "squawk": "7000",
        "spi": false,
        "position_source": 0
      }
    },
    {
      "type": "Feature",
      "geometry": {
        "type": "Point",
        "coordinates": [
          9.5386,
          45.4351
        ]
      },
      "properties": {
        "icao24": "406319",
        "callsign": "EZY68DK",
        "origin_country": "United Kingdom",
        "time_position": 1786962055,
        "last_contact": 1786962055,
        "baro_altitude": 11597.64,
        "on_ground": false,
        "velocity": 225.05,
        "true_track": 334.55,
        "vertical_rate": -0.33,
        "geo_altitude": 12070.08,
        "squawk": "1221",
        "spi": false,
        "position_source": 0
      }
    },
    {
      "type": "Feature",
      "geometry": {
        "type": "Point",
        "coordinates": [
          16.671,
          43.7371
        ]
      },
      "properties": {
        "icao24": "5140e6",
        "callsign": "TGZ767",
        "origin_country": "Georgia",
        "time_position": 1786962054,
        "last_contact": 1786962055,
        "baro_altitude": 10972.8,
        "on_ground": false,
        "velocity": 231.24,
        "true_track": 272.68,
        "vertical_rate": 0,
        "geo_altitude": 11475.72,
        "squawk": "3225",
        "spi": false,
        "position_source": 0
      }
    },
    {
      "type": "Feature",
      "geometry": {
        "type": "Point",
        "coordinates": [
          10.4393,
          36.0805
        ]
      },
      "properties": {
        "icao24": "40768c",
        "callsign": "EZY47JF",
        "origin_country": "United Kingdom",
        "time_position": 1786961908,
        "last_contact": 1786961908,
        "baro_altitude": null,
        "on_ground": true,
        "velocity": 0.51,
        "true_track": 264.38,
        "vertical_rate": null,
        "geo_altitude": null,
        "squawk": null,
        "spi": false,
        "position_source": 0
      }
    },
    {
      "type": "Feature",
      "geometry": {
        "type": "Point",
        "coordinates": [
          13.3095,
          44.6592
        ]
      },
      "properties": {
        "icao24": "40768d",
        "callsign": "EZY18YQ",
        "origin_country": "United Kingdom",
        "time_position": 1786962054,
        "last_contact": 1786962054,
        "baro_altitude": 10363.2,
        "on_ground": false,
        "velocity": 230.12,
        "true_track": 310.92,
        "vertical_rate": 0,
        "geo_altitude": 10843.26,
        "squawk": "3714",
        "spi": false,
        "position_source": 0
      }
    },
    {
      "type": "Feature",
      "geometry": {
        "type": "Point",
        "coordinates": [
          10.0364,
          46.4624
        ]
      },
      "properties": {
        "icao24": "40768a",
        "callsign": "EZY69LE",
        "origin_country": "United Kingdom",
        "time_position": 1786962055,
        "last_contact": 1786962055,
        "baro_altitude": 11590.02,
        "on_ground": false,
        "velocity": 211.9,
        "true_track": 297,
        "vertical_rate": 0,
        "geo_altitude": 12039.6,
        "squawk": "2763",
        "spi": false,
        "position_source": 0
      }
    },
    {
      "type": "Feature",
      "geometry": {
        "type": "Point",
        "coordinates": [
          18.2738,
          44.3616
        ]
      },
      "properties": {
        "icao24": "3c496d",
        "callsign": "TUI119",
        "origin_country": "Germany",
        "time_position": 1786962054,
        "last_contact": 1786962054,
        "baro_altitude": 11582.4,
        "on_ground": false,
        "velocity": 225.54,
        "true_track": 315,
        "vertical_rate": 0,
        "geo_altitude": 12077.7,
        "squawk": "5344",
        "spi": false,
        "position_source": 0
      }
    },
    {
      "type": "Feature",
      "geometry": {
        "type": "Point",
        "coordinates": [
          18.4846,
          42.3734
        ]
      },
      "properties": {
        "icao24": "407630",
        "callsign": "EXS527",
        "origin_country": "United Kingdom",
        "time_position": 1786961957,
        "last_contact": 1786961995,
        "baro_altitude": 11277.6,
        "on_ground": false,
        "velocity": 233.52,
        "true_track": 153.15,
        "vertical_rate": 0.33,
        "geo_altitude": 11788.14,
        "squawk": "4727",
        "spi": false,
        "position_source": 0
      }
    },
    {
      "type": "Feature",
      "geometry": {
        "type": "Point",
        "coordinates": [
          7.8977,
          45.961
        ]
      },
      "properties": {
        "icao24": "30089a",
        "callsign": "IMIAK",
        "origin_country": "Italy",
        "time_position": 1786961797,
        "last_contact": 1786961797,
        "baro_altitude": 2964.18,
        "on_ground": false,
        "velocity": 66.25,
        "true_track": 166.07,
        "vertical_rate": -11.05,
        "geo_altitude": 3162.3,
        "squawk": "7000",
        "spi": false,
        "position_source": 0
      }
    },
    {
      "type": "Feature",
      "geometry": {
        "type": "Point",
        "coordinates": [
          18.3929,
          43.0329
        ]
      },
      "properties": {
        "icao24": "8966f2",
        "callsign": "UAE9989",
        "origin_country": "United Arab Emirates",
        "time_position": 1786962046,
        "last_contact": 1786962046,
        "baro_altitude": 10363.2,
        "on_ground": false,
        "velocity": 253.31,
        "true_track": 316.81,
        "vertical_rate": 0,
        "geo_altitude": 10835.64,
        "squawk": "2006",
        "spi": false,
        "position_source": 0
      }
    },
    {
      "type": "Feature",
      "geometry": {
        "type": "Point",
        "coordinates": [
          17.6505,
          35.6632
        ]
      },
      "properties": {
        "icao24": "8966fd",
        "callsign": "UAE8LT",
        "origin_country": "United Arab Emirates",
        "time_position": 1786962054,
        "last_contact": 1786962054,
        "baro_altitude": 12192,
        "on_ground": false,
        "velocity": 224.89,
        "true_track": 281.75,
        "vertical_rate": 0,
        "geo_altitude": 12847.32,
        "squawk": null,
        "spi": false,
        "position_source": 0
      }
    },
    {
      "type": "Feature",
      "geometry": {
        "type": "Point",
        "coordinates": [
          16.9573,
          42.9731
        ]
      },
      "properties": {
        "icao24": "8966bc",
        "callsign": "ETD7YQ",
        "origin_country": "United Arab Emirates",
        "time_position": 1786961963,
        "last_contact": 1786961987,
        "baro_altitude": 10972.8,
        "on_ground": false,
        "velocity": 235.15,
        "true_track": 305.74,
        "vertical_rate": 0,
        "geo_altitude": 11490.96,
        "squawk": null,
        "spi": false,
        "position_source": 0
      }
    },
    {
      "type": "Feature",
      "geometry": {
        "type": "Point",
        "coordinates": [
          16.0105,
          47.5355
        ]
      },
      "properties": {
        "icao24": "8966cf",
        "callsign": "ETD8NY",
        "origin_country": "United Arab Emirates",
        "time_position": 1786962054,
        "last_contact": 1786962055,
        "baro_altitude": 11277.6,
        "on_ground": false,
        "velocity": 262.28,
        "true_track": 127.59,
        "vertical_rate": 0,
        "geo_altitude": 11689.08,
        "squawk": "5202",
        "spi": false,
        "position_source": 0
      }
    },
    {
      "type": "Feature",
      "geometry": {
        "type": "Point",
        "coordinates": [
          9.2023,
          45.5338
        ]
      },
      "properties": {
        "icao24": "300834",
        "callsign": "INRGY",
        "origin_country": "Italy",
        "time_position": 1786962055,
        "last_contact": 1786962055,
        "baro_altitude": 213.36,
        "on_ground": false,
        "velocity": 26.28,
        "true_track": 176.63,
        "vertical_rate": 6.18,
        "geo_altitude": 281.94,
        "squawk": "7000",
        "spi": false,
        "position_source": 0
      }
    },
    {
      "type": "Feature",
      "geometry": {
        "type": "Point",
        "coordinates": [
          17.4061,
          41.7001
        ]
      },
      "properties": {
        "icao24": "8966a8",
        "callsign": "ETD44",
        "origin_country": "United Arab Emirates",
        "time_position": 1786961959,
        "last_contact": 1786961959,
        "baro_altitude": 10050.78,
        "on_ground": false,
        "velocity": 231.01,
        "true_track": 152.69,
        "vertical_rate": 0,
        "geo_altitude": 10553.7,
        "squawk": "3156",
        "spi": false,
        "position_source": 0
      }
    },
    {
      "type": "Feature",
      "geometry": {
        "type": "Point",
        "coordinates": [
          9.6558,
          40.7337
        ]
      },
      "properties": {
        "icao24": "4cafc1",
        "callsign": "RYR1GR",
        "origin_country": "Ireland",
        "time_position": 1786962054,
        "last_contact": 1786962054,
        "baro_altitude": 10972.8,
        "on_ground": false,
        "velocity": 241.77,
        "true_track": 84.75,
        "vertical_rate": 0,
        "geo_altitude": 11513.82,
        "squawk": "1000",
        "spi": false,
        "position_source": 0
      }
    },
    {
      "type": "Feature",
      "geometry": {
        "type": "Point",
        "coordinates": [
          6.4151,
          45.5026
        ]
      },
      "properties": {
        "icao24": "48ada8",
        "callsign": "LOT346",
        "origin_country": "Poland",
        "time_position": 1786962055,
        "last_contact": 1786962055,
        "baro_altitude": 7574.28,
        "on_ground": false,
        "velocity": 196.87,
        "true_track": 97.96,
        "vertical_rate": 10.4,
        "geo_altitude": 7978.14,
        "squawk": "1000",
        "spi": false,
        "position_source": 0
      }
    },
    {
      "type": "Feature",
      "geometry": {
        "type": "Point",
        "coordinates": [
          14.2235,
          39.9297
        ]
      },
      "properties": {
        "icao24": "0100df",
        "callsign": "MSR753",
        "origin_country": "Egypt",
        "time_position": 1786962054,
        "last_contact": 1786962054,
        "baro_altitude": 10972.8,
        "on_ground": false,
        "velocity": 223.35,
        "true_track": 277.94,
        "vertical_rate": 0,
        "geo_altitude": 11490.96,
        "squawk": "5522",
        "spi": false,
        "position_source": 0
      }
    },
    {
      "type": "Feature",
      "geometry": {
        "type": "Point",
        "coordinates": [
          7.8355,
          45.1999
        ]
      },
      "properties": {
        "icao24": "aa634d",
        "callsign": "N769DL",
        "origin_country": "United States",
        "time_position": 1786962054,
        "last_contact": 1786962054,
        "baro_altitude": 762,
        "on_ground": false,
        "velocity": 75.37,
        "true_track": 100.62,
        "vertical_rate": -0.33,
        "geo_altitude": 822.96,
        "squawk": "7000",
        "spi": false,
        "position_source": 0
      }
    },
    {
      "type": "Feature",
      "geometry": {
        "type": "Point",
        "coordinates": [
          14.393,
          44.3519
        ]
      },
      "properties": {
        "icao24": "4076b0",
        "callsign": "TOM7DM",
        "origin_country": "United Kingdom",
        "time_position": 1786962054,
        "last_contact": 1786962055,
        "baro_altitude": 10972.8,
        "on_ground": false,
        "velocity": 230.41,
        "true_track": 319.98,
        "vertical_rate": 0,
        "geo_altitude": 11452.86,
        "squawk": "3727",
        "spi": false,
        "position_source": 0
      }
    },
    {
      "type": "Feature",
      "geometry": {
        "type": "Point",
        "coordinates": [
          18.8359,
          39.7215
        ]
      },
      "properties": {
        "icao24": "01024d",
        "callsign": "MSC2960",
        "origin_country": "Egypt",
        "time_position": 1786962054,
        "last_contact": 1786962054,
        "baro_altitude": 10972.8,
        "on_ground": false,
        "velocity": 232.08,
        "true_track": 343.25,
        "vertical_rate": 0,
        "geo_altitude": 11498.58,
        "squawk": "2010",
        "spi": false,
        "position_source": 0
      }
    },
    {
      "type": "Feature",
      "geometry": {
        "type": "Point",
        "coordinates": [
          11.5176,
          46.4056
        ]
      },
      "properties": {
        "icao24": "407793",
        "callsign": "EZY37GY",
        "origin_country": "United Kingdom",
        "time_position": 1786962055,
        "last_contact": 1786962055,
        "baro_altitude": 11582.4,
        "on_ground": false,
        "velocity": 215.57,
        "true_track": 293.93,
        "vertical_rate": 0,
        "geo_altitude": 12031.98,
        "squawk": "7220",
        "spi": false,
        "position_source": 0
      }
    },
    {
      "type": "Feature",
      "geometry": {
        "type": "Point",
        "coordinates": [
          15.0672,
          44.1185
        ]
      },
      "properties": {
        "icao24": "010244",
        "callsign": "MSR703",
        "origin_country": "Egypt",
        "time_position": 1786962055,
        "last_contact": 1786962055,
        "baro_altitude": 9761.22,
        "on_ground": false,
        "velocity": 237.25,
        "true_track": 308.49,
        "vertical_rate": 0,
        "geo_altitude": 10241.28,
        "squawk": "2041",
        "spi": false,
        "position_source": 0
      }
    },
    {
      "type": "Feature",
      "geometry": {
        "type": "Point",
        "coordinates": [
          15.6522,
          47.2191
        ]
      },
      "properties": {
        "icao24": "48ae83",
        "callsign": "LOT1LB",
        "origin_country": "Poland",
        "time_position": 1786962054,
        "last_contact": 1786962055,
        "baro_altitude": 8884.92,
        "on_ground": false,
        "velocity": 205.75,
        "true_track": 208.04,
        "vertical_rate": -10.4,
        "geo_altitude": 9273.54,
        "squawk": "1000",
        "spi": false,
        "position_source": 0
      }
    },
    {
      "type": "Feature",
      "geometry": {
        "type": "Point",
        "coordinates": [
          13.6106,
          42.7325
        ]
      },
      "properties": {
        "icao24": "3964f0",
        "callsign": "TVF63WU",
        "origin_country": "France",
        "time_position": 1786962055,
        "last_contact": 1786962055,
        "baro_altitude": 11582.4,
        "on_ground": false,
        "velocity": 222.16,
        "true_track": 303.29,
        "vertical_rate": 0.33,
        "geo_altitude": 12100.56,
        "squawk": "2037",
        "spi": false,
        "position_source": 0
      }
    },
    {
      "type": "Feature",
      "geometry": {
        "type": "Point",
        "coordinates": [
          18.6995,
          40.275
        ]
      },
      "properties": {
        "icao24": "010264",
        "callsign": "MSC2982",
        "origin_country": "Egypt",
        "time_position": 1786962019,
        "last_contact": 1786962019,
        "baro_altitude": 10972.8,
        "on_ground": false,
        "velocity": 232.17,
        "true_track": 340.72,
        "vertical_rate": 0,
        "geo_altitude": 11506.2,
        "squawk": "5531",
        "spi": false,
        "position_source": 0
      }
    },
    {
      "type": "Feature",
      "geometry": {
        "type": "Point",
        "coordinates": [
          8.8709,
          42.9129
        ]
      },
      "properties": {
        "icao24": "3964f7",
        "callsign": "TVF8062",
        "origin_country": "France",
        "time_position": 1786962054,
        "last_contact": 1786962054,
        "baro_altitude": 11277.6,
        "on_ground": false,
        "velocity": 237.57,
        "true_track": 127.17,
        "vertical_rate": 0,
        "geo_altitude": 11803.38,
        "squawk": "2355",
        "spi": false,
        "position_source": 0
      }
    },
    {
      "type": "Feature",
      "geometry": {
        "type": "Point",
        "coordinates": [
          7.3712,
          44.9767
        ]
      },
      "properties": {
        "icao24": "aaa012",
        "callsign": "ASA180",
        "origin_country": "United States",
        "time_position": 1786962054,
        "last_contact": 1786962055,
        "baro_altitude": 11879.58,
        "on_ground": false,
        "velocity": 269.92,
        "true_track": 134.54,
        "vertical_rate": -0.33,
        "geo_altitude": 12382.5,
        "squawk": "2220",
        "spi": false,
        "position_source": 0
      }
    },
    {
      "type": "Feature",
      "geometry": {
        "type": "Point",
        "coordinates": [
          14.2894,
          44.7752
        ]
      },
      "properties": {
        "icao24": "010204",
        "callsign": "MSR781",
        "origin_country": "Egypt",
        "time_position": 1786962054,
        "last_contact": 1786962054,
        "baro_altitude": 9768.84,
        "on_ground": false,
        "velocity": 237.99,
        "true_track": 316.58,
        "vertical_rate": 0,
        "geo_altitude": 10218.42,
        "squawk": "2076",
        "spi": false,
        "position_source": 0
      }
    },
    {
      "type": "Feature",
      "geometry": {
        "type": "Point",
        "coordinates": [
          17.4677,
          38.6987
        ]
      },
      "properties": {
        "icao24": "01022d",
        "callsign": "MSC2807",
        "origin_country": "Egypt",
        "time_position": 1786962054,
        "last_contact": 1786962054,
        "baro_altitude": 10965.18,
        "on_ground": false,
        "velocity": 221.9,
        "true_track": 315.19,
        "vertical_rate": 0,
        "geo_altitude": 11506.2,
        "squawk": "5523",
        "spi": false,
        "position_source": 0
      }
    },
    {
      "type": "Feature",
      "geometry": {
        "type": "Point",
        "coordinates": [
          14.5104,
          39.8107
        ]
      },
      "properties": {
        "icao24": "01022f",
        "callsign": "MSC3721",
        "origin_country": "Egypt",
        "time_position": 1786962048,
        "last_contact": 1786962048,
        "baro_altitude": 10363.2,
        "on_ground": false,
        "velocity": 222.17,
        "true_track": 293.18,
        "vertical_rate": 0,
        "geo_altitude": 10881.36,
        "squawk": "6627",
        "spi": false,
        "position_source": 0
      }
    },
    {
      "type": "Feature",
      "geometry": {
        "type": "Point",
        "coordinates": [
          6.1115,
          46.2376
        ]
      },
      "properties": {
        "icao24": "4b1a23",
        "callsign": null,
        "origin_country": "Switzerland",
        "time_position": 1786961992,
        "last_contact": 1786961992,
        "baro_altitude": null,
        "on_ground": true,
        "velocity": 10.8,
        "true_track": 45,
        "vertical_rate": null,
        "geo_altitude": null,
        "squawk": null,
        "spi": false,
        "position_source": 0
      }
    },
    {
      "type": "Feature",
      "geometry": {
        "type": "Point",
        "coordinates": [
          18.6955,
          42.4186
        ]
      },
      "properties": {
        "icao24": "485e2f",
        "callsign": "KLM569",
        "origin_country": "Kingdom of the Netherlands",
        "time_position": 1786962038,
        "last_contact": 1786962038,
        "baro_altitude": 11277.6,
        "on_ground": false,
        "velocity": 255.72,
        "true_track": 144.17,
        "vertical_rate": 0,
        "geo_altitude": 11803.38,
        "squawk": "0151",
        "spi": false,
        "position_source": 0
      }
    },
    {
      "type": "Feature",
      "geometry": {
        "type": "Point",
        "coordinates": [
          12.268,
          44.021
        ]
      },
      "properties": {
        "icao24": "4b1a2d",
        "callsign": "EZS78KD",
        "origin_country": "Switzerland",
        "time_position": 1786962054,
        "last_contact": 1786962054,
        "baro_altitude": 11887.2,
        "on_ground": false,
        "velocity": 235.45,
        "true_track": 125.84,
        "vertical_rate": -0.65,
        "geo_altitude": 12382.5,
        "squawk": "1000",
        "spi": false,
        "position_source": 0
      }
    },
    {
      "type": "Feature",
      "geometry": {
        "type": "Point",
        "coordinates": [
          7.2344,
          46.7469
        ]
      },
      "properties": {
        "icao24": "4b1a2e",
        "callsign": "EZS72LT",
        "origin_country": "Switzerland",
        "time_position": 1786962055,
        "last_contact": 1786962055,
        "baro_altitude": 5318.76,
        "on_ground": false,
        "velocity": 187.34,
        "true_track": 15.45,
        "vertical_rate": -9.75,
        "geo_altitude": 5623.56,
        "squawk": "1000",
        "spi": false,
        "position_source": 0
      }
    },
    {
      "type": "Feature",
      "geometry": {
        "type": "Point",
        "coordinates": [
          13.6531,
          44.3219
        ]
      },
      "properties": {
        "icao24": "4b1a2f",
        "callsign": "EZS31QP",
        "origin_country": "Switzerland",
        "time_position": 1786962054,
        "last_contact": 1786962055,
        "baro_altitude": 11582.4,
        "on_ground": false,
        "velocity": 223.56,
        "true_track": 298.75,
        "vertical_rate": 0.33,
        "geo_altitude": 12077.7,
        "squawk": "2074",
        "spi": false,
        "position_source": 0
      }
    },
    {
      "type": "Feature",
      "geometry": {
        "type": "Point",
        "coordinates": [
          6.2614,
          43.0215
        ]
      },
      "properties": {
        "icao24": "484b09",
        "callsign": "PHMYX",
        "origin_country": "Kingdom of the Netherlands",
        "time_position": 1786962054,
        "last_contact": 1786962054,
        "baro_altitude": 8915.4,
        "on_ground": false,
        "velocity": 220.11,
        "true_track": 247.75,
        "vertical_rate": 7.48,
        "geo_altitude": 9387.84,
        "squawk": "6760",
        "spi": false,
        "position_source": 0
      }
    },
    {
      "type": "Feature",
      "geometry": {
        "type": "Point",
        "coordinates": [
          7.5323,
          47.5973
        ]
      },
      "properties": {
        "icao24": "4b1a2c",
        "callsign": "EZS28NQ",
        "origin_country": "Switzerland",
        "time_position": 1786961765,
        "last_contact": 1786961765,
        "baro_altitude": null,
        "on_ground": true,
        "velocity": 0.45,
        "true_track": 64.69,
        "vertical_rate": null,
        "geo_altitude": null,
        "squawk": "0442",
        "spi": false,
        "position_source": 0
      }
    },
    {
      "type": "Feature",
      "geometry": {
        "type": "Point",
        "coordinates": [
          7.5283,
          47.6015
        ]
      },
      "properties": {
        "icao24": "4b1a34",
        "callsign": "EZS72ZY",
        "origin_country": "Switzerland",
        "time_position": 1786962036,
        "last_contact": 1786962048,
        "baro_altitude": null,
        "on_ground": true,
        "velocity": 0,
        "true_track": 205.31,
        "vertical_rate": null,
        "geo_altitude": null,
        "squawk": null,
        "spi": false,
        "position_source": 0
      }
    },
    {
      "type": "Feature",
      "geometry": {
        "type": "Point",
        "coordinates": [
          7.5297,
          47.596
        ]
      },
      "properties": {
        "icao24": "4b1a1f",
        "callsign": "EZS57GP",
        "origin_country": "Switzerland",
        "time_position": 1786962049,
        "last_contact": 1786962054,
        "baro_altitude": null,
        "on_ground": true,
        "velocity": 0,
        "true_track": 334.69,
        "vertical_rate": null,
        "geo_altitude": null,
        "squawk": null,
        "spi": false,
        "position_source": 0
      }
    },
    {
      "type": "Feature",
      "geometry": {
        "type": "Point",
        "coordinates": [
          6.1792,
          43.9197
        ]
      },
      "properties": {
        "icao24": "4b1a1b",
        "callsign": "EZS67AR",
        "origin_country": "Switzerland",
        "time_position": 1786962055,
        "last_contact": 1786962055,
        "baro_altitude": 10363.2,
        "on_ground": false,
        "velocity": 217.88,
        "true_track": 26.2,
        "vertical_rate": -0.33,
        "geo_altitude": 10881.36,
        "squawk": "1000",
        "spi": false,
        "position_source": 0
      }
    },
    {
      "type": "Feature",
      "geometry": {
        "type": "Point",
        "coordinates": [
          11.2984,
          45.9172
        ]
      },
      "properties": {
        "icao24": "4b1a24",
        "callsign": "EZS52WA",
        "origin_country": "Switzerland",
        "time_position": 1786962055,
        "last_contact": 1786962055,
        "baro_altitude": 10988.04,
        "on_ground": false,
        "velocity": 214.03,
        "true_track": 303.23,
        "vertical_rate": 0,
        "geo_altitude": 11452.86,
        "squawk": "5516",
        "spi": false,
        "position_source": 0
      }
    },
    {
      "type": "Feature",
      "geometry": {
        "type": "Point",
        "coordinates": [
          7.3338,
          43.496
        ]
      },
      "properties": {
        "icao24": "4b1a25",
        "callsign": "EJU63AG",
        "origin_country": "Switzerland",
        "time_position": 1786962055,
        "last_contact": 1786962055,
        "baro_altitude": 2697.48,
        "on_ground": false,
        "velocity": 129.64,
        "true_track": 179.55,
        "vertical_rate": 13.98,
        "geo_altitude": 2880.36,
        "squawk": null,
        "spi": false,
        "position_source": 0
      }
    },
    {
      "type": "Feature",
      "geometry": {
        "type": "Point",
        "coordinates": [
          11.353,
          45.8796
        ]
      },
      "properties": {
        "icao24": "4b1a27",
        "callsign": "EZS16RV",
        "origin_country": "Switzerland",
        "time_position": 1786962054,
        "last_contact": 1786962054,
        "baro_altitude": 11285.22,
        "on_ground": false,
        "velocity": 234.07,
        "true_track": 125.16,
        "vertical_rate": 0,
        "geo_altitude": 11765.28,
        "squawk": "1000",
        "spi": false,
        "position_source": 0
      }
    },
    {
      "type": "Feature",
      "geometry": {
        "type": "Point",
        "coordinates": [
          6.5447,
          47.7943
        ]
      },
      "properties": {
        "icao24": "4b1a28",
        "callsign": "EZS1231",
        "origin_country": "Switzerland",
        "time_position": 1786962055,
        "last_contact": 1786962055,
        "baro_altitude": 6667.5,
        "on_ground": false,
        "velocity": 186.19,
        "true_track": 291.39,
        "vertical_rate": 8.45,
        "geo_altitude": 6995.16,
        "squawk": "6726",
        "spi": false,
        "position_source": 0
      }
    },
    {
      "type": "Feature",
      "geometry": {
        "type": "Point",
        "coordinates": [
          6.1456,
          47.6721
        ]
      },
      "properties": {
        "icao24": "4b1a29",
        "callsign": "EZS1537",
        "origin_country": "Switzerland",
        "time_position": 1786962054,
        "last_contact": 1786962055,
        "baro_altitude": 10972.8,
        "on_ground": false,
        "velocity": 184.35,
        "true_track": 17.37,
        "vertical_rate": 0,
        "geo_altitude": 11445.24,
        "squawk": "5726",
        "spi": false,
        "position_source": 0
      }
    },
    {
      "type": "Feature",
      "geometry": {
        "type": "Point",
        "coordinates": [
          8.647,
          46.9905
        ]
      },
      "properties": {
        "icao24": "4d24ca",
        "callsign": "RYR64JM",
        "origin_country": "Malta",
        "time_position": 1786962054,
        "last_contact": 1786962055,
        "baro_altitude": 11582.4,
        "on_ground": false,
        "velocity": 231.87,
        "true_track": 15.18,
        "vertical_rate": 0.33,
        "geo_altitude": 12016.74,
        "squawk": "5373",
        "spi": false,
        "position_source": 0
      }
    },
    {
      "type": "Feature",
      "geometry": {
        "type": "Point",
        "coordinates": [
          9.0046,
          43.977
        ]
      },
      "properties": {
        "icao24": "4b1a65",
        "callsign": "EZS48AX",
        "origin_country": "Switzerland",
        "time_position": 1786962054,
        "last_contact": 1786962054,
        "baro_altitude": 10972.8,
        "on_ground": false,
        "velocity": 218.35,
        "true_track": 327.51,
        "vertical_rate": 0.33,
        "geo_altitude": 11475.72,
        "squawk": "1251",
        "spi": false,
        "position_source": 0
      }
    },
    {
      "type": "Feature",
      "geometry": {
        "type": "Point",
        "coordinates": [
          17.3711,
          42.7709
        ]
      },
      "properties": {
        "icao24": "01028a",
        "callsign": "MSR777",
        "origin_country": "Egypt",
        "time_position": 1786962039,
        "last_contact": 1786962039,
        "baro_altitude": 11582.4,
        "on_ground": false,
        "velocity": 247.36,
        "true_track": 311.88,
        "vertical_rate": 0,
        "geo_altitude": 12085.32,
        "squawk": "2065",
        "spi": false,
        "position_source": 0
      }
    },
    {
      "type": "Feature",
      "geometry": {
        "type": "Point",
        "coordinates": [
          7.0127,
          46.6578
        ]
      },
      "properties": {
        "icao24": "40772f",
        "callsign": "EZY18TA",
        "origin_country": "United Kingdom",
        "time_position": 1786962055,
        "last_contact": 1786962055,
        "baro_altitude": 11574.78,
        "on_ground": false,
        "velocity": 200.17,
        "true_track": 309.79,
        "vertical_rate": -0.33,
        "geo_altitude": 12047.22,
        "squawk": "5766",
        "spi": false,
        "position_source": 0
      }
    },
    {
      "type": "Feature",
      "geometry": {
        "type": "Point",
        "coordinates": [
          18.2188,
          42.8375
        ]
      },
      "properties": {
        "icao24": "4d24e7",
        "callsign": "EWG12JK",
        "origin_country": "Malta",
        "time_position": 1786962054,
        "last_contact": 1786962054,
        "baro_altitude": 10668,
        "on_ground": false,
        "velocity": 226.44,
        "true_track": 146.49,
        "vertical_rate": 0,
        "geo_altitude": 11178.54,
        "squawk": "5570",
        "spi": false,
        "position_source": 0
      }
    },
    {
      "type": "Feature",
      "geometry": {
        "type": "Point",
        "coordinates": [
          12.4167,
          45.9803
        ]
      },
      "properties": {
        "icao24": "010285",
        "callsign": "PYR013",
        "origin_country": "Egypt",
        "time_position": 1786962054,
        "last_contact": 1786962055,
        "baro_altitude": 10668,
        "on_ground": false,
        "velocity": 226.09,
        "true_track": 184.7,
        "vertical_rate": -0.33,
        "geo_altitude": 11102.34,
        "squawk": "3551",
        "spi": false,
        "position_source": 0
      }
    },
    {
      "type": "Feature",
      "geometry": {
        "type": "Point",
        "coordinates": [
          8.72,
          45.6246
        ]
      },
      "properties": {
        "icao24": "4d24ae",
        "callsign": "WMT431",
        "origin_country": "Malta",
        "time_position": 1786961819,
        "last_contact": 1786961819,
        "baro_altitude": null,
        "on_ground": true,
        "velocity": 1.29,
        "true_track": 78.75,
        "vertical_rate": null,
        "geo_altitude": null,
        "squawk": "1000",
        "spi": false,
        "position_source": 0
      }
    },
    {
      "type": "Feature",
      "geometry": {
        "type": "Point",
        "coordinates": [
          8.5526,
          47.4598
        ]
      },
      "properties": {
        "icao24": "76cef1",
        "callsign": "SIA345",
        "origin_country": "Singapore",
        "time_position": 1786962051,
        "last_contact": 1786962054,
        "baro_altitude": 396.24,
        "on_ground": true,
        "velocity": 0,
        "true_track": 278.44,
        "vertical_rate": null,
        "geo_altitude": null,
        "squawk": "3071",
        "spi": false,
        "position_source": 0
      }
    },
    {
      "type": "Feature",
      "geometry": {
        "type": "Point",
        "coordinates": [
          12.0239,
          41.7473
        ]
      },
      "properties": {
        "icao24": "4d24b5",
        "callsign": "WMT6753",
        "origin_country": "Malta",
        "time_position": 1786962054,
        "last_contact": 1786962054,
        "baro_altitude": 3528.06,
        "on_ground": false,
        "velocity": 192.14,
        "true_track": 69.14,
        "vertical_rate": -4.55,
        "geo_altitude": 3771.9,
        "squawk": "1413",
        "spi": false,
        "position_source": 0
      }
    },
    {
      "type": "Feature",
      "geometry": {
        "type": "Point",
        "coordinates": [
          17.9137,
          44.5264
        ]
      },
      "properties": {
        "icao24": "4d24c2",
        "callsign": "WMT1041",
        "origin_country": "Malta",
        "time_position": 1786962055,
        "last_contact": 1786962055,
        "baro_altitude": 11582.4,
        "on_ground": false,
        "velocity": 215.18,
        "true_track": 254.47,
        "vertical_rate": 0,
        "geo_altitude": 12092.94,
        "squawk": "5653",
        "spi": false,
        "position_source": 0
      }
    },
    {
      "type": "Feature",
      "geometry": {
        "type": "Point",
        "coordinates": [
          16.925,
          40.9576
        ]
      },
      "properties": {
        "icao24": "ac17e6",
        "callsign": "AAL161",
        "origin_country": "United States",
        "time_position": 1786962055,
        "last_contact": 1786962055,
        "baro_altitude": 10972.8,
        "on_ground": false,
        "velocity": 249.12,
        "true_track": 303.89,
        "vertical_rate": 0,
        "geo_altitude": 11490.96,
        "squawk": "2055",
        "spi": false,
        "position_source": 0
      }
    },
    {
      "type": "Feature",
      "geometry": {
        "type": "Point",
        "coordinates": [
          12.3858,
          43.9422
        ]
      },
      "properties": {
        "icao24": "30099b",
        "callsign": "IOZZR",
        "origin_country": "Italy",
        "time_position": 1786962055,
        "last_contact": 1786962055,
        "baro_altitude": 914.4,
        "on_ground": false,
        "velocity": 44.25,
        "true_track": 305.54,
        "vertical_rate": -0.98,
        "geo_altitude": 1005.84,
        "squawk": null,
        "spi": false,
        "position_source": 0
      }
    },
    {
      "type": "Feature",
      "geometry": {
        "type": "Point",
        "coordinates": [
          6.1748,
          44.0074
        ]
      },
      "properties": {
        "icao24": "a5530b",
        "callsign": "TWY442",
        "origin_country": "United States",
        "time_position": 1786962054,
        "last_contact": 1786962054,
        "baro_altitude": 11887.2,
        "on_ground": false,
        "velocity": 274.41,
        "true_track": 145.39,
        "vertical_rate": 2.28,
        "geo_altitude": 12420.6,
        "squawk": "5253",
        "spi": false,
        "position_source": 0
      }
    },
    {
      "type": "Feature",
      "geometry": {
        "type": "Point",
        "coordinates": [
          11.0001,
          38.6709
        ]
      },
      "properties": {
        "icao24": "4d2510",
        "callsign": "ALE44",
        "origin_country": "Malta",
        "time_position": 1786962011,
        "last_contact": 1786962011,
        "baro_altitude": 7924.8,
        "on_ground": false,
        "velocity": 112.44,
        "true_track": 310.17,
        "vertical_rate": 0,
        "geo_altitude": 8397.24,
        "squawk": "6563",
        "spi": false,
        "position_source": 0
      }
    },
    {
      "type": "Feature",
      "geometry": {
        "type": "Point",
        "coordinates": [
          13.6411,
          38.9278
        ]
      },
      "properties": {
        "icao24": "4d2516",
        "callsign": "SWU1978",
        "origin_country": "Malta",
        "time_position": 1786962054,
        "last_contact": 1786962054,
        "baro_altitude": 4579.62,
        "on_ground": false,
        "velocity": 173.88,
        "true_track": 225,
        "vertical_rate": -5.2,
        "geo_altitude": 4884.42,
        "squawk": null,
        "spi": false,
        "position_source": 0
      }
    },
    {
      "type": "Feature",
      "geometry": {
        "type": "Point",
        "coordinates": [
          11.312,
          44.5271
        ]
      },
      "properties": {
        "icao24": "4d2518",
        "callsign": "RYR70MX",
        "origin_country": "Malta",
        "time_position": 1786961760,
        "last_contact": 1786961760,
        "baro_altitude": 121.92,
        "on_ground": false,
        "velocity": 77.3,
        "true_track": 296.91,
        "vertical_rate": -3.9,
        "geo_altitude": 182.88,
        "squawk": "0530",
        "spi": false,
        "position_source": 0
      }
    },
    {
      "type": "Feature",
      "geometry": {
        "type": "Point",
        "coordinates": [
          13.3995,
          38.2116
        ]
      },
      "properties": {
        "icao24": "4d2522",
        "callsign": "TUX1758",
        "origin_country": "Malta",
        "time_position": 1786962054,
        "last_contact": 1786962054,
        "baro_altitude": 1935.48,
        "on_ground": false,
        "velocity": 120.55,
        "true_track": 351.9,
        "vertical_rate": -9.43,
        "geo_altitude": 2133.6,
        "squawk": "6150",
        "spi": false,
        "position_source": 0
      }
    },
    {
      "type": "Feature",
      "geometry": {
        "type": "Point",
        "coordinates": [
          7.2057,
          43.6571
        ]
      },
      "properties": {
        "icao24": "4d250f",
        "callsign": "QFX69C",
        "origin_country": "Malta",
        "time_position": 1786962055,
        "last_contact": 1786962055,
        "baro_altitude": null,
        "on_ground": true,
        "velocity": 6.94,
        "true_track": 225,
        "vertical_rate": null,
        "geo_altitude": null,
        "squawk": "5702",
        "spi": false,
        "position_source": 0
      }
    },
    {
      "type": "Feature",
      "geometry": {
        "type": "Point",
        "coordinates": [
          12.932,
          41.8857
        ]
      },
      "properties": {
        "icao24": "33fd4c",
        "callsign": "LEONE05",
        "origin_country": "Italy",
        "time_position": 1786962054,
        "last_contact": 1786962054,
        "baro_altitude": 1127.76,
        "on_ground": false,
        "velocity": 25.17,
        "true_track": 310.86,
        "vertical_rate": -0.65,
        "geo_altitude": 1249.68,
        "squawk": null,
        "spi": false,
        "position_source": 0
      }
    },
    {
      "type": "Feature",
      "geometry": {
        "type": "Point",
        "coordinates": [
          14.497,
          35.8422
        ]
      },
      "properties": {
        "icao24": "4d2500",
        "callsign": "RYR77RN",
        "origin_country": "Malta",
        "time_position": 1786962053,
        "last_contact": 1786962053,
        "baro_altitude": null,
        "on_ground": true,
        "velocity": 4.63,
        "true_track": 185.62,
        "vertical_rate": null,
        "geo_altitude": null,
        "squawk": null,
        "spi": false,
        "position_source": 0
      }
    },
    {
      "type": "Feature",
      "geometry": {
        "type": "Point",
        "coordinates": [
          18.3553,
          40.6458
        ]
      },
      "properties": {
        "icao24": "4caee6",
        "callsign": "RYR51YN",
        "origin_country": "Ireland",
        "time_position": 1786962054,
        "last_contact": 1786962054,
        "baro_altitude": 11582.4,
        "on_ground": false,
        "velocity": 223.78,
        "true_track": 306.87,
        "vertical_rate": 0,
        "geo_altitude": 12123.42,
        "squawk": "6622",
        "spi": false,
        "position_source": 0
      }
    },
    {
      "type": "Feature",
      "geometry": {
        "type": "Point",
        "coordinates": [
          17.8059,
          46.6423
        ]
      },
      "properties": {
        "icao24": "4d2536",
        "callsign": "WZZ5UW",
        "origin_country": "Malta",
        "time_position": 1786962055,
        "last_contact": 1786962055,
        "baro_altitude": 8069.58,
        "on_ground": false,
        "velocity": 206.32,
        "true_track": 55.87,
        "vertical_rate": -10.08,
        "geo_altitude": 8450.58,
        "squawk": "1000",
        "spi": false,
        "position_source": 0
      }
    },
    {
      "type": "Feature",
      "geometry": {
        "type": "Point",
        "coordinates": [
          6.6526,
          40.2343
        ]
      },
      "properties": {
        "icao24": "4d251c",
        "callsign": "RYR21DP",
        "origin_country": "Malta",
        "time_position": 1786962055,
        "last_contact": 1786962055,
        "baro_altitude": 11277.6,
        "on_ground": false,
        "velocity": 211.39,
        "true_track": 259.48,
        "vertical_rate": 0.33,
        "geo_altitude": 11833.86,
        "squawk": null,
        "spi": false,
        "position_source": 0
      }
    },
    {
      "type": "Feature",
      "geometry": {
        "type": "Point",
        "coordinates": [
          8.672,
          44.8434
        ]
      },
      "properties": {
        "icao24": "3004c2",
        "callsign": "NOS68EP",
        "origin_country": "Italy",
        "time_position": 1786962055,
        "last_contact": 1786962055,
        "baro_altitude": 4602.48,
        "on_ground": false,
        "velocity": 165.58,
        "true_track": 339.26,
        "vertical_rate": -9.75,
        "geo_altitude": 4853.94,
        "squawk": "6172",
        "spi": false,
        "position_source": 0
      }
    },
    {
      "type": "Feature",
      "geometry": {
        "type": "Point",
        "coordinates": [
          11.5834,
          40.2228
        ]
      },
      "properties": {
        "icao24": "4d251a",
        "callsign": "RYR877F",
        "origin_country": "Malta",
        "time_position": 1786962054,
        "last_contact": 1786962055,
        "baro_altitude": 10668,
        "on_ground": false,
        "velocity": 243.41,
        "true_track": 153.65,
        "vertical_rate": 0,
        "geo_altitude": 11186.16,
        "squawk": "4657",
        "spi": false,
        "position_source": 0
      }
    },
    {
      "type": "Feature",
      "geometry": {
        "type": "Point",
        "coordinates": [
          14.4594,
          35.8703
        ]
      },
      "properties": {
        "icao24": "4caecc",
        "callsign": "RYR9256",
        "origin_country": "Ireland",
        "time_position": 1786962054,
        "last_contact": 1786962054,
        "baro_altitude": 525.78,
        "on_ground": false,
        "velocity": 97.13,
        "true_track": 306.38,
        "vertical_rate": 8.45,
        "geo_altitude": 594.36,
        "squawk": null,
        "spi": false,
        "position_source": 0
      }
    },
    {
      "type": "Feature",
      "geometry": {
        "type": "Point",
        "coordinates": [
          15.2667,
          47.0109
        ]
      },
      "properties": {
        "icao24": "4d252a",
        "callsign": "WZZ15TD",
        "origin_country": "Malta",
        "time_position": 1786962055,
        "last_contact": 1786962055,
        "baro_altitude": 10972.8,
        "on_ground": false,
        "velocity": 209.45,
        "true_track": 210.72,
        "vertical_rate": 0,
        "geo_altitude": 11422.38,
        "squawk": "1000",
        "spi": false,
        "position_source": 0
      }
    },
    {
      "type": "Feature",
      "geometry": {
        "type": "Point",
        "coordinates": [
          14.194,
          38.6765
        ]
      },
      "properties": {
        "icao24": "4d252b",
        "callsign": "WMT8508",
        "origin_country": "Malta",
        "time_position": 1786962055,
        "last_contact": 1786962055,
        "baro_altitude": 10287,
        "on_ground": false,
        "velocity": 226.34,
        "true_track": 349.79,
        "vertical_rate": 8.13,
        "geo_altitude": 10828.02,
        "squawk": "7042",
        "spi": false,
        "position_source": 0
      }
    },
    {
      "type": "Feature",
      "geometry": {
        "type": "Point",
        "coordinates": [
          10.1544,
          40.8321
        ]
      },
      "properties": {
        "icao24": "347256",
        "callsign": "VOE80DP",
        "origin_country": "Spain",
        "time_position": 1786961926,
        "last_contact": 1786961950,
        "baro_altitude": 3314.7,
        "on_ground": false,
        "velocity": 146.28,
        "true_track": 329.11,
        "vertical_rate": -8.13,
        "geo_altitude": 3558.54,
        "squawk": "7024",
        "spi": false,
        "position_source": 0
      }
    },
    {
      "type": "Feature",
      "geometry": {
        "type": "Point",
        "coordinates": [
          17.0189,
          43.0411
        ]
      },
      "properties": {
        "icao24": "407464",
        "callsign": "BAW654",
        "origin_country": "United Kingdom",
        "time_position": 1786962054,
        "last_contact": 1786962054,
        "baro_altitude": 11894.82,
        "on_ground": false,
        "velocity": 234.55,
        "true_track": 132.16,
        "vertical_rate": 0,
        "geo_altitude": 12412.98,
        "squawk": "0561",
        "spi": false,
        "position_source": 0
      }
    },
    {
      "type": "Feature",
      "geometry": {
        "type": "Point",
        "coordinates": [
          11.8322,
          45.6284
        ]
      },
      "properties": {
        "icao24": "4caf1f",
        "callsign": "ITY437",
        "origin_country": "Ireland",
        "time_position": 1786962055,
        "last_contact": 1786962055,
        "baro_altitude": 10668,
        "on_ground": false,
        "velocity": 228.93,
        "true_track": 180.13,
        "vertical_rate": 0,
        "geo_altitude": 11125.2,
        "squawk": "1000",
        "spi": false,
        "position_source": 0
      }
    },
    {
      "type": "Feature",
      "geometry": {
        "type": "Point",
        "coordinates": [
          13.1821,
          43.7917
        ]
      },
      "properties": {
        "icao24": "4072dc",
        "callsign": "EXS79NX",
        "origin_country": "United Kingdom",
        "time_position": 1786962055,
        "last_contact": 1786962055,
        "baro_altitude": 11277.6,
        "on_ground": false,
        "velocity": 234.64,
        "true_track": 130.47,
        "vertical_rate": 0,
        "geo_altitude": 11780.52,
        "squawk": "7570",
        "spi": false,
        "position_source": 0
      }
    },
    {
      "type": "Feature",
      "geometry": {
        "type": "Point",
        "coordinates": [
          11.6491,
          46.3303
        ]
      },
      "properties": {
        "icao24": "4d23bb",
        "callsign": "LBT2807",
        "origin_country": "Malta",
        "time_position": 1786962055,
        "last_contact": 1786962055,
        "baro_altitude": 11269.98,
        "on_ground": false,
        "velocity": 220.22,
        "true_track": 203.69,
        "vertical_rate": 0,
        "geo_altitude": 11673.84,
        "squawk": "7377",
        "spi": false,
        "position_source": 0
      }
    },
    {
      "type": "Feature",
      "geometry": {
        "type": "Point",
        "coordinates": [
          12.3578,
          39.6798
        ]
      },
      "properties": {
        "icao24": "4d23c6",
        "callsign": "9HLBS",
        "origin_country": "Malta",
        "time_position": 1786962054,
        "last_contact": 1786962054,
        "baro_altitude": 3352.8,
        "on_ground": false,
        "velocity": 89.85,
        "true_track": 175.07,
        "vertical_rate": -0.33,
        "geo_altitude": 3581.4,
        "squawk": null,
        "spi": false,
        "position_source": 0
      }
    },
    {
      "type": "Feature",
      "geometry": {
        "type": "Point",
        "coordinates": [
          8.4762,
          47.1246
        ]
      },
      "properties": {
        "icao24": "4d23a4",
        "callsign": "EWG2800",
        "origin_country": "Malta",
        "time_position": 1786962054,
        "last_contact": 1786962055,
        "baro_altitude": 7010.4,
        "on_ground": false,
        "velocity": 212.81,
        "true_track": 187.64,
        "vertical_rate": 0,
        "geo_altitude": 7360.92,
        "squawk": "2567",
        "spi": false,
        "position_source": 0
      }
    },
    {
      "type": "Feature",
      "geometry": {
        "type": "Point",
        "coordinates": [
          14.8642,
          45.4839
        ]
      },
      "properties": {
        "icao24": "4d23a3",
        "callsign": "EWG9JL",
        "origin_country": "Malta",
        "time_position": 1786962054,
        "last_contact": 1786962055,
        "baro_altitude": 11269.98,
        "on_ground": false,
        "velocity": 230.43,
        "true_track": 140.98,
        "vertical_rate": 0,
        "geo_altitude": 11765.28,
        "squawk": "6434",
        "spi": false,
        "position_source": 0
      }
    },
    {
      "type": "Feature",
      "geometry": {
        "type": "Point",
        "coordinates": [
          14.4914,
          35.8398
        ]
      },
      "properties": {
        "icao24": "4d23fe",
        "callsign": "VCJ93P",
        "origin_country": "Malta",
        "time_position": 1786962046,
        "last_contact": 1786962051,
        "baro_altitude": null,
        "on_ground": true,
        "velocity": 0,
        "true_track": 312.19,
        "vertical_rate": null,
        "geo_altitude": null,
        "squawk": null,
        "spi": false,
        "position_source": 0
      }
    },
    {
      "type": "Feature",
      "geometry": {
        "type": "Point",
        "coordinates": [
          9.2749,
          40.2277
        ]
      },
      "properties": {
        "icao24": "4d23fb",
        "callsign": "RYR7UH",
        "origin_country": "Malta",
        "time_position": 1786962055,
        "last_contact": 1786962055,
        "baro_altitude": 11582.4,
        "on_ground": false,
        "velocity": 217.59,
        "true_track": 303.43,
        "vertical_rate": 0,
        "geo_altitude": 12161.52,
        "squawk": null,
        "spi": false,
        "position_source": 0
      }
    },
    {
      "type": "Feature",
      "geometry": {
        "type": "Point",
        "coordinates": [
          14.6612,
          37.5468
        ]
      },
      "properties": {
        "icao24": "400b00",
        "callsign": "EFW4GB",
        "origin_country": "United Kingdom",
        "time_position": 1786962055,
        "last_contact": 1786962055,
        "baro_altitude": 1836.42,
        "on_ground": false,
        "velocity": 163.08,
        "true_track": 180.36,
        "vertical_rate": -12.68,
        "geo_altitude": 2019.3,
        "squawk": "2725",
        "spi": false,
        "position_source": 0
      }
    },
    {
      "type": "Feature",
      "geometry": {
        "type": "Point",
        "coordinates": [
          15.952,
          43.0865
        ]
      },
      "properties": {
        "icao24": "4072a5",
        "callsign": "TOM62H",
        "origin_country": "United Kingdom",
        "time_position": 1786962023,
        "last_contact": 1786962023,
        "baro_altitude": 10972.8,
        "on_ground": false,
        "velocity": 241.67,
        "true_track": 319.84,
        "vertical_rate": 0,
        "geo_altitude": 11475.72,
        "squawk": null,
        "spi": false,
        "position_source": 0
      }
    },
    {
      "type": "Feature",
      "geometry": {
        "type": "Point",
        "coordinates": [
          11.1959,
          46.1078
        ]
      },
      "properties": {
        "icao24": "4d2402",
        "callsign": "WZZ24HH",
        "origin_country": "Malta",
        "time_position": 1786962054,
        "last_contact": 1786962055,
        "baro_altitude": 10965.18,
        "on_ground": false,
        "velocity": 240.62,
        "true_track": 40.06,
        "vertical_rate": -0.33,
        "geo_altitude": 11422.38,
        "squawk": "1000",
        "spi": false,
        "position_source": 0
      }
    },
    {
      "type": "Feature",
      "geometry": {
        "type": "Point",
        "coordinates": [
          7.0097,
          46.732
        ]
      },
      "properties": {
        "icao24": "4d2406",
        "callsign": "EWG6ML",
        "origin_country": "Malta",
        "time_position": 1786962055,
        "last_contact": 1786962055,
        "baro_altitude": 10668,
        "on_ground": false,
        "velocity": 251.65,
        "true_track": 196.51,
        "vertical_rate": 0.33,
        "geo_altitude": 11117.58,
        "squawk": "1000",
        "spi": false,
        "position_source": 0
      }
    },
    {
      "type": "Feature",
      "geometry": {
        "type": "Point",
        "coordinates": [
          16.7371,
          46.9961
        ]
      },
      "properties": {
        "icao24": "45c86c",
        "callsign": "FLI7173",
        "origin_country": "Denmark",
        "time_position": 1786962054,
        "last_contact": 1786962055,
        "baro_altitude": 11582.4,
        "on_ground": false,
        "velocity": 225.75,
        "true_track": 338.76,
        "vertical_rate": 0.33,
        "geo_altitude": 12024.36,
        "squawk": "1732",
        "spi": false,
        "position_source": 0
      }
    },
    {
      "type": "Feature",
      "geometry": {
        "type": "Point",
        "coordinates": [
          11.2152,
          42.166
        ]
      },
      "properties": {
        "icao24": "33fe7d",
        "callsign": "BREUS27",
        "origin_country": "Italy",
        "time_position": 1786962054,
        "last_contact": 1786962055,
        "baro_altitude": 7924.8,
        "on_ground": false,
        "velocity": 216.9,
        "true_track": 313.27,
        "vertical_rate": 0,
        "geo_altitude": 8359.14,
        "squawk": null,
        "spi": false,
        "position_source": 0
      }
    },
    {
      "type": "Feature",
      "geometry": {
        "type": "Point",
        "coordinates": [
          8.6775,
          43.8371
        ]
      },
      "properties": {
        "icao24": "4d241f",
        "callsign": "WMT132",
        "origin_country": "Malta",
        "time_position": 1786962054,
        "last_contact": 1786962055,
        "baro_altitude": 9159.24,
        "on_ground": false,
        "velocity": 218.85,
        "true_track": 344.04,
        "vertical_rate": 0,
        "geo_altitude": 9639.3,
        "squawk": "1000",
        "spi": false,
        "position_source": 0
      }
    },
    {
      "type": "Feature",
      "geometry": {
        "type": "Point",
        "coordinates": [
          10.9856,
          46.8932
        ]
      },
      "properties": {
        "icao24": "4cade0",
        "callsign": "RYR1UV",
        "origin_country": "Ireland",
        "time_position": 1786962054,
        "last_contact": 1786962055,
        "baro_altitude": 11582.4,
        "on_ground": false,
        "velocity": 218.61,
        "true_track": 311.76,
        "vertical_rate": -0.33,
        "geo_altitude": 12009.12,
        "squawk": "3722",
        "spi": false,
        "position_source": 0
      }
    },
    {
      "type": "Feature",
      "geometry": {
        "type": "Point",
        "coordinates": [
          16.2881,
          44.4616
        ]
      },
      "properties": {
        "icao24": "4d242b",
        "callsign": "WMT8642",
        "origin_country": "Malta",
        "time_position": 1786962054,
        "last_contact": 1786962055,
        "baro_altitude": 9745.98,
        "on_ground": false,
        "velocity": 232.53,
        "true_track": 269.75,
        "vertical_rate": 0,
        "geo_altitude": 10226.04,
        "squawk": "4145",
        "spi": false,
        "position_source": 0
      }
    },
    {
      "type": "Feature",
      "geometry": {
        "type": "Point",
        "coordinates": [
          11.7607,
          46.1432
        ]
      },
      "properties": {
        "icao24": "44a831",
        "callsign": "TFL61C",
        "origin_country": "Belgium",
        "time_position": 1786962054,
        "last_contact": 1786962054,
        "baro_altitude": 11277.6,
        "on_ground": false,
        "velocity": 231.3,
        "true_track": 145.6,
        "vertical_rate": 0,
        "geo_altitude": 11719.56,
        "squawk": "0164",
        "spi": false,
        "position_source": 0
      }
    },
    {
      "type": "Feature",
      "geometry": {
        "type": "Point",
        "coordinates": [
          12.027,
          42.1748
        ]
      },
      "properties": {
        "icao24": "4cada9",
        "callsign": "ITY571",
        "origin_country": "Ireland",
        "time_position": 1786962055,
        "last_contact": 1786962055,
        "baro_altitude": 2217.42,
        "on_ground": false,
        "velocity": 154.71,
        "true_track": 57.63,
        "vertical_rate": -8.13,
        "geo_altitude": 2385.06,
        "squawk": "1000",
        "spi": false,
        "position_source": 0
      }
    },
    {
      "type": "Feature",
      "geometry": {
        "type": "Point",
        "coordinates": [
          7.3509,
          43.9739
        ]
      },
      "properties": {
        "icao24": "4cadc0",
        "callsign": "RYR9HH",
        "origin_country": "Ireland",
        "time_position": 1786962054,
        "last_contact": 1786962055,
        "baro_altitude": 10668,
        "on_ground": false,
        "velocity": 226.1,
        "true_track": 229.06,
        "vertical_rate": 0,
        "geo_altitude": 11163.3,
        "squawk": "4054",
        "spi": false,
        "position_source": 0
      }
    },
    {
      "type": "Feature",
      "geometry": {
        "type": "Point",
        "coordinates": [
          13.6924,
          43.7647
        ]
      },
      "properties": {
        "icao24": "4d2423",
        "callsign": "WZZ9573",
        "origin_country": "Malta",
        "time_position": 1786962053,
        "last_contact": 1786962054,
        "baro_altitude": 4335.78,
        "on_ground": false,
        "velocity": 154.26,
        "true_track": 281.35,
        "vertical_rate": -5.85,
        "geo_altitude": 4610.1,
        "squawk": "1000",
        "spi": false,
        "position_source": 0
      }
    },
    {
      "type": "Feature",
      "geometry": {
        "type": "Point",
        "coordinates": [
          8.8567,
          40.5939
        ]
      },
      "properties": {
        "icao24": "346083",
        "callsign": "AEA98SN",
        "origin_country": "Spain",
        "time_position": 1786962055,
        "last_contact": 1786962055,
        "baro_altitude": 10668,
        "on_ground": false,
        "velocity": 229.71,
        "true_track": 251.73,
        "vertical_rate": 0.33,
        "geo_altitude": 11209.02,
        "squawk": null,
        "spi": false,
        "position_source": 0
      }
    },
    {
      "type": "Feature",
      "geometry": {
        "type": "Point",
        "coordinates": [
          7.3684,
          47.2238
        ]
      },
      "properties": {
        "icao24": "4cadaa",
        "callsign": "ITY318",
        "origin_country": "Ireland",
        "time_position": 1786962055,
        "last_contact": 1786962055,
        "baro_altitude": 10980.42,
        "on_ground": false,
        "velocity": 211.86,
        "true_track": 273.62,
        "vertical_rate": 0.33,
        "geo_altitude": 11430,
        "squawk": "1000",
        "spi": false,
        "position_source": 0
      }
    },
    {
      "type": "Feature",
      "geometry": {
        "type": "Point",
        "coordinates": [
          9.0082,
          43.837
        ]
      },
      "properties": {
        "icao24": "4d240d",
        "callsign": "EWG5C",
        "origin_country": "Malta",
        "time_position": 1786962055,
        "last_contact": 1786962055,
        "baro_altitude": 11277.6,
        "on_ground": false,
        "velocity": 219.63,
        "true_track": 209.93,
        "vertical_rate": -0.33,
        "geo_altitude": 11772.9,
        "squawk": "1000",
        "spi": false,
        "position_source": 0
      }
    },
    {
      "type": "Feature",
      "geometry": {
        "type": "Point",
        "coordinates": [
          17.5235,
          47.1773
        ]
      },
      "properties": {
        "icao24": "4d2479",
        "callsign": "WMT8HT",
        "origin_country": "Malta",
        "time_position": 1786962055,
        "last_contact": 1786962055,
        "baro_altitude": 10370.82,
        "on_ground": false,
        "velocity": 203.64,
        "true_track": 295.59,
        "vertical_rate": -0.33,
        "geo_altitude": 10812.78,
        "squawk": "4557",
        "spi": false,
        "position_source": 0
      }
    },
    {
      "type": "Feature",
      "geometry": {
        "type": "Point",
        "coordinates": [
          14.2126,
          44.5773
        ]
      },
      "properties": {
        "icao24": "40753c",
        "callsign": "EXS8TF",
        "origin_country": "United Kingdom",
        "time_position": 1786962054,
        "last_contact": 1786962055,
        "baro_altitude": 11277.6,
        "on_ground": false,
        "velocity": 233.68,
        "true_track": 127.58,
        "vertical_rate": 0,
        "geo_altitude": 11772.9,
        "squawk": "5223",
        "spi": false,
        "position_source": 0
      }
    },
    {
      "type": "Feature",
      "geometry": {
        "type": "Point",
        "coordinates": [
          17.8648,
          44.5202
        ]
      },
      "properties": {
        "icao24": "4d245c",
        "callsign": "WZZ2MX",
        "origin_country": "Malta",
        "time_position": 1786962053,
        "last_contact": 1786962053,
        "baro_altitude": 6400.8,
        "on_ground": false,
        "velocity": 183.35,
        "true_track": 272.73,
        "vertical_rate": 14.63,
        "geo_altitude": 6576.06,
        "squawk": "5645",
        "spi": false,
        "position_source": 0
      }
    },
    {
      "type": "Feature",
      "geometry": {
        "type": "Point",
        "coordinates": [
          14.2157,
          36.0306
        ]
      },
      "properties": {
        "icao24": "40753f",
        "callsign": "EXS90YX",
        "origin_country": "United Kingdom",
        "time_position": 1786962054,
        "last_contact": 1786962054,
        "baro_altitude": 3268.98,
        "on_ground": false,
        "velocity": 158.74,
        "true_track": 312.64,
        "vertical_rate": 5.53,
        "geo_altitude": 3497.58,
        "squawk": "6577",
        "spi": false,
        "position_source": 0
      }
    },
    {
      "type": "Feature",
      "geometry": {
        "type": "Point",
        "coordinates": [
          12.4905,
          47.4024
        ]
      },
      "properties": {
        "icao24": "407534",
        "callsign": "BAW66K",
        "origin_country": "United Kingdom",
        "time_position": 1786962055,
        "last_contact": 1786962055,
        "baro_altitude": 11277.6,
        "on_ground": false,
        "velocity": 234.9,
        "true_track": 153.32,
        "vertical_rate": 0,
        "geo_altitude": 11696.7,
        "squawk": "2703",
        "spi": false,
        "position_source": 0
      }
    },
    {
      "type": "Feature",
      "geometry": {
        "type": "Point",
        "coordinates": [
          9.5079,
          44.3132
        ]
      },
      "properties": {
        "icao24": "4cadde",
        "callsign": "ITY1747",
        "origin_country": "Ireland",
        "time_position": 1786962054,
        "last_contact": 1786962054,
        "baro_altitude": 7299.96,
        "on_ground": false,
        "velocity": 182.83,
        "true_track": 7.92,
        "vertical_rate": -7.48,
        "geo_altitude": 7680.96,
        "squawk": "5114",
        "spi": false,
        "position_source": 0
      }
    },
    {
      "type": "Feature",
      "geometry": {
        "type": "Point",
        "coordinates": [
          12.425,
          47.4066
        ]
      },
      "properties": {
        "icao24": "4d243c",
        "callsign": "VJT451",
        "origin_country": "Malta",
        "time_position": 1786962055,
        "last_contact": 1786962055,
        "baro_altitude": 13716,
        "on_ground": false,
        "velocity": 233.51,
        "true_track": 189.25,
        "vertical_rate": 0,
        "geo_altitude": 14173.2,
        "squawk": "1135",
        "spi": false,
        "position_source": 0
      }
    },
    {
      "type": "Feature",
      "geometry": {
        "type": "Point",
        "coordinates": [
          10.1697,
          45.1691
        ]
      },
      "properties": {
        "icao24": "4cade6",
        "callsign": "RYR8ZZ",
        "origin_country": "Ireland",
        "time_position": 1786962054,
        "last_contact": 1786962054,
        "baro_altitude": 3284.22,
        "on_ground": false,
        "velocity": 190.5,
        "true_track": 336.27,
        "vertical_rate": -11.05,
        "geo_altitude": 3482.34,
        "squawk": "2033",
        "spi": false,
        "position_source": 0
      }
    },
    {
      "type": "Feature",
      "geometry": {
        "type": "Point",
        "coordinates": [
          9.0519,
          44.9052
        ]
      },
      "properties": {
        "icao24": "4cadec",
        "callsign": "ITY050",
        "origin_country": "Ireland",
        "time_position": 1786962054,
        "last_contact": 1786962055,
        "baro_altitude": 6507.48,
        "on_ground": false,
        "velocity": 199.33,
        "true_track": 234.14,
        "vertical_rate": 12.03,
        "geo_altitude": 6842.76,
        "squawk": "1000",
        "spi": false,
        "position_source": 0
      }
    },
    {
      "type": "Feature",
      "geometry": {
        "type": "Point",
        "coordinates": [
          14.4939,
          35.8484
        ]
      },
      "properties": {
        "icao24": "4cadf9",
        "callsign": "RYR94PB",
        "origin_country": "Ireland",
        "time_position": 1786962054,
        "last_contact": 1786962054,
        "baro_altitude": null,
        "on_ground": true,
        "velocity": 2.06,
        "true_track": 160.31,
        "vertical_rate": null,
        "geo_altitude": null,
        "squawk": "7306",
        "spi": false,
        "position_source": 0
      }
    },
    {
      "type": "Feature",
      "geometry": {
        "type": "Point",
        "coordinates": [
          17.1245,
          40.9794
        ]
      },
      "properties": {
        "icao24": "4cadf5",
        "callsign": "RYR1153",
        "origin_country": "Ireland",
        "time_position": 1786962051,
        "last_contact": 1786962053,
        "baro_altitude": 10927.08,
        "on_ground": false,
        "velocity": 237.15,
        "true_track": 303.14,
        "vertical_rate": 5.85,
        "geo_altitude": 11452.86,
        "squawk": null,
        "spi": false,
        "position_source": 0
      }
    },
    {
      "type": "Feature",
      "geometry": {
        "type": "Point",
        "coordinates": [
          14.5408,
          37.143
        ]
      },
      "properties": {
        "icao24": "4cadf6",
        "callsign": "RYR973Z",
        "origin_country": "Ireland",
        "time_position": 1786962055,
        "last_contact": 1786962055,
        "baro_altitude": 9395.46,
        "on_ground": false,
        "velocity": 241.84,
        "true_track": 176.1,
        "vertical_rate": -14.96,
        "geo_altitude": 9951.72,
        "squawk": "3735",
        "spi": false,
        "position_source": 0
      }
    },
    {
      "type": "Feature",
      "geometry": {
        "type": "Point",
        "coordinates": [
          10.1921,
          43.7761
        ]
      },
      "properties": {
        "icao24": "40757f",
        "callsign": "EZY73BG",
        "origin_country": "United Kingdom",
        "time_position": 1786962055,
        "last_contact": 1786962055,
        "baro_altitude": 3528.06,
        "on_ground": false,
        "velocity": 149.19,
        "true_track": 270,
        "vertical_rate": 7.8,
        "geo_altitude": 3733.8,
        "squawk": null,
        "spi": false,
        "position_source": 0
      }
    },
    {
      "type": "Feature",
      "geometry": {
        "type": "Point",
        "coordinates": [
          16.3711,
          46.375
        ]
      },
      "properties": {
        "icao24": "407568",
        "callsign": "EZY76EZ",
        "origin_country": "United Kingdom",
        "time_position": 1786962054,
        "last_contact": 1786962054,
        "baro_altitude": 11277.6,
        "on_ground": false,
        "velocity": 245.99,
        "true_track": 124.09,
        "vertical_rate": 0,
        "geo_altitude": 11742.42,
        "squawk": "3475",
        "spi": false,
        "position_source": 0
      }
    },
    {
      "type": "Feature",
      "geometry": {
        "type": "Point",
        "coordinates": [
          13.3366,
          38.8085
        ]
      },
      "properties": {
        "icao24": "4cae17",
        "callsign": "ITY1710",
        "origin_country": "Ireland",
        "time_position": 1786962054,
        "last_contact": 1786962055,
        "baro_altitude": 10363.2,
        "on_ground": false,
        "velocity": 219.01,
        "true_track": 330.91,
        "vertical_rate": 0,
        "geo_altitude": 10911.84,
        "squawk": "1000",
        "spi": false,
        "position_source": 0
      }
    },
    {
      "type": "Feature",
      "geometry": {
        "type": "Point",
        "coordinates": [
          16.0796,
          38.8692
        ]
      },
      "properties": {
        "icao24": "4cae18",
        "callsign": "ITY806",
        "origin_country": "Ireland",
        "time_position": 1786962055,
        "last_contact": 1786962055,
        "baro_altitude": 10668,
        "on_ground": false,
        "velocity": 252.04,
        "true_track": 128.2,
        "vertical_rate": 0,
        "geo_altitude": 11216.64,
        "squawk": null,
        "spi": false,
        "position_source": 0
      }
    },
    {
      "type": "Feature",
      "geometry": {
        "type": "Point",
        "coordinates": [
          15.0193,
          42.0588
        ]
      },
      "properties": {
        "icao24": "4cae12",
        "callsign": "ITY1648",
        "origin_country": "Ireland",
        "time_position": 1786962054,
        "last_contact": 1786962055,
        "baro_altitude": 10363.2,
        "on_ground": false,
        "velocity": 243.35,
        "true_track": 305.1,
        "vertical_rate": 0,
        "geo_altitude": 10866.12,
        "squawk": null,
        "spi": false,
        "position_source": 0
      }
    },
    {
      "type": "Feature",
      "geometry": {
        "type": "Point",
        "coordinates": [
          10.2459,
          42.837
        ]
      },
      "properties": {
        "icao24": "4cae15",
        "callsign": "ITY1384",
        "origin_country": "Ireland",
        "time_position": 1786962054,
        "last_contact": 1786962054,
        "baro_altitude": 7620,
        "on_ground": false,
        "velocity": 236.12,
        "true_track": 134.03,
        "vertical_rate": 0,
        "geo_altitude": 8039.1,
        "squawk": "4621",
        "spi": false,
        "position_source": 0
      }
    },
    {
      "type": "Feature",
      "geometry": {
        "type": "Point",
        "coordinates": [
          11.5377,
          44.4684
        ]
      },
      "properties": {
        "icao24": "300795",
        "callsign": "IOZZD",
        "origin_country": "Italy",
        "time_position": 1786962046,
        "last_contact": 1786962050,
        "baro_altitude": 60.96,
        "on_ground": false,
        "velocity": 32.48,
        "true_track": 29.41,
        "vertical_rate": -1.3,
        "geo_altitude": 91.44,
        "squawk": "7000",
        "spi": false,
        "position_source": 0
      }
    },
    {
      "type": "Feature",
      "geometry": {
        "type": "Point",
        "coordinates": [
          17.9108,
          46.4971
        ]
      },
      "properties": {
        "icao24": "4cae59",
        "callsign": "RYR8XP",
        "origin_country": "Ireland",
        "time_position": 1786962054,
        "last_contact": 1786962054,
        "baro_altitude": 10972.8,
        "on_ground": false,
        "velocity": 224.55,
        "true_track": 310.07,
        "vertical_rate": 0,
        "geo_altitude": 11430,
        "squawk": "5462",
        "spi": false,
        "position_source": 0
      }
    },
    {
      "type": "Feature",
      "geometry": {
        "type": "Point",
        "coordinates": [
          15.6935,
          46.3218
        ]
      },
      "properties": {
        "icao24": "4d22b1",
        "callsign": "RYR36UU",
        "origin_country": "Malta",
        "time_position": 1786962054,
        "last_contact": 1786962055,
        "baro_altitude": 4259.58,
        "on_ground": false,
        "velocity": 165.96,
        "true_track": 133.24,
        "vertical_rate": -13,
        "geo_altitude": 4503.42,
        "squawk": "1000",
        "spi": false,
        "position_source": 0
      }
    },
    {
      "type": "Feature",
      "geometry": {
        "type": "Point",
        "coordinates": [
          11.363,
          47.1642
        ]
      },
      "properties": {
        "icao24": "300781",
        "callsign": "DLH271",
        "origin_country": "Italy",
        "time_position": 1786962055,
        "last_contact": 1786962055,
        "baro_altitude": 9144,
        "on_ground": false,
        "velocity": 236.14,
        "true_track": 25,
        "vertical_rate": -0.33,
        "geo_altitude": 9555.48,
        "squawk": "1000",
        "spi": false,
        "position_source": 0
      }
    },
    {
      "type": "Feature",
      "geometry": {
        "type": "Point",
        "coordinates": [
          12.2896,
          45.7079
        ]
      },
      "properties": {
        "icao24": "300751",
        "callsign": "IKONA",
        "origin_country": "Italy",
        "time_position": 1786962054,
        "last_contact": 1786962055,
        "baro_altitude": 358.14,
        "on_ground": false,
        "velocity": 52.03,
        "true_track": 313.8,
        "vertical_rate": -0.33,
        "geo_altitude": 411.48,
        "squawk": "4247",
        "spi": false,
        "position_source": 0
      }
    },
    {
      "type": "Feature",
      "geometry": {
        "type": "Point",
        "coordinates": [
          16.4266,
          45.8062
        ]
      },
      "properties": {
        "icao24": "4cae83",
        "callsign": "TFL6KB",
        "origin_country": "Ireland",
        "time_position": 1786962055,
        "last_contact": 1786962055,
        "baro_altitude": 10972.8,
        "on_ground": false,
        "velocity": 218.63,
        "true_track": 315.29,
        "vertical_rate": 0,
        "geo_altitude": 11437.62,
        "squawk": "5473",
        "spi": false,
        "position_source": 0
      }
    },
    {
      "type": "Feature",
      "geometry": {
        "type": "Point",
        "coordinates": [
          13.4781,
          45.8263
        ]
      },
      "properties": {
        "icao24": "4cae98",
        "callsign": "RYR358T",
        "origin_country": "Ireland",
        "time_position": 1786962055,
        "last_contact": 1786962055,
        "baro_altitude": null,
        "on_ground": true,
        "velocity": 8.23,
        "true_track": 140.62,
        "vertical_rate": null,
        "geo_altitude": null,
        "squawk": "6577",
        "spi": false,
        "position_source": 0
      }
    },
    {
      "type": "Feature",
      "geometry": {
        "type": "Point",
        "coordinates": [
          18.4921,
          40.3858
        ]
      },
      "properties": {
        "icao24": "4cae93",
        "callsign": "RYR6ZP",
        "origin_country": "Ireland",
        "time_position": 1786962055,
        "last_contact": 1786962055,
        "baro_altitude": 8945.88,
        "on_ground": false,
        "velocity": 239.83,
        "true_track": 130.21,
        "vertical_rate": -5.2,
        "geo_altitude": 9425.94,
        "squawk": "3751",
        "spi": false,
        "position_source": 0
      }
    },
    {
      "type": "Feature",
      "geometry": {
        "type": "Point",
        "coordinates": [
          12.7179,
          43.4282
        ]
      },
      "properties": {
        "icao24": "4d22ab",
        "callsign": "KMM307",
        "origin_country": "Malta",
        "time_position": 1786962055,
        "last_contact": 1786962055,
        "baro_altitude": 11277.6,
        "on_ground": false,
        "velocity": 234.69,
        "true_track": 173.2,
        "vertical_rate": 0,
        "geo_altitude": 11788.14,
        "squawk": "4353",
        "spi": false,
        "position_source": 0
      }
    },
    {
      "type": "Feature",
      "geometry": {
        "type": "Point",
        "coordinates": [
          15.6541,
          47.3871
        ]
      },
      "properties": {
        "icao24": "4d22c2",
        "callsign": "RYR346F",
        "origin_country": "Malta",
        "time_position": 1786962054,
        "last_contact": 1786962055,
        "baro_altitude": 7734.3,
        "on_ground": false,
        "velocity": 209.05,
        "true_track": 214.47,
        "vertical_rate": 7.8,
        "geo_altitude": 8077.2,
        "squawk": "7133",
        "spi": false,
        "position_source": 0
      }
    },
    {
      "type": "Feature",
      "geometry": {
        "type": "Point",
        "coordinates": [
          11.1607,
          46.3641
        ]
      },
      "properties": {
        "icao24": "4cae66",
        "callsign": "RYR48NP",
        "origin_country": "Ireland",
        "time_position": 1786962054,
        "last_contact": 1786962054,
        "baro_altitude": 10294.62,
        "on_ground": false,
        "velocity": 231.19,
        "true_track": 335.83,
        "vertical_rate": 4.55,
        "geo_altitude": 10744.2,
        "squawk": "0257",
        "spi": false,
        "position_source": 0
      }
    },
    {
      "type": "Feature",
      "geometry": {
        "type": "Point",
        "coordinates": [
          18.2818,
          47.5095
        ]
      },
      "properties": {
        "icao24": "4d22b9",
        "callsign": "RYR707",
        "origin_country": "Malta",
        "time_position": 1786962054,
        "last_contact": 1786962055,
        "baro_altitude": 7642.86,
        "on_ground": false,
        "velocity": 217.56,
        "true_track": 294.44,
        "vertical_rate": -12.03,
        "geo_altitude": 8031.48,
        "squawk": "7353",
        "spi": false,
        "position_source": 0
      }
    },
    {
      "type": "Feature",
      "geometry": {
        "type": "Point",
        "coordinates": [
          17.588,
          47.5816
        ]
      },
      "properties": {
        "icao24": "4d22b4",
        "callsign": "RYR99GG",
        "origin_country": "Malta",
        "time_position": 1786962055,
        "last_contact": 1786962055,
        "baro_altitude": 4373.88,
        "on_ground": false,
        "velocity": 179.24,
        "true_track": 267.2,
        "vertical_rate": -5.2,
        "geo_altitude": 4610.1,
        "squawk": "7230",
        "spi": false,
        "position_source": 0
      }
    },
    {
      "type": "Feature",
      "geometry": {
        "type": "Point",
        "coordinates": [
          11.7288,
          44.3987
        ]
      },
      "properties": {
        "icao24": "4d22bc",
        "callsign": "RYR67WB",
        "origin_country": "Malta",
        "time_position": 1786962055,
        "last_contact": 1786962055,
        "baro_altitude": 1371.6,
        "on_ground": false,
        "velocity": 120.2,
        "true_track": 285.64,
        "vertical_rate": -8.13,
        "geo_altitude": 1493.52,
        "squawk": "1000",
        "spi": false,
        "position_source": 0
      }
    },
    {
      "type": "Feature",
      "geometry": {
        "type": "Point",
        "coordinates": [
          8.7286,
          45.6676
        ]
      },
      "properties": {
        "icao24": "4cae75",
        "callsign": "SAS23A",
        "origin_country": "Ireland",
        "time_position": 1786962055,
        "last_contact": 1786962055,
        "baro_altitude": 815.34,
        "on_ground": false,
        "velocity": 90,
        "true_track": 10.54,
        "vertical_rate": 8.45,
        "geo_altitude": 876.3,
        "squawk": "0405",
        "spi": false,
        "position_source": 0
      }
    },
    {
      "type": "Feature",
      "geometry": {
        "type": "Point",
        "coordinates": [
          14.4904,
          44.5739
        ]
      },
      "properties": {
        "icao24": "4d22ba",
        "callsign": "RYR2JY",
        "origin_country": "Malta",
        "time_position": 1786962055,
        "last_contact": 1786962055,
        "baro_altitude": 7810.5,
        "on_ground": false,
        "velocity": 214.33,
        "true_track": 37.39,
        "vertical_rate": -10.08,
        "geo_altitude": 8260.08,
        "squawk": "1000",
        "spi": false,
        "position_source": 0
      }
    },
    {
      "type": "Feature",
      "geometry": {
        "type": "Point",
        "coordinates": [
          13.6463,
          36.6638
        ]
      },
      "properties": {
        "icao24": "4cae9d",
        "callsign": "RYR595F",
        "origin_country": "Ireland",
        "time_position": 1786962055,
        "last_contact": 1786962055,
        "baro_altitude": 6675.12,
        "on_ground": false,
        "velocity": 209.2,
        "true_track": 324,
        "vertical_rate": 7.15,
        "geo_altitude": 7086.6,
        "squawk": "6564",
        "spi": false,
        "position_source": 0
      }
    },
    {
      "type": "Feature",
      "geometry": {
        "type": "Point",
        "coordinates": [
          6.5115,
          46.1149
        ]
      },
      "properties": {
        "icao24": "3c5999",
        "callsign": "LUA679G",
        "origin_country": "Germany",
        "time_position": 1786962055,
        "last_contact": 1786962055,
        "baro_altitude": 12496.8,
        "on_ground": false,
        "velocity": 245.19,
        "true_track": 211.36,
        "vertical_rate": 0,
        "geo_altitude": 12976.86,
        "squawk": "0612",
        "spi": false,
        "position_source": 0
      }
    },
    {
      "type": "Feature",
      "geometry": {
        "type": "Point",
        "coordinates": [
          9.5007,
          40.6888
        ]
      },
      "properties": {
        "icao24": "3002de",
        "callsign": "SLJ403",
        "origin_country": "Italy",
        "time_position": 1786962055,
        "last_contact": 1786962055,
        "baro_altitude": 4488.18,
        "on_ground": false,
        "velocity": 171.23,
        "true_track": 83.96,
        "vertical_rate": 6.83,
        "geo_altitude": 4785.36,
        "squawk": null,
        "spi": false,
        "position_source": 0
      }
    },
    {
      "type": "Feature",
      "geometry": {
        "type": "Point",
        "coordinates": [
          11.2693,
          46.4045
        ]
      },
      "properties": {
        "icao24": "3c56ee",
        "callsign": "EWG1YB",
        "origin_country": "Germany",
        "time_position": 1786962055,
        "last_contact": 1786962055,
        "baro_altitude": 11590.02,
        "on_ground": false,
        "velocity": 229.77,
        "true_track": 342.94,
        "vertical_rate": 0.33,
        "geo_altitude": 12047.22,
        "squawk": "1000",
        "spi": false,
        "position_source": 0
      }
    },
    {
      "type": "Feature",
      "geometry": {
        "type": "Point",
        "coordinates": [
          15.2106,
          44.7353
        ]
      },
      "properties": {
        "icao24": "4d234b",
        "callsign": "RYR77HE",
        "origin_country": "Malta",
        "time_position": 1786962054,
        "last_contact": 1786962054,
        "baro_altitude": 10972.8,
        "on_ground": false,
        "velocity": 249.22,
        "true_track": 38.72,
        "vertical_rate": 0.33,
        "geo_altitude": 11460.48,
        "squawk": "1000",
        "spi": false,
        "position_source": 0
      }
    },
    {
      "type": "Feature",
      "geometry": {
        "type": "Point",
        "coordinates": [
          14.8573,
          44.5264
        ]
      },
      "properties": {
        "icao24": "3c56eb",
        "callsign": "EWG974",
        "origin_country": "Germany",
        "time_position": 1786961917,
        "last_contact": 1786961948,
        "baro_altitude": 2659.38,
        "on_ground": false,
        "velocity": 153.41,
        "true_track": 147.32,
        "vertical_rate": -11.7,
        "geo_altitude": 2895.6,
        "squawk": "1000",
        "spi": false,
        "position_source": 0
      }
    },
    {
      "type": "Feature",
      "geometry": {
        "type": "Point",
        "coordinates": [
          8.7355,
          45.6159
        ]
      },
      "properties": {
        "icao24": "4d234c",
        "callsign": "RYR7D",
        "origin_country": "Malta",
        "time_position": 1786962044,
        "last_contact": 1786962048,
        "baro_altitude": null,
        "on_ground": true,
        "velocity": 0,
        "true_track": 104.06,
        "vertical_rate": null,
        "geo_altitude": null,
        "squawk": null,
        "spi": false,
        "position_source": 0
      }
    },
    {
      "type": "Feature",
      "geometry": {
        "type": "Point",
        "coordinates": [
          8.8154,
          43.8911
        ]
      },
      "properties": {
        "icao24": "4d2330",
        "callsign": "FJO54A",
        "origin_country": "Malta",
        "time_position": 1786962055,
        "last_contact": 1786962055,
        "baro_altitude": 7010.4,
        "on_ground": false,
        "velocity": 178.78,
        "true_track": 3.13,
        "vertical_rate": -0.33,
        "geo_altitude": 7391.4,
        "squawk": "1000",
        "spi": false,
        "position_source": 0
      }
    },
    {
      "type": "Feature",
      "geometry": {
        "type": "Point",
        "coordinates": [
          10.4869,
          40.3195
        ]
      },
      "properties": {
        "icao24": "4d2395",
        "callsign": "TAR757",
        "origin_country": "Malta",
        "time_position": 1786962050,
        "last_contact": 1786962050,
        "baro_altitude": 10058.4,
        "on_ground": false,
        "velocity": 246.9,
        "true_track": 164.28,
        "vertical_rate": -0.33,
        "geo_altitude": 10576.56,
        "squawk": "0456",
        "spi": false,
        "position_source": 0
      }
    },
    {
      "type": "Feature",
      "geometry": {
        "type": "Point",
        "coordinates": [
          9.971,
          44.3846
        ]
      },
      "properties": {
        "icao24": "4d236b",
        "callsign": "RYR14YF",
        "origin_country": "Malta",
        "time_position": 1786962055,
        "last_contact": 1786962055,
        "baro_altitude": 11247.12,
        "on_ground": false,
        "velocity": 214.21,
        "true_track": 230.65,
        "vertical_rate": 4.23,
        "geo_altitude": 11734.8,
        "squawk": "0270",
        "spi": false,
        "position_source": 0
      }
    },
    {
      "type": "Feature",
      "geometry": {
        "type": "Point",
        "coordinates": [
          12.5833,
          47.3157
        ]
      },
      "properties": {
        "icao24": "3c56f2",
        "callsign": "EWG73N",
        "origin_country": "Germany",
        "time_position": 1786962055,
        "last_contact": 1786962055,
        "baro_altitude": 10957.56,
        "on_ground": false,
        "velocity": 237.79,
        "true_track": 158.82,
        "vertical_rate": -9.43,
        "geo_altitude": 11407.14,
        "squawk": "1000",
        "spi": false,
        "position_source": 0
      }
    },
    {
      "type": "Feature",
      "geometry": {
        "type": "Point",
        "coordinates": [
          14.5988,
          44.3116
        ]
      },
      "properties": {
        "icao24": "4d2383",
        "callsign": "RYR81FM",
        "origin_country": "Malta",
        "time_position": 1786962054,
        "last_contact": 1786962055,
        "baro_altitude": 10972.8,
        "on_ground": false,
        "velocity": 233.91,
        "true_track": 319.55,
        "vertical_rate": 0,
        "geo_altitude": 11468.1,
        "squawk": "6623",
        "spi": false,
        "position_source": 0
      }
    },
    {
      "type": "Feature",
      "geometry": {
        "type": "Point",
        "coordinates": [
          16.5773,
          41.1707
        ]
      },
      "properties": {
        "icao24": "4d2384",
        "callsign": "RYR45MK",
        "origin_country": "Malta",
        "time_position": 1786962054,
        "last_contact": 1786962054,
        "baro_altitude": 11277.6,
        "on_ground": false,
        "velocity": 237.55,
        "true_track": 134.56,
        "vertical_rate": 0.33,
        "geo_altitude": 11811,
        "squawk": "0404",
        "spi": false,
        "position_source": 0
      }
    },
    {
      "type": "Feature",
      "geometry": {
        "type": "Point",
        "coordinates": [
          9.8706,
          42.659
        ]
      },
      "properties": {
        "icao24": "4cad28",
        "callsign": "RYR8832",
        "origin_country": "Ireland",
        "time_position": 1786962054,
        "last_contact": 1786962054,
        "baro_altitude": 11231.88,
        "on_ground": false,
        "velocity": 224.67,
        "true_track": 336.66,
        "vertical_rate": -7.48,
        "geo_altitude": 11772.9,
        "squawk": "6562",
        "spi": false,
        "position_source": 0
      }
    },
    {
      "type": "Feature",
      "geometry": {
        "type": "Point",
        "coordinates": [
          12.0534,
          47.4156
        ]
      },
      "properties": {
        "icao24": "4cad29",
        "callsign": "RYR154W",
        "origin_country": "Ireland",
        "time_position": 1786962055,
        "last_contact": 1786962055,
        "baro_altitude": 11277.6,
        "on_ground": false,
        "velocity": 254.32,
        "true_track": 129.58,
        "vertical_rate": 0.33,
        "geo_altitude": 11696.7,
        "squawk": "7327",
        "spi": false,
        "position_source": 0
      }
    },
    {
      "type": "Feature",
      "geometry": {
        "type": "Point",
        "coordinates": [
          7.2044,
          45.7522
        ]
      },
      "properties": {
        "icao24": "4070ef",
        "callsign": "EXS29V",
        "origin_country": "United Kingdom",
        "time_position": 1786962055,
        "last_contact": 1786962055,
        "baro_altitude": 11582.4,
        "on_ground": false,
        "velocity": 216.38,
        "true_track": 277.51,
        "vertical_rate": 0.33,
        "geo_altitude": 12054.84,
        "squawk": "5704",
        "spi": false,
        "position_source": 0
      }
    },
    {
      "type": "Feature",
      "geometry": {
        "type": "Point",
        "coordinates": [
          9.7987,
          45.6508
        ]
      },
      "properties": {
        "icao24": "4cad10",
        "callsign": "RYR78FR",
        "origin_country": "Ireland",
        "time_position": 1786962054,
        "last_contact": 1786962055,
        "baro_altitude": 548.64,
        "on_ground": false,
        "velocity": 81.23,
        "true_track": 284.3,
        "vertical_rate": -3.58,
        "geo_altitude": 609.6,
        "squawk": "7733",
        "spi": false,
        "position_source": 0
      }
    },
    {
      "type": "Feature",
      "geometry": {
        "type": "Point",
        "coordinates": [
          17.7157,
          43.8712
        ]
      },
      "properties": {
        "icao24": "4070e3",
        "callsign": "EXS73YD",
        "origin_country": "United Kingdom",
        "time_position": 1786962052,
        "last_contact": 1786962054,
        "baro_altitude": 10972.8,
        "on_ground": false,
        "velocity": 234.07,
        "true_track": 324.84,
        "vertical_rate": 0,
        "geo_altitude": 11475.72,
        "squawk": "1356",
        "spi": false,
        "position_source": 0
      }
    },
    {
      "type": "Feature",
      "geometry": {
        "type": "Point",
        "coordinates": [
          16.774,
          44.8383
        ]
      },
      "properties": {
        "icao24": "4c01e7",
        "callsign": "ASL71G",
        "origin_country": "Serbia",
        "time_position": 1786962055,
        "last_contact": 1786962055,
        "baro_altitude": 10675.62,
        "on_ground": false,
        "velocity": 239.16,
        "true_track": 97.42,
        "vertical_rate": 0,
        "geo_altitude": 11178.54,
        "squawk": "7561",
        "spi": false,
        "position_source": 0
      }
    },
    {
      "type": "Feature",
      "geometry": {
        "type": "Point",
        "coordinates": [
          11.815,
          41.2738
        ]
      },
      "properties": {
        "icao24": "4d21c9",
        "callsign": "AEZ413P",
        "origin_country": "Malta",
        "time_position": 1786962054,
        "last_contact": 1786962054,
        "baro_altitude": 6873.24,
        "on_ground": false,
        "velocity": 201.97,
        "true_track": 352.24,
        "vertical_rate": -10.4,
        "geo_altitude": 7254.24,
        "squawk": null,
        "spi": false,
        "position_source": 0
      }
    },
    {
      "type": "Feature",
      "geometry": {
        "type": "Point",
        "coordinates": [
          11.9347,
          41.8382
        ]
      },
      "properties": {
        "icao24": "4cad5c",
        "callsign": "ITY2036",
        "origin_country": "Ireland",
        "time_position": 1786962054,
        "last_contact": 1786962054,
        "baro_altitude": 2407.92,
        "on_ground": false,
        "velocity": 140.37,
        "true_track": 283.78,
        "vertical_rate": 14.31,
        "geo_altitude": 2560.32,
        "squawk": null,
        "spi": false,
        "position_source": 0
      }
    },
    {
      "type": "Feature",
      "geometry": {
        "type": "Point",
        "coordinates": [
          12.5467,
          43.8887
        ]
      },
      "properties": {
        "icao24": "4cad55",
        "callsign": "ITY1358",
        "origin_country": "Ireland",
        "time_position": 1786962055,
        "last_contact": 1786962055,
        "baro_altitude": 8839.2,
        "on_ground": false,
        "velocity": 239.57,
        "true_track": 193.41,
        "vertical_rate": 0,
        "geo_altitude": 9273.54,
        "squawk": "1000",
        "spi": false,
        "position_source": 0
      }
    },
    {
      "type": "Feature",
      "geometry": {
        "type": "Point",
        "coordinates": [
          11.4088,
          42.4234
        ]
      },
      "properties": {
        "icao24": "4cad52",
        "callsign": "ITY343",
        "origin_country": "Ireland",
        "time_position": 1786962055,
        "last_contact": 1786962055,
        "baro_altitude": 5859.78,
        "on_ground": false,
        "velocity": 181.6,
        "true_track": 98.64,
        "vertical_rate": -8.13,
        "geo_altitude": 6195.06,
        "squawk": "1000",
        "spi": false,
        "position_source": 0
      }
    },
    {
      "type": "Feature",
      "geometry": {
        "type": "Point",
        "coordinates": [
          10.8789,
          46.0951
        ]
      },
      "properties": {
        "icao24": "4cad3b",
        "callsign": "RYR3487",
        "origin_country": "Ireland",
        "time_position": 1786962055,
        "last_contact": 1786962055,
        "baro_altitude": 11277.6,
        "on_ground": false,
        "velocity": 217.01,
        "true_track": 231.26,
        "vertical_rate": 0,
        "geo_altitude": 11734.8,
        "squawk": "1000",
        "spi": false,
        "position_source": 0
      }
    },
    {
      "type": "Feature",
      "geometry": {
        "type": "Point",
        "coordinates": [
          12.2574,
          45.4315
        ]
      },
      "properties": {
        "icao24": "4d21ee",
        "callsign": "RYR3NJ",
        "origin_country": "Malta",
        "time_position": 1786962054,
        "last_contact": 1786962054,
        "baro_altitude": 502.92,
        "on_ground": false,
        "velocity": 90.7,
        "true_track": 42.01,
        "vertical_rate": -3.9,
        "geo_altitude": 571.5,
        "squawk": "1000",
        "spi": false,
        "position_source": 0
      }
    },
    {
      "type": "Feature",
      "geometry": {
        "type": "Point",
        "coordinates": [
          14.4823,
          35.8123
        ]
      },
      "properties": {
        "icao24": "4d21ff",
        "callsign": "9HEFA",
        "origin_country": "Malta",
        "time_position": 1786962054,
        "last_contact": 1786962054,
        "baro_altitude": 388.62,
        "on_ground": false,
        "velocity": 54.64,
        "true_track": 52.27,
        "vertical_rate": 2.93,
        "geo_altitude": 464.82,
        "squawk": "3631",
        "spi": false,
        "position_source": 0
      }
    },
    {
      "type": "Feature",
      "geometry": {
        "type": "Point",
        "coordinates": [
          9.2796,
          45.447
        ]
      },
      "properties": {
        "icao24": "4d21ce",
        "callsign": "AEZ2631",
        "origin_country": "Malta",
        "time_position": 1786962052,
        "last_contact": 1786962052,
        "baro_altitude": null,
        "on_ground": true,
        "velocity": 9.77,
        "true_track": 174.38,
        "vertical_rate": null,
        "geo_altitude": null,
        "squawk": null,
        "spi": false,
        "position_source": 0
      }
    },
    {
      "type": "Feature",
      "geometry": {
        "type": "Point",
        "coordinates": [
          13.2566,
          46.4045
        ]
      },
      "properties": {
        "icao24": "4cad86",
        "callsign": "SAS10E",
        "origin_country": "Ireland",
        "time_position": 1786962055,
        "last_contact": 1786962055,
        "baro_altitude": 8031.48,
        "on_ground": false,
        "velocity": 249.73,
        "true_track": 17.88,
        "vertical_rate": 3.9,
        "geo_altitude": 8420.1,
        "squawk": "1140",
        "spi": false,
        "position_source": 0
      }
    },
    {
      "type": "Feature",
      "geometry": {
        "type": "Point",
        "coordinates": [
          13.1593,
          42.3913
        ]
      },
      "properties": {
        "icao24": "4c01ee",
        "callsign": "ASL51N",
        "origin_country": "Serbia",
        "time_position": 1786962055,
        "last_contact": 1786962055,
        "baro_altitude": 10668,
        "on_ground": false,
        "velocity": 232.97,
        "true_track": 65.47,
        "vertical_rate": 0,
        "geo_altitude": 11178.54,
        "squawk": "0214",
        "spi": false,
        "position_source": 0
      }
    },
    {
      "type": "Feature",
      "geometry": {
        "type": "Point",
        "coordinates": [
          12.3922,
          45.4306
        ]
      },
      "properties": {
        "icao24": "4d21f3",
        "callsign": "FJO16",
        "origin_country": "Malta",
        "time_position": 1786961747,
        "last_contact": 1786961747,
        "baro_altitude": 30.48,
        "on_ground": false,
        "velocity": 26.03,
        "true_track": 232.22,
        "vertical_rate": -2.6,
        "geo_altitude": 76.2,
        "squawk": "7000",
        "spi": false,
        "position_source": 0
      }
    },
    {
      "type": "Feature",
      "geometry": {
        "type": "Point",
        "coordinates": [
          7.3843,
          44.004
        ]
      },
      "properties": {
        "icao24": "4d21f0",
        "callsign": "RYR18TX",
        "origin_country": "Malta",
        "time_position": 1786962055,
        "last_contact": 1786962055,
        "baro_altitude": 11277.6,
        "on_ground": false,
        "velocity": 222.94,
        "true_track": 243.26,
        "vertical_rate": -0.33,
        "geo_altitude": 11772.9,
        "squawk": "4005",
        "spi": false,
        "position_source": 0
      }
    },
    {
      "type": "Feature",
      "geometry": {
        "type": "Point",
        "coordinates": [
          13.054,
          42.9087
        ]
      },
      "properties": {
        "icao24": "4d21f2",
        "callsign": "RYR6833",
        "origin_country": "Malta",
        "time_position": 1786962054,
        "last_contact": 1786962054,
        "baro_altitude": 11201.4,
        "on_ground": false,
        "velocity": 238.99,
        "true_track": 163.75,
        "vertical_rate": -5.53,
        "geo_altitude": 11711.94,
        "squawk": "1000",
        "spi": false,
        "position_source": 0
      }
    },
    {
      "type": "Feature",
      "geometry": {
        "type": "Point",
        "coordinates": [
          16.206,
          44.3621
        ]
      },
      "properties": {
        "icao24": "4cad94",
        "callsign": null,
        "origin_country": "Ireland",
        "time_position": 1786962053,
        "last_contact": 1786962054,
        "baro_altitude": 7322.82,
        "on_ground": false,
        "velocity": 240.53,
        "true_track": 355.34,
        "vertical_rate": 12.35,
        "geo_altitude": 7688.58,
        "squawk": "4552",
        "spi": false,
        "position_source": 0
      }
    },
    {
      "type": "Feature",
      "geometry": {
        "type": "Point",
        "coordinates": [
          16.2136,
          40.4921
        ]
      },
      "properties": {
        "icao24": "4d21dc",
        "callsign": "KMM514",
        "origin_country": "Malta",
        "time_position": 1786962055,
        "last_contact": 1786962055,
        "baro_altitude": 11574.78,
        "on_ground": false,
        "velocity": 241.42,
        "true_track": 18.51,
        "vertical_rate": -0.33,
        "geo_altitude": 12115.8,
        "squawk": "1000",
        "spi": false,
        "position_source": 0
      }
    },
    {
      "type": "Feature",
      "geometry": {
        "type": "Point",
        "coordinates": [
          10.542,
          43.6297
        ]
      },
      "properties": {
        "icao24": "4d20ed",
        "callsign": "AEZ2425",
        "origin_country": "Malta",
        "time_position": 1786962054,
        "last_contact": 1786962054,
        "baro_altitude": 7315.2,
        "on_ground": false,
        "velocity": 200.12,
        "true_track": 0.15,
        "vertical_rate": 0,
        "geo_altitude": 7688.58,
        "squawk": "7035",
        "spi": false,
        "position_source": 0
      }
    },
    {
      "type": "Feature",
      "geometry": {
        "type": "Point",
        "coordinates": [
          12.5496,
          43.2069
        ]
      },
      "properties": {
        "icao24": "4d20ff",
        "callsign": "WMT3178",
        "origin_country": "Malta",
        "time_position": 1786962055,
        "last_contact": 1786962055,
        "baro_altitude": 10668,
        "on_ground": false,
        "velocity": 233.7,
        "true_track": 165.6,
        "vertical_rate": 0,
        "geo_altitude": 11178.54,
        "squawk": "4651",
        "spi": false,
        "position_source": 0
      }
    },
    {
      "type": "Feature",
      "geometry": {
        "type": "Point",
        "coordinates": [
          18.6043,
          40.1985
        ]
      },
      "properties": {
        "icao24": "aa4195",
        "callsign": "AAL325",
        "origin_country": "United States",
        "time_position": 1786962053,
        "last_contact": 1786962053,
        "baro_altitude": 9753.6,
        "on_ground": false,
        "velocity": 252.7,
        "true_track": 295.05,
        "vertical_rate": 0,
        "geo_altitude": 10241.28,
        "squawk": null,
        "spi": false,
        "position_source": 0
      }
    },
    {
      "type": "Feature",
      "geometry": {
        "type": "Point",
        "coordinates": [
          10.8668,
          44.9622
        ]
      },
      "properties": {
        "icao24": "4d2204",
        "callsign": "VCJ55J",
        "origin_country": "Malta",
        "time_position": 1786962054,
        "last_contact": 1786962055,
        "baro_altitude": 7315.2,
        "on_ground": false,
        "velocity": 218.29,
        "true_track": 9.91,
        "vertical_rate": 0,
        "geo_altitude": 7665.72,
        "squawk": "1000",
        "spi": false,
        "position_source": 0
      }
    },
    {
      "type": "Feature",
      "geometry": {
        "type": "Point",
        "coordinates": [
          13.2168,
          38.218
        ]
      },
      "properties": {
        "icao24": "485a86",
        "callsign": "JAF3DN",
        "origin_country": "Kingdom of the Netherlands",
        "time_position": 1786961932,
        "last_contact": 1786961932,
        "baro_altitude": 464.82,
        "on_ground": false,
        "velocity": 78.16,
        "true_track": 247.15,
        "vertical_rate": -3.25,
        "geo_altitude": 563.88,
        "squawk": null,
        "spi": false,
        "position_source": 0
      }
    },
    {
      "type": "Feature",
      "geometry": {
        "type": "Point",
        "coordinates": [
          7.4748,
          47.5131
        ]
      },
      "properties": {
        "icao24": "4d2209",
        "callsign": "RYR45SY",
        "origin_country": "Malta",
        "time_position": 1786962055,
        "last_contact": 1786962055,
        "baro_altitude": 11574.78,
        "on_ground": false,
        "velocity": 222.87,
        "true_track": 21.53,
        "vertical_rate": 0,
        "geo_altitude": 12001.5,
        "squawk": "1051",
        "spi": false,
        "position_source": 0
      }
    },
    {
      "type": "Feature",
      "geometry": {
        "type": "Point",
        "coordinates": [
          15.1877,
          37.3979
        ]
      },
      "properties": {
        "icao24": "4d2239",
        "callsign": "RYR2LH",
        "origin_country": "Malta",
        "time_position": 1786962054,
        "last_contact": 1786962054,
        "baro_altitude": 2369.82,
        "on_ground": false,
        "velocity": 131.3,
        "true_track": 229.13,
        "vertical_rate": 4.55,
        "geo_altitude": 2522.22,
        "squawk": null,
        "spi": false,
        "position_source": 0
      }
    },
    {
      "type": "Feature",
      "geometry": {
        "type": "Point",
        "coordinates": [
          11.6629,
          46.3708
        ]
      },
      "properties": {
        "icao24": "461a85",
        "callsign": "FSF120A",
        "origin_country": "Finland",
        "time_position": 1786962054,
        "last_contact": 1786962055,
        "baro_altitude": 6705.6,
        "on_ground": false,
        "velocity": 139.92,
        "true_track": 342.23,
        "vertical_rate": 0,
        "geo_altitude": 7040.88,
        "squawk": "0251",
        "spi": false,
        "position_source": 0
      }
    },
    {
      "type": "Feature",
      "geometry": {
        "type": "Point",
        "coordinates": [
          12.0185,
          42.3574
        ]
      },
      "properties": {
        "icao24": "4d222a",
        "callsign": "RYR92HW",
        "origin_country": "Malta",
        "time_position": 1786962054,
        "last_contact": 1786962054,
        "baro_altitude": 4274.82,
        "on_ground": false,
        "velocity": 178.09,
        "true_track": 115.68,
        "vertical_rate": -6.83,
        "geo_altitude": 4533.9,
        "squawk": "0507",
        "spi": false,
        "position_source": 0
      }
    },
    {
      "type": "Feature",
      "geometry": {
        "type": "Point",
        "coordinates": [
          11.5674,
          46.8319
        ]
      },
      "properties": {
        "icao24": "4d221e",
        "callsign": "RYR9BJ",
        "origin_country": "Malta",
        "time_position": 1786962054,
        "last_contact": 1786962055,
        "baro_altitude": 10035.54,
        "on_ground": false,
        "velocity": 220.5,
        "true_track": 201.06,
        "vertical_rate": -4.88,
        "geo_altitude": 10462.26,
        "squawk": "0761",
        "spi": false,
        "position_source": 0
      }
    },
    {
      "type": "Feature",
      "geometry": {
        "type": "Point",
        "coordinates": [
          12.5156,
          40.7634
        ]
      },
      "properties": {
        "icao24": "4d221a",
        "callsign": "RYR4YF",
        "origin_country": "Malta",
        "time_position": 1786962054,
        "last_contact": 1786962054,
        "baro_altitude": 7703.82,
        "on_ground": false,
        "velocity": 248.34,
        "true_track": 147.69,
        "vertical_rate": 8.13,
        "geo_altitude": 8107.68,
        "squawk": null,
        "spi": false,
        "position_source": 0
      }
    },
    {
      "type": "Feature",
      "geometry": {
        "type": "Point",
        "coordinates": [
          7.9583,
          46.8047
        ]
      },
      "properties": {
        "icao24": "4d2232",
        "callsign": "RYR9YD",
        "origin_country": "Malta",
        "time_position": 1786962055,
        "last_contact": 1786962055,
        "baro_altitude": 10972.8,
        "on_ground": false,
        "velocity": 232.04,
        "true_track": 30.66,
        "vertical_rate": 0.33,
        "geo_altitude": 11407.14,
        "squawk": "1000",
        "spi": false,
        "position_source": 0
      }
    },
    {
      "type": "Feature",
      "geometry": {
        "type": "Point",
        "coordinates": [
          9.3416,
          40.9021
        ]
      },
      "properties": {
        "icao24": "4d2247",
        "callsign": "RYR2SF",
        "origin_country": "Malta",
        "time_position": 1786962053,
        "last_contact": 1786962054,
        "baro_altitude": 10668,
        "on_ground": false,
        "velocity": 224.21,
        "true_track": 245.32,
        "vertical_rate": -0.33,
        "geo_altitude": 11186.16,
        "squawk": "1266",
        "spi": false,
        "position_source": 0
      }
    },
    {
      "type": "Feature",
      "geometry": {
        "type": "Point",
        "coordinates": [
          10.1308,
          44.3075
        ]
      },
      "properties": {
        "icao24": "4d223b",
        "callsign": "RYR21VJ",
        "origin_country": "Malta",
        "time_position": 1786962055,
        "last_contact": 1786962055,
        "baro_altitude": 9715.5,
        "on_ground": false,
        "velocity": 236.94,
        "true_track": 74.12,
        "vertical_rate": -5.2,
        "geo_altitude": 10180.32,
        "squawk": "6446",
        "spi": false,
        "position_source": 0
      }
    },
    {
      "type": "Feature",
      "geometry": {
        "type": "Point",
        "coordinates": [
          12.3312,
          42.0132
        ]
      },
      "properties": {
        "icao24": "4d222b",
        "callsign": "RYR6DY",
        "origin_country": "Malta",
        "time_position": 1786962054,
        "last_contact": 1786962055,
        "baro_altitude": 1356.36,
        "on_ground": false,
        "velocity": 125.53,
        "true_track": 292.15,
        "vertical_rate": -2.28,
        "geo_altitude": 1485.9,
        "squawk": "5107",
        "spi": false,
        "position_source": 0
      }
    },
    {
      "type": "Feature",
      "geometry": {
        "type": "Point",
        "coordinates": [
          11.5454,
          47.0227
        ]
      },
      "properties": {
        "icao24": "4d2243",
        "callsign": "RYR3693",
        "origin_country": "Malta",
        "time_position": 1786962055,
        "last_contact": 1786962055,
        "baro_altitude": 11582.4,
        "on_ground": false,
        "velocity": 235.43,
        "true_track": 8.17,
        "vertical_rate": 0,
        "geo_altitude": 11986.26,
        "squawk": "5533",
        "spi": false,
        "position_source": 0
      }
    },
    {
      "type": "Feature",
      "geometry": {
        "type": "Point",
        "coordinates": [
          13.1969,
          43.098
        ]
      },
      "properties": {
        "icao24": "4d2216",
        "callsign": "RYR1EA",
        "origin_country": "Malta",
        "time_position": 1786962054,
        "last_contact": 1786962054,
        "baro_altitude": 11277.6,
        "on_ground": false,
        "velocity": 239.05,
        "true_track": 154.1,
        "vertical_rate": 0,
        "geo_altitude": 11780.52,
        "squawk": "1000",
        "spi": false,
        "position_source": 0
      }
    },
    {
      "type": "Feature",
      "geometry": {
        "type": "Point",
        "coordinates": [
          8.6305,
          44.4688
        ]
      },
      "properties": {
        "icao24": "4d2212",
        "callsign": "RYR9CU",
        "origin_country": "Malta",
        "time_position": 1786962055,
        "last_contact": 1786962055,
        "baro_altitude": 11277.6,
        "on_ground": false,
        "velocity": 224.88,
        "true_track": 187.89,
        "vertical_rate": 0.33,
        "geo_altitude": 11757.66,
        "squawk": "1000",
        "spi": false,
        "position_source": 0
      }
    },
    {
      "type": "Feature",
      "geometry": {
        "type": "Point",
        "coordinates": [
          10.9305,
          46.034
        ]
      },
      "properties": {
        "icao24": "4d2226",
        "callsign": "RYR87GN",
        "origin_country": "Malta",
        "time_position": 1786962055,
        "last_contact": 1786962055,
        "baro_altitude": 10668,
        "on_ground": false,
        "velocity": 239,
        "true_track": 134.91,
        "vertical_rate": 0,
        "geo_altitude": 11117.58,
        "squawk": "1000",
        "spi": false,
        "position_source": 0
      }
    },
    {
      "type": "Feature",
      "geometry": {
        "type": "Point",
        "coordinates": [
          16.9174,
          46.819
        ]
      },
      "properties": {
        "icao24": "4d2225",
        "callsign": "RYR9GU",
        "origin_country": "Malta",
        "time_position": 1786962055,
        "last_contact": 1786962055,
        "baro_altitude": 11277.6,
        "on_ground": false,
        "velocity": 223.58,
        "true_track": 176.97,
        "vertical_rate": 0,
        "geo_altitude": 11711.94,
        "squawk": "1000",
        "spi": false,
        "position_source": 0
      }
    },
    {
      "type": "Feature",
      "geometry": {
        "type": "Point",
        "coordinates": [
          8.7812,
          45.4567
        ]
      },
      "properties": {
        "icao24": "4d220c",
        "callsign": "RYR4SP",
        "origin_country": "Malta",
        "time_position": 1786962054,
        "last_contact": 1786962054,
        "baro_altitude": 1143,
        "on_ground": false,
        "velocity": 97.78,
        "true_track": 349.7,
        "vertical_rate": -5.2,
        "geo_altitude": 1234.44,
        "squawk": "2154",
        "spi": false,
        "position_source": 0
      }
    },
    {
      "type": "Feature",
      "geometry": {
        "type": "Point",
        "coordinates": [
          16.1545,
          39.1877
        ]
      },
      "properties": {
        "icao24": "710000",
        "callsign": "RXI532",
        "origin_country": "Saudi Arabia",
        "time_position": 1786962055,
        "last_contact": 1786962055,
        "baro_altitude": 11879.58,
        "on_ground": false,
        "velocity": 284,
        "true_track": 105.87,
        "vertical_rate": -0.33,
        "geo_altitude": 12481.56,
        "squawk": "1454",
        "spi": false,
        "position_source": 0
      }
    },
    {
      "type": "Feature",
      "geometry": {
        "type": "Point",
        "coordinates": [
          12.4869,
          41.8794
        ]
      },
      "properties": {
        "icao24": "4d226e",
        "callsign": "RYR1VB",
        "origin_country": "Malta",
        "time_position": 1786962054,
        "last_contact": 1786962055,
        "baro_altitude": 2179.32,
        "on_ground": false,
        "velocity": 142.96,
        "true_track": 314.85,
        "vertical_rate": -7.15,
        "geo_altitude": 2354.58,
        "squawk": null,
        "spi": false,
        "position_source": 0
      }
    },
    {
      "type": "Feature",
      "geometry": {
        "type": "Point",
        "coordinates": [
          7.2215,
          42.0704
        ]
      },
      "properties": {
        "icao24": "4d225f",
        "callsign": "RYR98WH",
        "origin_country": "Malta",
        "time_position": 1786962055,
        "last_contact": 1786962055,
        "baro_altitude": 10668,
        "on_ground": false,
        "velocity": 224.49,
        "true_track": 226.21,
        "vertical_rate": 0,
        "geo_altitude": 11193.78,
        "squawk": "1000",
        "spi": false,
        "position_source": 0
      }
    },
    {
      "type": "Feature",
      "geometry": {
        "type": "Point",
        "coordinates": [
          12.2591,
          43.9389
        ]
      },
      "properties": {
        "icao24": "4d2273",
        "callsign": "RYR48WU",
        "origin_country": "Malta",
        "time_position": 1786962054,
        "last_contact": 1786962054,
        "baro_altitude": 10972.8,
        "on_ground": false,
        "velocity": 217.33,
        "true_track": 321.15,
        "vertical_rate": -0.33,
        "geo_altitude": 11452.86,
        "squawk": "1000",
        "spi": false,
        "position_source": 0
      }
    },
    {
      "type": "Feature",
      "geometry": {
        "type": "Point",
        "coordinates": [
          6.2045,
          43.4992
        ]
      },
      "properties": {
        "icao24": "4d2274",
        "callsign": "RYR7KQ",
        "origin_country": "Malta",
        "time_position": 1786962054,
        "last_contact": 1786962055,
        "baro_altitude": 8839.2,
        "on_ground": false,
        "velocity": 222.79,
        "true_track": 247.46,
        "vertical_rate": 0,
        "geo_altitude": 9311.64,
        "squawk": "4042",
        "spi": false,
        "position_source": 0
      }
    },
    {
      "type": "Feature",
      "geometry": {
        "type": "Point",
        "coordinates": [
          16.3592,
          43.4419
        ]
      },
      "properties": {
        "icao24": "406015",
        "callsign": "EZY34UV",
        "origin_country": "United Kingdom",
        "time_position": 1786962042,
        "last_contact": 1786962055,
        "baro_altitude": 10972.8,
        "on_ground": false,
        "velocity": 237.38,
        "true_track": 311.05,
        "vertical_rate": -0.33,
        "geo_altitude": 11490.96,
        "squawk": "2042",
        "spi": false,
        "position_source": 0
      }
    },
    {
      "type": "Feature",
      "geometry": {
        "type": "Point",
        "coordinates": [
          9.3963,
          44.7279
        ]
      },
      "properties": {
        "icao24": "4d227c",
        "callsign": "RYR1239",
        "origin_country": "Malta",
        "time_position": 1786962054,
        "last_contact": 1786962054,
        "baro_altitude": 6103.62,
        "on_ground": false,
        "velocity": 181.91,
        "true_track": 281.09,
        "vertical_rate": -3.9,
        "geo_altitude": 6431.28,
        "squawk": "5512",
        "spi": false,
        "position_source": 0
      }
    },
    {
      "type": "Feature",
      "geometry": {
        "type": "Point",
        "coordinates": [
          6.664,
          43.2012
        ]
      },
      "properties": {
        "icao24": "4d2280",
        "callsign": "RYR93HA",
        "origin_country": "Malta",
        "time_position": 1786962054,
        "last_contact": 1786962055,
        "baro_altitude": 9144,
        "on_ground": false,
        "velocity": 240.23,
        "true_track": 51.61,
        "vertical_rate": 0,
        "geo_altitude": 9624.06,
        "squawk": "1000",
        "spi": false,
        "position_source": 0
      }
    },
    {
      "type": "Feature",
      "geometry": {
        "type": "Point",
        "coordinates": [
          13.4822,
          41.4685
        ]
      },
      "properties": {
        "icao24": "4d2255",
        "callsign": "RYR6B",
        "origin_country": "Malta",
        "time_position": 1786962055,
        "last_contact": 1786962055,
        "baro_altitude": 10972.8,
        "on_ground": false,
        "velocity": 230.62,
        "true_track": 336.47,
        "vertical_rate": 0,
        "geo_altitude": 11468.1,
        "squawk": "0216",
        "spi": false,
        "position_source": 0
      }
    },
    {
      "type": "Feature",
      "geometry": {
        "type": "Point",
        "coordinates": [
          8.8009,
          40.6685
        ]
      },
      "properties": {
        "icao24": "4d2256",
        "callsign": "RYR681R",
        "origin_country": "Malta",
        "time_position": 1786962055,
        "last_contact": 1786962055,
        "baro_altitude": 5996.94,
        "on_ground": false,
        "velocity": 213.59,
        "true_track": 56.2,
        "vertical_rate": 12.03,
        "geo_altitude": 6339.84,
        "squawk": null,
        "spi": false,
        "position_source": 0
      }
    },
    {
      "type": "Feature",
      "geometry": {
        "type": "Point",
        "coordinates": [
          7.9678,
          43.9249
        ]
      },
      "properties": {
        "icao24": "4d225a",
        "callsign": "RYR2MP",
        "origin_country": "Malta",
        "time_position": 1786962055,
        "last_contact": 1786962055,
        "baro_altitude": 9144,
        "on_ground": false,
        "velocity": 210.32,
        "true_track": 55.77,
        "vertical_rate": 0,
        "geo_altitude": 9601.2,
        "squawk": "1000",
        "spi": false,
        "position_source": 0
      }
    },
    {
      "type": "Feature",
      "geometry": {
        "type": "Point",
        "coordinates": [
          13.5921,
          47.4171
        ]
      },
      "properties": {
        "icao24": "4d225b",
        "callsign": "RYR207V",
        "origin_country": "Malta",
        "time_position": 1786962054,
        "last_contact": 1786962055,
        "baro_altitude": 10363.2,
        "on_ground": false,
        "velocity": 247.36,
        "true_track": 41.88,
        "vertical_rate": -0.33,
        "geo_altitude": 10774.68,
        "squawk": "1000",
        "spi": false,
        "position_source": 0
      }
    },
    {
      "type": "Feature",
      "geometry": {
        "type": "Point",
        "coordinates": [
          16.8152,
          43.6658
        ]
      },
      "properties": {
        "icao24": "3c55c3",
        "callsign": "EWG2912",
        "origin_country": "Germany",
        "time_position": 1786962054,
        "last_contact": 1786962054,
        "baro_altitude": 10660.38,
        "on_ground": false,
        "velocity": 221.81,
        "true_track": 144.72,
        "vertical_rate": -0.33,
        "geo_altitude": 11170.92,
        "squawk": "7715",
        "spi": false,
        "position_source": 0
      }
    },
    {
      "type": "Feature",
      "geometry": {
        "type": "Point",
        "coordinates": [
          9.4403,
          45.6535
        ]
      },
      "properties": {
        "icao24": "493299",
        "callsign": "NJE912U",
        "origin_country": "Portugal",
        "time_position": 1786962054,
        "last_contact": 1786962055,
        "baro_altitude": 5448.3,
        "on_ground": false,
        "velocity": 158.45,
        "true_track": 270,
        "vertical_rate": -8.13,
        "geo_altitude": 5699.76,
        "squawk": "4505",
        "spi": false,
        "position_source": 0
      }
    },
    {
      "type": "Feature",
      "geometry": {
        "type": "Point",
        "coordinates": [
          12.4763,
          42.9902
        ]
      },
      "properties": {
        "icao24": "493291",
        "callsign": "NJE032W",
        "origin_country": "Portugal",
        "time_position": 1786962054,
        "last_contact": 1786962055,
        "baro_altitude": 876.3,
        "on_ground": false,
        "velocity": 101.44,
        "true_track": 14.39,
        "vertical_rate": -4.23,
        "geo_altitude": 952.5,
        "squawk": "1000",
        "spi": false,
        "position_source": 0
      }
    },
    {
      "type": "Feature",
      "geometry": {
        "type": "Point",
        "coordinates": [
          6.1708,
          43.112
        ]
      },
      "properties": {
        "icao24": "493288",
        "callsign": "NJE422A",
        "origin_country": "Portugal",
        "time_position": 1786961862,
        "last_contact": 1786961866,
        "baro_altitude": 76.2,
        "on_ground": false,
        "velocity": 56,
        "true_track": 231.34,
        "vertical_rate": -2.93,
        "geo_altitude": 114.3,
        "squawk": "3306",
        "spi": false,
        "position_source": 0
      }
    },
    {
      "type": "Feature",
      "geometry": {
        "type": "Point",
        "coordinates": [
          14.8619,
          47.113
        ]
      },
      "properties": {
        "icao24": "300557",
        "callsign": "DLH11H",
        "origin_country": "Italy",
        "time_position": 1786962055,
        "last_contact": 1786962055,
        "baro_altitude": 4191,
        "on_ground": false,
        "velocity": 171.8,
        "true_track": 133.06,
        "vertical_rate": -5.2,
        "geo_altitude": 4389.12,
        "squawk": "1000",
        "spi": false,
        "position_source": 0
      }
    },
    {
      "type": "Feature",
      "geometry": {
        "type": "Point",
        "coordinates": [
          8.7167,
          45.6255
        ]
      },
      "properties": {
        "icao24": "300558",
        "callsign": "DLA6YF",
        "origin_country": "Italy",
        "time_position": 1786961937,
        "last_contact": 1786961974,
        "baro_altitude": 7223.76,
        "on_ground": false,
        "velocity": 0,
        "true_track": 168.75,
        "vertical_rate": null,
        "geo_altitude": null,
        "squawk": "1000",
        "spi": false,
        "position_source": 0
      }
    },
    {
      "type": "Feature",
      "geometry": {
        "type": "Point",
        "coordinates": [
          8.5613,
          47.4448
        ]
      },
      "properties": {
        "icao24": "4b19fc",
        "callsign": "SWR7ZX",
        "origin_country": "Switzerland",
        "time_position": 1786961950,
        "last_contact": 1786961950,
        "baro_altitude": null,
        "on_ground": true,
        "velocity": 0,
        "true_track": 244.69,
        "vertical_rate": null,
        "geo_altitude": null,
        "squawk": "1000",
        "spi": false,
        "position_source": 0
      }
    },
    {
      "type": "Feature",
      "geometry": {
        "type": "Point",
        "coordinates": [
          9.6364,
          45.0011
        ]
      },
      "properties": {
        "icao24": "4b19ff",
        "callsign": "SWR92T",
        "origin_country": "Switzerland",
        "time_position": 1786962055,
        "last_contact": 1786962055,
        "baro_altitude": 9753.6,
        "on_ground": false,
        "velocity": 232.34,
        "true_track": 335.82,
        "vertical_rate": 0,
        "geo_altitude": 10165.08,
        "squawk": "1000",
        "spi": false,
        "position_source": 0
      }
    },
    {
      "type": "Feature",
      "geometry": {
        "type": "Point",
        "coordinates": [
          9.8416,
          45.7562
        ]
      },
      "properties": {
        "icao24": "71be20",
        "callsign": "AIH798",
        "origin_country": "Republic of Korea",
        "time_position": 1786962054,
        "last_contact": 1786962054,
        "baro_altitude": 6103.62,
        "on_ground": false,
        "velocity": 230.15,
        "true_track": 95.9,
        "vertical_rate": 0,
        "geo_altitude": 6400.8,
        "squawk": "0452",
        "spi": false,
        "position_source": 0
      }
    },
    {
      "type": "Feature",
      "geometry": {
        "type": "Point",
        "coordinates": [
          16.888,
          46.2375
        ]
      },
      "properties": {
        "icao24": "4d20e6",
        "callsign": "VJT467",
        "origin_country": "Malta",
        "time_position": 1786962055,
        "last_contact": 1786962055,
        "baro_altitude": 12496.8,
        "on_ground": false,
        "velocity": 251.4,
        "true_track": 86.95,
        "vertical_rate": -0.33,
        "geo_altitude": 12961.62,
        "squawk": "1000",
        "spi": false,
        "position_source": 0
      }
    },
    {
      "type": "Feature",
      "geometry": {
        "type": "Point",
        "coordinates": [
          11.7166,
          46.0681
        ]
      },
      "properties": {
        "icao24": "04c15b",
        "callsign": "KQA113",
        "origin_country": "Kenya",
        "time_position": 1786962054,
        "last_contact": 1786962055,
        "baro_altitude": 11887.2,
        "on_ground": false,
        "velocity": 263.82,
        "true_track": 124.03,
        "vertical_rate": 0.33,
        "geo_altitude": 12352.02,
        "squawk": "5635",
        "spi": false,
        "position_source": 0
      }
    },
    {
      "type": "Feature",
      "geometry": {
        "type": "Point",
        "coordinates": [
          14.4965,
          35.8438
        ]
      },
      "properties": {
        "icao24": "4cac86",
        "callsign": "RYR13QJ",
        "origin_country": "Ireland",
        "time_position": 1786962049,
        "last_contact": 1786962049,
        "baro_altitude": null,
        "on_ground": true,
        "velocity": 1.8,
        "true_track": 165.94,
        "vertical_rate": null,
        "geo_altitude": null,
        "squawk": null,
        "spi": false,
        "position_source": 0
      }
    },
    {
      "type": "Feature",
      "geometry": {
        "type": "Point",
        "coordinates": [
          11.674,
          38.5194
        ]
      },
      "properties": {
        "icao24": "4cac8c",
        "callsign": "NOS39RT",
        "origin_country": "Ireland",
        "time_position": 1786962054,
        "last_contact": 1786962054,
        "baro_altitude": 11574.78,
        "on_ground": false,
        "velocity": 236.26,
        "true_track": 1.87,
        "vertical_rate": 0,
        "geo_altitude": 12192,
        "squawk": "6163",
        "spi": false,
        "position_source": 0
      }
    },
    {
      "type": "Feature",
      "geometry": {
        "type": "Point",
        "coordinates": [
          11.3829,
          37.2483
        ]
      },
      "properties": {
        "icao24": "4cac8d",
        "callsign": "NOS69SG",
        "origin_country": "Ireland",
        "time_position": 1786962054,
        "last_contact": 1786962054,
        "baro_altitude": 10972.8,
        "on_ground": false,
        "velocity": 232.4,
        "true_track": 356.7,
        "vertical_rate": 0.33,
        "geo_altitude": 11574.78,
        "squawk": "6132",
        "spi": false,
        "position_source": 0
      }
    },
    {
      "type": "Feature",
      "geometry": {
        "type": "Point",
        "coordinates": [
          8.7736,
          44.1903
        ]
      },
      "properties": {
        "icao24": "4d20e7",
        "callsign": "VJT474",
        "origin_country": "Malta",
        "time_position": 1786962054,
        "last_contact": 1786962055,
        "baro_altitude": 8839.2,
        "on_ground": false,
        "velocity": 224.98,
        "true_track": 188.95,
        "vertical_rate": 0,
        "geo_altitude": 9304.02,
        "squawk": "3160",
        "spi": false,
        "position_source": 0
      }
    },
    {
      "type": "Feature",
      "geometry": {
        "type": "Point",
        "coordinates": [
          10.3938,
          41.0712
        ]
      },
      "properties": {
        "icao24": "4d20e9",
        "callsign": "VJT480",
        "origin_country": "Malta",
        "time_position": 1786962054,
        "last_contact": 1786962054,
        "baro_altitude": 4015.74,
        "on_ground": false,
        "velocity": 175.63,
        "true_track": 231.18,
        "vertical_rate": -5.2,
        "geo_altitude": 4274.82,
        "squawk": "7346",
        "spi": false,
        "position_source": 0
      }
    },
    {
      "type": "Feature",
      "geometry": {
        "type": "Point",
        "coordinates": [
          11.9466,
          46.3018
        ]
      },
      "properties": {
        "icao24": "4d20dd",
        "callsign": "AXY698V",
        "origin_country": "Malta",
        "time_position": 1786962055,
        "last_contact": 1786962055,
        "baro_altitude": 12192,
        "on_ground": false,
        "velocity": 210.96,
        "true_track": 292.81,
        "vertical_rate": 0,
        "geo_altitude": 12633.96,
        "squawk": "5364",
        "spi": false,
        "position_source": 0
      }
    },
    {
      "type": "Feature",
      "geometry": {
        "type": "Point",
        "coordinates": [
          12.5011,
          36.4057
        ]
      },
      "properties": {
        "icao24": "4d20c0",
        "callsign": "WMT372",
        "origin_country": "Malta",
        "time_position": 1786962054,
        "last_contact": 1786962054,
        "baro_altitude": 4884.42,
        "on_ground": false,
        "velocity": 213.04,
        "true_track": 181.38,
        "vertical_rate": -5.2,
        "geo_altitude": 5219.7,
        "squawk": "1210",
        "spi": false,
        "position_source": 0
      }
    },
    {
      "type": "Feature",
      "geometry": {
        "type": "Point",
        "coordinates": [
          7.377,
          46.1732
        ]
      },
      "properties": {
        "icao24": "4cac63",
        "callsign": "ABR291",
        "origin_country": "Ireland",
        "time_position": 1786962055,
        "last_contact": 1786962055,
        "baro_altitude": 11582.4,
        "on_ground": false,
        "velocity": 209.68,
        "true_track": 5.07,
        "vertical_rate": 0.33,
        "geo_altitude": 12062.46,
        "squawk": "1000",
        "spi": false,
        "position_source": 0
      }
    },
    {
      "type": "Feature",
      "geometry": {
        "type": "Point",
        "coordinates": [
          15.4435,
          46.9943
        ]
      },
      "properties": {
        "icao24": "4d20b6",
        "callsign": "VCJ1MA",
        "origin_country": "Malta",
        "time_position": 1786962020,
        "last_contact": 1786962045,
        "baro_altitude": null,
        "on_ground": true,
        "velocity": null,
        "true_track": 348.75,
        "vertical_rate": null,
        "geo_altitude": null,
        "squawk": null,
        "spi": false,
        "position_source": 0
      }
    },
    {
      "type": "Feature",
      "geometry": {
        "type": "Point",
        "coordinates": [
          6.8586,
          44.632
        ]
      },
      "properties": {
        "icao24": "4d20d1",
        "callsign": "VJT401",
        "origin_country": "Malta",
        "time_position": 1786962054,
        "last_contact": 1786962055,
        "baro_altitude": 9037.32,
        "on_ground": false,
        "velocity": 207.12,
        "true_track": 344,
        "vertical_rate": -4.88,
        "geo_altitude": 9494.52,
        "squawk": "1000",
        "spi": false,
        "position_source": 0
      }
    },
    {
      "type": "Feature",
      "geometry": {
        "type": "Point",
        "coordinates": [
          13.127,
          45.509
        ]
      },
      "properties": {
        "icao24": "4d20bc",
        "callsign": "WMT136",
        "origin_country": "Malta",
        "time_position": 1786962055,
        "last_contact": 1786962055,
        "baro_altitude": 5029.2,
        "on_ground": false,
        "velocity": 181.32,
        "true_track": 87.07,
        "vertical_rate": 10.73,
        "geo_altitude": 5273.04,
        "squawk": "1000",
        "spi": false,
        "position_source": 0
      }
    },
    {
      "type": "Feature",
      "geometry": {
        "type": "Point",
        "coordinates": [
          17.9677,
          40.891
        ]
      },
      "properties": {
        "icao24": "40838a",
        "callsign": "EZY43KP",
        "origin_country": "United Kingdom",
        "time_position": 1786962018,
        "last_contact": 1786962018,
        "baro_altitude": 10972.8,
        "on_ground": false,
        "velocity": 231.01,
        "true_track": 332.69,
        "vertical_rate": 0,
        "geo_altitude": 11498.58,
        "squawk": null,
        "spi": false,
        "position_source": 0
      }
    },
    {
      "type": "Feature",
      "geometry": {
        "type": "Point",
        "coordinates": [
          12.9372,
          37.583
        ]
      },
      "properties": {
        "icao24": "408387",
        "callsign": "EZY52RV",
        "origin_country": "United Kingdom",
        "time_position": 1786962055,
        "last_contact": 1786962055,
        "baro_altitude": 10835.64,
        "on_ground": false,
        "velocity": 231.59,
        "true_track": 343.22,
        "vertical_rate": 4.88,
        "geo_altitude": 11422.38,
        "squawk": "3773",
        "spi": false,
        "position_source": 0
      }
    },
    {
      "type": "Feature",
      "geometry": {
        "type": "Point",
        "coordinates": [
          12.2565,
          41.8579
        ]
      },
      "properties": {
        "icao24": "4caaa7",
        "callsign": "ITY1314",
        "origin_country": "Ireland",
        "time_position": 1786962034,
        "last_contact": 1786962034,
        "baro_altitude": 83.82,
        "on_ground": false,
        "velocity": 66.08,
        "true_track": 163.26,
        "vertical_rate": -3.9,
        "geo_altitude": 175.26,
        "squawk": "1000",
        "spi": false,
        "position_source": 0
      }
    },
    {
      "type": "Feature",
      "geometry": {
        "type": "Point",
        "coordinates": [
          11.8987,
          41.7112
        ]
      },
      "properties": {
        "icao24": "4caaa8",
        "callsign": "ITY863",
        "origin_country": "Ireland",
        "time_position": 1786962055,
        "last_contact": 1786962055,
        "baro_altitude": 4389.12,
        "on_ground": false,
        "velocity": 168.08,
        "true_track": 58.65,
        "vertical_rate": -8.45,
        "geo_altitude": 4663.44,
        "squawk": "6171",
        "spi": false,
        "position_source": 0
      }
    },
    {
      "type": "Feature",
      "geometry": {
        "type": "Point",
        "coordinates": [
          8.7467,
          41.864
        ]
      },
      "properties": {
        "icao24": "4d210e",
        "callsign": "VJT634",
        "origin_country": "Malta",
        "time_position": 1786961981,
        "last_contact": 1786961981,
        "baro_altitude": 419.1,
        "on_ground": false,
        "velocity": 78.8,
        "true_track": 58.07,
        "vertical_rate": -5.53,
        "geo_altitude": 495.3,
        "squawk": "1000",
        "spi": false,
        "position_source": 0
      }
    },
    {
      "type": "Feature",
      "geometry": {
        "type": "Point",
        "coordinates": [
          16.9923,
          42.2867
        ]
      },
      "properties": {
        "icao24": "710102",
        "callsign": "SVA918",
        "origin_country": "Saudi Arabia",
        "time_position": 1786962006,
        "last_contact": 1786962006,
        "baro_altitude": 10668,
        "on_ground": false,
        "velocity": 247.18,
        "true_track": 151.94,
        "vertical_rate": 0,
        "geo_altitude": 11170.92,
        "squawk": "5563",
        "spi": false,
        "position_source": 0
      }
    },
    {
      "type": "Feature",
      "geometry": {
        "type": "Point",
        "coordinates": [
          7.1736,
          43.6443
        ]
      },
      "properties": {
        "icao24": "71144e",
        "callsign": "RXI402",
        "origin_country": "Saudi Arabia",
        "time_position": 1786962055,
        "last_contact": 1786962055,
        "baro_altitude": 10668,
        "on_ground": false,
        "velocity": 269.29,
        "true_track": 120.29,
        "vertical_rate": -0.33,
        "geo_altitude": 11186.16,
        "squawk": "7574",
        "spi": false,
        "position_source": 0
      }
    },
    {
      "type": "Feature",
      "geometry": {
        "type": "Point",
        "coordinates": [
          12.7887,
          39.7096
        ]
      },
      "properties": {
        "icao24": "710121",
        "callsign": "SVA037",
        "origin_country": "Saudi Arabia",
        "time_position": 1786962055,
        "last_contact": 1786962055,
        "baro_altitude": 10363.2,
        "on_ground": false,
        "velocity": 230.21,
        "true_track": 289.04,
        "vertical_rate": 0,
        "geo_altitude": 10888.98,
        "squawk": "2056",
        "spi": false,
        "position_source": 0
      }
    },
    {
      "type": "Feature",
      "geometry": {
        "type": "Point",
        "coordinates": [
          8.5974,
          42.1782
        ]
      },
      "properties": {
        "icao24": "4d2152",
        "callsign": "FJO71P",
        "origin_country": "Malta",
        "time_position": 1786962055,
        "last_contact": 1786962055,
        "baro_altitude": 7627.62,
        "on_ground": false,
        "velocity": 234.17,
        "true_track": 169.11,
        "vertical_rate": -10.73,
        "geo_altitude": 8069.58,
        "squawk": "0137",
        "spi": false,
        "position_source": 0
      }
    },
    {
      "type": "Feature",
      "geometry": {
        "type": "Point",
        "coordinates": [
          6.1566,
          46.0158
        ]
      },
      "properties": {
        "icao24": "4d215a",
        "callsign": "VCJ7L",
        "origin_country": "Malta",
        "time_position": 1786962054,
        "last_contact": 1786962054,
        "baro_altitude": 4511.04,
        "on_ground": false,
        "velocity": 187.36,
        "true_track": 143.04,
        "vertical_rate": 12.03,
        "geo_altitude": 4762.5,
        "squawk": "5760",
        "spi": false,
        "position_source": 0
      }
    },
    {
      "type": "Feature",
      "geometry": {
        "type": "Point",
        "coordinates": [
          7.266,
          45.0596
        ]
      },
      "properties": {
        "icao24": "39d2af",
        "callsign": "AFR934",
        "origin_country": "France",
        "time_position": 1786962055,
        "last_contact": 1786962055,
        "baro_altitude": 10668,
        "on_ground": false,
        "velocity": 271.39,
        "true_track": 135.77,
        "vertical_rate": 0.33,
        "geo_altitude": 11125.2,
        "squawk": "7673",
        "spi": false,
        "position_source": 0
      }
    },
    {
      "type": "Feature",
      "geometry": {
        "type": "Point",
        "coordinates": [
          8.609,
          46.9848
        ]
      },
      "properties": {
        "icao24": "4b18b8",
        "callsign": "EDW41BX",
        "origin_country": "Switzerland",
        "time_position": 1786962054,
        "last_contact": 1786962055,
        "baro_altitude": 5951.22,
        "on_ground": false,
        "velocity": 199.91,
        "true_track": 325.7,
        "vertical_rate": -10.73,
        "geo_altitude": 6263.64,
        "squawk": "1000",
        "spi": false,
        "position_source": 0
      }
    },
    {
      "type": "Feature",
      "geometry": {
        "type": "Point",
        "coordinates": [
          8.4412,
          45.9705
        ]
      },
      "properties": {
        "icao24": "300248",
        "callsign": "CAN21",
        "origin_country": "Italy",
        "time_position": 1786962017,
        "last_contact": 1786962039,
        "baro_altitude": 1104.9,
        "on_ground": false,
        "velocity": 75.71,
        "true_track": 297.96,
        "vertical_rate": 3.58,
        "geo_altitude": 1196.34,
        "squawk": "4577",
        "spi": false,
        "position_source": 0
      }
    },
    {
      "type": "Feature",
      "geometry": {
        "type": "Point",
        "coordinates": [
          13.5698,
          41.0758
        ]
      },
      "properties": {
        "icao24": "300245",
        "callsign": "CAN16",
        "origin_country": "Italy",
        "time_position": 1786962055,
        "last_contact": 1786962055,
        "baro_altitude": 1531.62,
        "on_ground": false,
        "velocity": 93.74,
        "true_track": 130.77,
        "vertical_rate": -1.63,
        "geo_altitude": 1706.88,
        "squawk": null,
        "spi": false,
        "position_source": 0
      }
    },
    {
      "type": "Feature",
      "geometry": {
        "type": "Point",
        "coordinates": [
          10.2178,
          46.7562
        ]
      },
      "properties": {
        "icao24": "3c6917",
        "callsign": "CFG5AJ",
        "origin_country": "Germany",
        "time_position": 1786962055,
        "last_contact": 1786962055,
        "baro_altitude": 10972.8,
        "on_ground": false,
        "velocity": 219.86,
        "true_track": 329.17,
        "vertical_rate": 0,
        "geo_altitude": 11399.52,
        "squawk": "1000",
        "spi": false,
        "position_source": 0
      }
    },
    {
      "type": "Feature",
      "geometry": {
        "type": "Point",
        "coordinates": [
          8.7629,
          39.9801
        ]
      },
      "properties": {
        "icao24": "4d207a",
        "callsign": "AEZ2302",
        "origin_country": "Malta",
        "time_position": 1786962054,
        "last_contact": 1786962055,
        "baro_altitude": 5158.74,
        "on_ground": false,
        "velocity": 123.58,
        "true_track": 142.27,
        "vertical_rate": 3.58,
        "geo_altitude": 5478.78,
        "squawk": null,
        "spi": false,
        "position_source": 0
      }
    },
    {
      "type": "Feature",
      "geometry": {
        "type": "Point",
        "coordinates": [
          9.389,
          45.537
        ]
      },
      "properties": {
        "icao24": "4d207b",
        "callsign": "AEZ2911",
        "origin_country": "Malta",
        "time_position": 1786962055,
        "last_contact": 1786962055,
        "baro_altitude": 1836.42,
        "on_ground": false,
        "velocity": 100.61,
        "true_track": 102.4,
        "vertical_rate": 7.15,
        "geo_altitude": 1950.72,
        "squawk": "6362",
        "spi": false,
        "position_source": 0
      }
    },
    {
      "type": "Feature",
      "geometry": {
        "type": "Point",
        "coordinates": [
          14.3956,
          39.867
        ]
      },
      "properties": {
        "icao24": "4d207c",
        "callsign": "RYR9HD",
        "origin_country": "Malta",
        "time_position": 1786962054,
        "last_contact": 1786962055,
        "baro_altitude": 10972.8,
        "on_ground": false,
        "velocity": 233.01,
        "true_track": 356.33,
        "vertical_rate": -0.33,
        "geo_altitude": 11498.58,
        "squawk": "5134",
        "spi": false,
        "position_source": 0
      }
    },
    {
      "type": "Feature",
      "geometry": {
        "type": "Point",
        "coordinates": [
          9.4832,
          44.7257
        ]
      },
      "properties": {
        "icao24": "30023f",
        "callsign": "CAN10",
        "origin_country": "Italy",
        "time_position": 1786962054,
        "last_contact": 1786962055,
        "baro_altitude": 1973.58,
        "on_ground": false,
        "velocity": 79.78,
        "true_track": 237.64,
        "vertical_rate": 0,
        "geo_altitude": 2125.98,
        "squawk": "4577",
        "spi": false,
        "position_source": 0
      }
    },
    {
      "type": "Feature",
      "geometry": {
        "type": "Point",
        "coordinates": [
          11.2052,
          46.4406
        ]
      },
      "properties": {
        "icao24": "4d2087",
        "callsign": "EWG2C",
        "origin_country": "Malta",
        "time_position": 1786962054,
        "last_contact": 1786962055,
        "baro_altitude": 11201.4,
        "on_ground": false,
        "velocity": 211,
        "true_track": 224.21,
        "vertical_rate": 4.88,
        "geo_altitude": 11650.98,
        "squawk": "1000",
        "spi": false,
        "position_source": 0
      }
    },
    {
      "type": "Feature",
      "geometry": {
        "type": "Point",
        "coordinates": [
          10.8165,
          42.6098
        ]
      },
      "properties": {
        "icao24": "4d204b",
        "callsign": "WMT8292",
        "origin_country": "Malta",
        "time_position": 1786962054,
        "last_contact": 1786962055,
        "baro_altitude": 6156.96,
        "on_ground": false,
        "velocity": 183.55,
        "true_track": 109.65,
        "vertical_rate": -7.8,
        "geo_altitude": 6499.86,
        "squawk": "1000",
        "spi": false,
        "position_source": 0
      }
    },
    {
      "type": "Feature",
      "geometry": {
        "type": "Point",
        "coordinates": [
          14.8158,
          37.5057
        ]
      },
      "properties": {
        "icao24": "4d204a",
        "callsign": "WZZ2DU",
        "origin_country": "Malta",
        "time_position": 1786962055,
        "last_contact": 1786962055,
        "baro_altitude": 9829.8,
        "on_ground": false,
        "velocity": 225.24,
        "true_track": 10.13,
        "vertical_rate": 6.5,
        "geo_altitude": 10370.82,
        "squawk": "6566",
        "spi": false,
        "position_source": 0
      }
    },
    {
      "type": "Feature",
      "geometry": {
        "type": "Point",
        "coordinates": [
          12.1813,
          41.7693
        ]
      },
      "properties": {
        "icao24": "4d2068",
        "callsign": "WMT3WF",
        "origin_country": "Malta",
        "time_position": 1786962054,
        "last_contact": 1786962054,
        "baro_altitude": 708.66,
        "on_ground": false,
        "velocity": 115.4,
        "true_track": 219.94,
        "vertical_rate": 0.98,
        "geo_altitude": 800.1,
        "squawk": null,
        "spi": false,
        "position_source": 0
      }
    },
    {
      "type": "Feature",
      "geometry": {
        "type": "Point",
        "coordinates": [
          14.7314,
          44.5041
        ]
      },
      "properties": {
        "icao24": "4b18bb",
        "callsign": "EDW349E",
        "origin_country": "Switzerland",
        "time_position": 1786962053,
        "last_contact": 1786962054,
        "baro_altitude": 11582.4,
        "on_ground": false,
        "velocity": 224.94,
        "true_track": 302.2,
        "vertical_rate": -0.33,
        "geo_altitude": 12085.32,
        "squawk": "7741",
        "spi": false,
        "position_source": 0
      }
    },
    {
      "type": "Feature",
      "geometry": {
        "type": "Point",
        "coordinates": [
          9.6088,
          47.2851
        ]
      },
      "properties": {
        "icao24": "4b18f2",
        "callsign": "EDW330Z",
        "origin_country": "Switzerland",
        "time_position": 1786962055,
        "last_contact": 1786962055,
        "baro_altitude": 6774.18,
        "on_ground": false,
        "velocity": 203.17,
        "true_track": 130.79,
        "vertical_rate": 4.23,
        "geo_altitude": 7094.22,
        "squawk": "3061",
        "spi": false,
        "position_source": 0
      }
    },
    {
      "type": "Feature",
      "geometry": {
        "type": "Point",
        "coordinates": [
          8.3136,
          47.4298
        ]
      },
      "properties": {
        "icao24": "4b18f4",
        "callsign": "EDW403Y",
        "origin_country": "Switzerland",
        "time_position": 1786962054,
        "last_contact": 1786962054,
        "baro_altitude": 3169.92,
        "on_ground": false,
        "velocity": 142.18,
        "true_track": 333.34,
        "vertical_rate": -8.13,
        "geo_altitude": 3375.66,
        "squawk": "1000",
        "spi": false,
        "position_source": 0
      }
    },
    {
      "type": "Feature",
      "geometry": {
        "type": "Point",
        "coordinates": [
          8.2908,
          40.6281
        ]
      },
      "properties": {
        "icao24": "4d208f",
        "callsign": "WMT2ZX",
        "origin_country": "Malta",
        "time_position": 1786961963,
        "last_contact": 1786961963,
        "baro_altitude": null,
        "on_ground": true,
        "velocity": 6.43,
        "true_track": 25.31,
        "vertical_rate": null,
        "geo_altitude": null,
        "squawk": "1000",
        "spi": false,
        "position_source": 0
      }
    },
    {
      "type": "Feature",
      "geometry": {
        "type": "Point",
        "coordinates": [
          6.5204,
          43.025
        ]
      },
      "properties": {
        "icao24": "4d208e",
        "callsign": "WMT9SX",
        "origin_country": "Malta",
        "time_position": 1786962054,
        "last_contact": 1786962054,
        "baro_altitude": 9144,
        "on_ground": false,
        "velocity": 224.38,
        "true_track": 47.97,
        "vertical_rate": -0.33,
        "geo_altitude": 9639.3,
        "squawk": "1446",
        "spi": false,
        "position_source": 0
      }
    },
    {
      "type": "Feature",
      "geometry": {
        "type": "Point",
        "coordinates": [
          9.1776,
          42.9451
        ]
      },
      "properties": {
        "icao24": "4d2092",
        "callsign": "WMT5959",
        "origin_country": "Malta",
        "time_position": 1786962054,
        "last_contact": 1786962055,
        "baro_altitude": 10363.2,
        "on_ground": false,
        "velocity": 221.56,
        "true_track": 314.15,
        "vertical_rate": 0,
        "geo_altitude": 10888.98,
        "squawk": "1000",
        "spi": false,
        "position_source": 0
      }
    },
    {
      "type": "Feature",
      "geometry": {
        "type": "Point",
        "coordinates": [
          14.3919,
          37.3982
        ]
      },
      "properties": {
        "icao24": "45e863",
        "callsign": "OYZCC",
        "origin_country": "Denmark",
        "time_position": 1786962055,
        "last_contact": 1786962055,
        "baro_altitude": 2125.98,
        "on_ground": false,
        "velocity": 65.63,
        "true_track": 123.81,
        "vertical_rate": 0.65,
        "geo_altitude": 2301.24,
        "squawk": "2104",
        "spi": false,
        "position_source": 0
      }
    },
    {
      "type": "Feature",
      "geometry": {
        "type": "Point",
        "coordinates": [
          13.7731,
          46.4194
        ]
      },
      "properties": {
        "icao24": "4caa5a",
        "callsign": "RYR42MY",
        "origin_country": "Ireland",
        "time_position": 1786962054,
        "last_contact": 1786962054,
        "baro_altitude": 10972.8,
        "on_ground": false,
        "velocity": 235.9,
        "true_track": 352.86,
        "vertical_rate": 0,
        "geo_altitude": 11414.76,
        "squawk": "1270",
        "spi": false,
        "position_source": 0
      }
    },
    {
      "type": "Feature",
      "geometry": {
        "type": "Point",
        "coordinates": [
          14.0911,
          44.8411
        ]
      },
      "properties": {
        "icao24": "4b193e",
        "callsign": "CSW612",
        "origin_country": "Switzerland",
        "time_position": 1786962054,
        "last_contact": 1786962054,
        "baro_altitude": 11277.6,
        "on_ground": false,
        "velocity": 239.62,
        "true_track": 122.46,
        "vertical_rate": -1.3,
        "geo_altitude": 11757.66,
        "squawk": "0226",
        "spi": false,
        "position_source": 0
      }
    },
    {
      "type": "Feature",
      "geometry": {
        "type": "Point",
        "coordinates": [
          18.3845,
          42.4039
        ]
      },
      "properties": {
        "icao24": "4b193f",
        "callsign": "CSW780",
        "origin_country": "Switzerland",
        "time_position": 1786962049,
        "last_contact": 1786962049,
        "baro_altitude": 10363.2,
        "on_ground": false,
        "velocity": 242.41,
        "true_track": 307.06,
        "vertical_rate": 0,
        "geo_altitude": 10866.12,
        "squawk": null,
        "spi": false,
        "position_source": 0
      }
    },
    {
      "type": "Feature",
      "geometry": {
        "type": "Point",
        "coordinates": [
          7.4217,
          47.0257
        ]
      },
      "properties": {
        "icao24": "4b1942",
        "callsign": "CSW1EP",
        "origin_country": "Switzerland",
        "time_position": 1786962054,
        "last_contact": 1786962055,
        "baro_altitude": 7414.26,
        "on_ground": false,
        "velocity": 184.87,
        "true_track": 231.44,
        "vertical_rate": 15.61,
        "geo_altitude": 7772.4,
        "squawk": "1000",
        "spi": false,
        "position_source": 0
      }
    },
    {
      "type": "Feature",
      "geometry": {
        "type": "Point",
        "coordinates": [
          17.1149,
          42.0632
        ]
      },
      "properties": {
        "icao24": "40717d",
        "callsign": "EXS674E",
        "origin_country": "United Kingdom",
        "time_position": 1786962046,
        "last_contact": 1786962053,
        "baro_altitude": 10972.8,
        "on_ground": false,
        "velocity": 230.83,
        "true_track": 321.06,
        "vertical_rate": -0.33,
        "geo_altitude": 11483.34,
        "squawk": null,
        "spi": false,
        "position_source": 0
      }
    },
    {
      "type": "Feature",
      "geometry": {
        "type": "Point",
        "coordinates": [
          8.7264,
          44.0097
        ]
      },
      "properties": {
        "icao24": "40717b",
        "callsign": "EXS79D",
        "origin_country": "United Kingdom",
        "time_position": 1786962055,
        "last_contact": 1786962055,
        "baro_altitude": 11216.64,
        "on_ground": false,
        "velocity": 233.1,
        "true_track": 132.14,
        "vertical_rate": -2.6,
        "geo_altitude": 11719.56,
        "squawk": "0543",
        "spi": false,
        "position_source": 0
      }
    },
    {
      "type": "Feature",
      "geometry": {
        "type": "Point",
        "coordinates": [
          8.5594,
          47.4516
        ]
      },
      "properties": {
        "icao24": "4b194b",
        "callsign": "SWR4CX",
        "origin_country": "Switzerland",
        "time_position": 1786962052,
        "last_contact": 1786962053,
        "baro_altitude": null,
        "on_ground": true,
        "velocity": 0,
        "true_track": 185.62,
        "vertical_rate": null,
        "geo_altitude": null,
        "squawk": "1000",
        "spi": false,
        "position_source": 0
      }
    },
    {
      "type": "Feature",
      "geometry": {
        "type": "Point",
        "coordinates": [
          18.6263,
          42.7143
        ]
      },
      "properties": {
        "icao24": "7100be",
        "callsign": "SVA213",
        "origin_country": "Saudi Arabia",
        "time_position": 1786962045,
        "last_contact": 1786962047,
        "baro_altitude": 12192,
        "on_ground": false,
        "velocity": 230.86,
        "true_track": 304.01,
        "vertical_rate": 0,
        "geo_altitude": 12717.78,
        "squawk": "5567",
        "spi": false,
        "position_source": 0
      }
    },
    {
      "type": "Feature",
      "geometry": {
        "type": "Point",
        "coordinates": [
          12.0389,
          45.6721
        ]
      },
      "properties": {
        "icao24": "451e8c",
        "callsign": "GPX1814",
        "origin_country": "Bulgaria",
        "time_position": 1786962055,
        "last_contact": 1786962055,
        "baro_altitude": 11574.78,
        "on_ground": false,
        "velocity": 211.13,
        "true_track": 300.94,
        "vertical_rate": 0,
        "geo_altitude": 12024.36,
        "squawk": "6524",
        "spi": false,
        "position_source": 0
      }
    },
    {
      "type": "Feature",
      "geometry": {
        "type": "Point",
        "coordinates": [
          6.653,
          41.4643
        ]
      },
      "properties": {
        "icao24": "3c66e5",
        "callsign": "OCN3AV",
        "origin_country": "Germany",
        "time_position": 1786962055,
        "last_contact": 1786962055,
        "baro_altitude": 10972.8,
        "on_ground": false,
        "velocity": 234.92,
        "true_track": 40.74,
        "vertical_rate": 0,
        "geo_altitude": 11544.3,
        "squawk": "1000",
        "spi": false,
        "position_source": 0
      }
    },
    {
      "type": "Feature",
      "geometry": {
        "type": "Point",
        "coordinates": [
          6.1988,
          40.2539
        ]
      },
      "properties": {
        "icao24": "4692d7",
        "callsign": "AEE705",
        "origin_country": "Greece",
        "time_position": 1786962055,
        "last_contact": 1786962055,
        "baro_altitude": 10965.18,
        "on_ground": false,
        "velocity": 241.56,
        "true_track": 75.7,
        "vertical_rate": 0,
        "geo_altitude": 11536.68,
        "squawk": "1425",
        "spi": false,
        "position_source": 0
      }
    },
    {
      "type": "Feature",
      "geometry": {
        "type": "Point",
        "coordinates": [
          13.0437,
          38.026
        ]
      },
      "properties": {
        "icao24": "4d2035",
        "callsign": "KMM479",
        "origin_country": "Malta",
        "time_position": 1786962054,
        "last_contact": 1786962055,
        "baro_altitude": 11269.98,
        "on_ground": false,
        "velocity": 250.9,
        "true_track": 151.6,
        "vertical_rate": 0,
        "geo_altitude": 11879.58,
        "squawk": "3745",
        "spi": false,
        "position_source": 0
      }
    },
    {
      "type": "Feature",
      "geometry": {
        "type": "Point",
        "coordinates": [
          10.0678,
          40.9302
        ]
      },
      "properties": {
        "icao24": "4d201e",
        "callsign": "WMT1400",
        "origin_country": "Malta",
        "time_position": 1786962055,
        "last_contact": 1786962055,
        "baro_altitude": 9936.48,
        "on_ground": false,
        "velocity": 229.28,
        "true_track": 252.91,
        "vertical_rate": 3.25,
        "geo_altitude": 10469.88,
        "squawk": null,
        "spi": false,
        "position_source": 0
      }
    },
    {
      "type": "Feature",
      "geometry": {
        "type": "Point",
        "coordinates": [
          9.3012,
          47.3479
        ]
      },
      "properties": {
        "icao24": "451e8b",
        "callsign": "GPX7113",
        "origin_country": "Bulgaria",
        "time_position": 1786962055,
        "last_contact": 1786962055,
        "baro_altitude": 7620,
        "on_ground": false,
        "velocity": 204.84,
        "true_track": 335.04,
        "vertical_rate": 0.33,
        "geo_altitude": 7962.9,
        "squawk": "1000",
        "spi": false,
        "position_source": 0
      }
    },
    {
      "type": "Feature",
      "geometry": {
        "type": "Point",
        "coordinates": [
          7.6139,
          46.4887
        ]
      },
      "properties": {
        "icao24": "3c66a5",
        "callsign": "DLH2259",
        "origin_country": "Germany",
        "time_position": 1786962055,
        "last_contact": 1786962055,
        "baro_altitude": 10363.2,
        "on_ground": false,
        "velocity": 244.43,
        "true_track": 74.12,
        "vertical_rate": 0,
        "geo_altitude": 10828.02,
        "squawk": "1000",
        "spi": false,
        "position_source": 0
      }
    },
    {
      "type": "Feature",
      "geometry": {
        "type": "Point",
        "coordinates": [
          9.8596,
          41.4995
        ]
      },
      "properties": {
        "icao24": "4d201a",
        "callsign": "AEZ41ST",
        "origin_country": "Malta",
        "time_position": 1786960125,
        "last_contact": 1786962055,
        "baro_altitude": 3314.7,
        "on_ground": false,
        "velocity": 221.76,
        "true_track": 1.06,
        "vertical_rate": 0.33,
        "geo_altitude": 10888.98,
        "squawk": "5136",
        "spi": false,
        "position_source": 0
      }
    },
    {
      "type": "Feature",
      "geometry": {
        "type": "Point",
        "coordinates": [
          8.5633,
          47.4417
        ]
      },
      "properties": {
        "icao24": "4b17de",
        "callsign": "SWR248Z",
        "origin_country": "Switzerland",
        "time_position": 1786962050,
        "last_contact": 1786962050,
        "baro_altitude": null,
        "on_ground": true,
        "velocity": 0,
        "true_track": 64.69,
        "vertical_rate": null,
        "geo_altitude": null,
        "squawk": "1000",
        "spi": false,
        "position_source": 0
      }
    },
    {
      "type": "Feature",
      "geometry": {
        "type": "Point",
        "coordinates": [
          8.5606,
          47.454
        ]
      },
      "properties": {
        "icao24": "4b17e3",
        "callsign": "SWR5DL",
        "origin_country": "Switzerland",
        "time_position": 1786962051,
        "last_contact": 1786962053,
        "baro_altitude": null,
        "on_ground": true,
        "velocity": 0,
        "true_track": 188.44,
        "vertical_rate": null,
        "geo_altitude": null,
        "squawk": null,
        "spi": false,
        "position_source": 0
      }
    },
    {
      "type": "Feature",
      "geometry": {
        "type": "Point",
        "coordinates": [
          11.5554,
          47.2704
        ]
      },
      "properties": {
        "icao24": "3dd821",
        "callsign": "DHCCF",
        "origin_country": "Germany",
        "time_position": 1786962054,
        "last_contact": 1786962055,
        "baro_altitude": 1112.52,
        "on_ground": false,
        "velocity": 72.55,
        "true_track": 60.71,
        "vertical_rate": -1.63,
        "geo_altitude": 1196.34,
        "squawk": null,
        "spi": false,
        "position_source": 0
      }
    },
    {
      "type": "Feature",
      "geometry": {
        "type": "Point",
        "coordinates": [
          8.56,
          47.4541
        ]
      },
      "properties": {
        "icao24": "4b17fb",
        "callsign": "SWR8WA",
        "origin_country": "Switzerland",
        "time_position": 1786962007,
        "last_contact": 1786962038,
        "baro_altitude": 396.24,
        "on_ground": true,
        "velocity": 0,
        "true_track": 185.62,
        "vertical_rate": null,
        "geo_altitude": null,
        "squawk": "1000",
        "spi": false,
        "position_source": 0
      }
    },
    {
      "type": "Feature",
      "geometry": {
        "type": "Point",
        "coordinates": [
          8.5636,
          47.4414
        ]
      },
      "properties": {
        "icao24": "4b17fe",
        "callsign": "SWR2LB",
        "origin_country": "Switzerland",
        "time_position": 1786962046,
        "last_contact": 1786962051,
        "baro_altitude": 388.62,
        "on_ground": true,
        "velocity": 0,
        "true_track": 64.69,
        "vertical_rate": null,
        "geo_altitude": null,
        "squawk": "2000",
        "spi": false,
        "position_source": 0
      }
    },
    {
      "type": "Feature",
      "geometry": {
        "type": "Point",
        "coordinates": [
          8.558,
          47.4542
        ]
      },
      "properties": {
        "icao24": "4b17fa",
        "callsign": "SWR8YE",
        "origin_country": "Switzerland",
        "time_position": 1786962054,
        "last_contact": 1786962054,
        "baro_altitude": null,
        "on_ground": true,
        "velocity": 0,
        "true_track": 185.62,
        "vertical_rate": null,
        "geo_altitude": null,
        "squawk": "2000",
        "spi": false,
        "position_source": 0
      }
    },
    {
      "type": "Feature",
      "geometry": {
        "type": "Point",
        "coordinates": [
          16.828,
          47.4745
        ]
      },
      "properties": {
        "icao24": "458664",
        "callsign": "CAT760",
        "origin_country": "Denmark",
        "time_position": 1786962054,
        "last_contact": 1786962055,
        "baro_altitude": 11582.4,
        "on_ground": false,
        "velocity": 218.92,
        "true_track": 331.51,
        "vertical_rate": 0,
        "geo_altitude": 12009.12,
        "squawk": "2034",
        "spi": false,
        "position_source": 0
      }
    }
  ]
}