{
  "type": "FeatureCollection",
  "source": "opensky",
  "dataset": "aircraft_italy",
  "generated_at": "2026-08-16T23:31:37.375616+00:00",
  "opensky_time": 1786923088,
  "count": 184,
  "features": [
    {
      "type": "Feature",
      "geometry": {
        "type": "Point",
        "coordinates": [
          14.7232,
          45.6086
        ]
      },
      "properties": {
        "icao24": "46b826",
        "callsign": "AEE609",
        "origin_country": "Greece",
        "time_position": 1786923088,
        "last_contact": 1786923088,
        "baro_altitude": 11277.6,
        "on_ground": false,
        "velocity": 248.14,
        "true_track": 136.18,
        "vertical_rate": 0,
        "geo_altitude": 11803.38,
        "squawk": "2276",
        "spi": false,
        "position_source": 0
      }
    },
    {
      "type": "Feature",
      "geometry": {
        "type": "Point",
        "coordinates": [
          13.2169,
          38.218
        ]
      },
      "properties": {
        "icao24": "440224",
        "callsign": "EJU896H",
        "origin_country": "Austria",
        "time_position": 1786923001,
        "last_contact": 1786923001,
        "baro_altitude": 480.06,
        "on_ground": false,
        "velocity": 83.7,
        "true_track": 247.22,
        "vertical_rate": -4.23,
        "geo_altitude": 571.5,
        "squawk": "1000",
        "spi": false,
        "position_source": 0
      }
    },
    {
      "type": "Feature",
      "geometry": {
        "type": "Point",
        "coordinates": [
          15.0968,
          45.614
        ]
      },
      "properties": {
        "icao24": "47b0e7",
        "callsign": "IGO74F",
        "origin_country": "Norway",
        "time_position": 1786923088,
        "last_contact": 1786923088,
        "baro_altitude": 10668,
        "on_ground": false,
        "velocity": 262.28,
        "true_track": 138.02,
        "vertical_rate": 0,
        "geo_altitude": 11170.92,
        "squawk": "5245",
        "spi": false,
        "position_source": 0
      }
    },
    {
      "type": "Feature",
      "geometry": {
        "type": "Point",
        "coordinates": [
          9.1501,
          44.2355
        ]
      },
      "properties": {
        "icao24": "4aca98",
        "callsign": "NSZ5GT",
        "origin_country": "Sweden",
        "time_position": 1786923088,
        "last_contact": 1786923088,
        "baro_altitude": 12192,
        "on_ground": false,
        "velocity": 229.2,
        "true_track": 194.16,
        "vertical_rate": 0,
        "geo_altitude": 12733.02,
        "squawk": "1000",
        "spi": false,
        "position_source": 0
      }
    },
    {
      "type": "Feature",
      "geometry": {
        "type": "Point",
        "coordinates": [
          15.0775,
          44.4452
        ]
      },
      "properties": {
        "icao24": "407b8b",
        "callsign": "WUK8YM",
        "origin_country": "United Kingdom",
        "time_position": 1786923088,
        "last_contact": 1786923088,
        "baro_altitude": 10980.42,
        "on_ground": false,
        "velocity": 223.88,
        "true_track": 304.42,
        "vertical_rate": 0.33,
        "geo_altitude": 11513.82,
        "squawk": "0502",
        "spi": false,
        "position_source": 0
      }
    },
    {
      "type": "Feature",
      "geometry": {
        "type": "Point",
        "coordinates": [
          8.7373,
          45.578
        ]
      },
      "properties": {
        "icao24": "440352",
        "callsign": "EJU3596",
        "origin_country": "Austria",
        "time_position": 1786923088,
        "last_contact": 1786923088,
        "baro_altitude": 411.48,
        "on_ground": false,
        "velocity": 71.83,
        "true_track": 348.85,
        "vertical_rate": -3.25,
        "geo_altitude": 502.92,
        "squawk": "5134",
        "spi": false,
        "position_source": 0
      }
    },
    {
      "type": "Feature",
      "geometry": {
        "type": "Point",
        "coordinates": [
          16.763,
          43.9667
        ]
      },
      "properties": {
        "icao24": "471fa5",
        "callsign": "WMT286",
        "origin_country": "Hungary",
        "time_position": 1786923088,
        "last_contact": 1786923088,
        "baro_altitude": 10660.38,
        "on_ground": false,
        "velocity": 237.28,
        "true_track": 138.6,
        "vertical_rate": 0,
        "geo_altitude": 11186.16,
        "squawk": "6031",
        "spi": false,
        "position_source": 0
      }
    },
    {
      "type": "Feature",
      "geometry": {
        "type": "Point",
        "coordinates": [
          17.5655,
          46.5563
        ]
      },
      "properties": {
        "icao24": "4bb4e3",
        "callsign": "MGH796",
        "origin_country": "Turkey",
        "time_position": 1786923088,
        "last_contact": 1786923088,
        "baro_altitude": 11285.22,
        "on_ground": false,
        "velocity": 247,
        "true_track": 122.93,
        "vertical_rate": 0,
        "geo_altitude": 11757.66,
        "squawk": "5431",
        "spi": false,
        "position_source": 0
      }
    },
    {
      "type": "Feature",
      "geometry": {
        "type": "Point",
        "coordinates": [
          18.6269,
          46.0707
        ]
      },
      "properties": {
        "icao24": "4bb4e7",
        "callsign": "MGH702",
        "origin_country": "Turkey",
        "time_position": 1786923088,
        "last_contact": 1786923088,
        "baro_altitude": 11887.2,
        "on_ground": false,
        "velocity": 263.4,
        "true_track": 123.29,
        "vertical_rate": 0,
        "geo_altitude": 12390.12,
        "squawk": "6434",
        "spi": false,
        "position_source": 0
      }
    },
    {
      "type": "Feature",
      "geometry": {
        "type": "Point",
        "coordinates": [
          12.767,
          41.6622
        ]
      },
      "properties": {
        "icao24": "8015a7",
        "callsign": "AIC191",
        "origin_country": "India",
        "time_position": 1786923088,
        "last_contact": 1786923088,
        "baro_altitude": 2956.56,
        "on_ground": false,
        "velocity": 143.02,
        "true_track": 316.6,
        "vertical_rate": -12.35,
        "geo_altitude": 3200.4,
        "squawk": "6021",
        "spi": false,
        "position_source": 0
      }
    },
    {
      "type": "Feature",
      "geometry": {
        "type": "Point",
        "coordinates": [
          15.9259,
          38.9866
        ]
      },
      "properties": {
        "icao24": "8015a8",
        "callsign": "AIC44K",
        "origin_country": "India",
        "time_position": 1786923088,
        "last_contact": 1786923088,
        "baro_altitude": 10675.62,
        "on_ground": false,
        "velocity": 260.15,
        "true_track": 128.82,
        "vertical_rate": 0.33,
        "geo_altitude": 11224.26,
        "squawk": "2222",
        "spi": false,
        "position_source": 0
      }
    },
    {
      "type": "Feature",
      "geometry": {
        "type": "Point",
        "coordinates": [
          8.8339,
          39.6273
        ]
      },
      "properties": {
        "icao24": "738068",
        "callsign": "ELY376",
        "origin_country": "Israel",
        "time_position": 1786923088,
        "last_contact": 1786923088,
        "baro_altitude": 10972.8,
        "on_ground": false,
        "velocity": 256.08,
        "true_track": 94.84,
        "vertical_rate": -0.33,
        "geo_altitude": 11559.54,
        "squawk": "1154",
        "spi": false,
        "position_source": 0
      }
    },
    {
      "type": "Feature",
      "geometry": {
        "type": "Point",
        "coordinates": [
          16.2347,
          39.1485
        ]
      },
      "properties": {
        "icao24": "738050",
        "callsign": "ELY392",
        "origin_country": "Israel",
        "time_position": 1786923087,
        "last_contact": 1786923088,
        "baro_altitude": 10668,
        "on_ground": false,
        "velocity": 245,
        "true_track": 105.47,
        "vertical_rate": 0,
        "geo_altitude": 11216.64,
        "squawk": "1413",
        "spi": false,
        "position_source": 0
      }
    },
    {
      "type": "Feature",
      "geometry": {
        "type": "Point",
        "coordinates": [
          9.0426,
          45.5496
        ]
      },
      "properties": {
        "icao24": "738054",
        "callsign": "ELY388",
        "origin_country": "Israel",
        "time_position": 1786923088,
        "last_contact": 1786923088,
        "baro_altitude": 3108.96,
        "on_ground": false,
        "velocity": 159.5,
        "true_track": 125.95,
        "vertical_rate": 11.38,
        "geo_altitude": 3307.08,
        "squawk": "0423",
        "spi": false,
        "position_source": 0
      }
    },
    {
      "type": "Feature",
      "geometry": {
        "type": "Point",
        "coordinates": [
          8.4257,
          43.0658
        ]
      },
      "properties": {
        "icao24": "738052",
        "callsign": "ELY224",
        "origin_country": "Israel",
        "time_position": 1786923088,
        "last_contact": 1786923088,
        "baro_altitude": 7315.2,
        "on_ground": false,
        "velocity": 223.09,
        "true_track": 122.19,
        "vertical_rate": 8.13,
        "geo_altitude": 7711.44,
        "squawk": "2355",
        "spi": false,
        "position_source": 0
      }
    },
    {
      "type": "Feature",
      "geometry": {
        "type": "Point",
        "coordinates": [
          12.2265,
          39.9374
        ]
      },
      "properties": {
        "icao24": "738056",
        "callsign": "ELY398",
        "origin_country": "Israel",
        "time_position": 1786923088,
        "last_contact": 1786923088,
        "baro_altitude": 10668,
        "on_ground": false,
        "velocity": 251.83,
        "true_track": 102.99,
        "vertical_rate": 0,
        "geo_altitude": 11216.64,
        "squawk": "1440",
        "spi": false,
        "position_source": 0
      }
    },
    {
      "type": "Feature",
      "geometry": {
        "type": "Point",
        "coordinates": [
          18.1379,
          45.7844
        ]
      },
      "properties": {
        "icao24": "440039",
        "callsign": "AUA1083",
        "origin_country": "Austria",
        "time_position": 1786923088,
        "last_contact": 1786923088,
        "baro_altitude": 9639.3,
        "on_ground": false,
        "velocity": 240.16,
        "true_track": 148.49,
        "vertical_rate": 2.93,
        "geo_altitude": 10119.36,
        "squawk": "7102",
        "spi": false,
        "position_source": 0
      }
    },
    {
      "type": "Feature",
      "geometry": {
        "type": "Point",
        "coordinates": [
          8.8587,
          45.676
        ]
      },
      "properties": {
        "icao24": "44001f",
        "callsign": "EJU756C",
        "origin_country": "Austria",
        "time_position": 1786923088,
        "last_contact": 1786923088,
        "baro_altitude": 2133.6,
        "on_ground": false,
        "velocity": 128.64,
        "true_track": 129.48,
        "vertical_rate": 12.03,
        "geo_altitude": 2286,
        "squawk": "7451",
        "spi": false,
        "position_source": 0
      }
    },
    {
      "type": "Feature",
      "geometry": {
        "type": "Point",
        "coordinates": [
          13.4686,
          45.9521
        ]
      },
      "properties": {
        "icao24": "471d6e",
        "callsign": "WZZ64LB",
        "origin_country": "Hungary",
        "time_position": 1786923088,
        "last_contact": 1786923088,
        "baro_altitude": 10363.2,
        "on_ground": false,
        "velocity": 242.16,
        "true_track": 60.33,
        "vertical_rate": 0.33,
        "geo_altitude": 10858.5,
        "squawk": "1000",
        "spi": false,
        "position_source": 0
      }
    },
    {
      "type": "Feature",
      "geometry": {
        "type": "Point",
        "coordinates": [
          15.6008,
          47.4905
        ]
      },
      "properties": {
        "icao24": "5001e3",
        "callsign": "MEA204",
        "origin_country": "San Marino",
        "time_position": 1786923088,
        "last_contact": 1786923088,
        "baro_altitude": 10668,
        "on_ground": false,
        "velocity": 261.45,
        "true_track": 109.18,
        "vertical_rate": 0,
        "geo_altitude": 11140.44,
        "squawk": "2254",
        "spi": false,
        "position_source": 0
      }
    },
    {
      "type": "Feature",
      "geometry": {
        "type": "Point",
        "coordinates": [
          14.6388,
          39.1137
        ]
      },
      "properties": {
        "icao24": "4a3122",
        "callsign": "AIZ264",
        "origin_country": "Romania",
        "time_position": 1786923088,
        "last_contact": 1786923088,
        "baro_altitude": 10668,
        "on_ground": false,
        "velocity": 251.81,
        "true_track": 98.58,
        "vertical_rate": 0,
        "geo_altitude": 11216.64,
        "squawk": "1427",
        "spi": false,
        "position_source": 0
      }
    },
    {
      "type": "Feature",
      "geometry": {
        "type": "Point",
        "coordinates": [
          16.6299,
          42.0967
        ]
      },
      "properties": {
        "icao24": "440191",
        "callsign": "EJU87YT",
        "origin_country": "Austria",
        "time_position": 1786923088,
        "last_contact": 1786923088,
        "baro_altitude": 11292.84,
        "on_ground": false,
        "velocity": 244.59,
        "true_track": 122.72,
        "vertical_rate": 0,
        "geo_altitude": 11856.72,
        "squawk": "0415",
        "spi": false,
        "position_source": 0
      }
    },
    {
      "type": "Feature",
      "geometry": {
        "type": "Point",
        "coordinates": [
          14.5434,
          37.8733
        ]
      },
      "properties": {
        "icao24": "4bb1c5",
        "callsign": "THY571",
        "origin_country": "Turkey",
        "time_position": 1786923088,
        "last_contact": 1786923088,
        "baro_altitude": 10972.8,
        "on_ground": false,
        "velocity": 228.18,
        "true_track": 246.9,
        "vertical_rate": 0,
        "geo_altitude": 11559.54,
        "squawk": "2344",
        "spi": false,
        "position_source": 0
      }
    },
    {
      "type": "Feature",
      "geometry": {
        "type": "Point",
        "coordinates": [
          12.8966,
          47.3882
        ]
      },
      "properties": {
        "icao24": "7380c1",
        "callsign": "ELY318",
        "origin_country": "Israel",
        "time_position": 1786923088,
        "last_contact": 1786923088,
        "baro_altitude": 11887.2,
        "on_ground": false,
        "velocity": 272.86,
        "true_track": 130.72,
        "vertical_rate": 0,
        "geo_altitude": 12367.26,
        "squawk": "5254",
        "spi": false,
        "position_source": 0
      }
    },
    {
      "type": "Feature",
      "geometry": {
        "type": "Point",
        "coordinates": [
          9.6607,
          39.8443
        ]
      },
      "properties": {
        "icao24": "4bb28f",
        "callsign": "THY5LY",
        "origin_country": "Turkey",
        "time_position": 1786923088,
        "last_contact": 1786923088,
        "baro_altitude": 10363.2,
        "on_ground": false,
        "velocity": 250.68,
        "true_track": 80.79,
        "vertical_rate": 0,
        "geo_altitude": 10934.7,
        "squawk": null,
        "spi": false,
        "position_source": 0
      }
    },
    {
      "type": "Feature",
      "geometry": {
        "type": "Point",
        "coordinates": [
          18.7451,
          42.425
        ]
      },
      "properties": {
        "icao24": "8005ef",
        "callsign": "AIC132",
        "origin_country": "India",
        "time_position": 1786923087,
        "last_contact": 1786923087,
        "baro_altitude": 11269.98,
        "on_ground": false,
        "velocity": 259.16,
        "true_track": 138.62,
        "vertical_rate": -0.33,
        "geo_altitude": 11803.38,
        "squawk": "2267",
        "spi": false,
        "position_source": 0
      }
    },
    {
      "type": "Feature",
      "geometry": {
        "type": "Point",
        "coordinates": [
          14.5055,
          36.2944
        ]
      },
      "properties": {
        "icao24": "896315",
        "callsign": "UAE194",
        "origin_country": "United Arab Emirates",
        "time_position": 1786923088,
        "last_contact": 1786923088,
        "baro_altitude": 10668,
        "on_ground": false,
        "velocity": 272.75,
        "true_track": 96.28,
        "vertical_rate": 0,
        "geo_altitude": 11277.6,
        "squawk": "5207",
        "spi": false,
        "position_source": 0
      }
    },
    {
      "type": "Feature",
      "geometry": {
        "type": "Point",
        "coordinates": [
          9.6252,
          45.5508
        ]
      },
      "properties": {
        "icao24": "4bb159",
        "callsign": "THY6437",
        "origin_country": "Turkey",
        "time_position": 1786923088,
        "last_contact": 1786923088,
        "baro_altitude": 6644.64,
        "on_ground": false,
        "velocity": 227.52,
        "true_track": 101.74,
        "vertical_rate": 13.98,
        "geo_altitude": 7002.78,
        "squawk": "0433",
        "spi": false,
        "position_source": 0
      }
    },
    {
      "type": "Feature",
      "geometry": {
        "type": "Point",
        "coordinates": [
          6.2009,
          45.2768
        ]
      },
      "properties": {
        "icao24": "4bb18f",
        "callsign": "THY41J",
        "origin_country": "Turkey",
        "time_position": 1786923088,
        "last_contact": 1786923088,
        "baro_altitude": 11887.2,
        "on_ground": false,
        "velocity": 264.68,
        "true_track": 108.47,
        "vertical_rate": 0,
        "geo_altitude": 12428.22,
        "squawk": "2372",
        "spi": false,
        "position_source": 0
      }
    },
    {
      "type": "Feature",
      "geometry": {
        "type": "Point",
        "coordinates": [
          16.2387,
          47.5464
        ]
      },
      "properties": {
        "icao24": "4bb18a",
        "callsign": "THY4RN",
        "origin_country": "Turkey",
        "time_position": 1786923088,
        "last_contact": 1786923088,
        "baro_altitude": 11887.2,
        "on_ground": false,
        "velocity": 277.25,
        "true_track": 115.85,
        "vertical_rate": -0.33,
        "geo_altitude": 12352.02,
        "squawk": "2245",
        "spi": false,
        "position_source": 0
      }
    },
    {
      "type": "Feature",
      "geometry": {
        "type": "Point",
        "coordinates": [
          13.9878,
          44.5025
        ]
      },
      "properties": {
        "icao24": "89645b",
        "callsign": "UAE6",
        "origin_country": "United Arab Emirates",
        "time_position": 1786923087,
        "last_contact": 1786923088,
        "baro_altitude": 11887.2,
        "on_ground": false,
        "velocity": 262.95,
        "true_track": 125.52,
        "vertical_rate": 0,
        "geo_altitude": 12412.98,
        "squawk": "1175",
        "spi": false,
        "position_source": 0
      }
    },
    {
      "type": "Feature",
      "geometry": {
        "type": "Point",
        "coordinates": [
          8.4512,
          47.0668
        ]
      },
      "properties": {
        "icao24": "738443",
        "callsign": "AIZ744",
        "origin_country": "Israel",
        "time_position": 1786923087,
        "last_contact": 1786923088,
        "baro_altitude": 10652.76,
        "on_ground": false,
        "velocity": 242.76,
        "true_track": 117.65,
        "vertical_rate": 0,
        "geo_altitude": 11140.44,
        "squawk": "0654",
        "spi": false,
        "position_source": 0
      }
    },
    {
      "type": "Feature",
      "geometry": {
        "type": "Point",
        "coordinates": [
          13.0092,
          47.0494
        ]
      },
      "properties": {
        "icao24": "4077bb",
        "callsign": "EXS74LT",
        "origin_country": "United Kingdom",
        "time_position": 1786923087,
        "last_contact": 1786923088,
        "baro_altitude": 10972.8,
        "on_ground": false,
        "velocity": 208.18,
        "true_track": 307.97,
        "vertical_rate": 0,
        "geo_altitude": 11460.48,
        "squawk": "5323",
        "spi": false,
        "position_source": 0
      }
    },
    {
      "type": "Feature",
      "geometry": {
        "type": "Point",
        "coordinates": [
          18.0043,
          46.3349
        ]
      },
      "properties": {
        "icao24": "896626",
        "callsign": "UAE24",
        "origin_country": "United Arab Emirates",
        "time_position": 1786923087,
        "last_contact": 1786923088,
        "baro_altitude": 12496.8,
        "on_ground": false,
        "velocity": 262.24,
        "true_track": 121.85,
        "vertical_rate": 0,
        "geo_altitude": 12969.24,
        "squawk": "2257",
        "spi": false,
        "position_source": 0
      }
    },
    {
      "type": "Feature",
      "geometry": {
        "type": "Point",
        "coordinates": [
          6.0402,
          40.1822
        ]
      },
      "properties": {
        "icao24": "347696",
        "callsign": "VLG8RW",
        "origin_country": "Spain",
        "time_position": 1786923088,
        "last_contact": 1786923088,
        "baro_altitude": 10675.62,
        "on_ground": false,
        "velocity": 214.22,
        "true_track": 257.8,
        "vertical_rate": 0,
        "geo_altitude": 11262.36,
        "squawk": "1000",
        "spi": false,
        "position_source": 0
      }
    },
    {
      "type": "Feature",
      "geometry": {
        "type": "Point",
        "coordinates": [
          17.8371,
          44.6732
        ]
      },
      "properties": {
        "icao24": "4076ed",
        "callsign": "EXS216",
        "origin_country": "United Kingdom",
        "time_position": 1786923088,
        "last_contact": 1786923088,
        "baro_altitude": 10972.8,
        "on_ground": false,
        "velocity": 217.9,
        "true_track": 314.71,
        "vertical_rate": 0,
        "geo_altitude": 11498.58,
        "squawk": "5361",
        "spi": false,
        "position_source": 0
      }
    },
    {
      "type": "Feature",
      "geometry": {
        "type": "Point",
        "coordinates": [
          6.7815,
          37.4199
        ]
      },
      "properties": {
        "icao24": "4d022e",
        "callsign": "SVW66JT",
        "origin_country": "Luxembourg",
        "time_position": 1786922862,
        "last_contact": 1786922862,
        "baro_altitude": 12496.8,
        "on_ground": false,
        "velocity": 263.4,
        "true_track": 187.18,
        "vertical_rate": 0,
        "geo_altitude": 13174.98,
        "squawk": "5671",
        "spi": false,
        "position_source": 0
      }
    },
    {
      "type": "Feature",
      "geometry": {
        "type": "Point",
        "coordinates": [
          15.6885,
          46.1976
        ]
      },
      "properties": {
        "icao24": "40660c",
        "callsign": "TOM4YT",
        "origin_country": "United Kingdom",
        "time_position": 1786923087,
        "last_contact": 1786923088,
        "baro_altitude": 11582.4,
        "on_ground": false,
        "velocity": 210.81,
        "true_track": 319.16,
        "vertical_rate": 0,
        "geo_altitude": 12085.32,
        "squawk": "5432",
        "spi": false,
        "position_source": 0
      }
    },
    {
      "type": "Feature",
      "geometry": {
        "type": "Point",
        "coordinates": [
          10.2903,
          46.1345
        ]
      },
      "properties": {
        "icao24": "407914",
        "callsign": "EXS1434",
        "origin_country": "United Kingdom",
        "time_position": 1786923088,
        "last_contact": 1786923088,
        "baro_altitude": 11582.4,
        "on_ground": false,
        "velocity": 222.14,
        "true_track": 307.19,
        "vertical_rate": 0,
        "geo_altitude": 12108.18,
        "squawk": "7743",
        "spi": false,
        "position_source": 0
      }
    },
    {
      "type": "Feature",
      "geometry": {
        "type": "Point",
        "coordinates": [
          9.2041,
          46.6696
        ]
      },
      "properties": {
        "icao24": "406660",
        "callsign": "TOM4AX",
        "origin_country": "United Kingdom",
        "time_position": 1786923088,
        "last_contact": 1786923088,
        "baro_altitude": 11582.4,
        "on_ground": false,
        "velocity": 222.29,
        "true_track": 305.68,
        "vertical_rate": 0,
        "geo_altitude": 12085.32,
        "squawk": "2762",
        "spi": false,
        "position_source": 0
      }
    },
    {
      "type": "Feature",
      "geometry": {
        "type": "Point",
        "coordinates": [
          12.2341,
          47.4832
        ]
      },
      "properties": {
        "icao24": "40796c",
        "callsign": "TOM3DL",
        "origin_country": "United Kingdom",
        "time_position": 1786923088,
        "last_contact": 1786923088,
        "baro_altitude": 10972.8,
        "on_ground": false,
        "velocity": 214.95,
        "true_track": 307.61,
        "vertical_rate": 0.33,
        "geo_altitude": 11445.24,
        "squawk": "5634",
        "spi": false,
        "position_source": 0
      }
    },
    {
      "type": "Feature",
      "geometry": {
        "type": "Point",
        "coordinates": [
          18.1331,
          44.2088
        ]
      },
      "properties": {
        "icao24": "40796e",
        "callsign": "EXS7GT",
        "origin_country": "United Kingdom",
        "time_position": 1786923087,
        "last_contact": 1786923087,
        "baro_altitude": 10972.8,
        "on_ground": false,
        "velocity": 219.08,
        "true_track": 310.05,
        "vertical_rate": 0.33,
        "geo_altitude": 11490.96,
        "squawk": "5310",
        "spi": false,
        "position_source": 0
      }
    },
    {
      "type": "Feature",
      "geometry": {
        "type": "Point",
        "coordinates": [
          15.6774,
          47.4111
        ]
      },
      "properties": {
        "icao24": "4bcd83",
        "callsign": "SXS1ZQ",
        "origin_country": "Turkey",
        "time_position": 1786923088,
        "last_contact": 1786923088,
        "baro_altitude": 11277.6,
        "on_ground": false,
        "velocity": 262.19,
        "true_track": 122.26,
        "vertical_rate": 0,
        "geo_altitude": 11750.04,
        "squawk": "1624",
        "spi": false,
        "position_source": 0
      }
    },
    {
      "type": "Feature",
      "geometry": {
        "type": "Point",
        "coordinates": [
          18.391,
          37.5333
        ]
      },
      "properties": {
        "icao24": "04014b",
        "callsign": "ETH737",
        "origin_country": "Ethiopia",
        "time_position": 1786923088,
        "last_contact": 1786923088,
        "baro_altitude": 11277.6,
        "on_ground": false,
        "velocity": 274.65,
        "true_track": 139.18,
        "vertical_rate": 0,
        "geo_altitude": 11856.72,
        "squawk": "0413",
        "spi": false,
        "position_source": 0
      }
    },
    {
      "type": "Feature",
      "geometry": {
        "type": "Point",
        "coordinates": [
          17.5619,
          39.0854
        ]
      },
      "properties": {
        "icao24": "49d3bb",
        "callsign": "ISR382",
        "origin_country": "Czech Republic",
        "time_position": 1786923088,
        "last_contact": 1786923088,
        "baro_altitude": 10668,
        "on_ground": false,
        "velocity": 242.49,
        "true_track": 116.46,
        "vertical_rate": 0,
        "geo_altitude": 11201.4,
        "squawk": null,
        "spi": false,
        "position_source": 0
      }
    },
    {
      "type": "Feature",
      "geometry": {
        "type": "Point",
        "coordinates": [
          10.0292,
          42.6291
        ]
      },
      "properties": {
        "icao24": "4ca56b",
        "callsign": "RYR5WD",
        "origin_country": "Ireland",
        "time_position": 1786923088,
        "last_contact": 1786923088,
        "baro_altitude": 11277.6,
        "on_ground": false,
        "velocity": 229.45,
        "true_track": 180.51,
        "vertical_rate": 0,
        "geo_altitude": 11811,
        "squawk": "6364",
        "spi": false,
        "position_source": 0
      }
    },
    {
      "type": "Feature",
      "geometry": {
        "type": "Point",
        "coordinates": [
          16.9113,
          45.1044
        ]
      },
      "properties": {
        "icao24": "503fc4",
        "callsign": "ELY5182",
        "origin_country": "Lithuania",
        "time_position": 1786923088,
        "last_contact": 1786923088,
        "baro_altitude": 6903.72,
        "on_ground": false,
        "velocity": 209.61,
        "true_track": 136.59,
        "vertical_rate": 9.75,
        "geo_altitude": 7277.1,
        "squawk": "1144",
        "spi": false,
        "position_source": 0
      }
    },
    {
      "type": "Feature",
      "geometry": {
        "type": "Point",
        "coordinates": [
          12.6239,
          36.4456
        ]
      },
      "properties": {
        "icao24": "06a2f2",
        "callsign": "QTR52A",
        "origin_country": "Qatar",
        "time_position": 1786923088,
        "last_contact": 1786923088,
        "baro_altitude": 9121.14,
        "on_ground": false,
        "velocity": 267.95,
        "true_track": 97.83,
        "vertical_rate": 5.2,
        "geo_altitude": 9692.64,
        "squawk": "6134",
        "spi": false,
        "position_source": 0
      }
    },
    {
      "type": "Feature",
      "geometry": {
        "type": "Point",
        "coordinates": [
          18.253,
          35.5432
        ]
      },
      "properties": {
        "icao24": "06a2fc",
        "callsign": "QTR152",
        "origin_country": "Qatar",
        "time_position": 1786923088,
        "last_contact": 1786923088,
        "baro_altitude": 11269.98,
        "on_ground": false,
        "velocity": 281.19,
        "true_track": 101.82,
        "vertical_rate": 0,
        "geo_altitude": 11925.3,
        "squawk": "4111",
        "spi": false,
        "position_source": 0
      }
    },
    {
      "type": "Feature",
      "geometry": {
        "type": "Point",
        "coordinates": [
          10.6798,
          46.5309
        ]
      },
      "properties": {
        "icao24": "49d423",
        "callsign": "TVS2057",
        "origin_country": "Czech Republic",
        "time_position": 1786923088,
        "last_contact": 1786923088,
        "baro_altitude": 11582.4,
        "on_ground": false,
        "velocity": 249.26,
        "true_track": 49.6,
        "vertical_rate": 0,
        "geo_altitude": 12070.08,
        "squawk": "1000",
        "spi": false,
        "position_source": 0
      }
    },
    {
      "type": "Feature",
      "geometry": {
        "type": "Point",
        "coordinates": [
          18.9927,
          46.3623
        ]
      },
      "properties": {
        "icao24": "407fad",
        "callsign": "TOM7JT",
        "origin_country": "United Kingdom",
        "time_position": 1786923088,
        "last_contact": 1786923088,
        "baro_altitude": 12192,
        "on_ground": false,
        "velocity": 217.01,
        "true_track": 321.26,
        "vertical_rate": 0,
        "geo_altitude": 12687.3,
        "squawk": "2664",
        "spi": false,
        "position_source": 0
      }
    },
    {
      "type": "Feature",
      "geometry": {
        "type": "Point",
        "coordinates": [
          14.2085,
          44.3638
        ]
      },
      "properties": {
        "icao24": "407fae",
        "callsign": "TOM5DW",
        "origin_country": "United Kingdom",
        "time_position": 1786923087,
        "last_contact": 1786923088,
        "baro_altitude": 10972.8,
        "on_ground": false,
        "velocity": 223.8,
        "true_track": 316.58,
        "vertical_rate": 0,
        "geo_altitude": 11506.2,
        "squawk": "3725",
        "spi": false,
        "position_source": 0
      }
    },
    {
      "type": "Feature",
      "geometry": {
        "type": "Point",
        "coordinates": [
          10.1616,
          41.3556
        ]
      },
      "properties": {
        "icao24": "49d1c6",
        "callsign": "EWG4PR",
        "origin_country": "Czech Republic",
        "time_position": 1786923087,
        "last_contact": 1786923088,
        "baro_altitude": 11277.6,
        "on_ground": false,
        "velocity": 232.64,
        "true_track": 178.23,
        "vertical_rate": 0.33,
        "geo_altitude": 11818.62,
        "squawk": "2536",
        "spi": false,
        "position_source": 0
      }
    },
    {
      "type": "Feature",
      "geometry": {
        "type": "Point",
        "coordinates": [
          6.9411,
          46.9958
        ]
      },
      "properties": {
        "icao24": "4b3301",
        "callsign": "RGA04",
        "origin_country": "Switzerland",
        "time_position": 1786923088,
        "last_contact": 1786923088,
        "baro_altitude": 502.92,
        "on_ground": false,
        "velocity": 14.19,
        "true_track": 223.53,
        "vertical_rate": 2.28,
        "geo_altitude": 594.36,
        "squawk": null,
        "spi": false,
        "position_source": 0
      }
    },
    {
      "type": "Feature",
      "geometry": {
        "type": "Point",
        "coordinates": [
          18.7038,
          46.1762
        ]
      },
      "properties": {
        "icao24": "49d365",
        "callsign": "TVS6EH",
        "origin_country": "Czech Republic",
        "time_position": 1786923088,
        "last_contact": 1786923088,
        "baro_altitude": 10972.8,
        "on_ground": false,
        "velocity": 213.62,
        "true_track": 327.19,
        "vertical_rate": 0,
        "geo_altitude": 11460.48,
        "squawk": "6012",
        "spi": false,
        "position_source": 0
      }
    },
    {
      "type": "Feature",
      "geometry": {
        "type": "Point",
        "coordinates": [
          9.5205,
          46.9527
        ]
      },
      "properties": {
        "icao24": "503e61",
        "callsign": "CXI61YX",
        "origin_country": "Lithuania",
        "time_position": 1786923088,
        "last_contact": 1786923088,
        "baro_altitude": 10972.8,
        "on_ground": false,
        "velocity": 220.6,
        "true_track": 323.34,
        "vertical_rate": 0.33,
        "geo_altitude": 11468.1,
        "squawk": "1000",
        "spi": false,
        "position_source": 0
      }
    },
    {
      "type": "Feature",
      "geometry": {
        "type": "Point",
        "coordinates": [
          16.708,
          41.3008
        ]
      },
      "properties": {
        "icao24": "040240",
        "callsign": "ETH501",
        "origin_country": "Ethiopia",
        "time_position": 1786923088,
        "last_contact": 1786923088,
        "baro_altitude": 11285.22,
        "on_ground": false,
        "velocity": 261.97,
        "true_track": 138.26,
        "vertical_rate": 0.33,
        "geo_altitude": 11833.86,
        "squawk": "1171",
        "spi": false,
        "position_source": 0
      }
    },
    {
      "type": "Feature",
      "geometry": {
        "type": "Point",
        "coordinates": [
          13.7041,
          42.1212
        ]
      },
      "properties": {
        "icao24": "4ca264",
        "callsign": "RYR2UQ",
        "origin_country": "Ireland",
        "time_position": 1786923088,
        "last_contact": 1786923088,
        "baro_altitude": 10363.2,
        "on_ground": false,
        "velocity": 239.52,
        "true_track": 348.35,
        "vertical_rate": 0.65,
        "geo_altitude": 10888.98,
        "squawk": "7064",
        "spi": false,
        "position_source": 0
      }
    },
    {
      "type": "Feature",
      "geometry": {
        "type": "Point",
        "coordinates": [
          7.4598,
          46.3181
        ]
      },
      "properties": {
        "icao24": "4ca24c",
        "callsign": "RYR4YW",
        "origin_country": "Ireland",
        "time_position": 1786923087,
        "last_contact": 1786923088,
        "baro_altitude": 10325.1,
        "on_ground": false,
        "velocity": 223.92,
        "true_track": 301.28,
        "vertical_rate": 7.48,
        "geo_altitude": 10812.78,
        "squawk": "5711",
        "spi": false,
        "position_source": 0
      }
    },
    {
      "type": "Feature",
      "geometry": {
        "type": "Point",
        "coordinates": [
          9.0534,
          47.1471
        ]
      },
      "properties": {
        "icao24": "407fff",
        "callsign": "EZY54ZP",
        "origin_country": "United Kingdom",
        "time_position": 1786923088,
        "last_contact": 1786923088,
        "baro_altitude": 11567.16,
        "on_ground": false,
        "velocity": 220.26,
        "true_track": 309.79,
        "vertical_rate": 0,
        "geo_altitude": 12062.46,
        "squawk": "7523",
        "spi": false,
        "position_source": 0
      }
    },
    {
      "type": "Feature",
      "geometry": {
        "type": "Point",
        "coordinates": [
          15.8717,
          42.9774
        ]
      },
      "properties": {
        "icao24": "503d47",
        "callsign": "KMM9992",
        "origin_country": "Lithuania",
        "time_position": 1786923088,
        "last_contact": 1786923088,
        "baro_altitude": 11574.78,
        "on_ground": false,
        "velocity": 227.27,
        "true_track": 18.48,
        "vertical_rate": 0,
        "geo_altitude": 12092.94,
        "squawk": "6572",
        "spi": false,
        "position_source": 0
      }
    },
    {
      "type": "Feature",
      "geometry": {
        "type": "Point",
        "coordinates": [
          6.1692,
          40.1675
        ]
      },
      "properties": {
        "icao24": "3420cb",
        "callsign": "IBE0032",
        "origin_country": "Spain",
        "time_position": 1786923088,
        "last_contact": 1786923088,
        "baro_altitude": 11269.98,
        "on_ground": false,
        "velocity": 215.51,
        "true_track": 258.15,
        "vertical_rate": 0.33,
        "geo_altitude": 11871.96,
        "squawk": "1000",
        "spi": false,
        "position_source": 0
      }
    },
    {
      "type": "Feature",
      "geometry": {
        "type": "Point",
        "coordinates": [
          18.109,
          42.2811
        ]
      },
      "properties": {
        "icao24": "407e60",
        "callsign": "EZY8178",
        "origin_country": "United Kingdom",
        "time_position": 1786923085,
        "last_contact": 1786923087,
        "baro_altitude": 10972.8,
        "on_ground": false,
        "velocity": 219.38,
        "true_track": 314.14,
        "vertical_rate": 0,
        "geo_altitude": 11506.2,
        "squawk": "2051",
        "spi": false,
        "position_source": 0
      }
    },
    {
      "type": "Feature",
      "geometry": {
        "type": "Point",
        "coordinates": [
          15.63,
          45.6252
        ]
      },
      "properties": {
        "icao24": "407e54",
        "callsign": "EXS9QS",
        "origin_country": "United Kingdom",
        "time_position": 1786923088,
        "last_contact": 1786923088,
        "baro_altitude": 10972.8,
        "on_ground": false,
        "velocity": 217.73,
        "true_track": 308.77,
        "vertical_rate": 0,
        "geo_altitude": 11506.2,
        "squawk": "2226",
        "spi": false,
        "position_source": 0
      }
    },
    {
      "type": "Feature",
      "geometry": {
        "type": "Point",
        "coordinates": [
          16.455,
          43.9595
        ]
      },
      "properties": {
        "icao24": "440670",
        "callsign": "TAY1846",
        "origin_country": "Austria",
        "time_position": 1786923088,
        "last_contact": 1786923088,
        "baro_altitude": 12192,
        "on_ground": false,
        "velocity": 230.91,
        "true_track": 321.24,
        "vertical_rate": 0,
        "geo_altitude": 12717.78,
        "squawk": "5616",
        "spi": false,
        "position_source": 0
      }
    },
    {
      "type": "Feature",
      "geometry": {
        "type": "Point",
        "coordinates": [
          10.5594,
          44.064
        ]
      },
      "properties": {
        "icao24": "440614",
        "callsign": "EJU31LR",
        "origin_country": "Austria",
        "time_position": 1786923088,
        "last_contact": 1786923088,
        "baro_altitude": 10226.04,
        "on_ground": false,
        "velocity": 224.26,
        "true_track": 305.48,
        "vertical_rate": -4.55,
        "geo_altitude": 10744.2,
        "squawk": "1000",
        "spi": false,
        "position_source": 0
      }
    },
    {
      "type": "Feature",
      "geometry": {
        "type": "Point",
        "coordinates": [
          8.8046,
          45.3621
        ]
      },
      "properties": {
        "icao24": "440612",
        "callsign": "EJU78XV",
        "origin_country": "Austria",
        "time_position": 1786923088,
        "last_contact": 1786923088,
        "baro_altitude": 1402.08,
        "on_ground": false,
        "velocity": 124.01,
        "true_track": 333.65,
        "vertical_rate": -1.3,
        "geo_altitude": 1531.62,
        "squawk": "1000",
        "spi": false,
        "position_source": 0
      }
    },
    {
      "type": "Feature",
      "geometry": {
        "type": "Point",
        "coordinates": [
          7.4251,
          46.9497
        ]
      },
      "properties": {
        "icao24": "4b42f1",
        "callsign": "LAS1",
        "origin_country": "Switzerland",
        "time_position": 1786923087,
        "last_contact": 1786923088,
        "baro_altitude": 586.74,
        "on_ground": false,
        "velocity": 19.15,
        "true_track": 149.3,
        "vertical_rate": -1.3,
        "geo_altitude": 662.94,
        "squawk": "7100",
        "spi": false,
        "position_source": 0
      }
    },
    {
      "type": "Feature",
      "geometry": {
        "type": "Point",
        "coordinates": [
          11.8589,
          47.4447
        ]
      },
      "properties": {
        "icao24": "407f8c",
        "callsign": "EXS798",
        "origin_country": "United Kingdom",
        "time_position": 1786923088,
        "last_contact": 1786923088,
        "baro_altitude": 11582.4,
        "on_ground": false,
        "velocity": 208.01,
        "true_track": 308.37,
        "vertical_rate": 0.33,
        "geo_altitude": 12054.84,
        "squawk": "5211",
        "spi": false,
        "position_source": 0
      }
    },
    {
      "type": "Feature",
      "geometry": {
        "type": "Point",
        "coordinates": [
          13.5591,
          46.7763
        ]
      },
      "properties": {
        "icao24": "406ae9",
        "callsign": "TOM58N",
        "origin_country": "United Kingdom",
        "time_position": 1786923088,
        "last_contact": 1786923088,
        "baro_altitude": 11582.4,
        "on_ground": false,
        "velocity": 210.58,
        "true_track": 308.35,
        "vertical_rate": 0,
        "geo_altitude": 12070.08,
        "squawk": "5531",
        "spi": false,
        "position_source": 0
      }
    },
    {
      "type": "Feature",
      "geometry": {
        "type": "Point",
        "coordinates": [
          17.644,
          44.5014
        ]
      },
      "properties": {
        "icao24": "406ac3",
        "callsign": "EXS23PW",
        "origin_country": "United Kingdom",
        "time_position": 1786923087,
        "last_contact": 1786923088,
        "baro_altitude": 10972.8,
        "on_ground": false,
        "velocity": 221.38,
        "true_track": 309.72,
        "vertical_rate": 0,
        "geo_altitude": 11506.2,
        "squawk": "2255",
        "spi": false,
        "position_source": 0
      }
    },
    {
      "type": "Feature",
      "geometry": {
        "type": "Point",
        "coordinates": [
          9.2838,
          46.7708
        ]
      },
      "properties": {
        "icao24": "45cf24",
        "callsign": "SRR6402",
        "origin_country": "Denmark",
        "time_position": 1786923088,
        "last_contact": 1786923088,
        "baro_altitude": 9342.12,
        "on_ground": false,
        "velocity": 239.23,
        "true_track": 164.92,
        "vertical_rate": -4.23,
        "geo_altitude": 9776.46,
        "squawk": "2537",
        "spi": false,
        "position_source": 0
      }
    },
    {
      "type": "Feature",
      "geometry": {
        "type": "Point",
        "coordinates": [
          18.5272,
          37.5555
        ]
      },
      "properties": {
        "icao24": "3444cb",
        "callsign": "VLG1595",
        "origin_country": "Spain",
        "time_position": 1786923088,
        "last_contact": 1786923088,
        "baro_altitude": 10789.92,
        "on_ground": false,
        "velocity": 214.23,
        "true_track": 295.46,
        "vertical_rate": 3.25,
        "geo_altitude": 11353.8,
        "squawk": "6627",
        "spi": false,
        "position_source": 0
      }
    },
    {
      "type": "Feature",
      "geometry": {
        "type": "Point",
        "coordinates": [
          10.8712,
          43.5469
        ]
      },
      "properties": {
        "icao24": "3444c8",
        "callsign": "VOE8JL",
        "origin_country": "Spain",
        "time_position": 1786923088,
        "last_contact": 1786923088,
        "baro_altitude": 7719.06,
        "on_ground": false,
        "velocity": 230.01,
        "true_track": 192.79,
        "vertical_rate": 8.45,
        "geo_altitude": 8138.16,
        "squawk": "5135",
        "spi": false,
        "position_source": 0
      }
    },
    {
      "type": "Feature",
      "geometry": {
        "type": "Point",
        "coordinates": [
          18.7226,
          41.8783
        ]
      },
      "properties": {
        "icao24": "06a1bd",
        "callsign": "QTR30J",
        "origin_country": "Qatar",
        "time_position": 1786923086,
        "last_contact": 1786923086,
        "baro_altitude": 10668,
        "on_ground": false,
        "velocity": 261.92,
        "true_track": 128.94,
        "vertical_rate": 0,
        "geo_altitude": 11186.16,
        "squawk": "5206",
        "spi": false,
        "position_source": 0
      }
    },
    {
      "type": "Feature",
      "geometry": {
        "type": "Point",
        "coordinates": [
          14.0648,
          46.0439
        ]
      },
      "properties": {
        "icao24": "407ac1",
        "callsign": "TOM3XD",
        "origin_country": "United Kingdom",
        "time_position": 1786923088,
        "last_contact": 1786923088,
        "baro_altitude": 10972.8,
        "on_ground": false,
        "velocity": 217.41,
        "true_track": 308.66,
        "vertical_rate": 0,
        "geo_altitude": 11483.34,
        "squawk": "2063",
        "spi": false,
        "position_source": 0
      }
    },
    {
      "type": "Feature",
      "geometry": {
        "type": "Point",
        "coordinates": [
          10.3232,
          44.6091
        ]
      },
      "properties": {
        "icao24": "4402f1",
        "callsign": "EJU89AW",
        "origin_country": "Austria",
        "time_position": 1786923088,
        "last_contact": 1786923088,
        "baro_altitude": 9540.24,
        "on_ground": false,
        "velocity": 212.79,
        "true_track": 288.17,
        "vertical_rate": -4.55,
        "geo_altitude": 10035.54,
        "squawk": "6625",
        "spi": false,
        "position_source": 0
      }
    },
    {
      "type": "Feature",
      "geometry": {
        "type": "Point",
        "coordinates": [
          12.3544,
          45.5091
        ]
      },
      "properties": {
        "icao24": "45ce4b",
        "callsign": "SRR7992",
        "origin_country": "Denmark",
        "time_position": 1786923087,
        "last_contact": 1786923088,
        "baro_altitude": null,
        "on_ground": true,
        "velocity": 3.09,
        "true_track": 345.94,
        "vertical_rate": null,
        "geo_altitude": null,
        "squawk": "6020",
        "spi": false,
        "position_source": 0
      }
    },
    {
      "type": "Feature",
      "geometry": {
        "type": "Point",
        "coordinates": [
          14.0533,
          47.5509
        ]
      },
      "properties": {
        "icao24": "406a63",
        "callsign": "EXS41HS",
        "origin_country": "United Kingdom",
        "time_position": 1786923088,
        "last_contact": 1786923088,
        "baro_altitude": 11582.4,
        "on_ground": false,
        "velocity": 200.8,
        "true_track": 314.58,
        "vertical_rate": 0,
        "geo_altitude": 12047.22,
        "squawk": "5334",
        "spi": false,
        "position_source": 0
      }
    },
    {
      "type": "Feature",
      "geometry": {
        "type": "Point",
        "coordinates": [
          11.204,
          46.349
        ]
      },
      "properties": {
        "icao24": "48e893",
        "callsign": "ENT6TK",
        "origin_country": "Poland",
        "time_position": 1786923088,
        "last_contact": 1786923088,
        "baro_altitude": 11582.4,
        "on_ground": false,
        "velocity": 245.62,
        "true_track": 43.56,
        "vertical_rate": 0,
        "geo_altitude": 12077.7,
        "squawk": "1000",
        "spi": false,
        "position_source": 0
      }
    },
    {
      "type": "Feature",
      "geometry": {
        "type": "Point",
        "coordinates": [
          7.2071,
          43.6608
        ]
      },
      "properties": {
        "icao24": "4404a4",
        "callsign": "EJU597V",
        "origin_country": "Austria",
        "time_position": 1786923087,
        "last_contact": 1786923087,
        "baro_altitude": null,
        "on_ground": true,
        "velocity": 2.06,
        "true_track": 261.56,
        "vertical_rate": null,
        "geo_altitude": null,
        "squawk": "1000",
        "spi": false,
        "position_source": 0
      }
    },
    {
      "type": "Feature",
      "geometry": {
        "type": "Point",
        "coordinates": [
          18.0809,
          44.267
        ]
      },
      "properties": {
        "icao24": "500527",
        "callsign": "T7KPS",
        "origin_country": "San Marino",
        "time_position": 1786923087,
        "last_contact": 1786923088,
        "baro_altitude": 11582.4,
        "on_ground": false,
        "velocity": 233.09,
        "true_track": 283.27,
        "vertical_rate": -0.98,
        "geo_altitude": 12100.56,
        "squawk": "3222",
        "spi": false,
        "position_source": 0
      }
    },
    {
      "type": "Feature",
      "geometry": {
        "type": "Point",
        "coordinates": [
          6.6516,
          37.3403
        ]
      },
      "properties": {
        "icao24": "06a0be",
        "callsign": "QTR99L",
        "origin_country": "Qatar",
        "time_position": 1786923064,
        "last_contact": 1786923064,
        "baro_altitude": 11277.6,
        "on_ground": false,
        "velocity": 278.11,
        "true_track": 106.99,
        "vertical_rate": -0.33,
        "geo_altitude": 11910.06,
        "squawk": "2234",
        "spi": false,
        "position_source": 0
      }
    },
    {
      "type": "Feature",
      "geometry": {
        "type": "Point",
        "coordinates": [
          7.1397,
          45.5348
        ]
      },
      "properties": {
        "icao24": "06a0dd",
        "callsign": "QTR76G",
        "origin_country": "Qatar",
        "time_position": 1786923088,
        "last_contact": 1786923088,
        "baro_altitude": 8854.44,
        "on_ground": false,
        "velocity": 229.11,
        "true_track": 125.4,
        "vertical_rate": -9.1,
        "geo_altitude": 9334.5,
        "squawk": "2211",
        "spi": false,
        "position_source": 0
      }
    },
    {
      "type": "Feature",
      "geometry": {
        "type": "Point",
        "coordinates": [
          6.1834,
          47.0371
        ]
      },
      "properties": {
        "icao24": "4cc45a",
        "callsign": "ABD3057",
        "origin_country": "Iceland",
        "time_position": 1786923088,
        "last_contact": 1786923088,
        "baro_altitude": 8839.2,
        "on_ground": false,
        "velocity": 253.9,
        "true_track": 185.81,
        "vertical_rate": 0,
        "geo_altitude": 9243.06,
        "squawk": "0101",
        "spi": false,
        "position_source": 0
      }
    },
    {
      "type": "Feature",
      "geometry": {
        "type": "Point",
        "coordinates": [
          12.651,
          47.5476
        ]
      },
      "properties": {
        "icao24": "408124",
        "callsign": "EXS17V",
        "origin_country": "United Kingdom",
        "time_position": 1786923088,
        "last_contact": 1786923088,
        "baro_altitude": 10972.8,
        "on_ground": false,
        "velocity": 201.24,
        "true_track": 305.11,
        "vertical_rate": 0,
        "geo_altitude": 11437.62,
        "squawk": "3251",
        "spi": false,
        "position_source": 0
      }
    },
    {
      "type": "Feature",
      "geometry": {
        "type": "Point",
        "coordinates": [
          16.7503,
          39.2025
        ]
      },
      "properties": {
        "icao24": "4952c7",
        "callsign": "TAP900",
        "origin_country": "Portugal",
        "time_position": 1786923088,
        "last_contact": 1786923088,
        "baro_altitude": 11887.2,
        "on_ground": false,
        "velocity": 248.31,
        "true_track": 104.64,
        "vertical_rate": 0,
        "geo_altitude": 12481.56,
        "squawk": "1256",
        "spi": false,
        "position_source": 0
      }
    },
    {
      "type": "Feature",
      "geometry": {
        "type": "Point",
        "coordinates": [
          8.5651,
          47.4419
        ]
      },
      "properties": {
        "icao24": "4b180a",
        "callsign": "SWR8YP",
        "origin_country": "Switzerland",
        "time_position": 1786923085,
        "last_contact": 1786923088,
        "baro_altitude": null,
        "on_ground": true,
        "velocity": null,
        "true_track": 137.81,
        "vertical_rate": null,
        "geo_altitude": null,
        "squawk": null,
        "spi": false,
        "position_source": 0
      }
    },
    {
      "type": "Feature",
      "geometry": {
        "type": "Point",
        "coordinates": [
          11.7175,
          47.6977
        ]
      },
      "properties": {
        "icao24": "40805d",
        "callsign": "WUK962",
        "origin_country": "United Kingdom",
        "time_position": 1786923088,
        "last_contact": 1786923088,
        "baro_altitude": 10980.42,
        "on_ground": false,
        "velocity": 211.54,
        "true_track": 307.09,
        "vertical_rate": 0,
        "geo_altitude": 11452.86,
        "squawk": "6152",
        "spi": false,
        "position_source": 0
      }
    },
    {
      "type": "Feature",
      "geometry": {
        "type": "Point",
        "coordinates": [
          10.4626,
          47.3676
        ]
      },
      "properties": {
        "icao24": "40804e",
        "callsign": "WUK363",
        "origin_country": "United Kingdom",
        "time_position": 1786923088,
        "last_contact": 1786923088,
        "baro_altitude": 10363.2,
        "on_ground": false,
        "velocity": 220.79,
        "true_track": 318.21,
        "vertical_rate": 0,
        "geo_altitude": 10835.64,
        "squawk": "4327",
        "spi": false,
        "position_source": 0
      }
    },
    {
      "type": "Feature",
      "geometry": {
        "type": "Point",
        "coordinates": [
          18.0727,
          47.1092
        ]
      },
      "properties": {
        "icao24": "02a1a2",
        "callsign": "LBT815",
        "origin_country": "Tunisia",
        "time_position": 1786923088,
        "last_contact": 1786923088,
        "baro_altitude": 10972.8,
        "on_ground": false,
        "velocity": 226.7,
        "true_track": 203.54,
        "vertical_rate": 0,
        "geo_altitude": 11932.92,
        "squawk": "0501",
        "spi": false,
        "position_source": 0
      }
    },
    {
      "type": "Feature",
      "geometry": {
        "type": "Point",
        "coordinates": [
          11.0673,
          36.7249
        ]
      },
      "properties": {
        "icao24": "02a1a7",
        "callsign": "LBT7415",
        "origin_country": "Tunisia",
        "time_position": 1786923076,
        "last_contact": 1786923076,
        "baro_altitude": 5265.42,
        "on_ground": false,
        "velocity": 190.2,
        "true_track": 183.57,
        "vertical_rate": -7.15,
        "geo_altitude": 5654.04,
        "squawk": "0222",
        "spi": false,
        "position_source": 0
      }
    },
    {
      "type": "Feature",
      "geometry": {
        "type": "Point",
        "coordinates": [
          15.7904,
          43.7864
        ]
      },
      "properties": {
        "icao24": "40820f",
        "callsign": "EXS83J",
        "origin_country": "United Kingdom",
        "time_position": 1786923087,
        "last_contact": 1786923088,
        "baro_altitude": 10980.42,
        "on_ground": false,
        "velocity": 223.2,
        "true_track": 310.89,
        "vertical_rate": 0,
        "geo_altitude": 11536.68,
        "squawk": "0503",
        "spi": false,
        "position_source": 0
      }
    },
    {
      "type": "Feature",
      "geometry": {
        "type": "Point",
        "coordinates": [
          13.8054,
          46.6392
        ]
      },
      "properties": {
        "icao24": "40823f",
        "callsign": "EXS48CR",
        "origin_country": "United Kingdom",
        "time_position": 1786923088,
        "last_contact": 1786923088,
        "baro_altitude": 10980.42,
        "on_ground": false,
        "velocity": 216.36,
        "true_track": 308.53,
        "vertical_rate": 0,
        "geo_altitude": 11483.34,
        "squawk": "5321",
        "spi": false,
        "position_source": 0
      }
    },
    {
      "type": "Feature",
      "geometry": {
        "type": "Point",
        "coordinates": [
          17.7246,
          40.4718
        ]
      },
      "properties": {
        "icao24": "02a1aa",
        "callsign": "DAH3018",
        "origin_country": "Tunisia",
        "time_position": 1786923088,
        "last_contact": 1786923088,
        "baro_altitude": 10683.24,
        "on_ground": false,
        "velocity": 236.7,
        "true_track": 88.75,
        "vertical_rate": 0,
        "geo_altitude": 11209.02,
        "squawk": null,
        "spi": false,
        "position_source": 0
      }
    },
    {
      "type": "Feature",
      "geometry": {
        "type": "Point",
        "coordinates": [
          17.7353,
          38.1965
        ]
      },
      "properties": {
        "icao24": "02a1b3",
        "callsign": "LBT7534",
        "origin_country": "Tunisia",
        "time_position": 1786923088,
        "last_contact": 1786923088,
        "baro_altitude": 10668,
        "on_ground": false,
        "velocity": 249.26,
        "true_track": 61.8,
        "vertical_rate": -0.65,
        "geo_altitude": 11201.4,
        "squawk": "6162",
        "spi": false,
        "position_source": 0
      }
    },
    {
      "type": "Feature",
      "geometry": {
        "type": "Point",
        "coordinates": [
          14.0435,
          40.2228
        ]
      },
      "properties": {
        "icao24": "02a1b0",
        "callsign": "LBT7639",
        "origin_country": "Tunisia",
        "time_position": 1786923088,
        "last_contact": 1786923088,
        "baro_altitude": 10683.24,
        "on_ground": false,
        "velocity": 227.94,
        "true_track": 201.59,
        "vertical_rate": 0,
        "geo_altitude": 11247.12,
        "squawk": "1331",
        "spi": false,
        "position_source": 0
      }
    },
    {
      "type": "Feature",
      "geometry": {
        "type": "Point",
        "coordinates": [
          12.7341,
          46.1784
        ]
      },
      "properties": {
        "icao24": "4080e2",
        "callsign": "EXS42YS",
        "origin_country": "United Kingdom",
        "time_position": 1786923088,
        "last_contact": 1786923088,
        "baro_altitude": 11582.4,
        "on_ground": false,
        "velocity": 220.31,
        "true_track": 328.46,
        "vertical_rate": 0,
        "geo_altitude": 12085.32,
        "squawk": "5534",
        "spi": false,
        "position_source": 0
      }
    },
    {
      "type": "Feature",
      "geometry": {
        "type": "Point",
        "coordinates": [
          17.752,
          35.6452
        ]
      },
      "properties": {
        "icao24": "7103d9",
        "callsign": "SVA3366",
        "origin_country": "Saudi Arabia",
        "time_position": 1786923088,
        "last_contact": 1786923088,
        "baro_altitude": 10668,
        "on_ground": false,
        "velocity": 271.71,
        "true_track": 101.8,
        "vertical_rate": 0,
        "geo_altitude": 11277.6,
        "squawk": "6137",
        "spi": false,
        "position_source": 0
      }
    },
    {
      "type": "Feature",
      "geometry": {
        "type": "Point",
        "coordinates": [
          8.7175,
          45.6245
        ]
      },
      "properties": {
        "icao24": "4951d4",
        "callsign": "TAP828",
        "origin_country": "Portugal",
        "time_position": 1786923088,
        "last_contact": 1786923088,
        "baro_altitude": null,
        "on_ground": true,
        "velocity": 1.03,
        "true_track": 258.75,
        "vertical_rate": null,
        "geo_altitude": null,
        "squawk": "2237",
        "spi": false,
        "position_source": 0
      }
    },
    {
      "type": "Feature",
      "geometry": {
        "type": "Point",
        "coordinates": [
          15.979,
          45.0525
        ]
      },
      "properties": {
        "icao24": "408000",
        "callsign": "EZY2146",
        "origin_country": "United Kingdom",
        "time_position": 1786923088,
        "last_contact": 1786923088,
        "baro_altitude": 11582.4,
        "on_ground": false,
        "velocity": 215.43,
        "true_track": 313.45,
        "vertical_rate": -0.33,
        "geo_altitude": 12123.42,
        "squawk": "5376",
        "spi": false,
        "position_source": 0
      }
    },
    {
      "type": "Feature",
      "geometry": {
        "type": "Point",
        "coordinates": [
          8.5512,
          47.471
        ]
      },
      "properties": {
        "icao24": "4b5c27",
        "callsign": "EUGEN11",
        "origin_country": "Switzerland",
        "time_position": 1786923088,
        "last_contact": 1786923088,
        "baro_altitude": null,
        "on_ground": true,
        "velocity": 15.43,
        "true_track": 137.81,
        "vertical_rate": null,
        "geo_altitude": null,
        "squawk": "1505",
        "spi": true,
        "position_source": 0
      }
    },
    {
      "type": "Feature",
      "geometry": {
        "type": "Point",
        "coordinates": [
          14.5437,
          42.5401
        ]
      },
      "properties": {
        "icao24": "4ca9e7",
        "callsign": "NOS746",
        "origin_country": "Ireland",
        "time_position": 1786923088,
        "last_contact": 1786923088,
        "baro_altitude": 11269.98,
        "on_ground": false,
        "velocity": 258.68,
        "true_track": 127.49,
        "vertical_rate": -0.33,
        "geo_altitude": 11833.86,
        "squawk": "0450",
        "spi": false,
        "position_source": 0
      }
    },
    {
      "type": "Feature",
      "geometry": {
        "type": "Point",
        "coordinates": [
          6.7507,
          46.0723
        ]
      },
      "properties": {
        "icao24": "4841c3",
        "callsign": "MPH8371",
        "origin_country": "Kingdom of the Netherlands",
        "time_position": 1786923088,
        "last_contact": 1786923088,
        "baro_altitude": 9448.8,
        "on_ground": false,
        "velocity": 263.15,
        "true_track": 171.57,
        "vertical_rate": 0,
        "geo_altitude": 9898.38,
        "squawk": "3170",
        "spi": false,
        "position_source": 0
      }
    },
    {
      "type": "Feature",
      "geometry": {
        "type": "Point",
        "coordinates": [
          9.6753,
          45.6721
        ]
      },
      "properties": {
        "icao24": "4ca8e4",
        "callsign": "RYR899T",
        "origin_country": "Ireland",
        "time_position": 1786923087,
        "last_contact": 1786923088,
        "baro_altitude": 586.74,
        "on_ground": false,
        "velocity": 97.54,
        "true_track": 265.46,
        "vertical_rate": 19.51,
        "geo_altitude": 647.7,
        "squawk": null,
        "spi": false,
        "position_source": 0
      }
    },
    {
      "type": "Feature",
      "geometry": {
        "type": "Point",
        "coordinates": [
          8.7436,
          45.7236
        ]
      },
      "properties": {
        "icao24": "4ca961",
        "callsign": "NOS9062",
        "origin_country": "Ireland",
        "time_position": 1786923088,
        "last_contact": 1786923088,
        "baro_altitude": 3489.96,
        "on_ground": false,
        "velocity": 188.45,
        "true_track": 152.53,
        "vertical_rate": -6.5,
        "geo_altitude": 3726.18,
        "squawk": "0535",
        "spi": false,
        "position_source": 0
      }
    },
    {
      "type": "Feature",
      "geometry": {
        "type": "Point",
        "coordinates": [
          14.0743,
          38.5404
        ]
      },
      "properties": {
        "icao24": "4ca804",
        "callsign": "RYR6SA",
        "origin_country": "Ireland",
        "time_position": 1786923088,
        "last_contact": 1786923088,
        "baro_altitude": 10584.18,
        "on_ground": false,
        "velocity": 224.34,
        "true_track": 341.27,
        "vertical_rate": 7.8,
        "geo_altitude": 11132.82,
        "squawk": "7035",
        "spi": false,
        "position_source": 0
      }
    },
    {
      "type": "Feature",
      "geometry": {
        "type": "Point",
        "coordinates": [
          16.9771,
          47.4957
        ]
      },
      "properties": {
        "icao24": "4bcde8",
        "callsign": "SXS4ZH",
        "origin_country": "Turkey",
        "time_position": 1786923088,
        "last_contact": 1786923088,
        "baro_altitude": 6812.28,
        "on_ground": false,
        "velocity": 225.91,
        "true_track": 135.65,
        "vertical_rate": 11.05,
        "geo_altitude": 7147.56,
        "squawk": "7101",
        "spi": false,
        "position_source": 0
      }
    },
    {
      "type": "Feature",
      "geometry": {
        "type": "Point",
        "coordinates": [
          6.9475,
          43.5187
        ]
      },
      "properties": {
        "icao24": "3b9b21",
        "callsign": "RESCUEBT",
        "origin_country": "France",
        "time_position": 1786923086,
        "last_contact": 1786923088,
        "baro_altitude": 22.86,
        "on_ground": false,
        "velocity": 0.73,
        "true_track": 225,
        "vertical_rate": 0,
        "geo_altitude": 76.2,
        "squawk": null,
        "spi": false,
        "position_source": 0
      }
    },
    {
      "type": "Feature",
      "geometry": {
        "type": "Point",
        "coordinates": [
          13.7256,
          46.9126
        ]
      },
      "properties": {
        "icao24": "501c1c",
        "callsign": "TRA081",
        "origin_country": "Croatia",
        "time_position": 1786923088,
        "last_contact": 1786923088,
        "baro_altitude": 8542.02,
        "on_ground": false,
        "velocity": 230.82,
        "true_track": 137.35,
        "vertical_rate": -13.66,
        "geo_altitude": 9014.46,
        "squawk": "1000",
        "spi": false,
        "position_source": 0
      }
    },
    {
      "type": "Feature",
      "geometry": {
        "type": "Point",
        "coordinates": [
          11.1904,
          46.2391
        ]
      },
      "properties": {
        "icao24": "3c1bb0",
        "callsign": "BCS7508",
        "origin_country": "Germany",
        "time_position": 1786923087,
        "last_contact": 1786923088,
        "baro_altitude": 7284.72,
        "on_ground": false,
        "velocity": 216.98,
        "true_track": 203.77,
        "vertical_rate": -9.75,
        "geo_altitude": 7673.34,
        "squawk": "1000",
        "spi": false,
        "position_source": 0
      }
    },
    {
      "type": "Feature",
      "geometry": {
        "type": "Point",
        "coordinates": [
          6.3372,
          37.0656
        ]
      },
      "properties": {
        "icao24": "3c71a1",
        "callsign": "BCS081",
        "origin_country": "Germany",
        "time_position": 1786922859,
        "last_contact": 1786922868,
        "baro_altitude": 11887.2,
        "on_ground": false,
        "velocity": 241.84,
        "true_track": 172.42,
        "vertical_rate": 0,
        "geo_altitude": 12573,
        "squawk": "7154",
        "spi": false,
        "position_source": 0
      }
    },
    {
      "type": "Feature",
      "geometry": {
        "type": "Point",
        "coordinates": [
          18.2195,
          46.6167
        ]
      },
      "properties": {
        "icao24": "4bccb5",
        "callsign": "SXS2XK",
        "origin_country": "Turkey",
        "time_position": 1786923088,
        "last_contact": 1786923088,
        "baro_altitude": 11582.4,
        "on_ground": false,
        "velocity": 203.62,
        "true_track": 306.78,
        "vertical_rate": 0,
        "geo_altitude": 12062.46,
        "squawk": "3212",
        "spi": false,
        "position_source": 0
      }
    },
    {
      "type": "Feature",
      "geometry": {
        "type": "Point",
        "coordinates": [
          18.68,
          44.1991
        ]
      },
      "properties": {
        "icao24": "4bccad",
        "callsign": "SXS4PG",
        "origin_country": "Turkey",
        "time_position": 1786923088,
        "last_contact": 1786923088,
        "baro_altitude": 11582.4,
        "on_ground": false,
        "velocity": 221.06,
        "true_track": 317.74,
        "vertical_rate": 0.33,
        "geo_altitude": 12108.18,
        "squawk": "5305",
        "spi": false,
        "position_source": 0
      }
    },
    {
      "type": "Feature",
      "geometry": {
        "type": "Point",
        "coordinates": [
          8.9693,
          46.9582
        ]
      },
      "properties": {
        "icao24": "40768c",
        "callsign": "EZY72WY",
        "origin_country": "United Kingdom",
        "time_position": 1786923088,
        "last_contact": 1786923088,
        "baro_altitude": 10957.56,
        "on_ground": false,
        "velocity": 215.83,
        "true_track": 305.39,
        "vertical_rate": -0.33,
        "geo_altitude": 11445.24,
        "squawk": "2742",
        "spi": false,
        "position_source": 0
      }
    },
    {
      "type": "Feature",
      "geometry": {
        "type": "Point",
        "coordinates": [
          18.5315,
          43.9543
        ]
      },
      "properties": {
        "icao24": "40767a",
        "callsign": "TOM43H",
        "origin_country": "United Kingdom",
        "time_position": 1786923087,
        "last_contact": 1786923088,
        "baro_altitude": 11582.4,
        "on_ground": false,
        "velocity": 224.82,
        "true_track": 310.36,
        "vertical_rate": 0,
        "geo_altitude": 12123.42,
        "squawk": "7732",
        "spi": false,
        "position_source": 0
      }
    },
    {
      "type": "Feature",
      "geometry": {
        "type": "Point",
        "coordinates": [
          13.2253,
          45.5871
        ]
      },
      "properties": {
        "icao24": "4074b5",
        "callsign": "EZY2404",
        "origin_country": "United Kingdom",
        "time_position": 1786923087,
        "last_contact": 1786923088,
        "baro_altitude": 11590.02,
        "on_ground": false,
        "velocity": 217.9,
        "true_track": 314.9,
        "vertical_rate": 0,
        "geo_altitude": 12100.56,
        "squawk": "2034",
        "spi": false,
        "position_source": 0
      }
    },
    {
      "type": "Feature",
      "geometry": {
        "type": "Point",
        "coordinates": [
          11.8551,
          39.094
        ]
      },
      "properties": {
        "icao24": "4cafca",
        "callsign": "MSA61P",
        "origin_country": "Ireland",
        "time_position": 1786923088,
        "last_contact": 1786923088,
        "baro_altitude": 8641.08,
        "on_ground": false,
        "velocity": 244.04,
        "true_track": 137.91,
        "vertical_rate": -4.88,
        "geo_altitude": 9098.28,
        "squawk": null,
        "spi": false,
        "position_source": 0
      }
    },
    {
      "type": "Feature",
      "geometry": {
        "type": "Point",
        "coordinates": [
          12.841,
          47.1601
        ]
      },
      "properties": {
        "icao24": "010264",
        "callsign": "MSC2916",
        "origin_country": "Egypt",
        "time_position": 1786923088,
        "last_contact": 1786923088,
        "baro_altitude": 10972.8,
        "on_ground": false,
        "velocity": 212.5,
        "true_track": 311.37,
        "vertical_rate": -0.33,
        "geo_altitude": 11460.48,
        "squawk": "5532",
        "spi": false,
        "position_source": 0
      }
    },
    {
      "type": "Feature",
      "geometry": {
        "type": "Point",
        "coordinates": [
          15.4316,
          46.3027
        ]
      },
      "properties": {
        "icao24": "010263",
        "callsign": "MSC2964",
        "origin_country": "Egypt",
        "time_position": 1786923088,
        "last_contact": 1786923088,
        "baro_altitude": 10980.42,
        "on_ground": false,
        "velocity": 223.23,
        "true_track": 320.33,
        "vertical_rate": 0,
        "geo_altitude": 11483.34,
        "squawk": "2052",
        "spi": false,
        "position_source": 0
      }
    },
    {
      "type": "Feature",
      "geometry": {
        "type": "Point",
        "coordinates": [
          18.9708,
          46.3312
        ]
      },
      "properties": {
        "icao24": "010266",
        "callsign": "MSC2932",
        "origin_country": "Egypt",
        "time_position": 1786923088,
        "last_contact": 1786923088,
        "baro_altitude": 11582.4,
        "on_ground": false,
        "velocity": 212.69,
        "true_track": 320.5,
        "vertical_rate": 0,
        "geo_altitude": 12077.7,
        "squawk": "6005",
        "spi": false,
        "position_source": 0
      }
    },
    {
      "type": "Feature",
      "geometry": {
        "type": "Point",
        "coordinates": [
          15.8025,
          44.7729
        ]
      },
      "properties": {
        "icao24": "01020b",
        "callsign": "MSR780",
        "origin_country": "Egypt",
        "time_position": 1786923087,
        "last_contact": 1786923088,
        "baro_altitude": 11894.82,
        "on_ground": false,
        "velocity": 242.73,
        "true_track": 136.63,
        "vertical_rate": -0.33,
        "geo_altitude": 12420.6,
        "squawk": "1141",
        "spi": false,
        "position_source": 0
      }
    },
    {
      "type": "Feature",
      "geometry": {
        "type": "Point",
        "coordinates": [
          17.53,
          43.3986
        ]
      },
      "properties": {
        "icao24": "010207",
        "callsign": "MSR796",
        "origin_country": "Egypt",
        "time_position": 1786923087,
        "last_contact": 1786923088,
        "baro_altitude": 11292.84,
        "on_ground": false,
        "velocity": 248.36,
        "true_track": 137.69,
        "vertical_rate": 0,
        "geo_altitude": 11833.86,
        "squawk": "5232",
        "spi": false,
        "position_source": 0
      }
    },
    {
      "type": "Feature",
      "geometry": {
        "type": "Point",
        "coordinates": [
          18.063,
          40.7757
        ]
      },
      "properties": {
        "icao24": "010236",
        "callsign": "NMA7140",
        "origin_country": "Egypt",
        "time_position": 1786923088,
        "last_contact": 1786923088,
        "baro_altitude": 10370.82,
        "on_ground": false,
        "velocity": 218.26,
        "true_track": 314.81,
        "vertical_rate": 0.33,
        "geo_altitude": 10888.98,
        "squawk": "2026",
        "spi": false,
        "position_source": 0
      }
    },
    {
      "type": "Feature",
      "geometry": {
        "type": "Point",
        "coordinates": [
          8.7158,
          45.6284
        ]
      },
      "properties": {
        "icao24": "010297",
        "callsign": "NMA301",
        "origin_country": "Egypt",
        "time_position": 1786923088,
        "last_contact": 1786923088,
        "baro_altitude": null,
        "on_ground": true,
        "velocity": 0,
        "true_track": 168.75,
        "vertical_rate": null,
        "geo_altitude": null,
        "squawk": null,
        "spi": false,
        "position_source": 0
      }
    },
    {
      "type": "Feature",
      "geometry": {
        "type": "Point",
        "coordinates": [
          12.542,
          41.8796
        ]
      },
      "properties": {
        "icao24": "4d24d5",
        "callsign": "WMT2507",
        "origin_country": "Malta",
        "time_position": 1786923088,
        "last_contact": 1786923088,
        "baro_altitude": 2225.04,
        "on_ground": false,
        "velocity": 142.66,
        "true_track": 313.25,
        "vertical_rate": -7.48,
        "geo_altitude": 2415.54,
        "squawk": "2715",
        "spi": false,
        "position_source": 0
      }
    },
    {
      "type": "Feature",
      "geometry": {
        "type": "Point",
        "coordinates": [
          11.5258,
          47.2465
        ]
      },
      "properties": {
        "icao24": "01028a",
        "callsign": "MSR948",
        "origin_country": "Egypt",
        "time_position": 1786923088,
        "last_contact": 1786923088,
        "baro_altitude": 12496.8,
        "on_ground": false,
        "velocity": 270.37,
        "true_track": 117.54,
        "vertical_rate": 0,
        "geo_altitude": 12938.76,
        "squawk": "2214",
        "spi": false,
        "position_source": 0
      }
    },
    {
      "type": "Feature",
      "geometry": {
        "type": "Point",
        "coordinates": [
          11.8092,
          41.778
        ]
      },
      "properties": {
        "icao24": "4d24b5",
        "callsign": "WMT1488",
        "origin_country": "Malta",
        "time_position": 1786923088,
        "last_contact": 1786923088,
        "baro_altitude": 3268.98,
        "on_ground": false,
        "velocity": 162.34,
        "true_track": 11.7,
        "vertical_rate": -3.9,
        "geo_altitude": 3520.44,
        "squawk": "1000",
        "spi": false,
        "position_source": 0
      }
    },
    {
      "type": "Feature",
      "geometry": {
        "type": "Point",
        "coordinates": [
          17.0142,
          44.6916
        ]
      },
      "properties": {
        "icao24": "300990",
        "callsign": "LSI220",
        "origin_country": "Italy",
        "time_position": 1786923087,
        "last_contact": 1786923088,
        "baro_altitude": 10363.2,
        "on_ground": false,
        "velocity": 238.49,
        "true_track": 282.84,
        "vertical_rate": 0,
        "geo_altitude": 10873.74,
        "squawk": "7340",
        "spi": false,
        "position_source": 0
      }
    },
    {
      "type": "Feature",
      "geometry": {
        "type": "Point",
        "coordinates": [
          9.7703,
          45.6561
        ]
      },
      "properties": {
        "icao24": "4caee6",
        "callsign": "RYR599Y",
        "origin_country": "Ireland",
        "time_position": 1786923087,
        "last_contact": 1786923087,
        "baro_altitude": 419.1,
        "on_ground": false,
        "velocity": 87.22,
        "true_track": 284.69,
        "vertical_rate": -4.55,
        "geo_altitude": 495.3,
        "squawk": "1000",
        "spi": false,
        "position_source": 0
      }
    },
    {
      "type": "Feature",
      "geometry": {
        "type": "Point",
        "coordinates": [
          16.7605,
          46.1471
        ]
      },
      "properties": {
        "icao24": "4d2536",
        "callsign": "WZZ1JS",
        "origin_country": "Malta",
        "time_position": 1786923088,
        "last_contact": 1786923088,
        "baro_altitude": 10248.9,
        "on_ground": false,
        "velocity": 235.36,
        "true_track": 45.27,
        "vertical_rate": -1.95,
        "geo_altitude": 10744.2,
        "squawk": "1000",
        "spi": false,
        "position_source": 0
      }
    },
    {
      "type": "Feature",
      "geometry": {
        "type": "Point",
        "coordinates": [
          8.0653,
          40.8718
        ]
      },
      "properties": {
        "icao24": "71ba07",
        "callsign": "KAL922",
        "origin_country": "Republic of Korea",
        "time_position": 1786923088,
        "last_contact": 1786923088,
        "baro_altitude": 10965.18,
        "on_ground": false,
        "velocity": 265.68,
        "true_track": 70.9,
        "vertical_rate": 0,
        "geo_altitude": 11498.58,
        "squawk": "1235",
        "spi": false,
        "position_source": 0
      }
    },
    {
      "type": "Feature",
      "geometry": {
        "type": "Point",
        "coordinates": [
          10.3183,
          44.8401
        ]
      },
      "properties": {
        "icao24": "4caf28",
        "callsign": "RYR4787",
        "origin_country": "Ireland",
        "time_position": 1786923088,
        "last_contact": 1786923088,
        "baro_altitude": 5303.52,
        "on_ground": false,
        "velocity": 185.49,
        "true_track": 336.63,
        "vertical_rate": -11.7,
        "geo_altitude": 5615.94,
        "squawk": "1000",
        "spi": false,
        "position_source": 0
      }
    },
    {
      "type": "Feature",
      "geometry": {
        "type": "Point",
        "coordinates": [
          18.3113,
          47.1554
        ]
      },
      "properties": {
        "icao24": "4d241e",
        "callsign": "WZZ456",
        "origin_country": "Malta",
        "time_position": 1786923088,
        "last_contact": 1786923088,
        "baro_altitude": 6675.12,
        "on_ground": false,
        "velocity": 180.07,
        "true_track": 325.95,
        "vertical_rate": -7.8,
        "geo_altitude": 7025.64,
        "squawk": "5477",
        "spi": false,
        "position_source": 0
      }
    },
    {
      "type": "Feature",
      "geometry": {
        "type": "Point",
        "coordinates": [
          11.9142,
          45.7075
        ]
      },
      "properties": {
        "icao24": "4cadc3",
        "callsign": "RYR5997",
        "origin_country": "Ireland",
        "time_position": 1786923088,
        "last_contact": 1786923088,
        "baro_altitude": 5539.74,
        "on_ground": false,
        "velocity": 167.86,
        "true_track": 264.9,
        "vertical_rate": 7.15,
        "geo_altitude": 5836.92,
        "squawk": "1000",
        "spi": false,
        "position_source": 0
      }
    },
    {
      "type": "Feature",
      "geometry": {
        "type": "Point",
        "coordinates": [
          9.0296,
          44.8975
        ]
      },
      "properties": {
        "icao24": "4d2420",
        "callsign": "WMT3C",
        "origin_country": "Malta",
        "time_position": 1786923088,
        "last_contact": 1786923088,
        "baro_altitude": 4442.46,
        "on_ground": false,
        "velocity": 190.58,
        "true_track": 311.61,
        "vertical_rate": -13,
        "geo_altitude": 4716.78,
        "squawk": "2074",
        "spi": false,
        "position_source": 0
      }
    },
    {
      "type": "Feature",
      "geometry": {
        "type": "Point",
        "coordinates": [
          8.7373,
          45.6165
        ]
      },
      "properties": {
        "icao24": "4d2421",
        "callsign": "WMT5CS",
        "origin_country": "Malta",
        "time_position": 1786923088,
        "last_contact": 1786923088,
        "baro_altitude": null,
        "on_ground": true,
        "velocity": 4.37,
        "true_track": 348.75,
        "vertical_rate": null,
        "geo_altitude": null,
        "squawk": "2074",
        "spi": false,
        "position_source": 0
      }
    },
    {
      "type": "Feature",
      "geometry": {
        "type": "Point",
        "coordinates": [
          12.7929,
          36.2996
        ]
      },
      "properties": {
        "icao24": "3005c5",
        "callsign": "ISRNT",
        "origin_country": "Italy",
        "time_position": 1786923043,
        "last_contact": 1786923064,
        "baro_altitude": 899.16,
        "on_ground": false,
        "velocity": 71.83,
        "true_track": 11.15,
        "vertical_rate": 0,
        "geo_altitude": 1005.84,
        "squawk": "0064",
        "spi": false,
        "position_source": 0
      }
    },
    {
      "type": "Feature",
      "geometry": {
        "type": "Point",
        "coordinates": [
          9.9691,
          42.5794
        ]
      },
      "properties": {
        "icao24": "346043",
        "callsign": "VOE93DP",
        "origin_country": "Spain",
        "time_position": 1786923088,
        "last_contact": 1786923088,
        "baro_altitude": 9753.6,
        "on_ground": false,
        "velocity": 221.85,
        "true_track": 5.86,
        "vertical_rate": 0,
        "geo_altitude": 10256.52,
        "squawk": null,
        "spi": false,
        "position_source": 0
      }
    },
    {
      "type": "Feature",
      "geometry": {
        "type": "Point",
        "coordinates": [
          17.6477,
          44.4079
        ]
      },
      "properties": {
        "icao24": "4d2490",
        "callsign": "WZZ8809",
        "origin_country": "Malta",
        "time_position": 1786923088,
        "last_contact": 1786923088,
        "baro_altitude": 11269.98,
        "on_ground": false,
        "velocity": 251.38,
        "true_track": 138.15,
        "vertical_rate": 0,
        "geo_altitude": 11818.62,
        "squawk": "7704",
        "spi": false,
        "position_source": 0
      }
    },
    {
      "type": "Feature",
      "geometry": {
        "type": "Point",
        "coordinates": [
          18.6755,
          38.581
        ]
      },
      "properties": {
        "icao24": "4cae00",
        "callsign": "RYR40WN",
        "origin_country": "Ireland",
        "time_position": 1786923088,
        "last_contact": 1786923088,
        "baro_altitude": 11277.6,
        "on_ground": false,
        "velocity": 220.33,
        "true_track": 230.4,
        "vertical_rate": 0,
        "geo_altitude": 11856.72,
        "squawk": "7341",
        "spi": false,
        "position_source": 0
      }
    },
    {
      "type": "Feature",
      "geometry": {
        "type": "Point",
        "coordinates": [
          18.5117,
          39.6267
        ]
      },
      "properties": {
        "icao24": "346107",
        "callsign": "LAV3640",
        "origin_country": "Spain",
        "time_position": 1786923088,
        "last_contact": 1786923088,
        "baro_altitude": 10972.8,
        "on_ground": false,
        "velocity": 219.26,
        "true_track": 312.15,
        "vertical_rate": -0.33,
        "geo_altitude": 11513.82,
        "squawk": "7733",
        "spi": false,
        "position_source": 0
      }
    },
    {
      "type": "Feature",
      "geometry": {
        "type": "Point",
        "coordinates": [
          9.6321,
          45.7102
        ]
      },
      "properties": {
        "icao24": "4cae52",
        "callsign": "RYR18ZB",
        "origin_country": "Ireland",
        "time_position": 1786923088,
        "last_contact": 1786923088,
        "baro_altitude": 4152.9,
        "on_ground": false,
        "velocity": 156.96,
        "true_track": 355.11,
        "vertical_rate": 4.55,
        "geo_altitude": 4389.12,
        "squawk": "1000",
        "spi": false,
        "position_source": 0
      }
    },
    {
      "type": "Feature",
      "geometry": {
        "type": "Point",
        "coordinates": [
          14.8316,
          43.5524
        ]
      },
      "properties": {
        "icao24": "4cae93",
        "callsign": "RYR58SV",
        "origin_country": "Ireland",
        "time_position": 1786923088,
        "last_contact": 1786923088,
        "baro_altitude": 10972.8,
        "on_ground": false,
        "velocity": 230.53,
        "true_track": 296.79,
        "vertical_rate": 0.33,
        "geo_altitude": 11506.2,
        "squawk": "7351",
        "spi": false,
        "position_source": 0
      }
    },
    {
      "type": "Feature",
      "geometry": {
        "type": "Point",
        "coordinates": [
          10.9622,
          45.3811
        ]
      },
      "properties": {
        "icao24": "4cae9e",
        "callsign": "RYR985",
        "origin_country": "Ireland",
        "time_position": 1786923087,
        "last_contact": 1786923088,
        "baro_altitude": 5814.06,
        "on_ground": false,
        "velocity": 171.18,
        "true_track": 279.69,
        "vertical_rate": -7.15,
        "geo_altitude": 6141.72,
        "squawk": "6405",
        "spi": false,
        "position_source": 0
      }
    },
    {
      "type": "Feature",
      "geometry": {
        "type": "Point",
        "coordinates": [
          13.4828,
          46.8065
        ]
      },
      "properties": {
        "icao24": "407267",
        "callsign": "EXS36AP",
        "origin_country": "United Kingdom",
        "time_position": 1786923088,
        "last_contact": 1786923088,
        "baro_altitude": 10972.8,
        "on_ground": false,
        "velocity": 212.75,
        "true_track": 308.42,
        "vertical_rate": 0,
        "geo_altitude": 11468.1,
        "squawk": "2234",
        "spi": false,
        "position_source": 0
      }
    },
    {
      "type": "Feature",
      "geometry": {
        "type": "Point",
        "coordinates": [
          8.8294,
          41.1221
        ]
      },
      "properties": {
        "icao24": "4d2300",
        "callsign": "RYR4KK",
        "origin_country": "Malta",
        "time_position": 1786923088,
        "last_contact": 1786923088,
        "baro_altitude": 11582.4,
        "on_ground": false,
        "velocity": 247.6,
        "true_track": 84.4,
        "vertical_rate": 0,
        "geo_altitude": 12161.52,
        "squawk": "1000",
        "spi": false,
        "position_source": 0
      }
    },
    {
      "type": "Feature",
      "geometry": {
        "type": "Point",
        "coordinates": [
          11.6054,
          38.3408
        ]
      },
      "properties": {
        "icao24": "4d2397",
        "callsign": "MNS527",
        "origin_country": "Malta",
        "time_position": 1786923087,
        "last_contact": 1786923088,
        "baro_altitude": 11887.2,
        "on_ground": false,
        "velocity": 251.33,
        "true_track": 169.27,
        "vertical_rate": 0,
        "geo_altitude": 12542.52,
        "squawk": "0425",
        "spi": false,
        "position_source": 0
      }
    },
    {
      "type": "Feature",
      "geometry": {
        "type": "Point",
        "coordinates": [
          10.3651,
          44.7611
        ]
      },
      "properties": {
        "icao24": "4d228f",
        "callsign": "RYR13GV",
        "origin_country": "Malta",
        "time_position": 1786923088,
        "last_contact": 1786923088,
        "baro_altitude": 10058.4,
        "on_ground": false,
        "velocity": 236.65,
        "true_track": 270.37,
        "vertical_rate": 0.33,
        "geo_altitude": 10553.7,
        "squawk": "6024",
        "spi": false,
        "position_source": 0
      }
    },
    {
      "type": "Feature",
      "geometry": {
        "type": "Point",
        "coordinates": [
          6.8547,
          46.588
        ]
      },
      "properties": {
        "icao24": "4cad3e",
        "callsign": "RYR65ER",
        "origin_country": "Ireland",
        "time_position": 1786923087,
        "last_contact": 1786923088,
        "baro_altitude": 11148.06,
        "on_ground": false,
        "velocity": 225.06,
        "true_track": 299.44,
        "vertical_rate": 4.55,
        "geo_altitude": 11643.36,
        "squawk": "5732",
        "spi": false,
        "position_source": 0
      }
    },
    {
      "type": "Feature",
      "geometry": {
        "type": "Point",
        "coordinates": [
          8.3892,
          46.6809
        ]
      },
      "properties": {
        "icao24": "4d21dd",
        "callsign": "WMT9SK",
        "origin_country": "Malta",
        "time_position": 1786923087,
        "last_contact": 1786923088,
        "baro_altitude": 9326.88,
        "on_ground": false,
        "velocity": 239.16,
        "true_track": 172.58,
        "vertical_rate": -17.56,
        "geo_altitude": 9799.32,
        "squawk": "0740",
        "spi": false,
        "position_source": 0
      }
    },
    {
      "type": "Feature",
      "geometry": {
        "type": "Point",
        "coordinates": [
          18.3275,
          46.5799
        ]
      },
      "properties": {
        "icao24": "45d961",
        "callsign": "VKG041",
        "origin_country": "Denmark",
        "time_position": 1786923088,
        "last_contact": 1786923088,
        "baro_altitude": 10972.8,
        "on_ground": false,
        "velocity": 210.9,
        "true_track": 327.05,
        "vertical_rate": 0,
        "geo_altitude": 11475.72,
        "squawk": "4512",
        "spi": false,
        "position_source": 0
      }
    },
    {
      "type": "Feature",
      "geometry": {
        "type": "Point",
        "coordinates": [
          8.728,
          45.6722
        ]
      },
      "properties": {
        "icao24": "4d20fd",
        "callsign": "WMT7A",
        "origin_country": "Malta",
        "time_position": 1786923088,
        "last_contact": 1786923088,
        "baro_altitude": 929.64,
        "on_ground": false,
        "velocity": 82.29,
        "true_track": 8.99,
        "vertical_rate": 11.05,
        "geo_altitude": 1021.08,
        "squawk": "1000",
        "spi": false,
        "position_source": 0
      }
    },
    {
      "type": "Feature",
      "geometry": {
        "type": "Point",
        "coordinates": [
          11.3094,
          44.528
        ]
      },
      "properties": {
        "icao24": "4d2208",
        "callsign": "RYR709E",
        "origin_country": "Malta",
        "time_position": 1786922839,
        "last_contact": 1786922839,
        "baro_altitude": 83.82,
        "on_ground": false,
        "velocity": 71.32,
        "true_track": 296.57,
        "vertical_rate": -4.23,
        "geo_altitude": 152.4,
        "squawk": "0547",
        "spi": false,
        "position_source": 0
      }
    },
    {
      "type": "Feature",
      "geometry": {
        "type": "Point",
        "coordinates": [
          14.4818,
          42.4546
        ]
      },
      "properties": {
        "icao24": "4d2210",
        "callsign": "RYR3423",
        "origin_country": "Malta",
        "time_position": 1786923088,
        "last_contact": 1786923088,
        "baro_altitude": 10972.8,
        "on_ground": false,
        "velocity": 228.74,
        "true_track": 302.98,
        "vertical_rate": 0,
        "geo_altitude": 11506.2,
        "squawk": "1000",
        "spi": false,
        "position_source": 0
      }
    },
    {
      "type": "Feature",
      "geometry": {
        "type": "Point",
        "coordinates": [
          14.1971,
          42.6947
        ]
      },
      "properties": {
        "icao24": "4d220c",
        "callsign": "RYR2TY",
        "origin_country": "Malta",
        "time_position": 1786923088,
        "last_contact": 1786923088,
        "baro_altitude": 3185.16,
        "on_ground": false,
        "velocity": 193.11,
        "true_track": 348.63,
        "vertical_rate": 20.16,
        "geo_altitude": 3383.28,
        "squawk": null,
        "spi": false,
        "position_source": 0
      }
    },
    {
      "type": "Feature",
      "geometry": {
        "type": "Point",
        "coordinates": [
          9.7248,
          45.6645
        ]
      },
      "properties": {
        "icao24": "4d2264",
        "callsign": "RYR465X",
        "origin_country": "Malta",
        "time_position": 1786922936,
        "last_contact": 1786922937,
        "baro_altitude": 228.6,
        "on_ground": false,
        "velocity": 82.61,
        "true_track": 285.16,
        "vertical_rate": -2.6,
        "geo_altitude": 297.18,
        "squawk": "1000",
        "spi": false,
        "position_source": 0
      }
    },
    {
      "type": "Feature",
      "geometry": {
        "type": "Point",
        "coordinates": [
          13.4234,
          40.3111
        ]
      },
      "properties": {
        "icao24": "4d2260",
        "callsign": "RYR4WT",
        "origin_country": "Malta",
        "time_position": 1786923088,
        "last_contact": 1786923088,
        "baro_altitude": 10363.2,
        "on_ground": false,
        "velocity": 229.28,
        "true_track": 342.91,
        "vertical_rate": 0,
        "geo_altitude": 10896.6,
        "squawk": "5115",
        "spi": false,
        "position_source": 0
      }
    },
    {
      "type": "Feature",
      "geometry": {
        "type": "Point",
        "coordinates": [
          9.3967,
          39.5539
        ]
      },
      "properties": {
        "icao24": "4cabf8",
        "callsign": "MSA9786",
        "origin_country": "Ireland",
        "time_position": 1786923088,
        "last_contact": 1786923088,
        "baro_altitude": 5448.3,
        "on_ground": false,
        "velocity": 209.55,
        "true_track": 44.2,
        "vertical_rate": 19.18,
        "geo_altitude": 5798.82,
        "squawk": null,
        "spi": false,
        "position_source": 0
      }
    },
    {
      "type": "Feature",
      "geometry": {
        "type": "Point",
        "coordinates": [
          13.1322,
          42.8606
        ]
      },
      "properties": {
        "icao24": "4d20e5",
        "callsign": "HAT4911",
        "origin_country": "Malta",
        "time_position": 1786923088,
        "last_contact": 1786923088,
        "baro_altitude": 9753.6,
        "on_ground": false,
        "velocity": 229.04,
        "true_track": 302.62,
        "vertical_rate": 0,
        "geo_altitude": 10233.66,
        "squawk": "5521",
        "spi": false,
        "position_source": 0
      }
    },
    {
      "type": "Feature",
      "geometry": {
        "type": "Point",
        "coordinates": [
          18.5314,
          41.0999
        ]
      },
      "properties": {
        "icao24": "4cac8d",
        "callsign": "NOS7929",
        "origin_country": "Ireland",
        "time_position": 1786923088,
        "last_contact": 1786923088,
        "baro_altitude": 10972.8,
        "on_ground": false,
        "velocity": 223.07,
        "true_track": 305.05,
        "vertical_rate": 0,
        "geo_altitude": 11498.58,
        "squawk": "5533",
        "spi": false,
        "position_source": 0
      }
    },
    {
      "type": "Feature",
      "geometry": {
        "type": "Point",
        "coordinates": [
          12.199,
          41.6265
        ]
      },
      "properties": {
        "icao24": "4d20be",
        "callsign": "WMT454",
        "origin_country": "Malta",
        "time_position": 1786923088,
        "last_contact": 1786923088,
        "baro_altitude": 11285.22,
        "on_ground": false,
        "velocity": 239.69,
        "true_track": 151.12,
        "vertical_rate": 0.33,
        "geo_altitude": 11864.34,
        "squawk": "0002",
        "spi": false,
        "position_source": 0
      }
    },
    {
      "type": "Feature",
      "geometry": {
        "type": "Point",
        "coordinates": [
          11.2486,
          44.3831
        ]
      },
      "properties": {
        "icao24": "4d20bc",
        "callsign": "WMT2WP",
        "origin_country": "Malta",
        "time_position": 1786923088,
        "last_contact": 1786923088,
        "baro_altitude": 6637.02,
        "on_ground": false,
        "velocity": 233.46,
        "true_track": 32.67,
        "vertical_rate": -18.86,
        "geo_altitude": 7018.02,
        "squawk": "1000",
        "spi": false,
        "position_source": 0
      }
    },
    {
      "type": "Feature",
      "geometry": {
        "type": "Point",
        "coordinates": [
          14.577,
          46.5122
        ]
      },
      "properties": {
        "icao24": "408352",
        "callsign": "EXS78FG",
        "origin_country": "United Kingdom",
        "time_position": 1786923088,
        "last_contact": 1786923088,
        "baro_altitude": 10378.44,
        "on_ground": false,
        "velocity": 222.78,
        "true_track": 301.3,
        "vertical_rate": 0,
        "geo_altitude": 10858.5,
        "squawk": "5253",
        "spi": false,
        "position_source": 0
      }
    },
    {
      "type": "Feature",
      "geometry": {
        "type": "Point",
        "coordinates": [
          10.7254,
          47.146
        ]
      },
      "properties": {
        "icao24": "408346",
        "callsign": "EXS2DT",
        "origin_country": "United Kingdom",
        "time_position": 1786923088,
        "last_contact": 1786923088,
        "baro_altitude": 10378.44,
        "on_ground": false,
        "velocity": 219.81,
        "true_track": 318.7,
        "vertical_rate": 0,
        "geo_altitude": 10858.5,
        "squawk": "2704",
        "spi": false,
        "position_source": 0
      }
    },
    {
      "type": "Feature",
      "geometry": {
        "type": "Point",
        "coordinates": [
          16.0202,
          44.9889
        ]
      },
      "properties": {
        "icao24": "40832c",
        "callsign": "TOM523",
        "origin_country": "United Kingdom",
        "time_position": 1786923088,
        "last_contact": 1786923088,
        "baro_altitude": 10972.8,
        "on_ground": false,
        "velocity": 219.76,
        "true_track": 313.86,
        "vertical_rate": 0,
        "geo_altitude": 11498.58,
        "squawk": "2076",
        "spi": false,
        "position_source": 0
      }
    },
    {
      "type": "Feature",
      "geometry": {
        "type": "Point",
        "coordinates": [
          17.7866,
          44.4157
        ]
      },
      "properties": {
        "icao24": "40832b",
        "callsign": "TOM86Y",
        "origin_country": "United Kingdom",
        "time_position": 1786923087,
        "last_contact": 1786923088,
        "baro_altitude": 11582.4,
        "on_ground": false,
        "velocity": 220.99,
        "true_track": 309.81,
        "vertical_rate": 0.33,
        "geo_altitude": 12123.42,
        "squawk": "6637",
        "spi": false,
        "position_source": 0
      }
    },
    {
      "type": "Feature",
      "geometry": {
        "type": "Point",
        "coordinates": [
          16.1743,
          43.6298
        ]
      },
      "properties": {
        "icao24": "40838a",
        "callsign": "EZY75PF",
        "origin_country": "United Kingdom",
        "time_position": 1786923088,
        "last_contact": 1786923088,
        "baro_altitude": 10363.2,
        "on_ground": false,
        "velocity": 228.59,
        "true_track": 312.99,
        "vertical_rate": 0.33,
        "geo_altitude": 10881.36,
        "squawk": "5530",
        "spi": false,
        "position_source": 0
      }
    },
    {
      "type": "Feature",
      "geometry": {
        "type": "Point",
        "coordinates": [
          14.2424,
          39.9702
        ]
      },
      "properties": {
        "icao24": "710130",
        "callsign": "SVA118",
        "origin_country": "Saudi Arabia",
        "time_position": 1786923088,
        "last_contact": 1786923088,
        "baro_altitude": 11887.2,
        "on_ground": false,
        "velocity": 267.76,
        "true_track": 135.78,
        "vertical_rate": -0.33,
        "geo_altitude": 12496.8,
        "squawk": "2224",
        "spi": false,
        "position_source": 0
      }
    },
    {
      "type": "Feature",
      "geometry": {
        "type": "Point",
        "coordinates": [
          12.2567,
          41.8573
        ]
      },
      "properties": {
        "icao24": "4d2101",
        "callsign": "WMT5320",
        "origin_country": "Malta",
        "time_position": 1786922785,
        "last_contact": 1786922785,
        "baro_altitude": 76.2,
        "on_ground": false,
        "velocity": 73.22,
        "true_track": 162.84,
        "vertical_rate": -3.9,
        "geo_altitude": 152.4,
        "squawk": "1000",
        "spi": false,
        "position_source": 0
      }
    },
    {
      "type": "Feature",
      "geometry": {
        "type": "Point",
        "coordinates": [
          11.3479,
          41.559
        ]
      },
      "properties": {
        "icao24": "4d213e",
        "callsign": "WMT9706",
        "origin_country": "Malta",
        "time_position": 1786923088,
        "last_contact": 1786923088,
        "baro_altitude": 4686.3,
        "on_ground": false,
        "velocity": 193.75,
        "true_track": 71.42,
        "vertical_rate": -6.5,
        "geo_altitude": 4991.1,
        "squawk": "1000",
        "spi": false,
        "position_source": 0
      }
    },
    {
      "type": "Feature",
      "geometry": {
        "type": "Point",
        "coordinates": [
          17.273,
          44.5111
        ]
      },
      "properties": {
        "icao24": "408305",
        "callsign": "EXS49CF",
        "origin_country": "United Kingdom",
        "time_position": 1786923088,
        "last_contact": 1786923088,
        "baro_altitude": 10949.94,
        "on_ground": false,
        "velocity": 216.28,
        "true_track": 306.49,
        "vertical_rate": -0.33,
        "geo_altitude": 11483.34,
        "squawk": "5311",
        "spi": false,
        "position_source": 0
      }
    },
    {
      "type": "Feature",
      "geometry": {
        "type": "Point",
        "coordinates": [
          17.5609,
          40.9528
        ]
      },
      "properties": {
        "icao24": "4d2090",
        "callsign": "WMT4LF",
        "origin_country": "Malta",
        "time_position": 1786923088,
        "last_contact": 1786923088,
        "baro_altitude": 10363.2,
        "on_ground": false,
        "velocity": 227.89,
        "true_track": 304.52,
        "vertical_rate": 0,
        "geo_altitude": 10881.36,
        "squawk": null,
        "spi": false,
        "position_source": 0
      }
    },
    {
      "type": "Feature",
      "geometry": {
        "type": "Point",
        "coordinates": [
          13.2098,
          38.9558
        ]
      },
      "properties": {
        "icao24": "4d2095",
        "callsign": "RYR8VE",
        "origin_country": "Malta",
        "time_position": 1786923088,
        "last_contact": 1786923088,
        "baro_altitude": 11277.6,
        "on_ground": false,
        "velocity": 248.33,
        "true_track": 151.95,
        "vertical_rate": 0,
        "geo_altitude": 11856.72,
        "squawk": "7456",
        "spi": false,
        "position_source": 0
      }
    },
    {
      "type": "Feature",
      "geometry": {
        "type": "Point",
        "coordinates": [
          15.9645,
          45.438
        ]
      },
      "properties": {
        "icao24": "40717b",
        "callsign": "EXS58RH",
        "origin_country": "United Kingdom",
        "time_position": 1786923088,
        "last_contact": 1786923088,
        "baro_altitude": 10972.8,
        "on_ground": false,
        "velocity": 220.55,
        "true_track": 308.18,
        "vertical_rate": 0,
        "geo_altitude": 11483.34,
        "squawk": "5617",
        "spi": false,
        "position_source": 0
      }
    },
    {
      "type": "Feature",
      "geometry": {
        "type": "Point",
        "coordinates": [
          12.902,
          47.1285
        ]
      },
      "properties": {
        "icao24": "407183",
        "callsign": "EXS87ET",
        "origin_country": "United Kingdom",
        "time_position": 1786923088,
        "last_contact": 1786923088,
        "baro_altitude": 11582.4,
        "on_ground": false,
        "velocity": 203.04,
        "true_track": 308,
        "vertical_rate": 0,
        "geo_altitude": 12054.84,
        "squawk": "2023",
        "spi": false,
        "position_source": 0
      }
    },
    {
      "type": "Feature",
      "geometry": {
        "type": "Point",
        "coordinates": [
          12.2164,
          41.976
        ]
      },
      "properties": {
        "icao24": "4d2007",
        "callsign": "WMT16PT",
        "origin_country": "Malta",
        "time_position": 1786923088,
        "last_contact": 1786923088,
        "baro_altitude": 701.04,
        "on_ground": false,
        "velocity": 97.92,
        "true_track": 201.58,
        "vertical_rate": -4.23,
        "geo_altitude": 815.34,
        "squawk": "2164",
        "spi": true,
        "position_source": 0
      }
    },
    {
      "type": "Feature",
      "geometry": {
        "type": "Point",
        "coordinates": [
          13.9544,
          36.1351
        ]
      },
      "properties": {
        "icao24": "4d2038",
        "callsign": "KMM455",
        "origin_country": "Malta",
        "time_position": 1786923088,
        "last_contact": 1786923088,
        "baro_altitude": 4130.04,
        "on_ground": false,
        "velocity": 186.71,
        "true_track": 133.1,
        "vertical_rate": -9.43,
        "geo_altitude": 4419.6,
        "squawk": "1216",
        "spi": false,
        "position_source": 0
      }
    },
    {
      "type": "Feature",
      "geometry": {
        "type": "Point",
        "coordinates": [
          9.0001,
          41.2883
        ]
      },
      "properties": {
        "icao24": "4d201e",
        "callsign": "WMT511",
        "origin_country": "Malta",
        "time_position": 1786923088,
        "last_contact": 1786923088,
        "baro_altitude": 10378.44,
        "on_ground": false,
        "velocity": 250.6,
        "true_track": 80.19,
        "vertical_rate": -0.33,
        "geo_altitude": 10919.46,
        "squawk": "1161",
        "spi": false,
        "position_source": 0
      }
    },
    {
      "type": "Feature",
      "geometry": {
        "type": "Point",
        "coordinates": [
          9.6899,
          41.3172
        ]
      },
      "properties": {
        "icao24": "348203",
        "callsign": "VLG2481",
        "origin_country": "Spain",
        "time_position": 1786923088,
        "last_contact": 1786923088,
        "baro_altitude": 10675.62,
        "on_ground": false,
        "velocity": 227.44,
        "true_track": 250.99,
        "vertical_rate": 0,
        "geo_altitude": 11216.64,
        "squawk": "1000",
        "spi": false,
        "position_source": 0
      }
    },
    {
      "type": "Feature",
      "geometry": {
        "type": "Point",
        "coordinates": [
          8.721,
          45.6209
        ]
      },
      "properties": {
        "icao24": "4d200e",
        "callsign": "WMT8064",
        "origin_country": "Malta",
        "time_position": 1786922806,
        "last_contact": 1786922809,
        "baro_altitude": null,
        "on_ground": true,
        "velocity": 0.06,
        "true_track": 78.75,
        "vertical_rate": null,
        "geo_altitude": null,
        "squawk": "1000",
        "spi": false,
        "position_source": 0
      }
    },
    {
      "type": "Feature",
      "geometry": {
        "type": "Point",
        "coordinates": [
          8.5672,
          47.4461
        ]
      },
      "properties": {
        "icao24": "4b17fb",
        "callsign": "SWR",
        "origin_country": "Switzerland",
        "time_position": 1786923084,
        "last_contact": 1786923088,
        "baro_altitude": null,
        "on_ground": true,
        "velocity": 0,
        "true_track": 64.69,
        "vertical_rate": null,
        "geo_altitude": null,
        "squawk": "2000",
        "spi": false,
        "position_source": 0
      }
    },
    {
      "type": "Feature",
      "geometry": {
        "type": "Point",
        "coordinates": [
          12.4274,
          43.97
        ]
      },
      "properties": {
        "icao24": "3481c9",
        "callsign": "BCS7550",
        "origin_country": "Spain",
        "time_position": 1786923088,
        "last_contact": 1786923088,
        "baro_altitude": 10668,
        "on_ground": false,
        "velocity": 234.28,
        "true_track": 126.52,
        "vertical_rate": 0,
        "geo_altitude": 11209.02,
        "squawk": "0407",
        "spi": false,
        "position_source": 0
      }
    },
    {
      "type": "Feature",
      "geometry": {
        "type": "Point",
        "coordinates": [
          8.5636,
          47.4414
        ]
      },
      "properties": {
        "icao24": "4b17fa",
        "callsign": "SWR",
        "origin_country": "Switzerland",
        "time_position": 1786923074,
        "last_contact": 1786923088,
        "baro_altitude": 396.24,
        "on_ground": true,
        "velocity": 0,
        "true_track": 64.69,
        "vertical_rate": null,
        "geo_altitude": null,
        "squawk": "2000",
        "spi": false,
        "position_source": 0
      }
    }
  ]
}