{
  "type": "FeatureCollection",
  "source": "opensky",
  "dataset": "aircraft_italy",
  "generated_at": "2026-09-18T18:31:57.128458+00:00",
  "opensky_time": 1789756313,
  "count": 635,
  "features": [
    {
      "type": "Feature",
      "geometry": {
        "type": "Point",
        "coordinates": [
          8.3566,
          47.7457
        ]
      },
      "properties": {
        "icao24": "39de4c",
        "callsign": "TVF539X",
        "origin_country": "France",
        "time_position": 1789756312,
        "last_contact": 1789756312,
        "baro_altitude": 11864.34,
        "on_ground": false,
        "velocity": 236.82,
        "true_track": 104.34,
        "vertical_rate": 0.33,
        "geo_altitude": 12237.72,
        "squawk": "0654",
        "spi": false,
        "position_source": 0
      }
    },
    {
      "type": "Feature",
      "geometry": {
        "type": "Point",
        "coordinates": [
          12.2161,
          41.7951
        ]
      },
      "properties": {
        "icao24": "39de58",
        "callsign": "TVF50AD",
        "origin_country": "France",
        "time_position": 1789756312,
        "last_contact": 1789756312,
        "baro_altitude": 434.34,
        "on_ground": false,
        "velocity": 79.25,
        "true_track": 250.27,
        "vertical_rate": 6.83,
        "geo_altitude": 518.16,
        "squawk": null,
        "spi": false,
        "position_source": 0
      }
    },
    {
      "type": "Feature",
      "geometry": {
        "type": "Point",
        "coordinates": [
          10.7421,
          43.0535
        ]
      },
      "properties": {
        "icao24": "39de50",
        "callsign": "TVF235L",
        "origin_country": "France",
        "time_position": 1789756312,
        "last_contact": 1789756312,
        "baro_altitude": 11590.02,
        "on_ground": false,
        "velocity": 226.99,
        "true_track": 319.6,
        "vertical_rate": -0.65,
        "geo_altitude": 11993.88,
        "squawk": "4101",
        "spi": false,
        "position_source": 0
      }
    },
    {
      "type": "Feature",
      "geometry": {
        "type": "Point",
        "coordinates": [
          17.2912,
          42.5851
        ]
      },
      "properties": {
        "icao24": "39de48",
        "callsign": "TVF27SZ",
        "origin_country": "France",
        "time_position": 1789756293,
        "last_contact": 1789756296,
        "baro_altitude": 11582.4,
        "on_ground": false,
        "velocity": 226.03,
        "true_track": 304.52,
        "vertical_rate": 0,
        "geo_altitude": 12001.5,
        "squawk": null,
        "spi": false,
        "position_source": 0
      }
    },
    {
      "type": "Feature",
      "geometry": {
        "type": "Point",
        "coordinates": [
          11.864,
          45.2382
        ]
      },
      "properties": {
        "icao24": "39de42",
        "callsign": "TVF39LV",
        "origin_country": "France",
        "time_position": 1789756312,
        "last_contact": 1789756313,
        "baro_altitude": 2278.38,
        "on_ground": false,
        "velocity": 126.35,
        "true_track": 127.06,
        "vertical_rate": -7.15,
        "geo_altitude": 2423.16,
        "squawk": "1000",
        "spi": false,
        "position_source": 0
      }
    },
    {
      "type": "Feature",
      "geometry": {
        "type": "Point",
        "coordinates": [
          17.8267,
          46.8301
        ]
      },
      "properties": {
        "icao24": "511187",
        "callsign": "MBU4ND",
        "origin_country": "Estonia",
        "time_position": 1789756312,
        "last_contact": 1789756312,
        "baro_altitude": 11277.6,
        "on_ground": false,
        "velocity": 221.19,
        "true_track": 155.1,
        "vertical_rate": 0.33,
        "geo_altitude": 11643.36,
        "squawk": "6413",
        "spi": false,
        "position_source": 0
      }
    },
    {
      "type": "Feature",
      "geometry": {
        "type": "Point",
        "coordinates": [
          14.8331,
          46.9874
        ]
      },
      "properties": {
        "icao24": "511173",
        "callsign": "NYX388C",
        "origin_country": "Estonia",
        "time_position": 1789756312,
        "last_contact": 1789756313,
        "baro_altitude": 7315.2,
        "on_ground": false,
        "velocity": 149.53,
        "true_track": 80.89,
        "vertical_rate": 0,
        "geo_altitude": 7566.66,
        "squawk": "1000",
        "spi": false,
        "position_source": 0
      }
    },
    {
      "type": "Feature",
      "geometry": {
        "type": "Point",
        "coordinates": [
          14.8667,
          46.2676
        ]
      },
      "properties": {
        "icao24": "3c5ee6",
        "callsign": "EWG39KK",
        "origin_country": "Germany",
        "time_position": 1789756313,
        "last_contact": 1789756313,
        "baro_altitude": 6774.18,
        "on_ground": false,
        "velocity": 203.11,
        "true_track": 126.35,
        "vertical_rate": -9.75,
        "geo_altitude": 7056.12,
        "squawk": "7712",
        "spi": false,
        "position_source": 0
      }
    },
    {
      "type": "Feature",
      "geometry": {
        "type": "Point",
        "coordinates": [
          14.9005,
          39.2441
        ]
      },
      "properties": {
        "icao24": "46b83a",
        "callsign": "AEE741",
        "origin_country": "Greece",
        "time_position": 1789756312,
        "last_contact": 1789756312,
        "baro_altitude": 10660.38,
        "on_ground": false,
        "velocity": 260.82,
        "true_track": 98.05,
        "vertical_rate": -0.33,
        "geo_altitude": 11117.58,
        "squawk": "1235",
        "spi": false,
        "position_source": 0
      }
    },
    {
      "type": "Feature",
      "geometry": {
        "type": "Point",
        "coordinates": [
          15.1825,
          40.5759
        ]
      },
      "properties": {
        "icao24": "46b82a",
        "callsign": "AEE5RX",
        "origin_country": "Greece",
        "time_position": 1789756313,
        "last_contact": 1789756313,
        "baro_altitude": 10043.16,
        "on_ground": false,
        "velocity": 244.76,
        "true_track": 112.36,
        "vertical_rate": 0,
        "geo_altitude": 10477.5,
        "squawk": null,
        "spi": false,
        "position_source": 0
      }
    },
    {
      "type": "Feature",
      "geometry": {
        "type": "Point",
        "coordinates": [
          11.5672,
          46.3991
        ]
      },
      "properties": {
        "icao24": "46b832",
        "callsign": "AEE2FL",
        "origin_country": "Greece",
        "time_position": 1789756312,
        "last_contact": 1789756312,
        "baro_altitude": 10363.2,
        "on_ground": false,
        "velocity": 217.25,
        "true_track": 293.59,
        "vertical_rate": 0,
        "geo_altitude": 10706.1,
        "squawk": "5516",
        "spi": false,
        "position_source": 0
      }
    },
    {
      "type": "Feature",
      "geometry": {
        "type": "Point",
        "coordinates": [
          15.8485,
          46.4046
        ]
      },
      "properties": {
        "icao24": "46b830",
        "callsign": "AEE25",
        "origin_country": "Greece",
        "time_position": 1789756312,
        "last_contact": 1789756312,
        "baro_altitude": 10668,
        "on_ground": false,
        "velocity": 234.05,
        "true_track": 137.05,
        "vertical_rate": -0.33,
        "geo_altitude": 11041.38,
        "squawk": "6430",
        "spi": false,
        "position_source": 0
      }
    },
    {
      "type": "Feature",
      "geometry": {
        "type": "Point",
        "coordinates": [
          16.8247,
          44.1349
        ]
      },
      "properties": {
        "icao24": "46b822",
        "callsign": "AEE853",
        "origin_country": "Greece",
        "time_position": 1789756311,
        "last_contact": 1789756312,
        "baro_altitude": 10675.62,
        "on_ground": false,
        "velocity": 237.28,
        "true_track": 138.6,
        "vertical_rate": 0.33,
        "geo_altitude": 11079.48,
        "squawk": "3047",
        "spi": false,
        "position_source": 0
      }
    },
    {
      "type": "Feature",
      "geometry": {
        "type": "Point",
        "coordinates": [
          8.56,
          45.6736
        ]
      },
      "properties": {
        "icao24": "46b823",
        "callsign": "AEE5IN",
        "origin_country": "Greece",
        "time_position": 1789756313,
        "last_contact": 1789756313,
        "baro_altitude": 1958.34,
        "on_ground": false,
        "velocity": 135.54,
        "true_track": 207.83,
        "vertical_rate": 15.28,
        "geo_altitude": 2080.26,
        "squawk": "0422",
        "spi": false,
        "position_source": 0
      }
    },
    {
      "type": "Feature",
      "geometry": {
        "type": "Point",
        "coordinates": [
          17.4937,
          46.3775
        ]
      },
      "properties": {
        "icao24": "46b826",
        "callsign": "AEE3FT",
        "origin_country": "Greece",
        "time_position": 1789756313,
        "last_contact": 1789756313,
        "baro_altitude": 10668,
        "on_ground": false,
        "velocity": 231.3,
        "true_track": 142.77,
        "vertical_rate": 0,
        "geo_altitude": 11049,
        "squawk": "2643",
        "spi": false,
        "position_source": 0
      }
    },
    {
      "type": "Feature",
      "geometry": {
        "type": "Point",
        "coordinates": [
          9.0551,
          44.5563
        ]
      },
      "properties": {
        "icao24": "500463",
        "callsign": "T7ARES",
        "origin_country": "San Marino",
        "time_position": 1789756312,
        "last_contact": 1789756313,
        "baro_altitude": 5509.26,
        "on_ground": false,
        "velocity": 187.2,
        "true_track": 171.62,
        "vertical_rate": -13.98,
        "geo_altitude": 5730.24,
        "squawk": "3004",
        "spi": false,
        "position_source": 0
      }
    },
    {
      "type": "Feature",
      "geometry": {
        "type": "Point",
        "coordinates": [
          7.4918,
          43.6553
        ]
      },
      "properties": {
        "icao24": "4aca88",
        "callsign": "NSZ4214",
        "origin_country": "Sweden",
        "time_position": 1789756312,
        "last_contact": 1789756312,
        "baro_altitude": 10972.8,
        "on_ground": false,
        "velocity": 238.67,
        "true_track": 46.05,
        "vertical_rate": 0.33,
        "geo_altitude": 11353.8,
        "squawk": "1000",
        "spi": false,
        "position_source": 0
      }
    },
    {
      "type": "Feature",
      "geometry": {
        "type": "Point",
        "coordinates": [
          7.8417,
          44.1745
        ]
      },
      "properties": {
        "icao24": "4aca89",
        "callsign": "NSZ3YL",
        "origin_country": "Sweden",
        "time_position": 1789756313,
        "last_contact": 1789756313,
        "baro_altitude": 6324.6,
        "on_ground": false,
        "velocity": 223.79,
        "true_track": 203.15,
        "vertical_rate": -12.68,
        "geo_altitude": 6629.4,
        "squawk": "1000",
        "spi": false,
        "position_source": 0
      }
    },
    {
      "type": "Feature",
      "geometry": {
        "type": "Point",
        "coordinates": [
          11.5365,
          43.7621
        ]
      },
      "properties": {
        "icao24": "4aca96",
        "callsign": "NSZ3732",
        "origin_country": "Sweden",
        "time_position": 1789756312,
        "last_contact": 1789756312,
        "baro_altitude": 9448.8,
        "on_ground": false,
        "velocity": 206.85,
        "true_track": 202.67,
        "vertical_rate": 0,
        "geo_altitude": 9799.32,
        "squawk": "0765",
        "spi": false,
        "position_source": 0
      }
    },
    {
      "type": "Feature",
      "geometry": {
        "type": "Point",
        "coordinates": [
          8.6116,
          45.8443
        ]
      },
      "properties": {
        "icao24": "4aca98",
        "callsign": "NSZ33DN",
        "origin_country": "Sweden",
        "time_position": 1789756312,
        "last_contact": 1789756312,
        "baro_altitude": 10668,
        "on_ground": false,
        "velocity": 239.5,
        "true_track": 188.03,
        "vertical_rate": 0.33,
        "geo_altitude": 11018.52,
        "squawk": "0744",
        "spi": false,
        "position_source": 0
      }
    },
    {
      "type": "Feature",
      "geometry": {
        "type": "Point",
        "coordinates": [
          8.7244,
          45.6445
        ]
      },
      "properties": {
        "icao24": "4400f3",
        "callsign": "EJU5087",
        "origin_country": "Austria",
        "time_position": 1789756312,
        "last_contact": 1789756312,
        "baro_altitude": null,
        "on_ground": true,
        "velocity": 5.4,
        "true_track": 258.75,
        "vertical_rate": null,
        "geo_altitude": null,
        "squawk": "6563",
        "spi": false,
        "position_source": 0
      }
    },
    {
      "type": "Feature",
      "geometry": {
        "type": "Point",
        "coordinates": [
          13.9058,
          41.9528
        ]
      },
      "properties": {
        "icao24": "4400ec",
        "callsign": "EJU104J",
        "origin_country": "Austria",
        "time_position": 1789756312,
        "last_contact": 1789756312,
        "baro_altitude": 11269.98,
        "on_ground": false,
        "velocity": 223.15,
        "true_track": 131.07,
        "vertical_rate": 0,
        "geo_altitude": 11696.7,
        "squawk": "1000",
        "spi": false,
        "position_source": 0
      }
    },
    {
      "type": "Feature",
      "geometry": {
        "type": "Point",
        "coordinates": [
          11.572,
          44.4329
        ]
      },
      "properties": {
        "icao24": "471f86",
        "callsign": "WMT618",
        "origin_country": "Hungary",
        "time_position": 1789756312,
        "last_contact": 1789756312,
        "baro_altitude": 899.16,
        "on_ground": false,
        "velocity": 106.75,
        "true_track": 296.32,
        "vertical_rate": -0.33,
        "geo_altitude": 1005.84,
        "squawk": "1000",
        "spi": false,
        "position_source": 0
      }
    },
    {
      "type": "Feature",
      "geometry": {
        "type": "Point",
        "coordinates": [
          6.1213,
          45.5225
        ]
      },
      "properties": {
        "icao24": "471f6a",
        "callsign": "WZZ8FN",
        "origin_country": "Hungary",
        "time_position": 1789756312,
        "last_contact": 1789756312,
        "baro_altitude": 11277.6,
        "on_ground": false,
        "velocity": 254.81,
        "true_track": 197.26,
        "vertical_rate": 0,
        "geo_altitude": 11658.6,
        "squawk": "1000",
        "spi": false,
        "position_source": 0
      }
    },
    {
      "type": "Feature",
      "geometry": {
        "type": "Point",
        "coordinates": [
          9.097,
          40.6118
        ]
      },
      "properties": {
        "icao24": "471f7a",
        "callsign": "WMT5GP",
        "origin_country": "Hungary",
        "time_position": 1789756312,
        "last_contact": 1789756312,
        "baro_altitude": 10652.76,
        "on_ground": false,
        "velocity": 215.33,
        "true_track": 257.72,
        "vertical_rate": -0.33,
        "geo_altitude": 11056.62,
        "squawk": null,
        "spi": false,
        "position_source": 0
      }
    },
    {
      "type": "Feature",
      "geometry": {
        "type": "Point",
        "coordinates": [
          13.3338,
          47.326
        ]
      },
      "properties": {
        "icao24": "4a2022",
        "callsign": "HLJ4AE",
        "origin_country": "Romania",
        "time_position": 1789756312,
        "last_contact": 1789756312,
        "baro_altitude": 10980.42,
        "on_ground": false,
        "velocity": 251.67,
        "true_track": 14.32,
        "vertical_rate": 0.33,
        "geo_altitude": 11300.46,
        "squawk": "6134",
        "spi": false,
        "position_source": 0
      }
    },
    {
      "type": "Feature",
      "geometry": {
        "type": "Point",
        "coordinates": [
          15.3808,
          44.603
        ]
      },
      "properties": {
        "icao24": "471f69",
        "callsign": "WMT33DE",
        "origin_country": "Hungary",
        "time_position": 1789756312,
        "last_contact": 1789756312,
        "baro_altitude": 10347.96,
        "on_ground": false,
        "velocity": 217.13,
        "true_track": 269.05,
        "vertical_rate": 0,
        "geo_altitude": 10713.72,
        "squawk": "7346",
        "spi": false,
        "position_source": 0
      }
    },
    {
      "type": "Feature",
      "geometry": {
        "type": "Point",
        "coordinates": [
          16.2665,
          37.3379
        ]
      },
      "properties": {
        "icao24": "471f5c",
        "callsign": "WMT7Z",
        "origin_country": "Hungary",
        "time_position": 1789756312,
        "last_contact": 1789756312,
        "baro_altitude": 10972.8,
        "on_ground": false,
        "velocity": 211.25,
        "true_track": 212.06,
        "vertical_rate": 0.33,
        "geo_altitude": 11498.58,
        "squawk": "3727",
        "spi": false,
        "position_source": 0
      }
    },
    {
      "type": "Feature",
      "geometry": {
        "type": "Point",
        "coordinates": [
          6.5371,
          44.3586
        ]
      },
      "properties": {
        "icao24": "51119a",
        "callsign": "MBU7AE",
        "origin_country": "Estonia",
        "time_position": 1789756313,
        "last_contact": 1789756313,
        "baro_altitude": 10980.42,
        "on_ground": false,
        "velocity": 218.01,
        "true_track": 22.33,
        "vertical_rate": 0,
        "geo_altitude": 11353.8,
        "squawk": "5555",
        "spi": false,
        "position_source": 0
      }
    },
    {
      "type": "Feature",
      "geometry": {
        "type": "Point",
        "coordinates": [
          8.7559,
          45.5492
        ]
      },
      "properties": {
        "icao24": "471f37",
        "callsign": "WZZ4295",
        "origin_country": "Hungary",
        "time_position": 1789756313,
        "last_contact": 1789756313,
        "baro_altitude": 586.74,
        "on_ground": false,
        "velocity": 76.58,
        "true_track": 348.77,
        "vertical_rate": -4.88,
        "geo_altitude": 678.18,
        "squawk": "1000",
        "spi": false,
        "position_source": 0
      }
    },
    {
      "type": "Feature",
      "geometry": {
        "type": "Point",
        "coordinates": [
          12.2899,
          44.9694
        ]
      },
      "properties": {
        "icao24": "505cea",
        "callsign": "SEU406",
        "origin_country": "Slovakia",
        "time_position": 1789756313,
        "last_contact": 1789756313,
        "baro_altitude": 10988.04,
        "on_ground": false,
        "velocity": 237.05,
        "true_track": 72.31,
        "vertical_rate": 0,
        "geo_altitude": 11346.18,
        "squawk": "1000",
        "spi": false,
        "position_source": 0
      }
    },
    {
      "type": "Feature",
      "geometry": {
        "type": "Point",
        "coordinates": [
          15.1254,
          46.8483
        ]
      },
      "properties": {
        "icao24": "3c4b49",
        "callsign": "EWG2RH",
        "origin_country": "Germany",
        "time_position": 1789756312,
        "last_contact": 1789756312,
        "baro_altitude": 8229.6,
        "on_ground": false,
        "velocity": 216.32,
        "true_track": 132.3,
        "vertical_rate": -11.7,
        "geo_altitude": 8557.26,
        "squawk": "6422",
        "spi": false,
        "position_source": 0
      }
    },
    {
      "type": "Feature",
      "geometry": {
        "type": "Point",
        "coordinates": [
          8.7787,
          45.4649
        ]
      },
      "properties": {
        "icao24": "440389",
        "callsign": "EJU72JD",
        "origin_country": "Austria",
        "time_position": 1789756312,
        "last_contact": 1789756313,
        "baro_altitude": 1097.28,
        "on_ground": false,
        "velocity": 87.89,
        "true_track": 349.55,
        "vertical_rate": -4.23,
        "geo_altitude": 1203.96,
        "squawk": "1000",
        "spi": false,
        "position_source": 0
      }
    },
    {
      "type": "Feature",
      "geometry": {
        "type": "Point",
        "coordinates": [
          7.2273,
          43.6707
        ]
      },
      "properties": {
        "icao24": "470cc0",
        "callsign": "FCA4VO",
        "origin_country": "Hungary",
        "time_position": 1789756265,
        "last_contact": 1789756268,
        "baro_altitude": null,
        "on_ground": true,
        "velocity": 0,
        "true_track": 137.81,
        "vertical_rate": null,
        "geo_altitude": null,
        "squawk": "0143",
        "spi": false,
        "position_source": 0
      }
    },
    {
      "type": "Feature",
      "geometry": {
        "type": "Point",
        "coordinates": [
          6.9937,
          47.4884
        ]
      },
      "properties": {
        "icao24": "a88cc7",
        "callsign": "N650AN",
        "origin_country": "United States",
        "time_position": 1789756312,
        "last_contact": 1789756312,
        "baro_altitude": 5913.12,
        "on_ground": false,
        "velocity": 200.96,
        "true_track": 261.16,
        "vertical_rate": 17.88,
        "geo_altitude": 6164.58,
        "squawk": "1000",
        "spi": false,
        "position_source": 0
      }
    },
    {
      "type": "Feature",
      "geometry": {
        "type": "Point",
        "coordinates": [
          6.1017,
          46.2309
        ]
      },
      "properties": {
        "icao24": "4aca70",
        "callsign": null,
        "origin_country": "Sweden",
        "time_position": 1789756303,
        "last_contact": 1789756303,
        "baro_altitude": null,
        "on_ground": true,
        "velocity": 6.43,
        "true_track": 225,
        "vertical_rate": null,
        "geo_altitude": null,
        "squawk": null,
        "spi": false,
        "position_source": 0
      }
    },
    {
      "type": "Feature",
      "geometry": {
        "type": "Point",
        "coordinates": [
          6.4825,
          45.6808
        ]
      },
      "properties": {
        "icao24": "4aca73",
        "callsign": "SAS1794",
        "origin_country": "Sweden",
        "time_position": 1789756313,
        "last_contact": 1789756313,
        "baro_altitude": 8671.56,
        "on_ground": false,
        "velocity": 200.99,
        "true_track": 42.51,
        "vertical_rate": 8.78,
        "geo_altitude": 8991.6,
        "squawk": "6754",
        "spi": false,
        "position_source": 0
      }
    },
    {
      "type": "Feature",
      "geometry": {
        "type": "Point",
        "coordinates": [
          8.5044,
          46.0941
        ]
      },
      "properties": {
        "icao24": "440352",
        "callsign": "EJU68HG",
        "origin_country": "Austria",
        "time_position": 1789756312,
        "last_contact": 1789756312,
        "baro_altitude": 5715,
        "on_ground": false,
        "velocity": 195.99,
        "true_track": 159.57,
        "vertical_rate": -8.13,
        "geo_altitude": 5996.94,
        "squawk": "1000",
        "spi": false,
        "position_source": 0
      }
    },
    {
      "type": "Feature",
      "geometry": {
        "type": "Point",
        "coordinates": [
          15.3673,
          45.3993
        ]
      },
      "properties": {
        "icao24": "471fa3",
        "callsign": "WZZ3752",
        "origin_country": "Hungary",
        "time_position": 1789756312,
        "last_contact": 1789756312,
        "baro_altitude": 10363.2,
        "on_ground": false,
        "velocity": 211.47,
        "true_track": 234.11,
        "vertical_rate": 0.33,
        "geo_altitude": 10736.58,
        "squawk": "1000",
        "spi": false,
        "position_source": 0
      }
    },
    {
      "type": "Feature",
      "geometry": {
        "type": "Point",
        "coordinates": [
          12.17,
          42.2167
        ]
      },
      "properties": {
        "icao24": "471fa1",
        "callsign": "WZZ98",
        "origin_country": "Hungary",
        "time_position": 1789756312,
        "last_contact": 1789756312,
        "baro_altitude": 1402.08,
        "on_ground": false,
        "velocity": 120.78,
        "true_track": 249.56,
        "vertical_rate": -3.58,
        "geo_altitude": 1531.62,
        "squawk": "1000",
        "spi": false,
        "position_source": 0
      }
    },
    {
      "type": "Feature",
      "geometry": {
        "type": "Point",
        "coordinates": [
          13.3039,
          44.1508
        ]
      },
      "properties": {
        "icao24": "471fac",
        "callsign": "WZZ3T",
        "origin_country": "Hungary",
        "time_position": 1789756312,
        "last_contact": 1789756312,
        "baro_altitude": 8983.98,
        "on_ground": false,
        "velocity": 193.06,
        "true_track": 274.74,
        "vertical_rate": -10.4,
        "geo_altitude": 9342.12,
        "squawk": "4337",
        "spi": false,
        "position_source": 0
      }
    },
    {
      "type": "Feature",
      "geometry": {
        "type": "Point",
        "coordinates": [
          18.6451,
          45.1174
        ]
      },
      "properties": {
        "icao24": "471fad",
        "callsign": "WZZ9415",
        "origin_country": "Hungary",
        "time_position": 1789756312,
        "last_contact": 1789756312,
        "baro_altitude": 6164.58,
        "on_ground": false,
        "velocity": 211.48,
        "true_track": 100.65,
        "vertical_rate": -9.1,
        "geo_altitude": 6461.76,
        "squawk": "0417",
        "spi": false,
        "position_source": 0
      }
    },
    {
      "type": "Feature",
      "geometry": {
        "type": "Point",
        "coordinates": [
          13.5911,
          39.9857
        ]
      },
      "properties": {
        "icao24": "46b927",
        "callsign": "SEH922",
        "origin_country": "Greece",
        "time_position": 1789756312,
        "last_contact": 1789756312,
        "baro_altitude": 10972.8,
        "on_ground": false,
        "velocity": 205.64,
        "true_track": 283.31,
        "vertical_rate": 0,
        "geo_altitude": 11422.38,
        "squawk": "2014",
        "spi": false,
        "position_source": 0
      }
    },
    {
      "type": "Feature",
      "geometry": {
        "type": "Point",
        "coordinates": [
          15.068,
          47.3576
        ]
      },
      "properties": {
        "icao24": "4bc852",
        "callsign": "PGT312V",
        "origin_country": "Turkey",
        "time_position": 1789756312,
        "last_contact": 1789756313,
        "baro_altitude": 10043.16,
        "on_ground": false,
        "velocity": 240.19,
        "true_track": 116.73,
        "vertical_rate": 0.65,
        "geo_altitude": 10378.44,
        "squawk": "3420",
        "spi": false,
        "position_source": 0
      }
    },
    {
      "type": "Feature",
      "geometry": {
        "type": "Point",
        "coordinates": [
          12.3102,
          45.4726
        ]
      },
      "properties": {
        "icao24": "4401f7",
        "callsign": "EJU81AT",
        "origin_country": "Austria",
        "time_position": 1789756129,
        "last_contact": 1789756129,
        "baro_altitude": 160.02,
        "on_ground": false,
        "velocity": 72.46,
        "true_track": 42.41,
        "vertical_rate": -3.58,
        "geo_altitude": 274.32,
        "squawk": "1000",
        "spi": false,
        "position_source": 0
      }
    },
    {
      "type": "Feature",
      "geometry": {
        "type": "Point",
        "coordinates": [
          13.986,
          47.2363
        ]
      },
      "properties": {
        "icao24": "4bc889",
        "callsign": "PGT15JR",
        "origin_country": "Turkey",
        "time_position": 1789756313,
        "last_contact": 1789756313,
        "baro_altitude": 10058.4,
        "on_ground": false,
        "velocity": 253.99,
        "true_track": 116.46,
        "vertical_rate": 0.33,
        "geo_altitude": 10393.68,
        "squawk": "5560",
        "spi": false,
        "position_source": 0
      }
    },
    {
      "type": "Feature",
      "geometry": {
        "type": "Point",
        "coordinates": [
          8.7177,
          45.6246
        ]
      },
      "properties": {
        "icao24": "4787a0",
        "callsign": "NOZ1878",
        "origin_country": "Norway",
        "time_position": 1789756012,
        "last_contact": 1789756012,
        "baro_altitude": 190.5,
        "on_ground": false,
        "velocity": 0,
        "true_track": 258.75,
        "vertical_rate": null,
        "geo_altitude": null,
        "squawk": "0763",
        "spi": false,
        "position_source": 0
      }
    },
    {
      "type": "Feature",
      "geometry": {
        "type": "Point",
        "coordinates": [
          8.4437,
          47.5495
        ]
      },
      "properties": {
        "icao24": "440098",
        "callsign": "AOJ53L",
        "origin_country": "Austria",
        "time_position": 1789756313,
        "last_contact": 1789756313,
        "baro_altitude": 929.64,
        "on_ground": false,
        "velocity": 95.35,
        "true_track": 136.75,
        "vertical_rate": -5.53,
        "geo_altitude": 1043.94,
        "squawk": "1000",
        "spi": false,
        "position_source": 0
      }
    },
    {
      "type": "Feature",
      "geometry": {
        "type": "Point",
        "coordinates": [
          9.6523,
          43.4209
        ]
      },
      "properties": {
        "icao24": "440062",
        "callsign": "EJU68WB",
        "origin_country": "Austria",
        "time_position": 1789756312,
        "last_contact": 1789756313,
        "baro_altitude": 10340.34,
        "on_ground": false,
        "velocity": 236.79,
        "true_track": 142.06,
        "vertical_rate": -4.23,
        "geo_altitude": 10728.96,
        "squawk": "1000",
        "spi": false,
        "position_source": 0
      }
    },
    {
      "type": "Feature",
      "geometry": {
        "type": "Point",
        "coordinates": [
          7.4588,
          42.6227
        ]
      },
      "properties": {
        "icao24": "44004f",
        "callsign": "AUA405",
        "origin_country": "Austria",
        "time_position": 1789756312,
        "last_contact": 1789756312,
        "baro_altitude": 10668,
        "on_ground": false,
        "velocity": 223.27,
        "true_track": 232.87,
        "vertical_rate": 0.33,
        "geo_altitude": 11049,
        "squawk": "1000",
        "spi": false,
        "position_source": 0
      }
    },
    {
      "type": "Feature",
      "geometry": {
        "type": "Point",
        "coordinates": [
          6.4808,
          44.2718
        ]
      },
      "properties": {
        "icao24": "440047",
        "callsign": "EJU163L",
        "origin_country": "Austria",
        "time_position": 1789756312,
        "last_contact": 1789756312,
        "baro_altitude": 8107.68,
        "on_ground": false,
        "velocity": 210.19,
        "true_track": 330.05,
        "vertical_rate": 8.78,
        "geo_altitude": 8450.58,
        "squawk": "1000",
        "spi": false,
        "position_source": 0
      }
    },
    {
      "type": "Feature",
      "geometry": {
        "type": "Point",
        "coordinates": [
          6.2893,
          46.5023
        ]
      },
      "properties": {
        "icao24": "440053",
        "callsign": "EJU32AG",
        "origin_country": "Austria",
        "time_position": 1789756312,
        "last_contact": 1789756312,
        "baro_altitude": 9136.38,
        "on_ground": false,
        "velocity": 211.26,
        "true_track": 310.56,
        "vertical_rate": 0,
        "geo_altitude": 9494.52,
        "squawk": "1000",
        "spi": false,
        "position_source": 0
      }
    },
    {
      "type": "Feature",
      "geometry": {
        "type": "Point",
        "coordinates": [
          15.3979,
          37.4883
        ]
      },
      "properties": {
        "icao24": "440051",
        "callsign": "EJU52AV",
        "origin_country": "Austria",
        "time_position": 1789755961,
        "last_contact": 1789756038,
        "baro_altitude": 1082.04,
        "on_ground": false,
        "velocity": 99.07,
        "true_track": 265.53,
        "vertical_rate": -2.93,
        "geo_altitude": 1203.96,
        "squawk": "5156",
        "spi": false,
        "position_source": 0
      }
    },
    {
      "type": "Feature",
      "geometry": {
        "type": "Point",
        "coordinates": [
          7.9917,
          46.9441
        ]
      },
      "properties": {
        "icao24": "440083",
        "callsign": "EJU67NG",
        "origin_country": "Austria",
        "time_position": 1789756312,
        "last_contact": 1789756312,
        "baro_altitude": 9105.9,
        "on_ground": false,
        "velocity": 251,
        "true_track": 153.59,
        "vertical_rate": -7.8,
        "geo_altitude": 9456.42,
        "squawk": "1000",
        "spi": false,
        "position_source": 0
      }
    },
    {
      "type": "Feature",
      "geometry": {
        "type": "Point",
        "coordinates": [
          7.2061,
          43.6625
        ]
      },
      "properties": {
        "icao24": "440019",
        "callsign": "EJU821K",
        "origin_country": "Austria",
        "time_position": 1789756173,
        "last_contact": 1789756173,
        "baro_altitude": null,
        "on_ground": true,
        "velocity": 1.03,
        "true_track": 227.81,
        "vertical_rate": null,
        "geo_altitude": null,
        "squawk": "1000",
        "spi": false,
        "position_source": 0
      }
    },
    {
      "type": "Feature",
      "geometry": {
        "type": "Point",
        "coordinates": [
          12.257,
          41.8567
        ]
      },
      "properties": {
        "icao24": "440031",
        "callsign": "EJU86YG",
        "origin_country": "Austria",
        "time_position": 1789756101,
        "last_contact": 1789756101,
        "baro_altitude": 60.96,
        "on_ground": false,
        "velocity": 75,
        "true_track": 162.43,
        "vertical_rate": -3.58,
        "geo_altitude": 144.78,
        "squawk": "1000",
        "spi": false,
        "position_source": 0
      }
    },
    {
      "type": "Feature",
      "geometry": {
        "type": "Point",
        "coordinates": [
          6.0813,
          46.2192
        ]
      },
      "properties": {
        "icao24": "440030",
        "callsign": "EJU63VU",
        "origin_country": "Austria",
        "time_position": 1789756312,
        "last_contact": 1789756312,
        "baro_altitude": 464.82,
        "on_ground": false,
        "velocity": 71.66,
        "true_track": 45.29,
        "vertical_rate": -3.58,
        "geo_altitude": 571.5,
        "squawk": "2322",
        "spi": false,
        "position_source": 0
      }
    },
    {
      "type": "Feature",
      "geometry": {
        "type": "Point",
        "coordinates": [
          8.4277,
          42.8876
        ]
      },
      "properties": {
        "icao24": "44001c",
        "callsign": "AUA448",
        "origin_country": "Austria",
        "time_position": 1789756312,
        "last_contact": 1789756312,
        "baro_altitude": 10972.8,
        "on_ground": false,
        "velocity": 243.87,
        "true_track": 37.72,
        "vertical_rate": 0,
        "geo_altitude": 11376.66,
        "squawk": "1412",
        "spi": false,
        "position_source": 0
      }
    },
    {
      "type": "Feature",
      "geometry": {
        "type": "Point",
        "coordinates": [
          15.4403,
          46.3634
        ]
      },
      "properties": {
        "icao24": "4891ad",
        "callsign": "ENT6063",
        "origin_country": "Poland",
        "time_position": 1789756313,
        "last_contact": 1789756313,
        "baro_altitude": 10972.8,
        "on_ground": false,
        "velocity": 224.1,
        "true_track": 330.73,
        "vertical_rate": 0,
        "geo_altitude": 11338.56,
        "squawk": "2671",
        "spi": false,
        "position_source": 0
      }
    },
    {
      "type": "Feature",
      "geometry": {
        "type": "Point",
        "coordinates": [
          9.7263,
          45.6642
        ]
      },
      "properties": {
        "icao24": "471d6a",
        "callsign": "WZZ5UH",
        "origin_country": "Hungary",
        "time_position": 1789756270,
        "last_contact": 1789756272,
        "baro_altitude": 236.22,
        "on_ground": false,
        "velocity": 71.52,
        "true_track": 285.44,
        "vertical_rate": -3.58,
        "geo_altitude": 312.42,
        "squawk": "1000",
        "spi": false,
        "position_source": 0
      }
    },
    {
      "type": "Feature",
      "geometry": {
        "type": "Point",
        "coordinates": [
          7.8715,
          47.2874
        ]
      },
      "properties": {
        "icao24": "345583",
        "callsign": "ANE19XR",
        "origin_country": "Spain",
        "time_position": 1789756312,
        "last_contact": 1789756313,
        "baro_altitude": 10386.06,
        "on_ground": false,
        "velocity": 238.38,
        "true_track": 244.43,
        "vertical_rate": 2.93,
        "geo_altitude": 10736.58,
        "squawk": "1000",
        "spi": false,
        "position_source": 0
      }
    },
    {
      "type": "Feature",
      "geometry": {
        "type": "Point",
        "coordinates": [
          14.7231,
          39.3839
        ]
      },
      "properties": {
        "icao24": "a4c2ff",
        "callsign": "CMB406",
        "origin_country": "United States",
        "time_position": 1789756278,
        "last_contact": 1789756308,
        "baro_altitude": 7620,
        "on_ground": false,
        "velocity": 133.76,
        "true_track": 165.75,
        "vertical_rate": 0,
        "geo_altitude": 8016.24,
        "squawk": "1240",
        "spi": false,
        "position_source": 0
      }
    },
    {
      "type": "Feature",
      "geometry": {
        "type": "Point",
        "coordinates": [
          11.7447,
          43.698
        ]
      },
      "properties": {
        "icao24": "4a3123",
        "callsign": "AIZ522",
        "origin_country": "Romania",
        "time_position": 1789756312,
        "last_contact": 1789756313,
        "baro_altitude": 10668,
        "on_ground": false,
        "velocity": 218.19,
        "true_track": 145.37,
        "vertical_rate": -0.33,
        "geo_altitude": 11018.52,
        "squawk": "5735",
        "spi": false,
        "position_source": 0
      }
    },
    {
      "type": "Feature",
      "geometry": {
        "type": "Point",
        "coordinates": [
          7.8094,
          42.0575
        ]
      },
      "properties": {
        "icao24": "39dd41",
        "callsign": "CCM62PM",
        "origin_country": "France",
        "time_position": 1789756312,
        "last_contact": 1789756312,
        "baro_altitude": 7315.2,
        "on_ground": false,
        "velocity": 188.77,
        "true_track": 289.92,
        "vertical_rate": 0.33,
        "geo_altitude": 7627.62,
        "squawk": "1000",
        "spi": false,
        "position_source": 0
      }
    },
    {
      "type": "Feature",
      "geometry": {
        "type": "Point",
        "coordinates": [
          7.5234,
          43.205
        ]
      },
      "properties": {
        "icao24": "39dd40",
        "callsign": "CCM88CE",
        "origin_country": "France",
        "time_position": 1789756312,
        "last_contact": 1789756312,
        "baro_altitude": 3116.58,
        "on_ground": false,
        "velocity": 118.33,
        "true_track": 147.97,
        "vertical_rate": 3.9,
        "geo_altitude": 3261.36,
        "squawk": null,
        "spi": false,
        "position_source": 0
      }
    },
    {
      "type": "Feature",
      "geometry": {
        "type": "Point",
        "coordinates": [
          7.7134,
          45.1374
        ]
      },
      "properties": {
        "icao24": "39dd45",
        "callsign": "CCM51WB",
        "origin_country": "France",
        "time_position": 1789756312,
        "last_contact": 1789756313,
        "baro_altitude": 10995.66,
        "on_ground": false,
        "velocity": 229.85,
        "true_track": 338.6,
        "vertical_rate": 0,
        "geo_altitude": 11361.42,
        "squawk": "1000",
        "spi": false,
        "position_source": 0
      }
    },
    {
      "type": "Feature",
      "geometry": {
        "type": "Point",
        "coordinates": [
          8.2146,
          44.4516
        ]
      },
      "properties": {
        "icao24": "440181",
        "callsign": "EJU48VZ",
        "origin_country": "Austria",
        "time_position": 1789756312,
        "last_contact": 1789756312,
        "baro_altitude": 9433.56,
        "on_ground": false,
        "velocity": 229.45,
        "true_track": 179.61,
        "vertical_rate": 0.98,
        "geo_altitude": 9776.46,
        "squawk": "0405",
        "spi": false,
        "position_source": 0
      }
    },
    {
      "type": "Feature",
      "geometry": {
        "type": "Point",
        "coordinates": [
          6.2592,
          42.0813
        ]
      },
      "properties": {
        "icao24": "452153",
        "callsign": "VOE3AP",
        "origin_country": "Bulgaria",
        "time_position": 1789756312,
        "last_contact": 1789756312,
        "baro_altitude": 10668,
        "on_ground": false,
        "velocity": 233.94,
        "true_track": 122.15,
        "vertical_rate": 0,
        "geo_altitude": 11071.86,
        "squawk": "1000",
        "spi": false,
        "position_source": 0
      }
    },
    {
      "type": "Feature",
      "geometry": {
        "type": "Point",
        "coordinates": [
          8.299,
          46.4991
        ]
      },
      "properties": {
        "icao24": "440175",
        "callsign": "EJU94UE",
        "origin_country": "Austria",
        "time_position": 1789756312,
        "last_contact": 1789756313,
        "baro_altitude": 8793.48,
        "on_ground": false,
        "velocity": 222.18,
        "true_track": 147.19,
        "vertical_rate": -4.88,
        "geo_altitude": 9136.38,
        "squawk": "1000",
        "spi": false,
        "position_source": 0
      }
    },
    {
      "type": "Feature",
      "geometry": {
        "type": "Point",
        "coordinates": [
          7.1859,
          42.0737
        ]
      },
      "properties": {
        "icao24": "39dd59",
        "callsign": "CCM37JW",
        "origin_country": "France",
        "time_position": 1789756312,
        "last_contact": 1789756312,
        "baro_altitude": 4876.8,
        "on_ground": false,
        "velocity": 132.12,
        "true_track": 294.87,
        "vertical_rate": -0.33,
        "geo_altitude": 5090.16,
        "squawk": "4716",
        "spi": false,
        "position_source": 0
      }
    },
    {
      "type": "Feature",
      "geometry": {
        "type": "Point",
        "coordinates": [
          8.0782,
          43.8978
        ]
      },
      "properties": {
        "icao24": "44017c",
        "callsign": "EJU16QX",
        "origin_country": "Austria",
        "time_position": 1789756312,
        "last_contact": 1789756313,
        "baro_altitude": 9136.38,
        "on_ground": false,
        "velocity": 214.74,
        "true_track": 56.73,
        "vertical_rate": 0,
        "geo_altitude": 9494.52,
        "squawk": "1000",
        "spi": false,
        "position_source": 0
      }
    },
    {
      "type": "Feature",
      "geometry": {
        "type": "Point",
        "coordinates": [
          9.8944,
          45.4991
        ]
      },
      "properties": {
        "icao24": "440193",
        "callsign": "TAY1LA",
        "origin_country": "Austria",
        "time_position": 1789756312,
        "last_contact": 1789756312,
        "baro_altitude": 12192,
        "on_ground": false,
        "velocity": 225.78,
        "true_track": 343.59,
        "vertical_rate": 0,
        "geo_altitude": 12573,
        "squawk": "6563",
        "spi": false,
        "position_source": 0
      }
    },
    {
      "type": "Feature",
      "geometry": {
        "type": "Point",
        "coordinates": [
          12.2557,
          41.8598
        ]
      },
      "properties": {
        "icao24": "471dbf",
        "callsign": "WZZ359",
        "origin_country": "Hungary",
        "time_position": 1789756021,
        "last_contact": 1789756027,
        "baro_altitude": 83.82,
        "on_ground": false,
        "velocity": 70.12,
        "true_track": 162.5,
        "vertical_rate": -3.58,
        "geo_altitude": 160.02,
        "squawk": "1000",
        "spi": false,
        "position_source": 0
      }
    },
    {
      "type": "Feature",
      "geometry": {
        "type": "Point",
        "coordinates": [
          14.4372,
          46.947
        ]
      },
      "properties": {
        "icao24": "452121",
        "callsign": "LZB852",
        "origin_country": "Bulgaria",
        "time_position": 1789756312,
        "last_contact": 1789756313,
        "baro_altitude": 11887.2,
        "on_ground": false,
        "velocity": 242.74,
        "true_track": 122.71,
        "vertical_rate": -0.33,
        "geo_altitude": 12230.1,
        "squawk": "4726",
        "spi": false,
        "position_source": 0
      }
    },
    {
      "type": "Feature",
      "geometry": {
        "type": "Point",
        "coordinates": [
          11.3051,
          44.5295
        ]
      },
      "properties": {
        "icao24": "471dbd",
        "callsign": "WMT1TG",
        "origin_country": "Hungary",
        "time_position": 1789756178,
        "last_contact": 1789756178,
        "baro_altitude": 53.34,
        "on_ground": false,
        "velocity": 72.01,
        "true_track": 296.75,
        "vertical_rate": -4.55,
        "geo_altitude": 129.54,
        "squawk": "1000",
        "spi": false,
        "position_source": 0
      }
    },
    {
      "type": "Feature",
      "geometry": {
        "type": "Point",
        "coordinates": [
          8.5494,
          45.8712
        ]
      },
      "properties": {
        "icao24": "300a85",
        "callsign": "ITY224",
        "origin_country": "Italy",
        "time_position": 1789756312,
        "last_contact": 1789756312,
        "baro_altitude": 6880.86,
        "on_ground": false,
        "velocity": 189.11,
        "true_track": 296.5,
        "vertical_rate": 12.03,
        "geo_altitude": 7162.8,
        "squawk": "5763",
        "spi": false,
        "position_source": 0
      }
    },
    {
      "type": "Feature",
      "geometry": {
        "type": "Point",
        "coordinates": [
          12.3461,
          43.568
        ]
      },
      "properties": {
        "icao24": "300a87",
        "callsign": "ITY1364",
        "origin_country": "Italy",
        "time_position": 1789756312,
        "last_contact": 1789756312,
        "baro_altitude": 8221.98,
        "on_ground": false,
        "velocity": 218.72,
        "true_track": 188.93,
        "vertical_rate": -0.33,
        "geo_altitude": 8557.26,
        "squawk": "7437",
        "spi": false,
        "position_source": 0
      }
    },
    {
      "type": "Feature",
      "geometry": {
        "type": "Point",
        "coordinates": [
          8.9757,
          47.4368
        ]
      },
      "properties": {
        "icao24": "471dc0",
        "callsign": "WZZ99",
        "origin_country": "Hungary",
        "time_position": 1789756312,
        "last_contact": 1789756312,
        "baro_altitude": 9860.28,
        "on_ground": false,
        "velocity": 227.58,
        "true_track": 194.13,
        "vertical_rate": -2.93,
        "geo_altitude": 10195.56,
        "squawk": "1000",
        "spi": false,
        "position_source": 0
      }
    },
    {
      "type": "Feature",
      "geometry": {
        "type": "Point",
        "coordinates": [
          15.69,
          41.0266
        ]
      },
      "properties": {
        "icao24": "4c2e40",
        "callsign": "YULSA",
        "origin_country": "Serbia",
        "time_position": 1789756312,
        "last_contact": 1789756312,
        "baro_altitude": 4686.3,
        "on_ground": false,
        "velocity": 171.93,
        "true_track": 123.4,
        "vertical_rate": -6.18,
        "geo_altitude": 4930.14,
        "squawk": "5161",
        "spi": false,
        "position_source": 0
      }
    },
    {
      "type": "Feature",
      "geometry": {
        "type": "Point",
        "coordinates": [
          18.0031,
          45.5932
        ]
      },
      "properties": {
        "icao24": "452113",
        "callsign": "CFG5ME",
        "origin_country": "Bulgaria",
        "time_position": 1789756312,
        "last_contact": 1789756312,
        "baro_altitude": 10972.8,
        "on_ground": false,
        "velocity": 222.58,
        "true_track": 303.69,
        "vertical_rate": 0,
        "geo_altitude": 11376.66,
        "squawk": "4543",
        "spi": false,
        "position_source": 0
      }
    },
    {
      "type": "Feature",
      "geometry": {
        "type": "Point",
        "coordinates": [
          15.2743,
          47.2165
        ]
      },
      "properties": {
        "icao24": "440129",
        "callsign": "C17",
        "origin_country": "Austria",
        "time_position": 1789756312,
        "last_contact": 1789756313,
        "baro_altitude": 891.54,
        "on_ground": false,
        "velocity": 53.05,
        "true_track": 289.84,
        "vertical_rate": 2.28,
        "geo_altitude": 998.22,
        "squawk": "1657",
        "spi": false,
        "position_source": 0
      }
    },
    {
      "type": "Feature",
      "geometry": {
        "type": "Point",
        "coordinates": [
          10.6823,
          43.5135
        ]
      },
      "properties": {
        "icao24": "440128",
        "callsign": "EJU371T",
        "origin_country": "Austria",
        "time_position": 1789756312,
        "last_contact": 1789756313,
        "baro_altitude": 11887.2,
        "on_ground": false,
        "velocity": 228.81,
        "true_track": 157.53,
        "vertical_rate": -0.33,
        "geo_altitude": 12291.06,
        "squawk": "6330",
        "spi": false,
        "position_source": 0
      }
    },
    {
      "type": "Feature",
      "geometry": {
        "type": "Point",
        "coordinates": [
          11.2251,
          47.1646
        ]
      },
      "properties": {
        "icao24": "45211e",
        "callsign": "CFG3XN",
        "origin_country": "Bulgaria",
        "time_position": 1789756313,
        "last_contact": 1789756313,
        "baro_altitude": 8534.4,
        "on_ground": false,
        "velocity": 218.88,
        "true_track": 2.69,
        "vertical_rate": 0,
        "geo_altitude": 8854.44,
        "squawk": "1000",
        "spi": false,
        "position_source": 0
      }
    },
    {
      "type": "Feature",
      "geometry": {
        "type": "Point",
        "coordinates": [
          10.3189,
          46.2878
        ]
      },
      "properties": {
        "icao24": "300a3a",
        "callsign": "ITY453",
        "origin_country": "Italy",
        "time_position": 1789756313,
        "last_contact": 1789756313,
        "baro_altitude": 7010.4,
        "on_ground": false,
        "velocity": 237.37,
        "true_track": 209.9,
        "vertical_rate": 0,
        "geo_altitude": 7292.34,
        "squawk": "1000",
        "spi": false,
        "position_source": 0
      }
    },
    {
      "type": "Feature",
      "geometry": {
        "type": "Point",
        "coordinates": [
          7.088,
          47.7147
        ]
      },
      "properties": {
        "icao24": "440115",
        "callsign": "EJU53KC",
        "origin_country": "Austria",
        "time_position": 1789756312,
        "last_contact": 1789756312,
        "baro_altitude": 2407.92,
        "on_ground": false,
        "velocity": 148,
        "true_track": 67.09,
        "vertical_rate": -11.38,
        "geo_altitude": 2560.32,
        "squawk": "1000",
        "spi": false,
        "position_source": 0
      }
    },
    {
      "type": "Feature",
      "geometry": {
        "type": "Point",
        "coordinates": [
          14.3045,
          46.1523
        ]
      },
      "properties": {
        "icao24": "440100",
        "callsign": "SKV555",
        "origin_country": "Austria",
        "time_position": 1789756313,
        "last_contact": 1789756313,
        "baro_altitude": 8229.6,
        "on_ground": false,
        "velocity": 143.4,
        "true_track": 65.18,
        "vertical_rate": 0,
        "geo_altitude": 8549.64,
        "squawk": "1000",
        "spi": false,
        "position_source": 0
      }
    },
    {
      "type": "Feature",
      "geometry": {
        "type": "Point",
        "coordinates": [
          10.988,
          41.3958
        ]
      },
      "properties": {
        "icao24": "4bb1e7",
        "callsign": "THY9DC",
        "origin_country": "Turkey",
        "time_position": 1789756313,
        "last_contact": 1789756313,
        "baro_altitude": 11582.4,
        "on_ground": false,
        "velocity": 252.03,
        "true_track": 70.57,
        "vertical_rate": -0.33,
        "geo_altitude": 11978.64,
        "squawk": "1272",
        "spi": false,
        "position_source": 0
      }
    },
    {
      "type": "Feature",
      "geometry": {
        "type": "Point",
        "coordinates": [
          16.8045,
          46.9482
        ]
      },
      "properties": {
        "icao24": "4bb1e5",
        "callsign": "THY3EG",
        "origin_country": "Turkey",
        "time_position": 1789756312,
        "last_contact": 1789756313,
        "baro_altitude": 12504.42,
        "on_ground": false,
        "velocity": 244.99,
        "true_track": 123.96,
        "vertical_rate": 0,
        "geo_altitude": 12862.56,
        "squawk": "6423",
        "spi": false,
        "position_source": 0
      }
    },
    {
      "type": "Feature",
      "geometry": {
        "type": "Point",
        "coordinates": [
          9.3603,
          44.136
        ]
      },
      "properties": {
        "icao24": "4892c1",
        "callsign": "ENT2XZ",
        "origin_country": "Poland",
        "time_position": 1789756312,
        "last_contact": 1789756312,
        "baro_altitude": 10972.8,
        "on_ground": false,
        "velocity": 236.25,
        "true_track": 37.57,
        "vertical_rate": 0,
        "geo_altitude": 11346.18,
        "squawk": "1000",
        "spi": false,
        "position_source": 0
      }
    },
    {
      "type": "Feature",
      "geometry": {
        "type": "Point",
        "coordinates": [
          14.5769,
          47.4658
        ]
      },
      "properties": {
        "icao24": "801927",
        "callsign": "IGO9001",
        "origin_country": "India",
        "time_position": 1789756312,
        "last_contact": 1789756313,
        "baro_altitude": 11894.82,
        "on_ground": false,
        "velocity": 242.34,
        "true_track": 147.66,
        "vertical_rate": 0.33,
        "geo_altitude": 12230.1,
        "squawk": "6045",
        "spi": false,
        "position_source": 0
      }
    },
    {
      "type": "Feature",
      "geometry": {
        "type": "Point",
        "coordinates": [
          15.1654,
          43.6769
        ]
      },
      "properties": {
        "icao24": "39dd05",
        "callsign": "TVF39PQ",
        "origin_country": "France",
        "time_position": 1789756308,
        "last_contact": 1789756311,
        "baro_altitude": 11597.64,
        "on_ground": false,
        "velocity": 230.98,
        "true_track": 300.96,
        "vertical_rate": 0.33,
        "geo_altitude": 11993.88,
        "squawk": "2076",
        "spi": false,
        "position_source": 0
      }
    },
    {
      "type": "Feature",
      "geometry": {
        "type": "Point",
        "coordinates": [
          12.1191,
          40.9727
        ]
      },
      "properties": {
        "icao24": "39dd04",
        "callsign": "TVF27QD",
        "origin_country": "France",
        "time_position": 1789756312,
        "last_contact": 1789756312,
        "baro_altitude": 10980.42,
        "on_ground": false,
        "velocity": 225.33,
        "true_track": 349.74,
        "vertical_rate": 0.33,
        "geo_altitude": 11384.28,
        "squawk": "4303",
        "spi": false,
        "position_source": 0
      }
    },
    {
      "type": "Feature",
      "geometry": {
        "type": "Point",
        "coordinates": [
          16.5529,
          47.632
        ]
      },
      "properties": {
        "icao24": "4bb248",
        "callsign": "THY8BC",
        "origin_country": "Turkey",
        "time_position": 1789756312,
        "last_contact": 1789756312,
        "baro_altitude": 10668,
        "on_ground": false,
        "velocity": 243.24,
        "true_track": 117.87,
        "vertical_rate": 0,
        "geo_altitude": 10995.66,
        "squawk": "2704",
        "spi": false,
        "position_source": 0
      }
    },
    {
      "type": "Feature",
      "geometry": {
        "type": "Point",
        "coordinates": [
          18.9632,
          46.6522
        ]
      },
      "properties": {
        "icao24": "4bb266",
        "callsign": "THY8WM",
        "origin_country": "Turkey",
        "time_position": 1789756312,
        "last_contact": 1789756312,
        "baro_altitude": 10965.18,
        "on_ground": false,
        "velocity": 221.86,
        "true_track": 299.6,
        "vertical_rate": 0,
        "geo_altitude": 11346.18,
        "squawk": "5327",
        "spi": false,
        "position_source": 0
      }
    },
    {
      "type": "Feature",
      "geometry": {
        "type": "Point",
        "coordinates": [
          13.6178,
          44.1151
        ]
      },
      "properties": {
        "icao24": "4bb267",
        "callsign": "THY3ZM",
        "origin_country": "Turkey",
        "time_position": 1789756313,
        "last_contact": 1789756313,
        "baro_altitude": 10668,
        "on_ground": false,
        "velocity": 233.09,
        "true_track": 99.4,
        "vertical_rate": 0,
        "geo_altitude": 11041.38,
        "squawk": "5624",
        "spi": false,
        "position_source": 0
      }
    },
    {
      "type": "Feature",
      "geometry": {
        "type": "Point",
        "coordinates": [
          13.5212,
          40.8921
        ]
      },
      "properties": {
        "icao24": "4bb264",
        "callsign": "THY5AQ",
        "origin_country": "Turkey",
        "time_position": 1789756313,
        "last_contact": 1789756313,
        "baro_altitude": 10972.8,
        "on_ground": false,
        "velocity": 260.42,
        "true_track": 86.04,
        "vertical_rate": 0,
        "geo_altitude": 11399.52,
        "squawk": "4310",
        "spi": false,
        "position_source": 0
      }
    },
    {
      "type": "Feature",
      "geometry": {
        "type": "Point",
        "coordinates": [
          7.4291,
          43.9397
        ]
      },
      "properties": {
        "icao24": "020118",
        "callsign": "MAC478",
        "origin_country": "Morocco",
        "time_position": 1789756312,
        "last_contact": 1789756312,
        "baro_altitude": 10279.38,
        "on_ground": false,
        "velocity": 233.23,
        "true_track": 237.89,
        "vertical_rate": 4.88,
        "geo_altitude": 10637.52,
        "squawk": "4022",
        "spi": false,
        "position_source": 0
      }
    },
    {
      "type": "Feature",
      "geometry": {
        "type": "Point",
        "coordinates": [
          9.2796,
          45.4466
        ]
      },
      "properties": {
        "icao24": "4079d2",
        "callsign": "CFE36Y",
        "origin_country": "United Kingdom",
        "time_position": 1789756311,
        "last_contact": 1789756311,
        "baro_altitude": null,
        "on_ground": true,
        "velocity": 7.72,
        "true_track": 174.38,
        "vertical_rate": null,
        "geo_altitude": null,
        "squawk": null,
        "spi": false,
        "position_source": 0
      }
    },
    {
      "type": "Feature",
      "geometry": {
        "type": "Point",
        "coordinates": [
          15.908,
          44.3704
        ]
      },
      "properties": {
        "icao24": "4bb276",
        "callsign": "THY6NU",
        "origin_country": "Turkey",
        "time_position": 1789756312,
        "last_contact": 1789756312,
        "baro_altitude": 10043.16,
        "on_ground": false,
        "velocity": 238.34,
        "true_track": 103.23,
        "vertical_rate": -0.33,
        "geo_altitude": 10424.16,
        "squawk": "2270",
        "spi": false,
        "position_source": 0
      }
    },
    {
      "type": "Feature",
      "geometry": {
        "type": "Point",
        "coordinates": [
          10.5619,
          40.8069
        ]
      },
      "properties": {
        "icao24": "4bb273",
        "callsign": "THY25G",
        "origin_country": "Turkey",
        "time_position": 1789756312,
        "last_contact": 1789756312,
        "baro_altitude": 9761.22,
        "on_ground": false,
        "velocity": 249.41,
        "true_track": 85.03,
        "vertical_rate": 0,
        "geo_altitude": 10157.46,
        "squawk": "1455",
        "spi": false,
        "position_source": 0
      }
    },
    {
      "type": "Feature",
      "geometry": {
        "type": "Point",
        "coordinates": [
          13.4235,
          40.963
        ]
      },
      "properties": {
        "icao24": "4bb270",
        "callsign": "THY1DB",
        "origin_country": "Turkey",
        "time_position": 1789756312,
        "last_contact": 1789756313,
        "baro_altitude": 10347.96,
        "on_ground": false,
        "velocity": 254,
        "true_track": 86.87,
        "vertical_rate": 0.33,
        "geo_altitude": 10767.06,
        "squawk": "0212",
        "spi": false,
        "position_source": 0
      }
    },
    {
      "type": "Feature",
      "geometry": {
        "type": "Point",
        "coordinates": [
          17.3159,
          46.5706
        ]
      },
      "properties": {
        "icao24": "4bb26e",
        "callsign": "THY3FW",
        "origin_country": "Turkey",
        "time_position": 1789756312,
        "last_contact": 1789756312,
        "baro_altitude": 10668,
        "on_ground": false,
        "velocity": 233.55,
        "true_track": 119.28,
        "vertical_rate": 0,
        "geo_altitude": 11033.76,
        "squawk": "4636",
        "spi": false,
        "position_source": 0
      }
    },
    {
      "type": "Feature",
      "geometry": {
        "type": "Point",
        "coordinates": [
          11.7525,
          44.131
        ]
      },
      "properties": {
        "icao24": "4bb26c",
        "callsign": "THY5TN",
        "origin_country": "Turkey",
        "time_position": 1789756312,
        "last_contact": 1789756312,
        "baro_altitude": 10378.44,
        "on_ground": false,
        "velocity": 227.33,
        "true_track": 273.63,
        "vertical_rate": 0,
        "geo_altitude": 10751.82,
        "squawk": "7223",
        "spi": false,
        "position_source": 0
      }
    },
    {
      "type": "Feature",
      "geometry": {
        "type": "Point",
        "coordinates": [
          18.442,
          39.8691
        ]
      },
      "properties": {
        "icao24": "4066ce",
        "callsign": "TOM3NL",
        "origin_country": "United Kingdom",
        "time_position": 1789756312,
        "last_contact": 1789756312,
        "baro_altitude": 10972.8,
        "on_ground": false,
        "velocity": 236.6,
        "true_track": 319.94,
        "vertical_rate": 0,
        "geo_altitude": 11437.62,
        "squawk": null,
        "spi": false,
        "position_source": 0
      }
    },
    {
      "type": "Feature",
      "geometry": {
        "type": "Point",
        "coordinates": [
          15.469,
          46.0507
        ]
      },
      "properties": {
        "icao24": "4066d0",
        "callsign": "TOM9GE",
        "origin_country": "United Kingdom",
        "time_position": 1789756312,
        "last_contact": 1789756313,
        "baro_altitude": 11277.6,
        "on_ground": false,
        "velocity": 234.34,
        "true_track": 133.58,
        "vertical_rate": 0.33,
        "geo_altitude": 11635.74,
        "squawk": "3443",
        "spi": false,
        "position_source": 0
      }
    },
    {
      "type": "Feature",
      "geometry": {
        "type": "Point",
        "coordinates": [
          7.307,
          46.3034
        ]
      },
      "properties": {
        "icao24": "3e52f8",
        "callsign": "MCK311",
        "origin_country": "Germany",
        "time_position": 1789756297,
        "last_contact": 1789756297,
        "baro_altitude": 3108.96,
        "on_ground": false,
        "velocity": 154.07,
        "true_track": 162.11,
        "vertical_rate": -31.21,
        "geo_altitude": 3276.6,
        "squawk": "6717",
        "spi": false,
        "position_source": 0
      }
    },
    {
      "type": "Feature",
      "geometry": {
        "type": "Point",
        "coordinates": [
          14.6561,
          46.0537
        ]
      },
      "properties": {
        "icao24": "506ca5",
        "callsign": "RMB2",
        "origin_country": "Slovenia",
        "time_position": 1789756313,
        "last_contact": 1789756313,
        "baro_altitude": 3642.36,
        "on_ground": false,
        "velocity": 136.41,
        "true_track": 146.85,
        "vertical_rate": 18.21,
        "geo_altitude": 3817.62,
        "squawk": null,
        "spi": false,
        "position_source": 0
      }
    },
    {
      "type": "Feature",
      "geometry": {
        "type": "Point",
        "coordinates": [
          6.7869,
          44.4072
        ]
      },
      "properties": {
        "icao24": "34535a",
        "callsign": "VLG4TJ",
        "origin_country": "Spain",
        "time_position": 1789756312,
        "last_contact": 1789756312,
        "baro_altitude": 8839.2,
        "on_ground": false,
        "velocity": 243.31,
        "true_track": 222.09,
        "vertical_rate": 0,
        "geo_altitude": 9182.1,
        "squawk": "1000",
        "spi": false,
        "position_source": 0
      }
    },
    {
      "type": "Feature",
      "geometry": {
        "type": "Point",
        "coordinates": [
          8.5586,
          47.4525
        ]
      },
      "properties": {
        "icao24": "44ce79",
        "callsign": "BEL8KG",
        "origin_country": "Belgium",
        "time_position": 1789756313,
        "last_contact": 1789756313,
        "baro_altitude": null,
        "on_ground": true,
        "velocity": 3.09,
        "true_track": 275.62,
        "vertical_rate": null,
        "geo_altitude": null,
        "squawk": "1000",
        "spi": false,
        "position_source": 0
      }
    },
    {
      "type": "Feature",
      "geometry": {
        "type": "Point",
        "coordinates": [
          9.2216,
          45.8155
        ]
      },
      "properties": {
        "icao24": "405457",
        "callsign": "EFW193M",
        "origin_country": "United Kingdom",
        "time_position": 1789756312,
        "last_contact": 1789756313,
        "baro_altitude": 10972.8,
        "on_ground": false,
        "velocity": 226.84,
        "true_track": 340.25,
        "vertical_rate": -0.33,
        "geo_altitude": 11330.94,
        "squawk": "1214",
        "spi": false,
        "position_source": 0
      }
    },
    {
      "type": "Feature",
      "geometry": {
        "type": "Point",
        "coordinates": [
          12.8421,
          41.4786
        ]
      },
      "properties": {
        "icao24": "405456",
        "callsign": "EFW17EA",
        "origin_country": "United Kingdom",
        "time_position": 1789756312,
        "last_contact": 1789756313,
        "baro_altitude": 10980.42,
        "on_ground": false,
        "velocity": 224.61,
        "true_track": 334.78,
        "vertical_rate": 0,
        "geo_altitude": 11361.42,
        "squawk": "6567",
        "spi": false,
        "position_source": 0
      }
    },
    {
      "type": "Feature",
      "geometry": {
        "type": "Point",
        "coordinates": [
          12.051,
          38.9632
        ]
      },
      "properties": {
        "icao24": "346649",
        "callsign": "VOE1YH",
        "origin_country": "Spain",
        "time_position": 1789756312,
        "last_contact": 1789756312,
        "baro_altitude": 6522.72,
        "on_ground": false,
        "velocity": 235.11,
        "true_track": 114.15,
        "vertical_rate": -12.68,
        "geo_altitude": 6888.48,
        "squawk": "1000",
        "spi": false,
        "position_source": 0
      }
    },
    {
      "type": "Feature",
      "geometry": {
        "type": "Point",
        "coordinates": [
          8.9251,
          45.4416
        ]
      },
      "properties": {
        "icao24": "44ce66",
        "callsign": "BEL8RD",
        "origin_country": "Belgium",
        "time_position": 1789756312,
        "last_contact": 1789756312,
        "baro_altitude": 2484.12,
        "on_ground": false,
        "velocity": 135.6,
        "true_track": 169.29,
        "vertical_rate": -7.8,
        "geo_altitude": 2628.9,
        "squawk": "1000",
        "spi": false,
        "position_source": 0
      }
    },
    {
      "type": "Feature",
      "geometry": {
        "type": "Point",
        "coordinates": [
          13.294,
          47.1225
        ]
      },
      "properties": {
        "icao24": "34660b",
        "callsign": "IBE07ZE",
        "origin_country": "Spain",
        "time_position": 1789756312,
        "last_contact": 1789756312,
        "baro_altitude": 10355.58,
        "on_ground": false,
        "velocity": 198.45,
        "true_track": 245.49,
        "vertical_rate": 0,
        "geo_altitude": 10698.48,
        "squawk": "1000",
        "spi": false,
        "position_source": 0
      }
    },
    {
      "type": "Feature",
      "geometry": {
        "type": "Point",
        "coordinates": [
          8.8565,
          44.8492
        ]
      },
      "properties": {
        "icao24": "4ab823",
        "callsign": "NSZ3929",
        "origin_country": "Sweden",
        "time_position": 1789756313,
        "last_contact": 1789756313,
        "baro_altitude": 9464.04,
        "on_ground": false,
        "velocity": 245.32,
        "true_track": 8.2,
        "vertical_rate": 6.83,
        "geo_altitude": 9799.32,
        "squawk": "3345",
        "spi": false,
        "position_source": 0
      }
    },
    {
      "type": "Feature",
      "geometry": {
        "type": "Point",
        "coordinates": [
          12.63,
          41.4946
        ]
      },
      "properties": {
        "icao24": "4bb206",
        "callsign": "THY7ZA",
        "origin_country": "Turkey",
        "time_position": 1789756313,
        "last_contact": 1789756313,
        "baro_altitude": 10675.62,
        "on_ground": false,
        "velocity": 264.66,
        "true_track": 77.88,
        "vertical_rate": 0.33,
        "geo_altitude": 11094.72,
        "squawk": "1252",
        "spi": false,
        "position_source": 0
      }
    },
    {
      "type": "Feature",
      "geometry": {
        "type": "Point",
        "coordinates": [
          11.0827,
          37.5873
        ]
      },
      "properties": {
        "icao24": "4bb204",
        "callsign": "THY9LK",
        "origin_country": "Turkey",
        "time_position": 1789756312,
        "last_contact": 1789756312,
        "baro_altitude": 10668,
        "on_ground": false,
        "velocity": 260.32,
        "true_track": 93.63,
        "vertical_rate": 0,
        "geo_altitude": 11148.06,
        "squawk": "0207",
        "spi": false,
        "position_source": 0
      }
    },
    {
      "type": "Feature",
      "geometry": {
        "type": "Point",
        "coordinates": [
          16.2287,
          45.1484
        ]
      },
      "properties": {
        "icao24": "4bb20a",
        "callsign": "THY67W",
        "origin_country": "Turkey",
        "time_position": 1789756313,
        "last_contact": 1789756313,
        "baro_altitude": 10675.62,
        "on_ground": false,
        "velocity": 238.55,
        "true_track": 112.31,
        "vertical_rate": 0,
        "geo_altitude": 11071.86,
        "squawk": "0246",
        "spi": false,
        "position_source": 0
      }
    },
    {
      "type": "Feature",
      "geometry": {
        "type": "Point",
        "coordinates": [
          18.1511,
          38.1413
        ]
      },
      "properties": {
        "icao24": "4bb219",
        "callsign": "THY4BV",
        "origin_country": "Turkey",
        "time_position": 1789756083,
        "last_contact": 1789756293,
        "baro_altitude": 10675.62,
        "on_ground": false,
        "velocity": 249.72,
        "true_track": 48.76,
        "vertical_rate": 0,
        "geo_altitude": 11178.54,
        "squawk": "6576",
        "spi": false,
        "position_source": 0
      }
    },
    {
      "type": "Feature",
      "geometry": {
        "type": "Point",
        "coordinates": [
          14.3154,
          47.3009
        ]
      },
      "properties": {
        "icao24": "4bb215",
        "callsign": "THY6LS",
        "origin_country": "Turkey",
        "time_position": 1789756312,
        "last_contact": 1789756312,
        "baro_altitude": 10668,
        "on_ground": false,
        "velocity": 243.7,
        "true_track": 123.72,
        "vertical_rate": 0.33,
        "geo_altitude": 11018.52,
        "squawk": "0101",
        "spi": false,
        "position_source": 0
      }
    },
    {
      "type": "Feature",
      "geometry": {
        "type": "Point",
        "coordinates": [
          14.923,
          42.0774
        ]
      },
      "properties": {
        "icao24": "4bb213",
        "callsign": "THY5FK",
        "origin_country": "Turkey",
        "time_position": 1789756312,
        "last_contact": 1789756313,
        "baro_altitude": 10043.16,
        "on_ground": false,
        "velocity": 235.13,
        "true_track": 63.21,
        "vertical_rate": 0.33,
        "geo_altitude": 10462.26,
        "squawk": "4315",
        "spi": false,
        "position_source": 0
      }
    },
    {
      "type": "Feature",
      "geometry": {
        "type": "Point",
        "coordinates": [
          17.3647,
          44.8582
        ]
      },
      "properties": {
        "icao24": "4bb20f",
        "callsign": "THY84X",
        "origin_country": "Turkey",
        "time_position": 1789756313,
        "last_contact": 1789756313,
        "baro_altitude": 10668,
        "on_ground": false,
        "velocity": 245.29,
        "true_track": 113.88,
        "vertical_rate": 0,
        "geo_altitude": 11071.86,
        "squawk": "0257",
        "spi": false,
        "position_source": 0
      }
    },
    {
      "type": "Feature",
      "geometry": {
        "type": "Point",
        "coordinates": [
          10.0443,
          40.7222
        ]
      },
      "properties": {
        "icao24": "4bb20d",
        "callsign": "THY42W",
        "origin_country": "Turkey",
        "time_position": 1789756312,
        "last_contact": 1789756312,
        "baro_altitude": 10363.2,
        "on_ground": false,
        "velocity": 248.16,
        "true_track": 84.29,
        "vertical_rate": 0,
        "geo_altitude": 10782.3,
        "squawk": "2316",
        "spi": false,
        "position_source": 0
      }
    },
    {
      "type": "Feature",
      "geometry": {
        "type": "Point",
        "coordinates": [
          15.2403,
          46.8875
        ]
      },
      "properties": {
        "icao24": "4bb20c",
        "callsign": "THY3VD",
        "origin_country": "Turkey",
        "time_position": 1789756313,
        "last_contact": 1789756313,
        "baro_altitude": 10668,
        "on_ground": false,
        "velocity": 240.18,
        "true_track": 124.88,
        "vertical_rate": 0,
        "geo_altitude": 11033.76,
        "squawk": "7310",
        "spi": false,
        "position_source": 0
      }
    },
    {
      "type": "Feature",
      "geometry": {
        "type": "Point",
        "coordinates": [
          18.7095,
          47.1728
        ]
      },
      "properties": {
        "icao24": "4bb201",
        "callsign": "THY9GV",
        "origin_country": "Turkey",
        "time_position": 1789756313,
        "last_contact": 1789756313,
        "baro_altitude": 10363.2,
        "on_ground": false,
        "velocity": 223.67,
        "true_track": 305.26,
        "vertical_rate": 0,
        "geo_altitude": 10751.82,
        "squawk": "2667",
        "spi": false,
        "position_source": 0
      }
    },
    {
      "type": "Feature",
      "geometry": {
        "type": "Point",
        "coordinates": [
          16.5982,
          43.3374
        ]
      },
      "properties": {
        "icao24": "489228",
        "callsign": null,
        "origin_country": "Poland",
        "time_position": 1789756311,
        "last_contact": 1789756311,
        "baro_altitude": 10972.8,
        "on_ground": false,
        "velocity": 229.64,
        "true_track": 313.28,
        "vertical_rate": 0,
        "geo_altitude": 11376.66,
        "squawk": null,
        "spi": false,
        "position_source": 0
      }
    },
    {
      "type": "Feature",
      "geometry": {
        "type": "Point",
        "coordinates": [
          9.2636,
          41.1438
        ]
      },
      "properties": {
        "icao24": "3465c9",
        "callsign": "VOE6GV",
        "origin_country": "Spain",
        "time_position": 1789756104,
        "last_contact": 1789756104,
        "baro_altitude": 3253.74,
        "on_ground": false,
        "velocity": 165.29,
        "true_track": 92.5,
        "vertical_rate": -9.75,
        "geo_altitude": 3520.44,
        "squawk": "3361",
        "spi": false,
        "position_source": 0
      }
    },
    {
      "type": "Feature",
      "geometry": {
        "type": "Point",
        "coordinates": [
          13.2432,
          47.426
        ]
      },
      "properties": {
        "icao24": "4ac9e6",
        "callsign": "SAS65K",
        "origin_country": "Sweden",
        "time_position": 1789756313,
        "last_contact": 1789756313,
        "baro_altitude": 11597.64,
        "on_ground": false,
        "velocity": 243.41,
        "true_track": 26.62,
        "vertical_rate": 0.33,
        "geo_altitude": 11932.92,
        "squawk": "1245",
        "spi": false,
        "position_source": 0
      }
    },
    {
      "type": "Feature",
      "geometry": {
        "type": "Point",
        "coordinates": [
          8.7228,
          45.6175
        ]
      },
      "properties": {
        "icao24": "4ac9e9",
        "callsign": "SAS2690",
        "origin_country": "Sweden",
        "time_position": 1789756292,
        "last_contact": 1789756292,
        "baro_altitude": null,
        "on_ground": true,
        "velocity": 10.29,
        "true_track": 168.75,
        "vertical_rate": null,
        "geo_altitude": null,
        "squawk": "1000",
        "spi": false,
        "position_source": 0
      }
    },
    {
      "type": "Feature",
      "geometry": {
        "type": "Point",
        "coordinates": [
          7.2739,
          44.0468
        ]
      },
      "properties": {
        "icao24": "02005b",
        "callsign": "RAM951X",
        "origin_country": "Morocco",
        "time_position": 1789756313,
        "last_contact": 1789756313,
        "baro_altitude": 11277.6,
        "on_ground": false,
        "velocity": 236.1,
        "true_track": 240.64,
        "vertical_rate": 0,
        "geo_altitude": 11658.6,
        "squawk": "4051",
        "spi": false,
        "position_source": 0
      }
    },
    {
      "type": "Feature",
      "geometry": {
        "type": "Point",
        "coordinates": [
          17.9822,
          44.5653
        ]
      },
      "properties": {
        "icao24": "4067a4",
        "callsign": "DHK951",
        "origin_country": "United Kingdom",
        "time_position": 1789756312,
        "last_contact": 1789756312,
        "baro_altitude": 11590.02,
        "on_ground": false,
        "velocity": 231.36,
        "true_track": 315,
        "vertical_rate": -0.33,
        "geo_altitude": 11986.26,
        "squawk": "2053",
        "spi": false,
        "position_source": 0
      }
    },
    {
      "type": "Feature",
      "geometry": {
        "type": "Point",
        "coordinates": [
          6.9023,
          45.318
        ]
      },
      "properties": {
        "icao24": "34538d",
        "callsign": "VLG23BJ",
        "origin_country": "Spain",
        "time_position": 1789756312,
        "last_contact": 1789756312,
        "baro_altitude": 10363.2,
        "on_ground": false,
        "velocity": 218.73,
        "true_track": 13.74,
        "vertical_rate": -0.33,
        "geo_altitude": 10721.34,
        "squawk": "1000",
        "spi": false,
        "position_source": 0
      }
    },
    {
      "type": "Feature",
      "geometry": {
        "type": "Point",
        "coordinates": [
          14.1144,
          45.1018
        ]
      },
      "properties": {
        "icao24": "505a88",
        "callsign": "TVS2810",
        "origin_country": "Slovakia",
        "time_position": 1789756312,
        "last_contact": 1789756313,
        "baro_altitude": 10363.2,
        "on_ground": false,
        "velocity": 204.44,
        "true_track": 195.47,
        "vertical_rate": 0.33,
        "geo_altitude": 10713.72,
        "squawk": "6036",
        "spi": false,
        "position_source": 0
      }
    },
    {
      "type": "Feature",
      "geometry": {
        "type": "Point",
        "coordinates": [
          13.6996,
          47.4654
        ]
      },
      "properties": {
        "icao24": "738444",
        "callsign": "AIZ514",
        "origin_country": "Israel",
        "time_position": 1789756313,
        "last_contact": 1789756313,
        "baro_altitude": 10668,
        "on_ground": false,
        "velocity": 242.31,
        "true_track": 128.62,
        "vertical_rate": 0,
        "geo_altitude": 10980.42,
        "squawk": "5565",
        "spi": false,
        "position_source": 0
      }
    },
    {
      "type": "Feature",
      "geometry": {
        "type": "Point",
        "coordinates": [
          9.7969,
          43.3517
        ]
      },
      "properties": {
        "icao24": "3a2e23",
        "callsign": "REU974",
        "origin_country": "France",
        "time_position": 1789756312,
        "last_contact": 1789756312,
        "baro_altitude": 9448.8,
        "on_ground": false,
        "velocity": 260.02,
        "true_track": 132.27,
        "vertical_rate": 0,
        "geo_altitude": 9791.7,
        "squawk": "7645",
        "spi": false,
        "position_source": 0
      }
    },
    {
      "type": "Feature",
      "geometry": {
        "type": "Point",
        "coordinates": [
          9.4115,
          42.7443
        ]
      },
      "properties": {
        "icao24": "4ac98a",
        "callsign": "SWT5782",
        "origin_country": "Sweden",
        "time_position": 1789756313,
        "last_contact": 1789756313,
        "baro_altitude": 3154.68,
        "on_ground": false,
        "velocity": 143.74,
        "true_track": 284.09,
        "vertical_rate": 16.91,
        "geo_altitude": 3314.7,
        "squawk": null,
        "spi": false,
        "position_source": 0
      }
    },
    {
      "type": "Feature",
      "geometry": {
        "type": "Point",
        "coordinates": [
          14.8923,
          39.5604
        ]
      },
      "properties": {
        "icao24": "3ccf01",
        "callsign": "ECA4RT",
        "origin_country": "Germany",
        "time_position": 1789756303,
        "last_contact": 1789756304,
        "baro_altitude": 10058.4,
        "on_ground": false,
        "velocity": 226.02,
        "true_track": 158.22,
        "vertical_rate": 0.33,
        "geo_altitude": 10477.5,
        "squawk": "5447",
        "spi": false,
        "position_source": 0
      }
    },
    {
      "type": "Feature",
      "geometry": {
        "type": "Point",
        "coordinates": [
          12.0879,
          45.2985
        ]
      },
      "properties": {
        "icao24": "39c8f4",
        "callsign": "PVR18S",
        "origin_country": "France",
        "time_position": 1789756313,
        "last_contact": 1789756313,
        "baro_altitude": 1165.86,
        "on_ground": false,
        "velocity": 115.82,
        "true_track": 42.12,
        "vertical_rate": -4.55,
        "geo_altitude": 1272.54,
        "squawk": "5473",
        "spi": false,
        "position_source": 0
      }
    },
    {
      "type": "Feature",
      "geometry": {
        "type": "Point",
        "coordinates": [
          17.7822,
          44.2646
        ]
      },
      "properties": {
        "icao24": "4bb02a",
        "callsign": "TKJ8TA",
        "origin_country": "Turkey",
        "time_position": 1789756312,
        "last_contact": 1789756312,
        "baro_altitude": 10972.8,
        "on_ground": false,
        "velocity": 229.12,
        "true_track": 312,
        "vertical_rate": 0,
        "geo_altitude": 11391.9,
        "squawk": "5354",
        "spi": false,
        "position_source": 0
      }
    },
    {
      "type": "Feature",
      "geometry": {
        "type": "Point",
        "coordinates": [
          11.774,
          46.3928
        ]
      },
      "properties": {
        "icao24": "896625",
        "callsign": "UAE69",
        "origin_country": "United Arab Emirates",
        "time_position": 1789756313,
        "last_contact": 1789756313,
        "baro_altitude": 12192,
        "on_ground": false,
        "velocity": 239.69,
        "true_track": 292.33,
        "vertical_rate": 0,
        "geo_altitude": 12527.28,
        "squawk": "0514",
        "spi": false,
        "position_source": 0
      }
    },
    {
      "type": "Feature",
      "geometry": {
        "type": "Point",
        "coordinates": [
          11.5495,
          35.0668
        ]
      },
      "properties": {
        "icao24": "018086",
        "callsign": "LWA830",
        "origin_country": "Libyan Arab Jamahiriya",
        "time_position": 1789756312,
        "last_contact": 1789756313,
        "baro_altitude": 10355.58,
        "on_ground": false,
        "velocity": 219.78,
        "true_track": 329.47,
        "vertical_rate": 0,
        "geo_altitude": 10843.26,
        "squawk": "0042",
        "spi": false,
        "position_source": 0
      }
    },
    {
      "type": "Feature",
      "geometry": {
        "type": "Point",
        "coordinates": [
          7.4958,
          40.9535
        ]
      },
      "properties": {
        "icao24": "345041",
        "callsign": "VLG3071",
        "origin_country": "Spain",
        "time_position": 1789756312,
        "last_contact": 1789756313,
        "baro_altitude": 10668,
        "on_ground": false,
        "velocity": 218.53,
        "true_track": 273.51,
        "vertical_rate": 0,
        "geo_altitude": 11071.86,
        "squawk": "1000",
        "spi": false,
        "position_source": 0
      }
    },
    {
      "type": "Feature",
      "geometry": {
        "type": "Point",
        "coordinates": [
          6.4187,
          43.6543
        ]
      },
      "properties": {
        "icao24": "345043",
        "callsign": "VLG48QM",
        "origin_country": "Spain",
        "time_position": 1789756312,
        "last_contact": 1789756312,
        "baro_altitude": 10058.4,
        "on_ground": false,
        "velocity": 241.85,
        "true_track": 242.24,
        "vertical_rate": 0,
        "geo_altitude": 10416.54,
        "squawk": "1000",
        "spi": false,
        "position_source": 0
      }
    },
    {
      "type": "Feature",
      "geometry": {
        "type": "Point",
        "coordinates": [
          7.1778,
          45.3231
        ]
      },
      "properties": {
        "icao24": "347690",
        "callsign": "VLG1457",
        "origin_country": "Spain",
        "time_position": 1789756312,
        "last_contact": 1789756313,
        "baro_altitude": 8511.54,
        "on_ground": false,
        "velocity": 219,
        "true_track": 277.56,
        "vertical_rate": 9.1,
        "geo_altitude": 8854.44,
        "squawk": "1000",
        "spi": false,
        "position_source": 0
      }
    },
    {
      "type": "Feature",
      "geometry": {
        "type": "Point",
        "coordinates": [
          8.7915,
          44.965
        ]
      },
      "properties": {
        "icao24": "484c59",
        "callsign": "TRA18N",
        "origin_country": "Kingdom of the Netherlands",
        "time_position": 1789756313,
        "last_contact": 1789756313,
        "baro_altitude": 11887.2,
        "on_ground": false,
        "velocity": 240.49,
        "true_track": 175.46,
        "vertical_rate": 0,
        "geo_altitude": 12252.96,
        "squawk": "1000",
        "spi": false,
        "position_source": 0
      }
    },
    {
      "type": "Feature",
      "geometry": {
        "type": "Point",
        "coordinates": [
          11.6788,
          40.3873
        ]
      },
      "properties": {
        "icao24": "40780d",
        "callsign": "BAW619",
        "origin_country": "United Kingdom",
        "time_position": 1789756313,
        "last_contact": 1789756313,
        "baro_altitude": 10972.8,
        "on_ground": false,
        "velocity": 229.74,
        "true_track": 342.54,
        "vertical_rate": 0,
        "geo_altitude": 11391.9,
        "squawk": "1203",
        "spi": false,
        "position_source": 0
      }
    },
    {
      "type": "Feature",
      "geometry": {
        "type": "Point",
        "coordinates": [
          8.7706,
          44.2805
        ]
      },
      "properties": {
        "icao24": "48af0e",
        "callsign": "LOT3PW",
        "origin_country": "Poland",
        "time_position": 1789756312,
        "last_contact": 1789756312,
        "baro_altitude": 7505.7,
        "on_ground": false,
        "velocity": 224.55,
        "true_track": 46.76,
        "vertical_rate": 9.43,
        "geo_altitude": 7795.26,
        "squawk": "1000",
        "spi": false,
        "position_source": 0
      }
    },
    {
      "type": "Feature",
      "geometry": {
        "type": "Point",
        "coordinates": [
          15.7638,
          45.3518
        ]
      },
      "properties": {
        "icao24": "48af0c",
        "callsign": "LOT6256",
        "origin_country": "Poland",
        "time_position": 1789756313,
        "last_contact": 1789756313,
        "baro_altitude": 11590.02,
        "on_ground": false,
        "velocity": 240.24,
        "true_track": 58.93,
        "vertical_rate": -0.33,
        "geo_altitude": 11978.64,
        "squawk": "1261",
        "spi": false,
        "position_source": 0
      }
    },
    {
      "type": "Feature",
      "geometry": {
        "type": "Point",
        "coordinates": [
          13.8997,
          47.2358
        ]
      },
      "properties": {
        "icao24": "48af10",
        "callsign": "LOT348",
        "origin_country": "Poland",
        "time_position": 1789756312,
        "last_contact": 1789756312,
        "baro_altitude": 11887.2,
        "on_ground": false,
        "velocity": 249.41,
        "true_track": 64.07,
        "vertical_rate": 0,
        "geo_altitude": 12237.72,
        "squawk": "1000",
        "spi": false,
        "position_source": 0
      }
    },
    {
      "type": "Feature",
      "geometry": {
        "type": "Point",
        "coordinates": [
          9.7083,
          47.4812
        ]
      },
      "properties": {
        "icao24": "48af09",
        "callsign": "LOT416",
        "origin_country": "Poland",
        "time_position": 1789756312,
        "last_contact": 1789756312,
        "baro_altitude": 11277.6,
        "on_ground": false,
        "velocity": 235.09,
        "true_track": 70.97,
        "vertical_rate": -0.33,
        "geo_altitude": 11620.5,
        "squawk": "1000",
        "spi": false,
        "position_source": 0
      }
    },
    {
      "type": "Feature",
      "geometry": {
        "type": "Point",
        "coordinates": [
          8.5403,
          47.3714
        ]
      },
      "properties": {
        "icao24": "48af02",
        "callsign": "LOT3VB",
        "origin_country": "Poland",
        "time_position": 1789756312,
        "last_contact": 1789756312,
        "baro_altitude": 2750.82,
        "on_ground": false,
        "velocity": 174.49,
        "true_track": 91.86,
        "vertical_rate": -0.33,
        "geo_altitude": 2903.22,
        "squawk": "1000",
        "spi": false,
        "position_source": 0
      }
    },
    {
      "type": "Feature",
      "geometry": {
        "type": "Point",
        "coordinates": [
          12.2897,
          42.3829
        ]
      },
      "properties": {
        "icao24": "406532",
        "callsign": "BAW529",
        "origin_country": "United Kingdom",
        "time_position": 1789756312,
        "last_contact": 1789756312,
        "baro_altitude": 10363.2,
        "on_ground": false,
        "velocity": 226.98,
        "true_track": 306.43,
        "vertical_rate": 0,
        "geo_altitude": 10736.58,
        "squawk": "4311",
        "spi": false,
        "position_source": 0
      }
    },
    {
      "type": "Feature",
      "geometry": {
        "type": "Point",
        "coordinates": [
          7.2691,
          42.1473
        ]
      },
      "properties": {
        "icao24": "396669",
        "callsign": "FPO774",
        "origin_country": "France",
        "time_position": 1789756313,
        "last_contact": 1789756313,
        "baro_altitude": 7338.06,
        "on_ground": false,
        "velocity": 222.06,
        "true_track": 288.23,
        "vertical_rate": -0.33,
        "geo_altitude": 7604.76,
        "squawk": "1000",
        "spi": false,
        "position_source": 0
      }
    },
    {
      "type": "Feature",
      "geometry": {
        "type": "Point",
        "coordinates": [
          10.5191,
          46.0513
        ]
      },
      "properties": {
        "icao24": "4076e3",
        "callsign": "BAW606",
        "origin_country": "United Kingdom",
        "time_position": 1789756313,
        "last_contact": 1789756313,
        "baro_altitude": 8183.88,
        "on_ground": false,
        "velocity": 222.76,
        "true_track": 138.84,
        "vertical_rate": -9.75,
        "geo_altitude": 8511.54,
        "squawk": "2701",
        "spi": false,
        "position_source": 0
      }
    },
    {
      "type": "Feature",
      "geometry": {
        "type": "Point",
        "coordinates": [
          16.798,
          46.9348
        ]
      },
      "properties": {
        "icao24": "48adae",
        "callsign": "LOT312",
        "origin_country": "Poland",
        "time_position": 1789756312,
        "last_contact": 1789756312,
        "baro_altitude": 11277.6,
        "on_ground": false,
        "velocity": 239.02,
        "true_track": 45.78,
        "vertical_rate": -0.33,
        "geo_altitude": 11643.36,
        "squawk": "1000",
        "spi": false,
        "position_source": 0
      }
    },
    {
      "type": "Feature",
      "geometry": {
        "type": "Point",
        "coordinates": [
          10.2583,
          43.2915
        ]
      },
      "properties": {
        "icao24": "3463c6",
        "callsign": "VOE6FB",
        "origin_country": "Spain",
        "time_position": 1789756313,
        "last_contact": 1789756313,
        "baro_altitude": 11597.64,
        "on_ground": false,
        "velocity": 231.98,
        "true_track": 341.65,
        "vertical_rate": 0,
        "geo_altitude": 11986.26,
        "squawk": "1000",
        "spi": false,
        "position_source": 0
      }
    },
    {
      "type": "Feature",
      "geometry": {
        "type": "Point",
        "coordinates": [
          12.4659,
          41.693
        ]
      },
      "properties": {
        "icao24": "461fa0",
        "callsign": "FIN4NC",
        "origin_country": "Finland",
        "time_position": 1789756312,
        "last_contact": 1789756312,
        "baro_altitude": 4434.84,
        "on_ground": false,
        "velocity": 203.6,
        "true_track": 39.36,
        "vertical_rate": 10.73,
        "geo_altitude": 4655.82,
        "squawk": null,
        "spi": false,
        "position_source": 0
      }
    },
    {
      "type": "Feature",
      "geometry": {
        "type": "Point",
        "coordinates": [
          9.7007,
          47.7352
        ]
      },
      "properties": {
        "icao24": "40666c",
        "callsign": "EZY41KP",
        "origin_country": "United Kingdom",
        "time_position": 1789756313,
        "last_contact": 1789756313,
        "baro_altitude": 10660.38,
        "on_ground": false,
        "velocity": 238.84,
        "true_track": 140.07,
        "vertical_rate": -3.58,
        "geo_altitude": 10995.66,
        "squawk": "3462",
        "spi": false,
        "position_source": 0
      }
    },
    {
      "type": "Feature",
      "geometry": {
        "type": "Point",
        "coordinates": [
          9.8808,
          46.5345
        ]
      },
      "properties": {
        "icao24": "40665f",
        "callsign": "TOM27A",
        "origin_country": "United Kingdom",
        "time_position": 1789756312,
        "last_contact": 1789756313,
        "baro_altitude": 11582.4,
        "on_ground": false,
        "velocity": 220.4,
        "true_track": 296.62,
        "vertical_rate": -0.33,
        "geo_altitude": 11940.54,
        "squawk": "2774",
        "spi": false,
        "position_source": 0
      }
    },
    {
      "type": "Feature",
      "geometry": {
        "type": "Point",
        "coordinates": [
          12.7375,
          47.5942
        ]
      },
      "properties": {
        "icao24": "40665e",
        "callsign": "TOM674",
        "origin_country": "United Kingdom",
        "time_position": 1789756313,
        "last_contact": 1789756313,
        "baro_altitude": 11277.6,
        "on_ground": false,
        "velocity": 246.97,
        "true_track": 121.8,
        "vertical_rate": -0.33,
        "geo_altitude": 11590.02,
        "squawk": "4701",
        "spi": false,
        "position_source": 0
      }
    },
    {
      "type": "Feature",
      "geometry": {
        "type": "Point",
        "coordinates": [
          8.9012,
          45.7517
        ]
      },
      "properties": {
        "icao24": "406669",
        "callsign": "EZY21JR",
        "origin_country": "United Kingdom",
        "time_position": 1789756313,
        "last_contact": 1789756313,
        "baro_altitude": 4114.8,
        "on_ground": false,
        "velocity": 184.86,
        "true_track": 158.79,
        "vertical_rate": -12.03,
        "geo_altitude": 4335.78,
        "squawk": "2244",
        "spi": false,
        "position_source": 0
      }
    },
    {
      "type": "Feature",
      "geometry": {
        "type": "Point",
        "coordinates": [
          18.5404,
          42.6276
        ]
      },
      "properties": {
        "icao24": "406660",
        "callsign": "TOM9EH",
        "origin_country": "United Kingdom",
        "time_position": 1789756308,
        "last_contact": 1789756308,
        "baro_altitude": 10972.8,
        "on_ground": false,
        "velocity": 237.29,
        "true_track": 325.69,
        "vertical_rate": 0,
        "geo_altitude": 11407.14,
        "squawk": null,
        "spi": false,
        "position_source": 0
      }
    },
    {
      "type": "Feature",
      "geometry": {
        "type": "Point",
        "coordinates": [
          16.2764,
          42.7661
        ]
      },
      "properties": {
        "icao24": "40796e",
        "callsign": "EXS6TS",
        "origin_country": "United Kingdom",
        "time_position": 1789756312,
        "last_contact": 1789756312,
        "baro_altitude": 10668,
        "on_ground": false,
        "velocity": 232.28,
        "true_track": 128.16,
        "vertical_rate": -0.33,
        "geo_altitude": 11079.48,
        "squawk": "3444",
        "spi": false,
        "position_source": 0
      }
    },
    {
      "type": "Feature",
      "geometry": {
        "type": "Point",
        "coordinates": [
          6.794,
          41.4734
        ]
      },
      "properties": {
        "icao24": "345204",
        "callsign": "VLG1YZ",
        "origin_country": "Spain",
        "time_position": 1789756312,
        "last_contact": 1789756312,
        "baro_altitude": 10363.2,
        "on_ground": false,
        "velocity": 228.12,
        "true_track": 60.26,
        "vertical_rate": -0.33,
        "geo_altitude": 10759.44,
        "squawk": "1000",
        "spi": false,
        "position_source": 0
      }
    },
    {
      "type": "Feature",
      "geometry": {
        "type": "Point",
        "coordinates": [
          8.7182,
          45.6309
        ]
      },
      "properties": {
        "icao24": "4d00d7",
        "callsign": "LGL67M",
        "origin_country": "Luxembourg",
        "time_position": 1789756094,
        "last_contact": 1789756094,
        "baro_altitude": null,
        "on_ground": true,
        "velocity": 0,
        "true_track": 81.56,
        "vertical_rate": null,
        "geo_altitude": null,
        "squawk": "1000",
        "spi": false,
        "position_source": 0
      }
    },
    {
      "type": "Feature",
      "geometry": {
        "type": "Point",
        "coordinates": [
          10.1227,
          36.4715
        ]
      },
      "properties": {
        "icao24": "4d00f5",
        "callsign": "LGL202",
        "origin_country": "Luxembourg",
        "time_position": 1789756302,
        "last_contact": 1789756305,
        "baro_altitude": 11582.4,
        "on_ground": false,
        "velocity": 234.99,
        "true_track": 351.69,
        "vertical_rate": 0,
        "geo_altitude": 12100.56,
        "squawk": "6156",
        "spi": false,
        "position_source": 0
      }
    },
    {
      "type": "Feature",
      "geometry": {
        "type": "Point",
        "coordinates": [
          7.4573,
          43.8755
        ]
      },
      "properties": {
        "icao24": "4d00f4",
        "callsign": "LGL8245",
        "origin_country": "Luxembourg",
        "time_position": 1789756312,
        "last_contact": 1789756312,
        "baro_altitude": 4998.72,
        "on_ground": false,
        "velocity": 190.18,
        "true_track": 161.22,
        "vertical_rate": -11.38,
        "geo_altitude": 5257.8,
        "squawk": "1000",
        "spi": false,
        "position_source": 0
      }
    },
    {
      "type": "Feature",
      "geometry": {
        "type": "Point",
        "coordinates": [
          15.0123,
          46.005
        ]
      },
      "properties": {
        "icao24": "4bcd85",
        "callsign": "SXS5LG",
        "origin_country": "Turkey",
        "time_position": 1789756313,
        "last_contact": 1789756313,
        "baro_altitude": 12192,
        "on_ground": false,
        "velocity": 226.64,
        "true_track": 311.69,
        "vertical_rate": 0.33,
        "geo_altitude": 12557.76,
        "squawk": "3250",
        "spi": false,
        "position_source": 0
      }
    },
    {
      "type": "Feature",
      "geometry": {
        "type": "Point",
        "coordinates": [
          7.1165,
          42.9691
        ]
      },
      "properties": {
        "icao24": "4ca4f0",
        "callsign": "RYR51GK",
        "origin_country": "Ireland",
        "time_position": 1789756313,
        "last_contact": 1789756313,
        "baro_altitude": 10363.2,
        "on_ground": false,
        "velocity": 246.76,
        "true_track": 52.2,
        "vertical_rate": 0,
        "geo_altitude": 10728.96,
        "squawk": "1000",
        "spi": false,
        "position_source": 0
      }
    },
    {
      "type": "Feature",
      "geometry": {
        "type": "Point",
        "coordinates": [
          15.8047,
          41.2199
        ]
      },
      "properties": {
        "icao24": "4ca4ec",
        "callsign": "RYR340A",
        "origin_country": "Ireland",
        "time_position": 1789756312,
        "last_contact": 1789756312,
        "baro_altitude": 11277.6,
        "on_ground": false,
        "velocity": 228.73,
        "true_track": 127.23,
        "vertical_rate": 0.33,
        "geo_altitude": 11681.46,
        "squawk": "0427",
        "spi": false,
        "position_source": 0
      }
    },
    {
      "type": "Feature",
      "geometry": {
        "type": "Point",
        "coordinates": [
          10.2363,
          45.9965
        ]
      },
      "properties": {
        "icao24": "502da9",
        "callsign": "DLH05U",
        "origin_country": "Latvia",
        "time_position": 1789756313,
        "last_contact": 1789756313,
        "baro_altitude": 10363.2,
        "on_ground": false,
        "velocity": 243.44,
        "true_track": 34.5,
        "vertical_rate": 0,
        "geo_altitude": 10698.48,
        "squawk": "1000",
        "spi": false,
        "position_source": 0
      }
    },
    {
      "type": "Feature",
      "geometry": {
        "type": "Point",
        "coordinates": [
          7.6456,
          45.1903
        ]
      },
      "properties": {
        "icao24": "4ca565",
        "callsign": "RYR1057",
        "origin_country": "Ireland",
        "time_position": 1789755994,
        "last_contact": 1789756000,
        "baro_altitude": null,
        "on_ground": true,
        "velocity": 0,
        "true_track": 278.44,
        "vertical_rate": null,
        "geo_altitude": null,
        "squawk": "5450",
        "spi": false,
        "position_source": 0
      }
    },
    {
      "type": "Feature",
      "geometry": {
        "type": "Point",
        "coordinates": [
          7.9954,
          40.4616
        ]
      },
      "properties": {
        "icao24": "4ca568",
        "callsign": "RYR64PC",
        "origin_country": "Ireland",
        "time_position": 1789756313,
        "last_contact": 1789756313,
        "baro_altitude": 11277.6,
        "on_ground": false,
        "velocity": 224.73,
        "true_track": 259.85,
        "vertical_rate": 0,
        "geo_altitude": 11689.08,
        "squawk": null,
        "spi": false,
        "position_source": 0
      }
    },
    {
      "type": "Feature",
      "geometry": {
        "type": "Point",
        "coordinates": [
          9.3885,
          46.7951
        ]
      },
      "properties": {
        "icao24": "400111",
        "callsign": "VPBCL",
        "origin_country": "United Kingdom",
        "time_position": 1789756312,
        "last_contact": 1789756312,
        "baro_altitude": 12412.98,
        "on_ground": false,
        "velocity": 242.88,
        "true_track": 124.73,
        "vertical_rate": 2.6,
        "geo_altitude": 12778.74,
        "squawk": "7316",
        "spi": false,
        "position_source": 0
      }
    },
    {
      "type": "Feature",
      "geometry": {
        "type": "Point",
        "coordinates": [
          8.7271,
          45.6151
        ]
      },
      "properties": {
        "icao24": "4ca56b",
        "callsign": "RYR9TK",
        "origin_country": "Ireland",
        "time_position": 1789756310,
        "last_contact": 1789756310,
        "baro_altitude": null,
        "on_ground": true,
        "velocity": 0,
        "true_track": 348.75,
        "vertical_rate": null,
        "geo_altitude": null,
        "squawk": null,
        "spi": false,
        "position_source": 0
      }
    },
    {
      "type": "Feature",
      "geometry": {
        "type": "Point",
        "coordinates": [
          8.5558,
          47.4524
        ]
      },
      "properties": {
        "icao24": "34134d",
        "callsign": "IBE06WP",
        "origin_country": "Spain",
        "time_position": 1789756305,
        "last_contact": 1789756312,
        "baro_altitude": 381,
        "on_ground": true,
        "velocity": 1.54,
        "true_track": 337.5,
        "vertical_rate": null,
        "geo_altitude": null,
        "squawk": "1000",
        "spi": false,
        "position_source": 0
      }
    },
    {
      "type": "Feature",
      "geometry": {
        "type": "Point",
        "coordinates": [
          7.7173,
          47.1036
        ]
      },
      "properties": {
        "icao24": "3d5fd0",
        "callsign": "DFINO",
        "origin_country": "Germany",
        "time_position": 1789756312,
        "last_contact": 1789756312,
        "baro_altitude": 4472.94,
        "on_ground": false,
        "velocity": 141.11,
        "true_track": 28.53,
        "vertical_rate": -5.2,
        "geo_altitude": 4678.68,
        "squawk": "1000",
        "spi": false,
        "position_source": 0
      }
    },
    {
      "type": "Feature",
      "geometry": {
        "type": "Point",
        "coordinates": [
          17.3181,
          45.196
        ]
      },
      "properties": {
        "icao24": "4ba9e7",
        "callsign": "THY1QH",
        "origin_country": "Turkey",
        "time_position": 1789756312,
        "last_contact": 1789756312,
        "baro_altitude": 10668,
        "on_ground": false,
        "velocity": 244.13,
        "true_track": 117.48,
        "vertical_rate": 0,
        "geo_altitude": 11049,
        "squawk": "3052",
        "spi": false,
        "position_source": 0
      }
    },
    {
      "type": "Feature",
      "geometry": {
        "type": "Point",
        "coordinates": [
          16.3256,
          42.8515
        ]
      },
      "properties": {
        "icao24": "44d1b4",
        "callsign": "JAF8WB",
        "origin_country": "Belgium",
        "time_position": 1789756309,
        "last_contact": 1789756309,
        "baro_altitude": 10972.8,
        "on_ground": false,
        "velocity": 203.89,
        "true_track": 319.19,
        "vertical_rate": 0,
        "geo_altitude": 11384.28,
        "squawk": null,
        "spi": false,
        "position_source": 0
      }
    },
    {
      "type": "Feature",
      "geometry": {
        "type": "Point",
        "coordinates": [
          11.7203,
          41.6455
        ]
      },
      "properties": {
        "icao24": "4ba9e2",
        "callsign": "THY2TC",
        "origin_country": "Turkey",
        "time_position": 1789756312,
        "last_contact": 1789756312,
        "baro_altitude": 11582.4,
        "on_ground": false,
        "velocity": 251.15,
        "true_track": 77.7,
        "vertical_rate": 0,
        "geo_altitude": 11993.88,
        "squawk": "1275",
        "spi": false,
        "position_source": 0
      }
    },
    {
      "type": "Feature",
      "geometry": {
        "type": "Point",
        "coordinates": [
          6.946,
          45.9397
        ]
      },
      "properties": {
        "icao24": "502d24",
        "callsign": "SWR1PX",
        "origin_country": "Latvia",
        "time_position": 1789756313,
        "last_contact": 1789756313,
        "baro_altitude": 8816.34,
        "on_ground": false,
        "velocity": 221.33,
        "true_track": 27.1,
        "vertical_rate": -2.6,
        "geo_altitude": 9174.48,
        "squawk": "1000",
        "spi": false,
        "position_source": 0
      }
    },
    {
      "type": "Feature",
      "geometry": {
        "type": "Point",
        "coordinates": [
          7.5264,
          47.6004
        ]
      },
      "properties": {
        "icao24": "502d0d",
        "callsign": "AUA12K",
        "origin_country": "Latvia",
        "time_position": 1789756313,
        "last_contact": 1789756313,
        "baro_altitude": null,
        "on_ground": true,
        "velocity": 5.92,
        "true_track": 244.69,
        "vertical_rate": null,
        "geo_altitude": null,
        "squawk": null,
        "spi": false,
        "position_source": 0
      }
    },
    {
      "type": "Feature",
      "geometry": {
        "type": "Point",
        "coordinates": [
          8.5524,
          47.4608
        ]
      },
      "properties": {
        "icao24": "406fdb",
        "callsign": "EZY76HZ",
        "origin_country": "United Kingdom",
        "time_position": 1789756208,
        "last_contact": 1789756208,
        "baro_altitude": null,
        "on_ground": true,
        "velocity": 0,
        "true_track": 5.62,
        "vertical_rate": null,
        "geo_altitude": null,
        "squawk": "2016",
        "spi": false,
        "position_source": 0
      }
    },
    {
      "type": "Feature",
      "geometry": {
        "type": "Point",
        "coordinates": [
          12.4545,
          42.0988
        ]
      },
      "properties": {
        "icao24": "502d79",
        "callsign": "AUA557T",
        "origin_country": "Latvia",
        "time_position": 1789756313,
        "last_contact": 1789756313,
        "baro_altitude": 2148.84,
        "on_ground": false,
        "velocity": 123.47,
        "true_track": 269.52,
        "vertical_rate": -6.5,
        "geo_altitude": 2308.86,
        "squawk": "1000",
        "spi": false,
        "position_source": 0
      }
    },
    {
      "type": "Feature",
      "geometry": {
        "type": "Point",
        "coordinates": [
          15.2273,
          46.9578
        ]
      },
      "properties": {
        "icao24": "502d66",
        "callsign": "UAG65D",
        "origin_country": "Latvia",
        "time_position": 1789756312,
        "last_contact": 1789756313,
        "baro_altitude": 11582.4,
        "on_ground": false,
        "velocity": 209.36,
        "true_track": 211.23,
        "vertical_rate": 0,
        "geo_altitude": 11948.16,
        "squawk": "5610",
        "spi": false,
        "position_source": 0
      }
    },
    {
      "type": "Feature",
      "geometry": {
        "type": "Point",
        "coordinates": [
          14.0193,
          38.1677
        ]
      },
      "properties": {
        "icao24": "06a30c",
        "callsign": "QTR73R",
        "origin_country": "Qatar",
        "time_position": 1789756312,
        "last_contact": 1789756312,
        "baro_altitude": 10668,
        "on_ground": false,
        "velocity": 277.32,
        "true_track": 117.99,
        "vertical_rate": -0.33,
        "geo_altitude": 11140.44,
        "squawk": "1211",
        "spi": false,
        "position_source": 0
      }
    },
    {
      "type": "Feature",
      "geometry": {
        "type": "Point",
        "coordinates": [
          15.3097,
          45.7208
        ]
      },
      "properties": {
        "icao24": "48520a",
        "callsign": "TRA6937",
        "origin_country": "Kingdom of the Netherlands",
        "time_position": 1789756312,
        "last_contact": 1789756312,
        "baro_altitude": 11285.22,
        "on_ground": false,
        "velocity": 240.46,
        "true_track": 134.39,
        "vertical_rate": 0,
        "geo_altitude": 11650.98,
        "squawk": "3154",
        "spi": false,
        "position_source": 0
      }
    },
    {
      "type": "Feature",
      "geometry": {
        "type": "Point",
        "coordinates": [
          15.521,
          47.1382
        ]
      },
      "properties": {
        "icao24": "49d414",
        "callsign": "TVS2809",
        "origin_country": "Czech Republic",
        "time_position": 1789756313,
        "last_contact": 1789756313,
        "baro_altitude": 10363.2,
        "on_ground": false,
        "velocity": 212.89,
        "true_track": 205.02,
        "vertical_rate": 0,
        "geo_altitude": 10698.48,
        "squawk": "4133",
        "spi": false,
        "position_source": 0
      }
    },
    {
      "type": "Feature",
      "geometry": {
        "type": "Point",
        "coordinates": [
          16.7018,
          44.4824
        ]
      },
      "properties": {
        "icao24": "502ce6",
        "callsign": "BTI3PQ",
        "origin_country": "Latvia",
        "time_position": 1789756313,
        "last_contact": 1789756313,
        "baro_altitude": 7658.1,
        "on_ground": false,
        "velocity": 216.67,
        "true_track": 15.42,
        "vertical_rate": 5.85,
        "geo_altitude": 7985.76,
        "squawk": "1172",
        "spi": false,
        "position_source": 0
      }
    },
    {
      "type": "Feature",
      "geometry": {
        "type": "Point",
        "coordinates": [
          18.1463,
          45.8051
        ]
      },
      "properties": {
        "icao24": "49d421",
        "callsign": "TVL5040",
        "origin_country": "Czech Republic",
        "time_position": 1789756313,
        "last_contact": 1789756313,
        "baro_altitude": 11277.6,
        "on_ground": false,
        "velocity": 215.51,
        "true_track": 188.79,
        "vertical_rate": 0,
        "geo_altitude": 11658.6,
        "squawk": "4237",
        "spi": false,
        "position_source": 0
      }
    },
    {
      "type": "Feature",
      "geometry": {
        "type": "Point",
        "coordinates": [
          8.092,
          44.1935
        ]
      },
      "properties": {
        "icao24": "502cd7",
        "callsign": "AUA379",
        "origin_country": "Latvia",
        "time_position": 1789756313,
        "last_contact": 1789756313,
        "baro_altitude": 7391.4,
        "on_ground": false,
        "velocity": 214.48,
        "true_track": 235.36,
        "vertical_rate": -13.66,
        "geo_altitude": 7703.82,
        "squawk": "1000",
        "spi": false,
        "position_source": 0
      }
    },
    {
      "type": "Feature",
      "geometry": {
        "type": "Point",
        "coordinates": [
          8.3199,
          47.6805
        ]
      },
      "properties": {
        "icao24": "502d95",
        "callsign": "SWR8KY",
        "origin_country": "Latvia",
        "time_position": 1789756313,
        "last_contact": 1789756313,
        "baro_altitude": 1600.2,
        "on_ground": false,
        "velocity": 115.27,
        "true_track": 170.5,
        "vertical_rate": -4.88,
        "geo_altitude": 1729.74,
        "squawk": "1000",
        "spi": false,
        "position_source": 0
      }
    },
    {
      "type": "Feature",
      "geometry": {
        "type": "Point",
        "coordinates": [
          10.5383,
          44.4893
        ]
      },
      "properties": {
        "icao24": "a7ef55",
        "callsign": "N610GA",
        "origin_country": "United States",
        "time_position": 1789756313,
        "last_contact": 1789756313,
        "baro_altitude": 10668,
        "on_ground": false,
        "velocity": 252.42,
        "true_track": 264.03,
        "vertical_rate": 0,
        "geo_altitude": 11026.14,
        "squawk": "6526",
        "spi": false,
        "position_source": 0
      }
    },
    {
      "type": "Feature",
      "geometry": {
        "type": "Point",
        "coordinates": [
          18.2162,
          47.2426
        ]
      },
      "properties": {
        "icao24": "4ba9c3",
        "callsign": "THY8DP",
        "origin_country": "Turkey",
        "time_position": 1789756312,
        "last_contact": 1789756312,
        "baro_altitude": 11605.26,
        "on_ground": false,
        "velocity": 240.06,
        "true_track": 125.05,
        "vertical_rate": 5.85,
        "geo_altitude": 11963.4,
        "squawk": "1427",
        "spi": false,
        "position_source": 0
      }
    },
    {
      "type": "Feature",
      "geometry": {
        "type": "Point",
        "coordinates": [
          8.5443,
          47.4761
        ]
      },
      "properties": {
        "icao24": "4b8e46",
        "callsign": "PGT585J",
        "origin_country": "Turkey",
        "time_position": 1789756313,
        "last_contact": 1789756313,
        "baro_altitude": 365.76,
        "on_ground": false,
        "velocity": 72.81,
        "true_track": 137.29,
        "vertical_rate": -0.65,
        "geo_altitude": 480.06,
        "squawk": "3117",
        "spi": false,
        "position_source": 0
      }
    },
    {
      "type": "Feature",
      "geometry": {
        "type": "Point",
        "coordinates": [
          9.3631,
          43.5972
        ]
      },
      "properties": {
        "icao24": "407fad",
        "callsign": "TOM228",
        "origin_country": "United Kingdom",
        "time_position": 1789756312,
        "last_contact": 1789756312,
        "baro_altitude": 11277.6,
        "on_ground": false,
        "velocity": 236.49,
        "true_track": 136.06,
        "vertical_rate": 0.33,
        "geo_altitude": 11658.6,
        "squawk": "1146",
        "spi": false,
        "position_source": 0
      }
    },
    {
      "type": "Feature",
      "geometry": {
        "type": "Point",
        "coordinates": [
          17.604,
          44.2088
        ]
      },
      "properties": {
        "icao24": "407fae",
        "callsign": "TOM35T",
        "origin_country": "United Kingdom",
        "time_position": 1789756310,
        "last_contact": 1789756312,
        "baro_altitude": 11887.2,
        "on_ground": false,
        "velocity": 235.24,
        "true_track": 128.88,
        "vertical_rate": 0,
        "geo_altitude": 12298.68,
        "squawk": "4746",
        "spi": false,
        "position_source": 0
      }
    },
    {
      "type": "Feature",
      "geometry": {
        "type": "Point",
        "coordinates": [
          7.2284,
          45.8412
        ]
      },
      "properties": {
        "icao24": "39bdb5",
        "callsign": "AFR37RL",
        "origin_country": "France",
        "time_position": 1789756312,
        "last_contact": 1789756312,
        "baro_altitude": 10972.8,
        "on_ground": false,
        "velocity": 215.04,
        "true_track": 313.74,
        "vertical_rate": 0,
        "geo_altitude": 11330.94,
        "squawk": "1000",
        "spi": false,
        "position_source": 0
      }
    },
    {
      "type": "Feature",
      "geometry": {
        "type": "Point",
        "coordinates": [
          8.8766,
          47.7118
        ]
      },
      "properties": {
        "icao24": "39bdb9",
        "callsign": "AFR22KN",
        "origin_country": "France",
        "time_position": 1789756312,
        "last_contact": 1789756313,
        "baro_altitude": 10668,
        "on_ground": false,
        "velocity": 225.15,
        "true_track": 102.67,
        "vertical_rate": 0,
        "geo_altitude": 10995.66,
        "squawk": "1000",
        "spi": false,
        "position_source": 0
      }
    },
    {
      "type": "Feature",
      "geometry": {
        "type": "Point",
        "coordinates": [
          12.3671,
          45.5168
        ]
      },
      "properties": {
        "icao24": "4ca2bf",
        "callsign": null,
        "origin_country": "Ireland",
        "time_position": 1789756312,
        "last_contact": 1789756312,
        "baro_altitude": 198.12,
        "on_ground": false,
        "velocity": 86.23,
        "true_track": 43.79,
        "vertical_rate": 14.63,
        "geo_altitude": 259.08,
        "squawk": null,
        "spi": false,
        "position_source": 0
      }
    },
    {
      "type": "Feature",
      "geometry": {
        "type": "Point",
        "coordinates": [
          13.623,
          37.9321
        ]
      },
      "properties": {
        "icao24": "4ba94b",
        "callsign": "THY3RU",
        "origin_country": "Turkey",
        "time_position": 1789756313,
        "last_contact": 1789756313,
        "baro_altitude": 11277.6,
        "on_ground": false,
        "velocity": 266.39,
        "true_track": 77.74,
        "vertical_rate": 0,
        "geo_altitude": 11772.9,
        "squawk": "6426",
        "spi": false,
        "position_source": 0
      }
    },
    {
      "type": "Feature",
      "geometry": {
        "type": "Point",
        "coordinates": [
          8.7212,
          45.6234
        ]
      },
      "properties": {
        "icao24": "4ba94d",
        "callsign": "THY90Q",
        "origin_country": "Turkey",
        "time_position": 1789756311,
        "last_contact": 1789756311,
        "baro_altitude": null,
        "on_ground": true,
        "velocity": 8.23,
        "true_track": 168.75,
        "vertical_rate": null,
        "geo_altitude": null,
        "squawk": "0455",
        "spi": false,
        "position_source": 0
      }
    },
    {
      "type": "Feature",
      "geometry": {
        "type": "Point",
        "coordinates": [
          8.7247,
          45.6428
        ]
      },
      "properties": {
        "icao24": "44083f",
        "callsign": "EJU14XM",
        "origin_country": "Austria",
        "time_position": 1789756312,
        "last_contact": 1789756312,
        "baro_altitude": null,
        "on_ground": true,
        "velocity": 5.92,
        "true_track": 168.75,
        "vertical_rate": null,
        "geo_altitude": null,
        "squawk": null,
        "spi": false,
        "position_source": 0
      }
    },
    {
      "type": "Feature",
      "geometry": {
        "type": "Point",
        "coordinates": [
          6.9509,
          44.9916
        ]
      },
      "properties": {
        "icao24": "44083c",
        "callsign": "EJU6885",
        "origin_country": "Austria",
        "time_position": 1789756312,
        "last_contact": 1789756312,
        "baro_altitude": 7764.78,
        "on_ground": false,
        "velocity": 201.7,
        "true_track": 94.24,
        "vertical_rate": -4.88,
        "geo_altitude": 8092.44,
        "squawk": "2324",
        "spi": false,
        "position_source": 0
      }
    },
    {
      "type": "Feature",
      "geometry": {
        "type": "Point",
        "coordinates": [
          18.3427,
          47.4959
        ]
      },
      "properties": {
        "icao24": "49d327",
        "callsign": "TVS5EH",
        "origin_country": "Czech Republic",
        "time_position": 1789756313,
        "last_contact": 1789756313,
        "baro_altitude": 11277.6,
        "on_ground": false,
        "velocity": 228.15,
        "true_track": 144.27,
        "vertical_rate": 0,
        "geo_altitude": 11635.74,
        "squawk": "1471",
        "spi": false,
        "position_source": 0
      }
    },
    {
      "type": "Feature",
      "geometry": {
        "type": "Point",
        "coordinates": [
          12.1375,
          42.1416
        ]
      },
      "properties": {
        "icao24": "49d328",
        "callsign": "EWG3LY",
        "origin_country": "Czech Republic",
        "time_position": 1789756312,
        "last_contact": 1789756312,
        "baro_altitude": 1264.92,
        "on_ground": false,
        "velocity": 109.99,
        "true_track": 162.58,
        "vertical_rate": -2.6,
        "geo_altitude": 1386.84,
        "squawk": "2562",
        "spi": false,
        "position_source": 0
      }
    },
    {
      "type": "Feature",
      "geometry": {
        "type": "Point",
        "coordinates": [
          8.5275,
          45.5335
        ]
      },
      "properties": {
        "icao24": "4ca304",
        "callsign": "RYR1FU",
        "origin_country": "Ireland",
        "time_position": 1789756312,
        "last_contact": 1789756313,
        "baro_altitude": 3177.54,
        "on_ground": false,
        "velocity": 156.24,
        "true_track": 123.59,
        "vertical_rate": 5.85,
        "geo_altitude": 3329.94,
        "squawk": "0461",
        "spi": false,
        "position_source": 0
      }
    },
    {
      "type": "Feature",
      "geometry": {
        "type": "Point",
        "coordinates": [
          12.3488,
          46.4106
        ]
      },
      "properties": {
        "icao24": "44082a",
        "callsign": "AUA528L",
        "origin_country": "Austria",
        "time_position": 1789756313,
        "last_contact": 1789756313,
        "baro_altitude": 10058.4,
        "on_ground": false,
        "velocity": 233.12,
        "true_track": 66.32,
        "vertical_rate": 0,
        "geo_altitude": 10393.68,
        "squawk": "1000",
        "spi": false,
        "position_source": 0
      }
    },
    {
      "type": "Feature",
      "geometry": {
        "type": "Point",
        "coordinates": [
          11.2975,
          44.1991
        ]
      },
      "properties": {
        "icao24": "45ac4f",
        "callsign": "SAS2964",
        "origin_country": "Denmark",
        "time_position": 1789756312,
        "last_contact": 1789756312,
        "baro_altitude": 5676.9,
        "on_ground": false,
        "velocity": 198.61,
        "true_track": 358.96,
        "vertical_rate": 12.35,
        "geo_altitude": 5905.5,
        "squawk": "0221",
        "spi": false,
        "position_source": 0
      }
    },
    {
      "type": "Feature",
      "geometry": {
        "type": "Point",
        "coordinates": [
          17.2326,
          44.4564
        ]
      },
      "properties": {
        "icao24": "407eeb",
        "callsign": "EXS72KD",
        "origin_country": "United Kingdom",
        "time_position": 1789756312,
        "last_contact": 1789756313,
        "baro_altitude": 11285.22,
        "on_ground": false,
        "velocity": 233.25,
        "true_track": 129.27,
        "vertical_rate": 0.33,
        "geo_altitude": 11681.46,
        "squawk": "7305",
        "spi": false,
        "position_source": 0
      }
    },
    {
      "type": "Feature",
      "geometry": {
        "type": "Point",
        "coordinates": [
          9.7836,
          43.2686
        ]
      },
      "properties": {
        "icao24": "405b67",
        "callsign": "EZY49JL",
        "origin_country": "United Kingdom",
        "time_position": 1789756312,
        "last_contact": 1789756312,
        "baro_altitude": 9745.98,
        "on_ground": false,
        "velocity": 241.93,
        "true_track": 142.08,
        "vertical_rate": 0.33,
        "geo_altitude": 10096.5,
        "squawk": "2730",
        "spi": false,
        "position_source": 0
      }
    },
    {
      "type": "Feature",
      "geometry": {
        "type": "Point",
        "coordinates": [
          8.7214,
          45.6191
        ]
      },
      "properties": {
        "icao24": "3939e4",
        "callsign": "TJT96VP",
        "origin_country": "France",
        "time_position": 1789756309,
        "last_contact": 1789756310,
        "baro_altitude": null,
        "on_ground": true,
        "velocity": 0,
        "true_track": 70.31,
        "vertical_rate": null,
        "geo_altitude": null,
        "squawk": "1000",
        "spi": false,
        "position_source": 0
      }
    },
    {
      "type": "Feature",
      "geometry": {
        "type": "Point",
        "coordinates": [
          13.7438,
          46.6506
        ]
      },
      "properties": {
        "icao24": "407fea",
        "callsign": "WUK557",
        "origin_country": "United Kingdom",
        "time_position": 1789756313,
        "last_contact": 1789756313,
        "baro_altitude": 10988.04,
        "on_ground": false,
        "velocity": 224.09,
        "true_track": 314.44,
        "vertical_rate": -0.33,
        "geo_altitude": 11346.18,
        "squawk": "5636",
        "spi": false,
        "position_source": 0
      }
    },
    {
      "type": "Feature",
      "geometry": {
        "type": "Point",
        "coordinates": [
          8.1705,
          47.5707
        ]
      },
      "properties": {
        "icao24": "49d253",
        "callsign": "DFC22N",
        "origin_country": "Czech Republic",
        "time_position": 1789756313,
        "last_contact": 1789756313,
        "baro_altitude": 2651.76,
        "on_ground": false,
        "velocity": 115.67,
        "true_track": 328.64,
        "vertical_rate": -5.2,
        "geo_altitude": 2796.54,
        "squawk": "1000",
        "spi": false,
        "position_source": 0
      }
    },
    {
      "type": "Feature",
      "geometry": {
        "type": "Point",
        "coordinates": [
          10.9018,
          43.5541
        ]
      },
      "properties": {
        "icao24": "4ca226",
        "callsign": "RYR86LD",
        "origin_country": "Ireland",
        "time_position": 1789756313,
        "last_contact": 1789756313,
        "baro_altitude": 7086.6,
        "on_ground": false,
        "velocity": 224.52,
        "true_track": 8.17,
        "vertical_rate": -24.06,
        "geo_altitude": 7406.64,
        "squawk": "5127",
        "spi": false,
        "position_source": 0
      }
    },
    {
      "type": "Feature",
      "geometry": {
        "type": "Point",
        "coordinates": [
          14.732,
          37.8369
        ]
      },
      "properties": {
        "icao24": "4ca281",
        "callsign": "EIN463",
        "origin_country": "Ireland",
        "time_position": 1789756313,
        "last_contact": 1789756313,
        "baro_altitude": 4579.62,
        "on_ground": false,
        "velocity": 198.16,
        "true_track": 350.59,
        "vertical_rate": 7.48,
        "geo_altitude": 4876.8,
        "squawk": "1210",
        "spi": false,
        "position_source": 0
      }
    },
    {
      "type": "Feature",
      "geometry": {
        "type": "Point",
        "coordinates": [
          10.1799,
          42.6205
        ]
      },
      "properties": {
        "icao24": "4ca263",
        "callsign": "RYR81UZ",
        "origin_country": "Ireland",
        "time_position": 1789756312,
        "last_contact": 1789756312,
        "baro_altitude": 10668,
        "on_ground": false,
        "velocity": 236.08,
        "true_track": 154.44,
        "vertical_rate": 0,
        "geo_altitude": 11041.38,
        "squawk": "1000",
        "spi": false,
        "position_source": 0
      }
    },
    {
      "type": "Feature",
      "geometry": {
        "type": "Point",
        "coordinates": [
          15.0181,
          42.5179
        ]
      },
      "properties": {
        "icao24": "4ca256",
        "callsign": "RYR4TX",
        "origin_country": "Ireland",
        "time_position": 1789756313,
        "last_contact": 1789756313,
        "baro_altitude": 10972.8,
        "on_ground": false,
        "velocity": 229.48,
        "true_track": 307.9,
        "vertical_rate": 0,
        "geo_altitude": 11369.04,
        "squawk": "5504",
        "spi": false,
        "position_source": 0
      }
    },
    {
      "type": "Feature",
      "geometry": {
        "type": "Point",
        "coordinates": [
          8.829,
          44.101
        ]
      },
      "properties": {
        "icao24": "4ca259",
        "callsign": "RYR28BE",
        "origin_country": "Ireland",
        "time_position": 1789756313,
        "last_contact": 1789756313,
        "baro_altitude": 10363.2,
        "on_ground": false,
        "velocity": 233.19,
        "true_track": 4.3,
        "vertical_rate": 0,
        "geo_altitude": 10721.34,
        "squawk": "1000",
        "spi": false,
        "position_source": 0
      }
    },
    {
      "type": "Feature",
      "geometry": {
        "type": "Point",
        "coordinates": [
          11.1731,
          39.398
        ]
      },
      "properties": {
        "icao24": "406b90",
        "callsign": "EZY25CQ",
        "origin_country": "United Kingdom",
        "time_position": 1789756313,
        "last_contact": 1789756313,
        "baro_altitude": 10965.18,
        "on_ground": false,
        "velocity": 213.7,
        "true_track": 323.52,
        "vertical_rate": 0,
        "geo_altitude": 11414.76,
        "squawk": "6564",
        "spi": false,
        "position_source": 0
      }
    },
    {
      "type": "Feature",
      "geometry": {
        "type": "Point",
        "coordinates": [
          15.4441,
          46.9976
        ]
      },
      "properties": {
        "icao24": "406b84",
        "callsign": "EFW9TT",
        "origin_country": "United Kingdom",
        "time_position": 1789756310,
        "last_contact": 1789756311,
        "baro_altitude": null,
        "on_ground": true,
        "velocity": 0,
        "true_track": 168.75,
        "vertical_rate": null,
        "geo_altitude": null,
        "squawk": null,
        "spi": false,
        "position_source": 0
      }
    },
    {
      "type": "Feature",
      "geometry": {
        "type": "Point",
        "coordinates": [
          13.4862,
          45.1841
        ]
      },
      "properties": {
        "icao24": "ac5868",
        "callsign": "FDX8",
        "origin_country": "United States",
        "time_position": 1789756312,
        "last_contact": 1789756313,
        "baro_altitude": 10668,
        "on_ground": false,
        "velocity": 252.78,
        "true_track": 106.55,
        "vertical_rate": 0.65,
        "geo_altitude": 11033.76,
        "squawk": "0666",
        "spi": false,
        "position_source": 0
      }
    },
    {
      "type": "Feature",
      "geometry": {
        "type": "Point",
        "coordinates": [
          8.8045,
          45.3719
        ]
      },
      "properties": {
        "icao24": "4405b6",
        "callsign": "EJU81JW",
        "origin_country": "Austria",
        "time_position": 1789756313,
        "last_contact": 1789756313,
        "baro_altitude": 1592.58,
        "on_ground": false,
        "velocity": 101.7,
        "true_track": 348.92,
        "vertical_rate": -3.9,
        "geo_altitude": 1722.12,
        "squawk": "1000",
        "spi": false,
        "position_source": 0
      }
    },
    {
      "type": "Feature",
      "geometry": {
        "type": "Point",
        "coordinates": [
          7.0117,
          47.5062
        ]
      },
      "properties": {
        "icao24": "406b91",
        "callsign": "EZY47ED",
        "origin_country": "United Kingdom",
        "time_position": 1789756312,
        "last_contact": 1789756313,
        "baro_altitude": 8031.48,
        "on_ground": false,
        "velocity": 207.6,
        "true_track": 289.24,
        "vertical_rate": 9.1,
        "geo_altitude": 8359.14,
        "squawk": "3070",
        "spi": false,
        "position_source": 0
      }
    },
    {
      "type": "Feature",
      "geometry": {
        "type": "Point",
        "coordinates": [
          11.652,
          43.4842
        ]
      },
      "properties": {
        "icao24": "39ceb7",
        "callsign": "TVF49FX",
        "origin_country": "France",
        "time_position": 1789756312,
        "last_contact": 1789756312,
        "baro_altitude": 11887.2,
        "on_ground": false,
        "velocity": 233.87,
        "true_track": 124.42,
        "vertical_rate": 0,
        "geo_altitude": 12275.82,
        "squawk": "0667",
        "spi": false,
        "position_source": 0
      }
    },
    {
      "type": "Feature",
      "geometry": {
        "type": "Point",
        "coordinates": [
          14.2532,
          43.9084
        ]
      },
      "properties": {
        "icao24": "39ceb1",
        "callsign": "TVF3459",
        "origin_country": "France",
        "time_position": 1789756313,
        "last_contact": 1789756313,
        "baro_altitude": 9753.6,
        "on_ground": false,
        "velocity": 241.61,
        "true_track": 305.99,
        "vertical_rate": 0,
        "geo_altitude": 10111.74,
        "squawk": "3704",
        "spi": false,
        "position_source": 0
      }
    },
    {
      "type": "Feature",
      "geometry": {
        "type": "Point",
        "coordinates": [
          14.726,
          41.424
        ]
      },
      "properties": {
        "icao24": "440669",
        "callsign": "AUA57U",
        "origin_country": "Austria",
        "time_position": 1789756313,
        "last_contact": 1789756313,
        "baro_altitude": 6675.12,
        "on_ground": false,
        "velocity": 225.26,
        "true_track": 30.31,
        "vertical_rate": 7.48,
        "geo_altitude": 7010.4,
        "squawk": null,
        "spi": false,
        "position_source": 0
      }
    },
    {
      "type": "Feature",
      "geometry": {
        "type": "Point",
        "coordinates": [
          10.6295,
          41.0202
        ]
      },
      "properties": {
        "icao24": "440614",
        "callsign": "EJU14TW",
        "origin_country": "Austria",
        "time_position": 1789756313,
        "last_contact": 1789756313,
        "baro_altitude": 11582.4,
        "on_ground": false,
        "velocity": 230.4,
        "true_track": 347.36,
        "vertical_rate": 0.33,
        "geo_altitude": 11993.88,
        "squawk": "3764",
        "spi": false,
        "position_source": 0
      }
    },
    {
      "type": "Feature",
      "geometry": {
        "type": "Point",
        "coordinates": [
          9.0922,
          45.191
        ]
      },
      "properties": {
        "icao24": "440612",
        "callsign": "EJU151H",
        "origin_country": "Austria",
        "time_position": 1789756313,
        "last_contact": 1789756313,
        "baro_altitude": 8138.16,
        "on_ground": false,
        "velocity": 214.21,
        "true_track": 177.52,
        "vertical_rate": 11.05,
        "geo_altitude": 8442.96,
        "squawk": "6320",
        "spi": false,
        "position_source": 0
      }
    },
    {
      "type": "Feature",
      "geometry": {
        "type": "Point",
        "coordinates": [
          16.0343,
          44.7981
        ]
      },
      "properties": {
        "icao24": "440607",
        "callsign": "AUA580",
        "origin_country": "Austria",
        "time_position": 1789756312,
        "last_contact": 1789756312,
        "baro_altitude": 10980.42,
        "on_ground": false,
        "velocity": 248.83,
        "true_track": 6.05,
        "vertical_rate": 0,
        "geo_altitude": 11361.42,
        "squawk": "1270",
        "spi": false,
        "position_source": 0
      }
    },
    {
      "type": "Feature",
      "geometry": {
        "type": "Point",
        "coordinates": [
          10.9546,
          45.6317
        ]
      },
      "properties": {
        "icao24": "440604",
        "callsign": "AUA8KS",
        "origin_country": "Austria",
        "time_position": 1789756312,
        "last_contact": 1789756312,
        "baro_altitude": 10972.8,
        "on_ground": false,
        "velocity": 250.84,
        "true_track": 55.95,
        "vertical_rate": 0,
        "geo_altitude": 11338.56,
        "squawk": "1000",
        "spi": false,
        "position_source": 0
      }
    },
    {
      "type": "Feature",
      "geometry": {
        "type": "Point",
        "coordinates": [
          16.2572,
          45.8139
        ]
      },
      "properties": {
        "icao24": "48c1a6",
        "callsign": "RYR9941",
        "origin_country": "Poland",
        "time_position": 1789756313,
        "last_contact": 1789756313,
        "baro_altitude": 11277.6,
        "on_ground": false,
        "velocity": 241.73,
        "true_track": 48.88,
        "vertical_rate": 0,
        "geo_altitude": 11643.36,
        "squawk": "1000",
        "spi": false,
        "position_source": 0
      }
    },
    {
      "type": "Feature",
      "geometry": {
        "type": "Point",
        "coordinates": [
          6.3668,
          44.0162
        ]
      },
      "properties": {
        "icao24": "44061c",
        "callsign": "EJU79UM",
        "origin_country": "Austria",
        "time_position": 1789756313,
        "last_contact": 1789756313,
        "baro_altitude": 9753.6,
        "on_ground": false,
        "velocity": 201.11,
        "true_track": 20.98,
        "vertical_rate": 0,
        "geo_altitude": 10111.74,
        "squawk": "1000",
        "spi": false,
        "position_source": 0
      }
    },
    {
      "type": "Feature",
      "geometry": {
        "type": "Point",
        "coordinates": [
          18.8855,
          47.1931
        ]
      },
      "properties": {
        "icao24": "44061b",
        "callsign": "EJU13BR",
        "origin_country": "Austria",
        "time_position": 1789756313,
        "last_contact": 1789756313,
        "baro_altitude": 2933.7,
        "on_ground": false,
        "velocity": 160.59,
        "true_track": 85.04,
        "vertical_rate": -6.5,
        "geo_altitude": 3101.34,
        "squawk": "1000",
        "spi": false,
        "position_source": 0
      }
    },
    {
      "type": "Feature",
      "geometry": {
        "type": "Point",
        "coordinates": [
          9.8518,
          45.043
        ]
      },
      "properties": {
        "icao24": "45aa4f",
        "callsign": "DTR1713",
        "origin_country": "Denmark",
        "time_position": 1789756312,
        "last_contact": 1789756312,
        "baro_altitude": 6149.34,
        "on_ground": false,
        "velocity": 97.5,
        "true_track": 149.92,
        "vertical_rate": 5.85,
        "geo_altitude": 6377.94,
        "squawk": "1000",
        "spi": false,
        "position_source": 0
      }
    },
    {
      "type": "Feature",
      "geometry": {
        "type": "Point",
        "coordinates": [
          15.7008,
          43.358
        ]
      },
      "properties": {
        "icao24": "34224e",
        "callsign": "IBE09DB",
        "origin_country": "Spain",
        "time_position": 1789756307,
        "last_contact": 1789756307,
        "baro_altitude": 9517.38,
        "on_ground": false,
        "velocity": 225.55,
        "true_track": 291.83,
        "vertical_rate": 5.2,
        "geo_altitude": 9753.6,
        "squawk": null,
        "spi": false,
        "position_source": 0
      }
    },
    {
      "type": "Feature",
      "geometry": {
        "type": "Point",
        "coordinates": [
          8.7187,
          45.6291
        ]
      },
      "properties": {
        "icao24": "49d13d",
        "callsign": "EWG827",
        "origin_country": "Czech Republic",
        "time_position": 1789756310,
        "last_contact": 1789756310,
        "baro_altitude": null,
        "on_ground": true,
        "velocity": 0,
        "true_track": 78.75,
        "vertical_rate": null,
        "geo_altitude": null,
        "squawk": null,
        "spi": false,
        "position_source": 0
      }
    },
    {
      "type": "Feature",
      "geometry": {
        "type": "Point",
        "coordinates": [
          17.6516,
          42.5762
        ]
      },
      "properties": {
        "icao24": "407f35",
        "callsign": "EZY39TA",
        "origin_country": "United Kingdom",
        "time_position": 1789756307,
        "last_contact": 1789756311,
        "baro_altitude": 10980.42,
        "on_ground": false,
        "velocity": 226.33,
        "true_track": 310.21,
        "vertical_rate": -0.33,
        "geo_altitude": 11414.76,
        "squawk": null,
        "spi": false,
        "position_source": 0
      }
    },
    {
      "type": "Feature",
      "geometry": {
        "type": "Point",
        "coordinates": [
          17.3374,
          43.0361
        ]
      },
      "properties": {
        "icao24": "406ae9",
        "callsign": "TOM6EC",
        "origin_country": "United Kingdom",
        "time_position": 1789756299,
        "last_contact": 1789756312,
        "baro_altitude": 11277.6,
        "on_ground": false,
        "velocity": 231.86,
        "true_track": 138.78,
        "vertical_rate": 0,
        "geo_altitude": 11689.08,
        "squawk": "7303",
        "spi": false,
        "position_source": 0
      }
    },
    {
      "type": "Feature",
      "geometry": {
        "type": "Point",
        "coordinates": [
          10.0449,
          45.2992
        ]
      },
      "properties": {
        "icao24": "48c2b0",
        "callsign": "RYR13EU",
        "origin_country": "Poland",
        "time_position": 1789756313,
        "last_contact": 1789756313,
        "baro_altitude": 11582.4,
        "on_ground": false,
        "velocity": 241.61,
        "true_track": 50.62,
        "vertical_rate": 0,
        "geo_altitude": 11932.92,
        "squawk": "1000",
        "spi": false,
        "position_source": 0
      }
    },
    {
      "type": "Feature",
      "geometry": {
        "type": "Point",
        "coordinates": [
          17.8054,
          47.2783
        ]
      },
      "properties": {
        "icao24": "48c2a2",
        "callsign": "RYR9Z",
        "origin_country": "Poland",
        "time_position": 1789756313,
        "last_contact": 1789756313,
        "baro_altitude": 7924.8,
        "on_ground": false,
        "velocity": 199.15,
        "true_track": 262.73,
        "vertical_rate": 7.8,
        "geo_altitude": 8221.98,
        "squawk": "1000",
        "spi": false,
        "position_source": 0
      }
    },
    {
      "type": "Feature",
      "geometry": {
        "type": "Point",
        "coordinates": [
          18.3286,
          45.4816
        ]
      },
      "properties": {
        "icao24": "48c2a1",
        "callsign": "RYR9UD",
        "origin_country": "Poland",
        "time_position": 1789756312,
        "last_contact": 1789756312,
        "baro_altitude": 11582.4,
        "on_ground": false,
        "velocity": 244.51,
        "true_track": 12.52,
        "vertical_rate": 0,
        "geo_altitude": 11978.64,
        "squawk": "6574",
        "spi": false,
        "position_source": 0
      }
    },
    {
      "type": "Feature",
      "geometry": {
        "type": "Point",
        "coordinates": [
          6.5858,
          47.342
        ]
      },
      "properties": {
        "icao24": "34368c",
        "callsign": "ANE60XM",
        "origin_country": "Spain",
        "time_position": 1789756312,
        "last_contact": 1789756313,
        "baro_altitude": 10668,
        "on_ground": false,
        "velocity": 244.57,
        "true_track": 220.22,
        "vertical_rate": 0,
        "geo_altitude": 11049,
        "squawk": "1000",
        "spi": false,
        "position_source": 0
      }
    },
    {
      "type": "Feature",
      "geometry": {
        "type": "Point",
        "coordinates": [
          13.432,
          45.9569
        ]
      },
      "properties": {
        "icao24": "48c12e",
        "callsign": "RYR51VB",
        "origin_country": "Poland",
        "time_position": 1789756312,
        "last_contact": 1789756312,
        "baro_altitude": 11582.4,
        "on_ground": false,
        "velocity": 243.64,
        "true_track": 54.8,
        "vertical_rate": 0,
        "geo_altitude": 11940.54,
        "squawk": "1000",
        "spi": false,
        "position_source": 0
      }
    },
    {
      "type": "Feature",
      "geometry": {
        "type": "Point",
        "coordinates": [
          10.1475,
          44.585
        ]
      },
      "properties": {
        "icao24": "48c126",
        "callsign": "RYR34EJ",
        "origin_country": "Poland",
        "time_position": 1789756312,
        "last_contact": 1789756312,
        "baro_altitude": 11590.02,
        "on_ground": false,
        "velocity": 221.73,
        "true_track": 270.4,
        "vertical_rate": 0.33,
        "geo_altitude": 11948.16,
        "squawk": "7363",
        "spi": false,
        "position_source": 0
      }
    },
    {
      "type": "Feature",
      "geometry": {
        "type": "Point",
        "coordinates": [
          9.7092,
          42.6365
        ]
      },
      "properties": {
        "icao24": "3444c8",
        "callsign": "VOE60ZT",
        "origin_country": "Spain",
        "time_position": 1789756312,
        "last_contact": 1789756312,
        "baro_altitude": 10972.8,
        "on_ground": false,
        "velocity": 228.56,
        "true_track": 6.98,
        "vertical_rate": 0,
        "geo_altitude": 11361.42,
        "squawk": "1000",
        "spi": false,
        "position_source": 0
      }
    },
    {
      "type": "Feature",
      "geometry": {
        "type": "Point",
        "coordinates": [
          10.983,
          43.805
        ]
      },
      "properties": {
        "icao24": "600bc6",
        "callsign": "ESW450",
        "origin_country": "Azerbaijan",
        "time_position": 1789756313,
        "last_contact": 1789756313,
        "baro_altitude": 11049,
        "on_ground": false,
        "velocity": 250.53,
        "true_track": 89.88,
        "vertical_rate": 5.2,
        "geo_altitude": 11422.38,
        "squawk": "0465",
        "spi": false,
        "position_source": 0
      }
    },
    {
      "type": "Feature",
      "geometry": {
        "type": "Point",
        "coordinates": [
          14.4308,
          46.2753
        ]
      },
      "properties": {
        "icao24": "440443",
        "callsign": "MJF1X",
        "origin_country": "Austria",
        "time_position": 1789756312,
        "last_contact": 1789756312,
        "baro_altitude": 10058.4,
        "on_ground": false,
        "velocity": 132.33,
        "true_track": 230.68,
        "vertical_rate": 0,
        "geo_altitude": 10393.68,
        "squawk": "1000",
        "spi": false,
        "position_source": 0
      }
    },
    {
      "type": "Feature",
      "geometry": {
        "type": "Point",
        "coordinates": [
          18.9342,
          45.8844
        ]
      },
      "properties": {
        "icao24": "4bb84c",
        "callsign": "PGT4HT",
        "origin_country": "Turkey",
        "time_position": 1789756312,
        "last_contact": 1789756312,
        "baro_altitude": 11269.98,
        "on_ground": false,
        "velocity": 228.45,
        "true_track": 135,
        "vertical_rate": 0,
        "geo_altitude": 11666.22,
        "squawk": "7645",
        "spi": false,
        "position_source": 0
      }
    },
    {
      "type": "Feature",
      "geometry": {
        "type": "Point",
        "coordinates": [
          8.7203,
          45.6304
        ]
      },
      "properties": {
        "icao24": "344693",
        "callsign": "VLG9VN",
        "origin_country": "Spain",
        "time_position": 1789756299,
        "last_contact": 1789756299,
        "baro_altitude": 198.12,
        "on_ground": true,
        "velocity": 8.23,
        "true_track": 168.75,
        "vertical_rate": null,
        "geo_altitude": null,
        "squawk": "1000",
        "spi": false,
        "position_source": 0
      }
    },
    {
      "type": "Feature",
      "geometry": {
        "type": "Point",
        "coordinates": [
          16.6056,
          44.3716
        ]
      },
      "properties": {
        "icao24": "46a5e2",
        "callsign": "SEH5SP",
        "origin_country": "Greece",
        "time_position": 1789756309,
        "last_contact": 1789756311,
        "baro_altitude": 11269.98,
        "on_ground": false,
        "velocity": 222.04,
        "true_track": 138.85,
        "vertical_rate": 0,
        "geo_altitude": 11666.22,
        "squawk": "6433",
        "spi": false,
        "position_source": 0
      }
    },
    {
      "type": "Feature",
      "geometry": {
        "type": "Point",
        "coordinates": [
          6.1452,
          40.9771
        ]
      },
      "properties": {
        "icao24": "344691",
        "callsign": "VLG6ZH",
        "origin_country": "Spain",
        "time_position": 1789756311,
        "last_contact": 1789756312,
        "baro_altitude": 10675.62,
        "on_ground": false,
        "velocity": 216.62,
        "true_track": 274.09,
        "vertical_rate": 0,
        "geo_altitude": 11109.96,
        "squawk": "1000",
        "spi": false,
        "position_source": 0
      }
    },
    {
      "type": "Feature",
      "geometry": {
        "type": "Point",
        "coordinates": [
          10.2535,
          46.0692
        ]
      },
      "properties": {
        "icao24": "4402f0",
        "callsign": "EJU13XG",
        "origin_country": "Austria",
        "time_position": 1789756312,
        "last_contact": 1789756313,
        "baro_altitude": 11277.6,
        "on_ground": false,
        "velocity": 217.25,
        "true_track": 248.9,
        "vertical_rate": 0.33,
        "geo_altitude": 11635.74,
        "squawk": "1000",
        "spi": false,
        "position_source": 0
      }
    },
    {
      "type": "Feature",
      "geometry": {
        "type": "Point",
        "coordinates": [
          18.6349,
          45.2613
        ]
      },
      "properties": {
        "icao24": "4bb869",
        "callsign": "PGT870X",
        "origin_country": "Turkey",
        "time_position": 1789756313,
        "last_contact": 1789756313,
        "baro_altitude": 11277.6,
        "on_ground": false,
        "velocity": 232.46,
        "true_track": 125.91,
        "vertical_rate": 0,
        "geo_altitude": 11673.84,
        "squawk": "7643",
        "spi": false,
        "position_source": 0
      }
    },
    {
      "type": "Feature",
      "geometry": {
        "type": "Point",
        "coordinates": [
          8.4294,
          40.7631
        ]
      },
      "properties": {
        "icao24": "4bb873",
        "callsign": "PGT1561",
        "origin_country": "Turkey",
        "time_position": 1789756312,
        "last_contact": 1789756312,
        "baro_altitude": 11277.6,
        "on_ground": false,
        "velocity": 222.44,
        "true_track": 277.17,
        "vertical_rate": 0,
        "geo_altitude": 11696.7,
        "squawk": "2340",
        "spi": false,
        "position_source": 0
      }
    },
    {
      "type": "Feature",
      "geometry": {
        "type": "Point",
        "coordinates": [
          8.5579,
          44.3506
        ]
      },
      "properties": {
        "icao24": "504e93",
        "callsign": "FIA5811",
        "origin_country": "Republic of Moldova",
        "time_position": 1789756312,
        "last_contact": 1789756312,
        "baro_altitude": 10058.4,
        "on_ground": false,
        "velocity": 228.19,
        "true_track": 253.36,
        "vertical_rate": 0,
        "geo_altitude": 10408.92,
        "squawk": "0274",
        "spi": false,
        "position_source": 0
      }
    },
    {
      "type": "Feature",
      "geometry": {
        "type": "Point",
        "coordinates": [
          16.3069,
          46.0717
        ]
      },
      "properties": {
        "icao24": "46b8b2",
        "callsign": "AEE489",
        "origin_country": "Greece",
        "time_position": 1789756313,
        "last_contact": 1789756313,
        "baro_altitude": 11887.2,
        "on_ground": false,
        "velocity": 235.75,
        "true_track": 121.44,
        "vertical_rate": 0,
        "geo_altitude": 12268.2,
        "squawk": "0113",
        "spi": false,
        "position_source": 0
      }
    },
    {
      "type": "Feature",
      "geometry": {
        "type": "Point",
        "coordinates": [
          9.7639,
          45.7487
        ]
      },
      "properties": {
        "icao24": "406a3d",
        "callsign": "BAW803",
        "origin_country": "United Kingdom",
        "time_position": 1789756312,
        "last_contact": 1789756313,
        "baro_altitude": 11574.78,
        "on_ground": false,
        "velocity": 223.62,
        "true_track": 309.59,
        "vertical_rate": 0.33,
        "geo_altitude": 11948.16,
        "squawk": "5511",
        "spi": false,
        "position_source": 0
      }
    },
    {
      "type": "Feature",
      "geometry": {
        "type": "Point",
        "coordinates": [
          18.113,
          46.4124
        ]
      },
      "properties": {
        "icao24": "48c22e",
        "callsign": "RYR391",
        "origin_country": "Poland",
        "time_position": 1789756312,
        "last_contact": 1789756312,
        "baro_altitude": 11277.6,
        "on_ground": false,
        "velocity": 217.67,
        "true_track": 178.65,
        "vertical_rate": 0,
        "geo_altitude": 11658.6,
        "squawk": "1000",
        "spi": false,
        "position_source": 0
      }
    },
    {
      "type": "Feature",
      "geometry": {
        "type": "Point",
        "coordinates": [
          17.266,
          45.1566
        ]
      },
      "properties": {
        "icao24": "407d10",
        "callsign": "TOM7MV",
        "origin_country": "United Kingdom",
        "time_position": 1789756312,
        "last_contact": 1789756312,
        "baro_altitude": 11277.6,
        "on_ground": false,
        "velocity": 237.54,
        "true_track": 130.52,
        "vertical_rate": -0.33,
        "geo_altitude": 11650.98,
        "squawk": "4713",
        "spi": false,
        "position_source": 0
      }
    },
    {
      "type": "Feature",
      "geometry": {
        "type": "Point",
        "coordinates": [
          7.5281,
          47.5963
        ]
      },
      "properties": {
        "icao24": "440582",
        "callsign": "EJU85DK",
        "origin_country": "Austria",
        "time_position": 1789756313,
        "last_contact": 1789756313,
        "baro_altitude": null,
        "on_ground": true,
        "velocity": 3.86,
        "true_track": 36.56,
        "vertical_rate": null,
        "geo_altitude": null,
        "squawk": "1000",
        "spi": false,
        "position_source": 0
      }
    },
    {
      "type": "Feature",
      "geometry": {
        "type": "Point",
        "coordinates": [
          8.7323,
          45.6317
        ]
      },
      "properties": {
        "icao24": "06a0ff",
        "callsign": "QTR1P",
        "origin_country": "Qatar",
        "time_position": 1789756312,
        "last_contact": 1789756312,
        "baro_altitude": null,
        "on_ground": true,
        "velocity": 12.86,
        "true_track": 317.81,
        "vertical_rate": null,
        "geo_altitude": null,
        "squawk": "2007",
        "spi": false,
        "position_source": 0
      }
    },
    {
      "type": "Feature",
      "geometry": {
        "type": "Point",
        "coordinates": [
          9.399,
          39.4789
        ]
      },
      "properties": {
        "icao24": "39bb26",
        "callsign": "AFR1185",
        "origin_country": "France",
        "time_position": 1789756312,
        "last_contact": 1789756312,
        "baro_altitude": 10972.8,
        "on_ground": false,
        "velocity": 228.73,
        "true_track": 346.87,
        "vertical_rate": 0,
        "geo_altitude": 11399.52,
        "squawk": "6151",
        "spi": false,
        "position_source": 0
      }
    },
    {
      "type": "Feature",
      "geometry": {
        "type": "Point",
        "coordinates": [
          7.8573,
          47.54
        ]
      },
      "properties": {
        "icao24": "4403f0",
        "callsign": "EJU78PC",
        "origin_country": "Austria",
        "time_position": 1789756312,
        "last_contact": 1789756313,
        "baro_altitude": 11285.22,
        "on_ground": false,
        "velocity": 237.74,
        "true_track": 124.69,
        "vertical_rate": 0.33,
        "geo_altitude": 11635.74,
        "squawk": "1000",
        "spi": false,
        "position_source": 0
      }
    },
    {
      "type": "Feature",
      "geometry": {
        "type": "Point",
        "coordinates": [
          8.1155,
          47.6434
        ]
      },
      "properties": {
        "icao24": "4b1817",
        "callsign": "SWR7DC",
        "origin_country": "Switzerland",
        "time_position": 1789756312,
        "last_contact": 1789756312,
        "baro_altitude": 2026.92,
        "on_ground": false,
        "velocity": 134.63,
        "true_track": 61.97,
        "vertical_rate": -6.18,
        "geo_altitude": 2164.08,
        "squawk": "1000",
        "spi": false,
        "position_source": 0
      }
    },
    {
      "type": "Feature",
      "geometry": {
        "type": "Point",
        "coordinates": [
          13.5172,
          44.2443
        ]
      },
      "properties": {
        "icao24": "4b1809",
        "callsign": "SWR9EX",
        "origin_country": "Switzerland",
        "time_position": 1789756312,
        "last_contact": 1789756312,
        "baro_altitude": 12192,
        "on_ground": false,
        "velocity": 220.17,
        "true_track": 313.39,
        "vertical_rate": 0,
        "geo_altitude": 12580.62,
        "squawk": "1000",
        "spi": false,
        "position_source": 0
      }
    },
    {
      "type": "Feature",
      "geometry": {
        "type": "Point",
        "coordinates": [
          8.5594,
          47.454
        ]
      },
      "properties": {
        "icao24": "4b181b",
        "callsign": "SWR5XH",
        "origin_country": "Switzerland",
        "time_position": 1789756077,
        "last_contact": 1789756083,
        "baro_altitude": null,
        "on_ground": true,
        "velocity": 0,
        "true_track": 185.62,
        "vertical_rate": null,
        "geo_altitude": null,
        "squawk": "1000",
        "spi": false,
        "position_source": 0
      }
    },
    {
      "type": "Feature",
      "geometry": {
        "type": "Point",
        "coordinates": [
          15.8225,
          44.1157
        ]
      },
      "properties": {
        "icao24": "440daf",
        "callsign": "EJU12AH",
        "origin_country": "Austria",
        "time_position": 1789756279,
        "last_contact": 1789756282,
        "baro_altitude": 4267.2,
        "on_ground": false,
        "velocity": 168.35,
        "true_track": 171.92,
        "vertical_rate": -6.83,
        "geo_altitude": 4518.66,
        "squawk": "1000",
        "spi": false,
        "position_source": 0
      }
    },
    {
      "type": "Feature",
      "geometry": {
        "type": "Point",
        "coordinates": [
          8.5557,
          47.4544
        ]
      },
      "properties": {
        "icao24": "4b180b",
        "callsign": "SWR736",
        "origin_country": "Switzerland",
        "time_position": 1789756305,
        "last_contact": 1789756313,
        "baro_altitude": 373.38,
        "on_ground": true,
        "velocity": 0,
        "true_track": 185.62,
        "vertical_rate": null,
        "geo_altitude": null,
        "squawk": "1000",
        "spi": false,
        "position_source": 0
      }
    },
    {
      "type": "Feature",
      "geometry": {
        "type": "Point",
        "coordinates": [
          10.3005,
          47.785
        ]
      },
      "properties": {
        "icao24": "3c666b",
        "callsign": "DLH36M",
        "origin_country": "Germany",
        "time_position": 1789756313,
        "last_contact": 1789756313,
        "baro_altitude": 6690.36,
        "on_ground": false,
        "velocity": 209.36,
        "true_track": 63.75,
        "vertical_rate": -7.8,
        "geo_altitude": 6941.82,
        "squawk": "1000",
        "spi": false,
        "position_source": 0
      }
    },
    {
      "type": "Feature",
      "geometry": {
        "type": "Point",
        "coordinates": [
          13.9011,
          46.5857
        ]
      },
      "properties": {
        "icao24": "4b187b",
        "callsign": "SWR253",
        "origin_country": "Switzerland",
        "time_position": 1789756312,
        "last_contact": 1789756313,
        "baro_altitude": 12192,
        "on_ground": false,
        "velocity": 228.93,
        "true_track": 306.87,
        "vertical_rate": -0.33,
        "geo_altitude": 12550.14,
        "squawk": "5623",
        "spi": false,
        "position_source": 0
      }
    },
    {
      "type": "Feature",
      "geometry": {
        "type": "Point",
        "coordinates": [
          15.224,
          45.8796
        ]
      },
      "properties": {
        "icao24": "3c65d7",
        "callsign": "DLH2RJ",
        "origin_country": "Germany",
        "time_position": 1789756312,
        "last_contact": 1789756312,
        "baro_altitude": 10972.8,
        "on_ground": false,
        "velocity": 223.08,
        "true_track": 322.5,
        "vertical_rate": -1.95,
        "geo_altitude": 11338.56,
        "squawk": "2043",
        "spi": false,
        "position_source": 0
      }
    },
    {
      "type": "Feature",
      "geometry": {
        "type": "Point",
        "coordinates": [
          8.1603,
          47.1764
        ]
      },
      "properties": {
        "icao24": "3c65d6",
        "callsign": "DLH77W",
        "origin_country": "Germany",
        "time_position": 1789756313,
        "last_contact": 1789756313,
        "baro_altitude": 10972.8,
        "on_ground": false,
        "velocity": 218.43,
        "true_track": 28.26,
        "vertical_rate": 0,
        "geo_altitude": 11323.32,
        "squawk": "1000",
        "spi": false,
        "position_source": 0
      }
    },
    {
      "type": "Feature",
      "geometry": {
        "type": "Point",
        "coordinates": [
          13.4817,
          45.8233
        ]
      },
      "properties": {
        "icao24": "3c65ca",
        "callsign": "DLH9857",
        "origin_country": "Germany",
        "time_position": 1789756310,
        "last_contact": 1789756310,
        "baro_altitude": null,
        "on_ground": true,
        "velocity": 7.72,
        "true_track": 329.06,
        "vertical_rate": null,
        "geo_altitude": null,
        "squawk": null,
        "spi": false,
        "position_source": 0
      }
    },
    {
      "type": "Feature",
      "geometry": {
        "type": "Point",
        "coordinates": [
          11.3586,
          44.5102
        ]
      },
      "properties": {
        "icao24": "4a09b2",
        "callsign": "AEZ2122",
        "origin_country": "Romania",
        "time_position": 1789756312,
        "last_contact": 1789756312,
        "baro_altitude": 327.66,
        "on_ground": false,
        "velocity": 75.23,
        "true_track": 296.39,
        "vertical_rate": -4.55,
        "geo_altitude": 403.86,
        "squawk": "7062",
        "spi": false,
        "position_source": 0
      }
    },
    {
      "type": "Feature",
      "geometry": {
        "type": "Point",
        "coordinates": [
          6.7496,
          45.4245
        ]
      },
      "properties": {
        "icao24": "408067",
        "callsign": "EXS48TR",
        "origin_country": "United Kingdom",
        "time_position": 1789756312,
        "last_contact": 1789756312,
        "baro_altitude": 11277.6,
        "on_ground": false,
        "velocity": 235.44,
        "true_track": 133.49,
        "vertical_rate": 0.33,
        "geo_altitude": 11650.98,
        "squawk": "0523",
        "spi": false,
        "position_source": 0
      }
    },
    {
      "type": "Feature",
      "geometry": {
        "type": "Point",
        "coordinates": [
          17.4917,
          47.2636
        ]
      },
      "properties": {
        "icao24": "3c6707",
        "callsign": "DLH722",
        "origin_country": "Germany",
        "time_position": 1789756312,
        "last_contact": 1789756313,
        "baro_altitude": 10668,
        "on_ground": false,
        "velocity": 266.01,
        "true_track": 110.61,
        "vertical_rate": 0,
        "geo_altitude": 11010.9,
        "squawk": "5405",
        "spi": false,
        "position_source": 0
      }
    },
    {
      "type": "Feature",
      "geometry": {
        "type": "Point",
        "coordinates": [
          7.2077,
          43.6586
        ]
      },
      "properties": {
        "icao24": "440cc1",
        "callsign": "EJU68GB",
        "origin_country": "Austria",
        "time_position": 1789756313,
        "last_contact": 1789756313,
        "baro_altitude": null,
        "on_ground": true,
        "velocity": 3.86,
        "true_track": 236.25,
        "vertical_rate": null,
        "geo_altitude": null,
        "squawk": "2273",
        "spi": false,
        "position_source": 0
      }
    },
    {
      "type": "Feature",
      "geometry": {
        "type": "Point",
        "coordinates": [
          11.6443,
          44.8164
        ]
      },
      "properties": {
        "icao24": "4951cd",
        "callsign": "TAP862",
        "origin_country": "Portugal",
        "time_position": 1789756312,
        "last_contact": 1789756312,
        "baro_altitude": 3657.6,
        "on_ground": false,
        "velocity": 173.14,
        "true_track": 61.23,
        "vertical_rate": 0,
        "geo_altitude": 3855.72,
        "squawk": "1000",
        "spi": false,
        "position_source": 0
      }
    },
    {
      "type": "Feature",
      "geometry": {
        "type": "Point",
        "coordinates": [
          7.9192,
          44.1598
        ]
      },
      "properties": {
        "icao24": "02a1a9",
        "callsign": "LBT520",
        "origin_country": "Tunisia",
        "time_position": 1789756312,
        "last_contact": 1789756312,
        "baro_altitude": 10972.8,
        "on_ground": false,
        "velocity": 227.83,
        "true_track": 346.15,
        "vertical_rate": -0.33,
        "geo_altitude": 11330.94,
        "squawk": "1000",
        "spi": false,
        "position_source": 0
      }
    },
    {
      "type": "Feature",
      "geometry": {
        "type": "Point",
        "coordinates": [
          7.4645,
          45.4347
        ]
      },
      "properties": {
        "icao24": "39d314",
        "callsign": "TVF79QH",
        "origin_country": "France",
        "time_position": 1789756313,
        "last_contact": 1789756313,
        "baro_altitude": 11582.4,
        "on_ground": false,
        "velocity": 221.08,
        "true_track": 319.34,
        "vertical_rate": 0.33,
        "geo_altitude": 11955.78,
        "squawk": "1000",
        "spi": false,
        "position_source": 0
      }
    },
    {
      "type": "Feature",
      "geometry": {
        "type": "Point",
        "coordinates": [
          18.9527,
          40.9947
        ]
      },
      "properties": {
        "icao24": "39d313",
        "callsign": "TVF67PV",
        "origin_country": "France",
        "time_position": 1789756312,
        "last_contact": 1789756312,
        "baro_altitude": 10972.8,
        "on_ground": false,
        "velocity": 229.59,
        "true_track": 316.18,
        "vertical_rate": 0,
        "geo_altitude": 11422.38,
        "squawk": null,
        "spi": false,
        "position_source": 0
      }
    },
    {
      "type": "Feature",
      "geometry": {
        "type": "Point",
        "coordinates": [
          9.3648,
          47.7543
        ]
      },
      "properties": {
        "icao24": "3c6548",
        "callsign": "LHX55C",
        "origin_country": "Germany",
        "time_position": 1789756312,
        "last_contact": 1789756312,
        "baro_altitude": 10332.72,
        "on_ground": false,
        "velocity": 240.38,
        "true_track": 245.74,
        "vertical_rate": 4.23,
        "geo_altitude": 10668,
        "squawk": "1000",
        "spi": false,
        "position_source": 0
      }
    },
    {
      "type": "Feature",
      "geometry": {
        "type": "Point",
        "coordinates": [
          8.5567,
          47.4537
        ]
      },
      "properties": {
        "icao24": "4b5da1",
        "callsign": "ATL780",
        "origin_country": "Switzerland",
        "time_position": 1789756273,
        "last_contact": 1789756274,
        "baro_altitude": null,
        "on_ground": true,
        "velocity": 0,
        "true_track": 25.31,
        "vertical_rate": null,
        "geo_altitude": null,
        "squawk": null,
        "spi": false,
        "position_source": 0
      }
    },
    {
      "type": "Feature",
      "geometry": {
        "type": "Point",
        "coordinates": [
          17.4099,
          44.2897
        ]
      },
      "properties": {
        "icao24": "40825f",
        "callsign": "EXS73BU",
        "origin_country": "United Kingdom",
        "time_position": 1789756311,
        "last_contact": 1789756312,
        "baro_altitude": 10675.62,
        "on_ground": false,
        "velocity": 236.3,
        "true_track": 128.19,
        "vertical_rate": 0,
        "geo_altitude": 11102.34,
        "squawk": "3441",
        "spi": false,
        "position_source": 0
      }
    },
    {
      "type": "Feature",
      "geometry": {
        "type": "Point",
        "coordinates": [
          8.0013,
          44.0367
        ]
      },
      "properties": {
        "icao24": "3c6552",
        "callsign": "LHX1849",
        "origin_country": "Germany",
        "time_position": 1789756312,
        "last_contact": 1789756313,
        "baro_altitude": 11582.4,
        "on_ground": false,
        "velocity": 239.38,
        "true_track": 44.3,
        "vertical_rate": 0.33,
        "geo_altitude": 11971.02,
        "squawk": "1000",
        "spi": false,
        "position_source": 0
      }
    },
    {
      "type": "Feature",
      "geometry": {
        "type": "Point",
        "coordinates": [
          8.5593,
          47.4516
        ]
      },
      "properties": {
        "icao24": "4b5daa",
        "callsign": "ATL786",
        "origin_country": "Switzerland",
        "time_position": 1789756311,
        "last_contact": 1789756311,
        "baro_altitude": null,
        "on_ground": true,
        "velocity": 0.13,
        "true_track": 5.62,
        "vertical_rate": null,
        "geo_altitude": null,
        "squawk": null,
        "spi": false,
        "position_source": 0
      }
    },
    {
      "type": "Feature",
      "geometry": {
        "type": "Point",
        "coordinates": [
          8.5559,
          47.4522
        ]
      },
      "properties": {
        "icao24": "4b5db1",
        "callsign": "RTT7",
        "origin_country": "Switzerland",
        "time_position": 1789756313,
        "last_contact": 1789756313,
        "baro_altitude": null,
        "on_ground": true,
        "velocity": 1.54,
        "true_track": 157.5,
        "vertical_rate": null,
        "geo_altitude": null,
        "squawk": null,
        "spi": false,
        "position_source": 0
      }
    },
    {
      "type": "Feature",
      "geometry": {
        "type": "Point",
        "coordinates": [
          9.1564,
          44.3654
        ]
      },
      "properties": {
        "icao24": "3c64a2",
        "callsign": "DLH341",
        "origin_country": "Germany",
        "time_position": 1789756313,
        "last_contact": 1789756313,
        "baro_altitude": 10972.8,
        "on_ground": false,
        "velocity": 235.87,
        "true_track": 8.02,
        "vertical_rate": 0,
        "geo_altitude": 11346.18,
        "squawk": "1000",
        "spi": false,
        "position_source": 0
      }
    },
    {
      "type": "Feature",
      "geometry": {
        "type": "Point",
        "coordinates": [
          8.0358,
          42.6023
        ]
      },
      "properties": {
        "icao24": "3c64a5",
        "callsign": "DLH1835",
        "origin_country": "Germany",
        "time_position": 1789756312,
        "last_contact": 1789756312,
        "baro_altitude": 11574.78,
        "on_ground": false,
        "velocity": 234.88,
        "true_track": 32.75,
        "vertical_rate": 0.33,
        "geo_altitude": 11978.64,
        "squawk": "5307",
        "spi": false,
        "position_source": 0
      }
    },
    {
      "type": "Feature",
      "geometry": {
        "type": "Point",
        "coordinates": [
          7.2122,
          43.6643
        ]
      },
      "properties": {
        "icao24": "4080ea",
        "callsign": "BAW336",
        "origin_country": "United Kingdom",
        "time_position": 1789756104,
        "last_contact": 1789756104,
        "baro_altitude": null,
        "on_ground": true,
        "velocity": 0,
        "true_track": 343.12,
        "vertical_rate": null,
        "geo_altitude": null,
        "squawk": "7311",
        "spi": false,
        "position_source": 0
      }
    },
    {
      "type": "Feature",
      "geometry": {
        "type": "Point",
        "coordinates": [
          18.9606,
          41.4088
        ]
      },
      "properties": {
        "icao24": "4080f7",
        "callsign": "EZY36MQ",
        "origin_country": "United Kingdom",
        "time_position": 1789756312,
        "last_contact": 1789756313,
        "baro_altitude": 11269.98,
        "on_ground": false,
        "velocity": 215.73,
        "true_track": 155.64,
        "vertical_rate": 0,
        "geo_altitude": 11727.18,
        "squawk": "2157",
        "spi": false,
        "position_source": 0
      }
    },
    {
      "type": "Feature",
      "geometry": {
        "type": "Point",
        "coordinates": [
          8.2562,
          40.5583
        ]
      },
      "properties": {
        "icao24": "02a1ac",
        "callsign": "LBT718",
        "origin_country": "Tunisia",
        "time_position": 1789756313,
        "last_contact": 1789756313,
        "baro_altitude": 10980.42,
        "on_ground": false,
        "velocity": 222.06,
        "true_track": 327.49,
        "vertical_rate": 0.33,
        "geo_altitude": 11399.52,
        "squawk": "6162",
        "spi": false,
        "position_source": 0
      }
    },
    {
      "type": "Feature",
      "geometry": {
        "type": "Point",
        "coordinates": [
          9.6718,
          35.5227
        ]
      },
      "properties": {
        "icao24": "02a1b4",
        "callsign": "LBT770",
        "origin_country": "Tunisia",
        "time_position": 1789756196,
        "last_contact": 1789756196,
        "baro_altitude": 9966.96,
        "on_ground": false,
        "velocity": 233.52,
        "true_track": 342.96,
        "vertical_rate": 5.85,
        "geo_altitude": 10469.88,
        "squawk": "6141",
        "spi": false,
        "position_source": 0
      }
    },
    {
      "type": "Feature",
      "geometry": {
        "type": "Point",
        "coordinates": [
          6.5798,
          44.8683
        ]
      },
      "properties": {
        "icao24": "49410e",
        "callsign": "NJE378R",
        "origin_country": "Portugal",
        "time_position": 1789756313,
        "last_contact": 1789756313,
        "baro_altitude": 9753.6,
        "on_ground": false,
        "velocity": 188.87,
        "true_track": 11.31,
        "vertical_rate": 0,
        "geo_altitude": 10111.74,
        "squawk": "1000",
        "spi": false,
        "position_source": 0
      }
    },
    {
      "type": "Feature",
      "geometry": {
        "type": "Point",
        "coordinates": [
          12.3409,
          46.8282
        ]
      },
      "properties": {
        "icao24": "4080de",
        "callsign": "EXS3BD",
        "origin_country": "United Kingdom",
        "time_position": 1789756312,
        "last_contact": 1789756313,
        "baro_altitude": 11498.58,
        "on_ground": false,
        "velocity": 247.19,
        "true_track": 109.83,
        "vertical_rate": 2.6,
        "geo_altitude": 11856.72,
        "squawk": "0524",
        "spi": false,
        "position_source": 0
      }
    },
    {
      "type": "Feature",
      "geometry": {
        "type": "Point",
        "coordinates": [
          14.9013,
          43.8888
        ]
      },
      "properties": {
        "icao24": "4080e4",
        "callsign": "BAW397",
        "origin_country": "United Kingdom",
        "time_position": 1789756312,
        "last_contact": 1789756312,
        "baro_altitude": 10988.04,
        "on_ground": false,
        "velocity": 228.42,
        "true_track": 300.9,
        "vertical_rate": -0.33,
        "geo_altitude": 11369.04,
        "squawk": "7221",
        "spi": false,
        "position_source": 0
      }
    },
    {
      "type": "Feature",
      "geometry": {
        "type": "Point",
        "coordinates": [
          15.7081,
          43.0208
        ]
      },
      "properties": {
        "icao24": "4b15d6",
        "callsign": "EDW70",
        "origin_country": "Switzerland",
        "time_position": 1789756312,
        "last_contact": 1789756312,
        "baro_altitude": 11277.6,
        "on_ground": false,
        "velocity": 251.48,
        "true_track": 133.26,
        "vertical_rate": 0,
        "geo_altitude": 11673.84,
        "squawk": "3056",
        "spi": false,
        "position_source": 0
      }
    },
    {
      "type": "Feature",
      "geometry": {
        "type": "Point",
        "coordinates": [
          6.3937,
          42.135
        ]
      },
      "properties": {
        "icao24": "39d300",
        "callsign": "TVF6878",
        "origin_country": "France",
        "time_position": 1789756312,
        "last_contact": 1789756313,
        "baro_altitude": 11887.2,
        "on_ground": false,
        "velocity": 233.76,
        "true_track": 132.5,
        "vertical_rate": 0,
        "geo_altitude": 12291.06,
        "squawk": "5660",
        "spi": false,
        "position_source": 0
      }
    },
    {
      "type": "Feature",
      "geometry": {
        "type": "Point",
        "coordinates": [
          6.5086,
          47.1026
        ]
      },
      "properties": {
        "icao24": "3c6467",
        "callsign": "CFG4HX",
        "origin_country": "Germany",
        "time_position": 1789756313,
        "last_contact": 1789756313,
        "baro_altitude": 6278.88,
        "on_ground": false,
        "velocity": 232.71,
        "true_track": 193.42,
        "vertical_rate": 9.43,
        "geo_altitude": 6576.06,
        "squawk": "1000",
        "spi": false,
        "position_source": 0
      }
    },
    {
      "type": "Feature",
      "geometry": {
        "type": "Point",
        "coordinates": [
          8.5616,
          47.4544
        ]
      },
      "properties": {
        "icao24": "4b5d9f",
        "callsign": "ALT777",
        "origin_country": "Switzerland",
        "time_position": 1789756312,
        "last_contact": 1789756312,
        "baro_altitude": null,
        "on_ground": true,
        "velocity": 4.63,
        "true_track": 275.62,
        "vertical_rate": null,
        "geo_altitude": null,
        "squawk": null,
        "spi": false,
        "position_source": 0
      }
    },
    {
      "type": "Feature",
      "geometry": {
        "type": "Point",
        "coordinates": [
          6.2196,
          47.0866
        ]
      },
      "properties": {
        "icao24": "3c6495",
        "callsign": "EWG20H",
        "origin_country": "Germany",
        "time_position": 1789756312,
        "last_contact": 1789756312,
        "baro_altitude": 10363.2,
        "on_ground": false,
        "velocity": 205.14,
        "true_track": 339.29,
        "vertical_rate": 0,
        "geo_altitude": 10736.58,
        "squawk": "1000",
        "spi": false,
        "position_source": 0
      }
    },
    {
      "type": "Feature",
      "geometry": {
        "type": "Point",
        "coordinates": [
          11.7213,
          45.3612
        ]
      },
      "properties": {
        "icao24": "3c6498",
        "callsign": "DLH8UC",
        "origin_country": "Germany",
        "time_position": 1789756313,
        "last_contact": 1789756313,
        "baro_altitude": 10378.44,
        "on_ground": false,
        "velocity": 243.4,
        "true_track": 347.55,
        "vertical_rate": -0.33,
        "geo_altitude": 10736.58,
        "squawk": "3733",
        "spi": false,
        "position_source": 0
      }
    },
    {
      "type": "Feature",
      "geometry": {
        "type": "Point",
        "coordinates": [
          11.3032,
          43.7559
        ]
      },
      "properties": {
        "icao24": "4b1617",
        "callsign": "SWR171D",
        "origin_country": "Switzerland",
        "time_position": 1789756313,
        "last_contact": 1789756313,
        "baro_altitude": 11582.4,
        "on_ground": false,
        "velocity": 227.04,
        "true_track": 325.34,
        "vertical_rate": 0.65,
        "geo_altitude": 11986.26,
        "squawk": "1000",
        "spi": false,
        "position_source": 0
      }
    },
    {
      "type": "Feature",
      "geometry": {
        "type": "Point",
        "coordinates": [
          17.3688,
          44.4914
        ]
      },
      "properties": {
        "icao24": "3c6429",
        "callsign": "CFG6XZ",
        "origin_country": "Germany",
        "time_position": 1789756312,
        "last_contact": 1789756313,
        "baro_altitude": 10972.8,
        "on_ground": false,
        "velocity": 223.01,
        "true_track": 311.63,
        "vertical_rate": -0.33,
        "geo_altitude": 11361.42,
        "squawk": "1340",
        "spi": false,
        "position_source": 0
      }
    },
    {
      "type": "Feature",
      "geometry": {
        "type": "Point",
        "coordinates": [
          18.0415,
          42.5089
        ]
      },
      "properties": {
        "icao24": "3c6421",
        "callsign": "CFG1JA",
        "origin_country": "Germany",
        "time_position": 1789756310,
        "last_contact": 1789756312,
        "baro_altitude": 10980.42,
        "on_ground": false,
        "velocity": 232.23,
        "true_track": 323.74,
        "vertical_rate": 0,
        "geo_altitude": 11407.14,
        "squawk": null,
        "spi": false,
        "position_source": 0
      }
    },
    {
      "type": "Feature",
      "geometry": {
        "type": "Point",
        "coordinates": [
          10.1126,
          47.5561
        ]
      },
      "properties": {
        "icao24": "4b161f",
        "callsign": "EDW337",
        "origin_country": "Switzerland",
        "time_position": 1789756313,
        "last_contact": 1789756313,
        "baro_altitude": 7589.52,
        "on_ground": false,
        "velocity": 193.41,
        "true_track": 300.18,
        "vertical_rate": -4.88,
        "geo_altitude": 7894.32,
        "squawk": "1000",
        "spi": false,
        "position_source": 0
      }
    },
    {
      "type": "Feature",
      "geometry": {
        "type": "Point",
        "coordinates": [
          14.0113,
          46.5598
        ]
      },
      "properties": {
        "icao24": "3c6441",
        "callsign": "DLH2KY",
        "origin_country": "Germany",
        "time_position": 1789756312,
        "last_contact": 1789756312,
        "baro_altitude": 7901.94,
        "on_ground": false,
        "velocity": 196.83,
        "true_track": 335.44,
        "vertical_rate": 10.4,
        "geo_altitude": 8183.88,
        "squawk": "1000",
        "spi": false,
        "position_source": 0
      }
    },
    {
      "type": "Feature",
      "geometry": {
        "type": "Point",
        "coordinates": [
          8.1081,
          44.323
        ]
      },
      "properties": {
        "icao24": "3c6444",
        "callsign": "DLH44N",
        "origin_country": "Germany",
        "time_position": 1789756312,
        "last_contact": 1789756312,
        "baro_altitude": 8991.6,
        "on_ground": false,
        "velocity": 198.48,
        "true_track": 220.59,
        "vertical_rate": -12.03,
        "geo_altitude": 9349.74,
        "squawk": "1000",
        "spi": false,
        "position_source": 0
      }
    },
    {
      "type": "Feature",
      "geometry": {
        "type": "Point",
        "coordinates": [
          11.0318,
          41.2514
        ]
      },
      "properties": {
        "icao24": "495149",
        "callsign": "TAP837",
        "origin_country": "Portugal",
        "time_position": 1789756312,
        "last_contact": 1789756312,
        "baro_altitude": 9121.14,
        "on_ground": false,
        "velocity": 189.6,
        "true_track": 242.53,
        "vertical_rate": 5.85,
        "geo_altitude": 9494.52,
        "squawk": null,
        "spi": false,
        "position_source": 0
      }
    },
    {
      "type": "Feature",
      "geometry": {
        "type": "Point",
        "coordinates": [
          10.2448,
          44.7517
        ]
      },
      "properties": {
        "icao24": "440c31",
        "callsign": "EJU57UC",
        "origin_country": "Austria",
        "time_position": 1789756313,
        "last_contact": 1789756313,
        "baro_altitude": 10378.44,
        "on_ground": false,
        "velocity": 217.31,
        "true_track": 326.69,
        "vertical_rate": 0,
        "geo_altitude": 10728.96,
        "squawk": "1000",
        "spi": false,
        "position_source": 0
      }
    },
    {
      "type": "Feature",
      "geometry": {
        "type": "Point",
        "coordinates": [
          8.1335,
          47.1829
        ]
      },
      "properties": {
        "icao24": "4b169a",
        "callsign": "SWR9TP",
        "origin_country": "Switzerland",
        "time_position": 1789756312,
        "last_contact": 1789756312,
        "baro_altitude": 4061.46,
        "on_ground": false,
        "velocity": 174.65,
        "true_track": 56.78,
        "vertical_rate": -4.88,
        "geo_altitude": 4251.96,
        "squawk": "1000",
        "spi": false,
        "position_source": 0
      }
    },
    {
      "type": "Feature",
      "geometry": {
        "type": "Point",
        "coordinates": [
          8.7305,
          45.6114
        ]
      },
      "properties": {
        "icao24": "440c35",
        "callsign": "EJU68CA",
        "origin_country": "Austria",
        "time_position": 1789756259,
        "last_contact": 1789756259,
        "baro_altitude": null,
        "on_ground": true,
        "velocity": 0,
        "true_track": 225,
        "vertical_rate": null,
        "geo_altitude": null,
        "squawk": "1000",
        "spi": false,
        "position_source": 0
      }
    },
    {
      "type": "Feature",
      "geometry": {
        "type": "Point",
        "coordinates": [
          8.832,
          42.5196
        ]
      },
      "properties": {
        "icao24": "440c38",
        "callsign": "EJU97UQ",
        "origin_country": "Austria",
        "time_position": 1789756312,
        "last_contact": 1789756312,
        "baro_altitude": 10934.7,
        "on_ground": false,
        "velocity": 227.13,
        "true_track": 342.47,
        "vertical_rate": 4.23,
        "geo_altitude": 11346.18,
        "squawk": "1000",
        "spi": false,
        "position_source": 0
      }
    },
    {
      "type": "Feature",
      "geometry": {
        "type": "Point",
        "coordinates": [
          11.2519,
          41.1836
        ]
      },
      "properties": {
        "icao24": "4b028d",
        "callsign": "SWR7VB",
        "origin_country": "Switzerland",
        "time_position": 1789756313,
        "last_contact": 1789756313,
        "baro_altitude": 12192,
        "on_ground": false,
        "velocity": 224.93,
        "true_track": 344.34,
        "vertical_rate": -0.33,
        "geo_altitude": 12611.1,
        "squawk": "1000",
        "spi": false,
        "position_source": 0
      }
    },
    {
      "type": "Feature",
      "geometry": {
        "type": "Point",
        "coordinates": [
          8.5627,
          47.4424
        ]
      },
      "properties": {
        "icao24": "4b028b",
        "callsign": "SWR3F",
        "origin_country": "Switzerland",
        "time_position": 1789756064,
        "last_contact": 1789756067,
        "baro_altitude": 373.38,
        "on_ground": true,
        "velocity": 0,
        "true_track": 64.69,
        "vertical_rate": null,
        "geo_altitude": null,
        "squawk": "2275",
        "spi": false,
        "position_source": 0
      }
    },
    {
      "type": "Feature",
      "geometry": {
        "type": "Point",
        "coordinates": [
          8.4524,
          47.3978
        ]
      },
      "properties": {
        "icao24": "4b028a",
        "callsign": "SWR47D",
        "origin_country": "Switzerland",
        "time_position": 1789756313,
        "last_contact": 1789756313,
        "baro_altitude": 3070.86,
        "on_ground": false,
        "velocity": 159.06,
        "true_track": 316.97,
        "vertical_rate": -4.55,
        "geo_altitude": 3230.88,
        "squawk": "1000",
        "spi": false,
        "position_source": 0
      }
    },
    {
      "type": "Feature",
      "geometry": {
        "type": "Point",
        "coordinates": [
          7.4732,
          46.9336
        ]
      },
      "properties": {
        "icao24": "4b0291",
        "callsign": "OAW701",
        "origin_country": "Switzerland",
        "time_position": 1789756312,
        "last_contact": 1789756313,
        "baro_altitude": 624.84,
        "on_ground": false,
        "velocity": 71.93,
        "true_track": 139.93,
        "vertical_rate": -4.23,
        "geo_altitude": 731.52,
        "squawk": "1000",
        "spi": false,
        "position_source": 0
      }
    },
    {
      "type": "Feature",
      "geometry": {
        "type": "Point",
        "coordinates": [
          9.2591,
          46.8756
        ]
      },
      "properties": {
        "icao24": "3991e7",
        "callsign": "AFR42KK",
        "origin_country": "France",
        "time_position": 1789756313,
        "last_contact": 1789756313,
        "baro_altitude": 11277.6,
        "on_ground": false,
        "velocity": 237.9,
        "true_track": 126.03,
        "vertical_rate": -0.33,
        "geo_altitude": 11628.12,
        "squawk": "0670",
        "spi": false,
        "position_source": 0
      }
    },
    {
      "type": "Feature",
      "geometry": {
        "type": "Point",
        "coordinates": [
          17.2041,
          47.0513
        ]
      },
      "properties": {
        "icao24": "ae10e6",
        "callsign": "SPAR89",
        "origin_country": "United States",
        "time_position": 1789756313,
        "last_contact": 1789756313,
        "baro_altitude": 7010.4,
        "on_ground": false,
        "velocity": 144.75,
        "true_track": 110.82,
        "vertical_rate": -0.65,
        "geo_altitude": 7284.72,
        "squawk": "7664",
        "spi": false,
        "position_source": 0
      }
    },
    {
      "type": "Feature",
      "geometry": {
        "type": "Point",
        "coordinates": [
          8.6902,
          45.6603
        ]
      },
      "properties": {
        "icao24": "4951ca",
        "callsign": "TAP827V",
        "origin_country": "Portugal",
        "time_position": 1789756313,
        "last_contact": 1789756313,
        "baro_altitude": 662.94,
        "on_ground": false,
        "velocity": 101.97,
        "true_track": 272.6,
        "vertical_rate": 4.88,
        "geo_altitude": 754.38,
        "squawk": "0452",
        "spi": false,
        "position_source": 0
      }
    },
    {
      "type": "Feature",
      "geometry": {
        "type": "Point",
        "coordinates": [
          6.1109,
          46.2365
        ]
      },
      "properties": {
        "icao24": "40097e",
        "callsign": "BAW754",
        "origin_country": "United Kingdom",
        "time_position": 1789756271,
        "last_contact": 1789756271,
        "baro_altitude": null,
        "on_ground": true,
        "velocity": 4.63,
        "true_track": 143.44,
        "vertical_rate": null,
        "geo_altitude": null,
        "squawk": "2272",
        "spi": false,
        "position_source": 0
      }
    },
    {
      "type": "Feature",
      "geometry": {
        "type": "Point",
        "coordinates": [
          18.0681,
          47.417
        ]
      },
      "properties": {
        "icao24": "392aee",
        "callsign": "AFR1060",
        "origin_country": "France",
        "time_position": 1789756312,
        "last_contact": 1789756312,
        "baro_altitude": 10675.62,
        "on_ground": false,
        "velocity": 243.95,
        "true_track": 121.11,
        "vertical_rate": 0.33,
        "geo_altitude": 11026.14,
        "squawk": "0662",
        "spi": false,
        "position_source": 0
      }
    },
    {
      "type": "Feature",
      "geometry": {
        "type": "Point",
        "coordinates": [
          6.1108,
          46.238
        ]
      },
      "properties": {
        "icao24": "4844b3",
        "callsign": "P4G7OO",
        "origin_country": "Kingdom of the Netherlands",
        "time_position": 1789756312,
        "last_contact": 1789756312,
        "baro_altitude": null,
        "on_ground": true,
        "velocity": 5.14,
        "true_track": 168.75,
        "vertical_rate": null,
        "geo_altitude": null,
        "squawk": "1000",
        "spi": false,
        "position_source": 0
      }
    },
    {
      "type": "Feature",
      "geometry": {
        "type": "Point",
        "coordinates": [
          6.0437,
          45.9745
        ]
      },
      "properties": {
        "icao24": "3c5099",
        "callsign": "NGN7904",
        "origin_country": "Germany",
        "time_position": 1789756312,
        "last_contact": 1789756312,
        "baro_altitude": 11582.4,
        "on_ground": false,
        "velocity": 214.44,
        "true_track": 49.09,
        "vertical_rate": 0,
        "geo_altitude": 11986.26,
        "squawk": "3370",
        "spi": false,
        "position_source": 0
      }
    },
    {
      "type": "Feature",
      "geometry": {
        "type": "Point",
        "coordinates": [
          9.1841,
          45.6469
        ]
      },
      "properties": {
        "icao24": "78103b",
        "callsign": "CCA750",
        "origin_country": "China",
        "time_position": 1789756313,
        "last_contact": 1789756313,
        "baro_altitude": 4655.82,
        "on_ground": false,
        "velocity": 189.83,
        "true_track": 89.69,
        "vertical_rate": 9.43,
        "geo_altitude": 4853.94,
        "squawk": "0443",
        "spi": false,
        "position_source": 0
      }
    },
    {
      "type": "Feature",
      "geometry": {
        "type": "Point",
        "coordinates": [
          16.1187,
          47.4978
        ]
      },
      "properties": {
        "icao24": "4baac7",
        "callsign": "THY1949",
        "origin_country": "Turkey",
        "time_position": 1789756312,
        "last_contact": 1789756312,
        "baro_altitude": 11582.4,
        "on_ground": false,
        "velocity": 224.21,
        "true_track": 309.97,
        "vertical_rate": 0.33,
        "geo_altitude": 11917.68,
        "squawk": "2641",
        "spi": false,
        "position_source": 0
      }
    },
    {
      "type": "Feature",
      "geometry": {
        "type": "Point",
        "coordinates": [
          15.4439,
          46.7446
        ]
      },
      "properties": {
        "icao24": "4baad2",
        "callsign": "THY7TE",
        "origin_country": "Turkey",
        "time_position": 1789756313,
        "last_contact": 1789756313,
        "baro_altitude": 11277.6,
        "on_ground": false,
        "velocity": 239.5,
        "true_track": 122.19,
        "vertical_rate": 0,
        "geo_altitude": 11628.12,
        "squawk": "2702",
        "spi": false,
        "position_source": 0
      }
    },
    {
      "type": "Feature",
      "geometry": {
        "type": "Point",
        "coordinates": [
          12.6418,
          43.5365
        ]
      },
      "properties": {
        "icao24": "4ca9c3",
        "callsign": "RYR11HV",
        "origin_country": "Ireland",
        "time_position": 1789756313,
        "last_contact": 1789756313,
        "baro_altitude": 10668,
        "on_ground": false,
        "velocity": 219.89,
        "true_track": 120.04,
        "vertical_rate": -0.33,
        "geo_altitude": 11033.76,
        "squawk": "1000",
        "spi": false,
        "position_source": 0
      }
    },
    {
      "type": "Feature",
      "geometry": {
        "type": "Point",
        "coordinates": [
          16.1899,
          45.9386
        ]
      },
      "properties": {
        "icao24": "440bcb",
        "callsign": "BCS9117",
        "origin_country": "Austria",
        "time_position": 1789756313,
        "last_contact": 1789756313,
        "baro_altitude": 3284.22,
        "on_ground": false,
        "velocity": 157.23,
        "true_track": 7.52,
        "vertical_rate": 7.8,
        "geo_altitude": 3436.62,
        "squawk": "1000",
        "spi": false,
        "position_source": 0
      }
    },
    {
      "type": "Feature",
      "geometry": {
        "type": "Point",
        "coordinates": [
          14.1469,
          46.3977
        ]
      },
      "properties": {
        "icao24": "440bce",
        "callsign": "BCS4853",
        "origin_country": "Austria",
        "time_position": 1789756313,
        "last_contact": 1789756313,
        "baro_altitude": 6484.62,
        "on_ground": false,
        "velocity": 174.62,
        "true_track": 340.02,
        "vertical_rate": 13,
        "geo_altitude": 6720.84,
        "squawk": "1000",
        "spi": false,
        "position_source": 0
      }
    },
    {
      "type": "Feature",
      "geometry": {
        "type": "Point",
        "coordinates": [
          12.2173,
          40.3345
        ]
      },
      "properties": {
        "icao24": "4ca9ec",
        "callsign": "RYR99PH",
        "origin_country": "Ireland",
        "time_position": 1789756313,
        "last_contact": 1789756313,
        "baro_altitude": 10668,
        "on_ground": false,
        "velocity": 203.99,
        "true_track": 260.42,
        "vertical_rate": -0.33,
        "geo_altitude": 11087.1,
        "squawk": null,
        "spi": false,
        "position_source": 0
      }
    },
    {
      "type": "Feature",
      "geometry": {
        "type": "Point",
        "coordinates": [
          11.498,
          44.4766
        ]
      },
      "properties": {
        "icao24": "440bc6",
        "callsign": "BCS7925",
        "origin_country": "Austria",
        "time_position": 1789756312,
        "last_contact": 1789756312,
        "baro_altitude": 1653.54,
        "on_ground": false,
        "velocity": 119.37,
        "true_track": 328.57,
        "vertical_rate": -5.2,
        "geo_altitude": 1775.46,
        "squawk": "6561",
        "spi": false,
        "position_source": 0
      }
    },
    {
      "type": "Feature",
      "geometry": {
        "type": "Point",
        "coordinates": [
          8.3629,
          46.7187
        ]
      },
      "properties": {
        "icao24": "4867ec",
        "callsign": "TRA76B",
        "origin_country": "Kingdom of the Netherlands",
        "time_position": 1789756312,
        "last_contact": 1789756312,
        "baro_altitude": 11277.6,
        "on_ground": false,
        "velocity": 236.24,
        "true_track": 143.68,
        "vertical_rate": 0,
        "geo_altitude": 11643.36,
        "squawk": "3161",
        "spi": false,
        "position_source": 0
      }
    },
    {
      "type": "Feature",
      "geometry": {
        "type": "Point",
        "coordinates": [
          7.5498,
          37.7634
        ]
      },
      "properties": {
        "icao24": "4bab47",
        "callsign": "THY5YE",
        "origin_country": "Turkey",
        "time_position": 1789756311,
        "last_contact": 1789756311,
        "baro_altitude": 11277.6,
        "on_ground": false,
        "velocity": 249.7,
        "true_track": 92.24,
        "vertical_rate": 0,
        "geo_altitude": 11734.8,
        "squawk": null,
        "spi": false,
        "position_source": 0
      }
    },
    {
      "type": "Feature",
      "geometry": {
        "type": "Point",
        "coordinates": [
          16.8892,
          47.3374
        ]
      },
      "properties": {
        "icao24": "4bab48",
        "callsign": "THY1SQ",
        "origin_country": "Turkey",
        "time_position": 1789756312,
        "last_contact": 1789756312,
        "baro_altitude": 10972.8,
        "on_ground": false,
        "velocity": 219.61,
        "true_track": 294.64,
        "vertical_rate": 0,
        "geo_altitude": 11315.7,
        "squawk": "5370",
        "spi": false,
        "position_source": 0
      }
    },
    {
      "type": "Feature",
      "geometry": {
        "type": "Point",
        "coordinates": [
          9.4373,
          44.8569
        ]
      },
      "properties": {
        "icao24": "4ca8ff",
        "callsign": "ITY2056",
        "origin_country": "Ireland",
        "time_position": 1789756312,
        "last_contact": 1789756312,
        "baro_altitude": 2758.44,
        "on_ground": false,
        "velocity": 143.12,
        "true_track": 345.21,
        "vertical_rate": -7.15,
        "geo_altitude": 2926.08,
        "squawk": "1000",
        "spi": false,
        "position_source": 0
      }
    },
    {
      "type": "Feature",
      "geometry": {
        "type": "Point",
        "coordinates": [
          17.6848,
          46.5727
        ]
      },
      "properties": {
        "icao24": "7608eb",
        "callsign": "PIA750",
        "origin_country": "Pakistan",
        "time_position": 1789756313,
        "last_contact": 1789756313,
        "baro_altitude": 11277.6,
        "on_ground": false,
        "velocity": 253.54,
        "true_track": 101.47,
        "vertical_rate": 0,
        "geo_altitude": 11635.74,
        "squawk": "0661",
        "spi": false,
        "position_source": 0
      }
    },
    {
      "type": "Feature",
      "geometry": {
        "type": "Point",
        "coordinates": [
          9.8464,
          41.1581
        ]
      },
      "properties": {
        "icao24": "4baac3",
        "callsign": "THY1HE",
        "origin_country": "Turkey",
        "time_position": 1789756312,
        "last_contact": 1789756312,
        "baro_altitude": 10980.42,
        "on_ground": false,
        "velocity": 248.39,
        "true_track": 68.75,
        "vertical_rate": 0.33,
        "geo_altitude": 11391.9,
        "squawk": "1440",
        "spi": false,
        "position_source": 0
      }
    },
    {
      "type": "Feature",
      "geometry": {
        "type": "Point",
        "coordinates": [
          13.9984,
          39.7224
        ]
      },
      "properties": {
        "icao24": "4ca973",
        "callsign": "ITY1753",
        "origin_country": "Ireland",
        "time_position": 1789756312,
        "last_contact": 1789756312,
        "baro_altitude": 10073.64,
        "on_ground": false,
        "velocity": 252.28,
        "true_track": 141.54,
        "vertical_rate": -0.33,
        "geo_altitude": 10500.36,
        "squawk": "5133",
        "spi": false,
        "position_source": 0
      }
    },
    {
      "type": "Feature",
      "geometry": {
        "type": "Point",
        "coordinates": [
          7.2428,
          44.0583
        ]
      },
      "properties": {
        "icao24": "4d404c",
        "callsign": "3AMIG",
        "origin_country": "Monaco",
        "time_position": 1789756312,
        "last_contact": 1789756312,
        "baro_altitude": 5951.22,
        "on_ground": false,
        "velocity": 159.28,
        "true_track": 157,
        "vertical_rate": -5.53,
        "geo_altitude": 6225.54,
        "squawk": "5742",
        "spi": false,
        "position_source": 0
      }
    },
    {
      "type": "Feature",
      "geometry": {
        "type": "Point",
        "coordinates": [
          11.2499,
          44.4179
        ]
      },
      "properties": {
        "icao24": "486804",
        "callsign": "KLC86Z",
        "origin_country": "Kingdom of the Netherlands",
        "time_position": 1789756312,
        "last_contact": 1789756312,
        "baro_altitude": 7178.04,
        "on_ground": false,
        "velocity": 196.39,
        "true_track": 13.64,
        "vertical_rate": 6.5,
        "geo_altitude": 7467.6,
        "squawk": "1000",
        "spi": false,
        "position_source": 0
      }
    },
    {
      "type": "Feature",
      "geometry": {
        "type": "Point",
        "coordinates": [
          16.7958,
          37.1297
        ]
      },
      "properties": {
        "icao24": "4bab22",
        "callsign": "THY1140",
        "origin_country": "Turkey",
        "time_position": 1789756312,
        "last_contact": 1789756313,
        "baro_altitude": 10668,
        "on_ground": false,
        "velocity": 251.5,
        "true_track": 46.91,
        "vertical_rate": 0,
        "geo_altitude": 11186.16,
        "squawk": "4110",
        "spi": false,
        "position_source": 0
      }
    },
    {
      "type": "Feature",
      "geometry": {
        "type": "Point",
        "coordinates": [
          18.6664,
          43.0288
        ]
      },
      "properties": {
        "icao24": "4ca8d8",
        "callsign": "RYR5542",
        "origin_country": "Ireland",
        "time_position": 1789756309,
        "last_contact": 1789756309,
        "baro_altitude": 10363.2,
        "on_ground": false,
        "velocity": 214.98,
        "true_track": 255.73,
        "vertical_rate": 0,
        "geo_altitude": 10789.92,
        "squawk": "6013",
        "spi": false,
        "position_source": 0
      }
    },
    {
      "type": "Feature",
      "geometry": {
        "type": "Point",
        "coordinates": [
          17.2976,
          45.8152
        ]
      },
      "properties": {
        "icao24": "3c0ac6",
        "callsign": "CFG5UY",
        "origin_country": "Germany",
        "time_position": 1789756313,
        "last_contact": 1789756313,
        "baro_altitude": 10972.8,
        "on_ground": false,
        "velocity": 236.25,
        "true_track": 340.54,
        "vertical_rate": 0.33,
        "geo_altitude": 11353.8,
        "squawk": "2002",
        "spi": false,
        "position_source": 0
      }
    },
    {
      "type": "Feature",
      "geometry": {
        "type": "Point",
        "coordinates": [
          8.5555,
          47.3182
        ]
      },
      "properties": {
        "icao24": "3c0acc",
        "callsign": "CFG4ER",
        "origin_country": "Germany",
        "time_position": 1789756313,
        "last_contact": 1789756313,
        "baro_altitude": 11277.6,
        "on_ground": false,
        "velocity": 240.71,
        "true_track": 176.45,
        "vertical_rate": 0,
        "geo_altitude": 11628.12,
        "squawk": "1000",
        "spi": false,
        "position_source": 0
      }
    },
    {
      "type": "Feature",
      "geometry": {
        "type": "Point",
        "coordinates": [
          18.742,
          46.0089
        ]
      },
      "properties": {
        "icao24": "4baa7a",
        "callsign": "THY4CW",
        "origin_country": "Turkey",
        "time_position": 1789756313,
        "last_contact": 1789756313,
        "baro_altitude": 10355.58,
        "on_ground": false,
        "velocity": 227.19,
        "true_track": 300.63,
        "vertical_rate": 0,
        "geo_altitude": 10728.96,
        "squawk": "3221",
        "spi": false,
        "position_source": 0
      }
    },
    {
      "type": "Feature",
      "geometry": {
        "type": "Point",
        "coordinates": [
          17.267,
          38.9074
        ]
      },
      "properties": {
        "icao24": "4baa8e",
        "callsign": "THY2LR",
        "origin_country": "Turkey",
        "time_position": 1789756312,
        "last_contact": 1789756312,
        "baro_altitude": 10668,
        "on_ground": false,
        "velocity": 256.38,
        "true_track": 73.57,
        "vertical_rate": 0,
        "geo_altitude": 11125.2,
        "squawk": "1231",
        "spi": false,
        "position_source": 0
      }
    },
    {
      "type": "Feature",
      "geometry": {
        "type": "Point",
        "coordinates": [
          17.4204,
          43.8016
        ]
      },
      "properties": {
        "icao24": "4baa64",
        "callsign": "THY6CA",
        "origin_country": "Turkey",
        "time_position": 1789756313,
        "last_contact": 1789756313,
        "baro_altitude": 10675.62,
        "on_ground": false,
        "velocity": 242.4,
        "true_track": 100.02,
        "vertical_rate": 0,
        "geo_altitude": 11071.86,
        "squawk": "0420",
        "spi": false,
        "position_source": 0
      }
    },
    {
      "type": "Feature",
      "geometry": {
        "type": "Point",
        "coordinates": [
          14.3356,
          46.4389
        ]
      },
      "properties": {
        "icao24": "4baa70",
        "callsign": "THY7DH",
        "origin_country": "Turkey",
        "time_position": 1789756313,
        "last_contact": 1789756313,
        "baro_altitude": 10668,
        "on_ground": false,
        "velocity": 239.52,
        "true_track": 110.89,
        "vertical_rate": 0,
        "geo_altitude": 11010.9,
        "squawk": "2106",
        "spi": false,
        "position_source": 0
      }
    },
    {
      "type": "Feature",
      "geometry": {
        "type": "Point",
        "coordinates": [
          16.9308,
          44.2625
        ]
      },
      "properties": {
        "icao24": "3c7424",
        "callsign": "TUI4AL",
        "origin_country": "Germany",
        "time_position": 1789756312,
        "last_contact": 1789756312,
        "baro_altitude": 10972.8,
        "on_ground": false,
        "velocity": 230.91,
        "true_track": 323.97,
        "vertical_rate": 0,
        "geo_altitude": 11376.66,
        "squawk": "5517",
        "spi": false,
        "position_source": 0
      }
    },
    {
      "type": "Feature",
      "geometry": {
        "type": "Point",
        "coordinates": [
          6.2498,
          46.6746
        ]
      },
      "properties": {
        "icao24": "45d066",
        "callsign": "VKG766",
        "origin_country": "Denmark",
        "time_position": 1789756312,
        "last_contact": 1789756312,
        "baro_altitude": 11269.98,
        "on_ground": false,
        "velocity": 256.18,
        "true_track": 189.59,
        "vertical_rate": 0,
        "geo_altitude": 11650.98,
        "squawk": "1000",
        "spi": false,
        "position_source": 0
      }
    },
    {
      "type": "Feature",
      "geometry": {
        "type": "Point",
        "coordinates": [
          15.735,
          39.2438
        ]
      },
      "properties": {
        "icao24": "4ca857",
        "callsign": "RYR65HL",
        "origin_country": "Ireland",
        "time_position": 1789756312,
        "last_contact": 1789756313,
        "baro_altitude": 2948.94,
        "on_ground": false,
        "velocity": 167.51,
        "true_track": 146.65,
        "vertical_rate": -13.33,
        "geo_altitude": 3154.68,
        "squawk": "1000",
        "spi": false,
        "position_source": 0
      }
    },
    {
      "type": "Feature",
      "geometry": {
        "type": "Point",
        "coordinates": [
          11.6868,
          42.1747
        ]
      },
      "properties": {
        "icao24": "4ca85b",
        "callsign": "ITY2109",
        "origin_country": "Ireland",
        "time_position": 1789756312,
        "last_contact": 1789756312,
        "baro_altitude": 4625.34,
        "on_ground": false,
        "velocity": 146.58,
        "true_track": 162.01,
        "vertical_rate": -5.53,
        "geo_altitude": 4876.8,
        "squawk": "1000",
        "spi": false,
        "position_source": 0
      }
    },
    {
      "type": "Feature",
      "geometry": {
        "type": "Point",
        "coordinates": [
          12.6294,
          42.5385
        ]
      },
      "properties": {
        "icao24": "4ca893",
        "callsign": "RYR5028",
        "origin_country": "Ireland",
        "time_position": 1789756312,
        "last_contact": 1789756313,
        "baro_altitude": 9966.96,
        "on_ground": false,
        "velocity": 234.71,
        "true_track": 334.56,
        "vertical_rate": -4.88,
        "geo_altitude": 10347.96,
        "squawk": "5437",
        "spi": false,
        "position_source": 0
      }
    },
    {
      "type": "Feature",
      "geometry": {
        "type": "Point",
        "coordinates": [
          12.0176,
          45.5939
        ]
      },
      "properties": {
        "icao24": "4ca894",
        "callsign": "RYR27UW",
        "origin_country": "Ireland",
        "time_position": 1789756313,
        "last_contact": 1789756313,
        "baro_altitude": 1889.76,
        "on_ground": false,
        "velocity": 125.9,
        "true_track": 245.11,
        "vertical_rate": 15.61,
        "geo_altitude": 2011.68,
        "squawk": "0250",
        "spi": false,
        "position_source": 0
      }
    },
    {
      "type": "Feature",
      "geometry": {
        "type": "Point",
        "coordinates": [
          14.9913,
          47.3238
        ]
      },
      "properties": {
        "icao24": "3c0c99",
        "callsign": "TUI385",
        "origin_country": "Germany",
        "time_position": 1789756312,
        "last_contact": 1789756312,
        "baro_altitude": 10469.88,
        "on_ground": false,
        "velocity": 212.89,
        "true_track": 295.02,
        "vertical_rate": -4.55,
        "geo_altitude": 10805.16,
        "squawk": "5304",
        "spi": false,
        "position_source": 0
      }
    },
    {
      "type": "Feature",
      "geometry": {
        "type": "Point",
        "coordinates": [
          12.025,
          37.1628
        ]
      },
      "properties": {
        "icao24": "4a04e3",
        "callsign": "AWG4420",
        "origin_country": "Romania",
        "time_position": 1789756313,
        "last_contact": 1789756313,
        "baro_altitude": 10668,
        "on_ground": false,
        "velocity": 196.69,
        "true_track": 212.07,
        "vertical_rate": -0.33,
        "geo_altitude": 11186.16,
        "squawk": "5554",
        "spi": false,
        "position_source": 0
      }
    },
    {
      "type": "Feature",
      "geometry": {
        "type": "Point",
        "coordinates": [
          15.7869,
          45.6706
        ]
      },
      "properties": {
        "icao24": "501dd1",
        "callsign": "CTN443",
        "origin_country": "Croatia",
        "time_position": 1789756099,
        "last_contact": 1789756099,
        "baro_altitude": 1752.6,
        "on_ground": false,
        "velocity": 127.82,
        "true_track": 209.14,
        "vertical_rate": -9.1,
        "geo_altitude": 1935.48,
        "squawk": "1000",
        "spi": false,
        "position_source": 0
      }
    },
    {
      "type": "Feature",
      "geometry": {
        "type": "Point",
        "coordinates": [
          10.2533,
          47.3925
        ]
      },
      "properties": {
        "icao24": "501dd0",
        "callsign": "CTN465",
        "origin_country": "Croatia",
        "time_position": 1789756312,
        "last_contact": 1789756312,
        "baro_altitude": 7581.9,
        "on_ground": false,
        "velocity": 157.24,
        "true_track": 105.17,
        "vertical_rate": 3.9,
        "geo_altitude": 7879.08,
        "squawk": "1000",
        "spi": false,
        "position_source": 0
      }
    },
    {
      "type": "Feature",
      "geometry": {
        "type": "Point",
        "coordinates": [
          18.8222,
          45.9928
        ]
      },
      "properties": {
        "icao24": "4bbd14",
        "callsign": "TKJ4NB",
        "origin_country": "Turkey",
        "time_position": 1789756312,
        "last_contact": 1789756312,
        "baro_altitude": 10972.8,
        "on_ground": false,
        "velocity": 223.49,
        "true_track": 309.96,
        "vertical_rate": 0.33,
        "geo_altitude": 11361.42,
        "squawk": "3261",
        "spi": false,
        "position_source": 0
      }
    },
    {
      "type": "Feature",
      "geometry": {
        "type": "Point",
        "coordinates": [
          11.968,
          42.5905
        ]
      },
      "properties": {
        "icao24": "3c0c9e",
        "callsign": "TUI6AK",
        "origin_country": "Germany",
        "time_position": 1789756313,
        "last_contact": 1789756313,
        "baro_altitude": 11582.4,
        "on_ground": false,
        "velocity": 236.96,
        "true_track": 353.89,
        "vertical_rate": 0,
        "geo_altitude": 11963.4,
        "squawk": "6130",
        "spi": false,
        "position_source": 0
      }
    },
    {
      "type": "Feature",
      "geometry": {
        "type": "Point",
        "coordinates": [
          12.4273,
          39.5905
        ]
      },
      "properties": {
        "icao24": "4ca7b9",
        "callsign": "RYR3FZ",
        "origin_country": "Ireland",
        "time_position": 1789756313,
        "last_contact": 1789756313,
        "baro_altitude": 9029.7,
        "on_ground": false,
        "velocity": 230.27,
        "true_track": 149.08,
        "vertical_rate": -11.38,
        "geo_altitude": 9471.66,
        "squawk": "1000",
        "spi": false,
        "position_source": 0
      }
    },
    {
      "type": "Feature",
      "geometry": {
        "type": "Point",
        "coordinates": [
          8.7531,
          44.5982
        ]
      },
      "properties": {
        "icao24": "4ca7b7",
        "callsign": "RYR70ED",
        "origin_country": "Ireland",
        "time_position": 1789756312,
        "last_contact": 1789756312,
        "baro_altitude": 5097.78,
        "on_ground": false,
        "velocity": 169.94,
        "true_track": 357.4,
        "vertical_rate": -2.6,
        "geo_altitude": 5318.76,
        "squawk": "1000",
        "spi": false,
        "position_source": 0
      }
    },
    {
      "type": "Feature",
      "geometry": {
        "type": "Point",
        "coordinates": [
          12.2413,
          41.8941
        ]
      },
      "properties": {
        "icao24": "4ca6f1",
        "callsign": "ITY407",
        "origin_country": "Ireland",
        "time_position": 1789756313,
        "last_contact": 1789756313,
        "baro_altitude": 281.94,
        "on_ground": false,
        "velocity": 73.87,
        "true_track": 162.57,
        "vertical_rate": -3.9,
        "geo_altitude": 365.76,
        "squawk": "1000",
        "spi": false,
        "position_source": 0
      }
    },
    {
      "type": "Feature",
      "geometry": {
        "type": "Point",
        "coordinates": [
          10.2846,
          42.1182
        ]
      },
      "properties": {
        "icao24": "02a196",
        "callsign": "TAR649",
        "origin_country": "Tunisia",
        "time_position": 1789756313,
        "last_contact": 1789756313,
        "baro_altitude": 11887.2,
        "on_ground": false,
        "velocity": 226.47,
        "true_track": 166.47,
        "vertical_rate": -0.33,
        "geo_altitude": 12306.3,
        "squawk": "2547",
        "spi": false,
        "position_source": 0
      }
    },
    {
      "type": "Feature",
      "geometry": {
        "type": "Point",
        "coordinates": [
          6.0185,
          46.1764
        ]
      },
      "properties": {
        "icao24": "4002c5",
        "callsign": "VPCMV",
        "origin_country": "United Kingdom",
        "time_position": 1789756313,
        "last_contact": 1789756313,
        "baro_altitude": 815.34,
        "on_ground": false,
        "velocity": 70.21,
        "true_track": 44.7,
        "vertical_rate": -2.93,
        "geo_altitude": 922.02,
        "squawk": "4026",
        "spi": false,
        "position_source": 0
      }
    },
    {
      "type": "Feature",
      "geometry": {
        "type": "Point",
        "coordinates": [
          9.4924,
          45.2995
        ]
      },
      "properties": {
        "icao24": "4ca80b",
        "callsign": "RYR1CA",
        "origin_country": "Ireland",
        "time_position": 1789756312,
        "last_contact": 1789756312,
        "baro_altitude": 9700.26,
        "on_ground": false,
        "velocity": 226.34,
        "true_track": 159.09,
        "vertical_rate": -2.6,
        "geo_altitude": 10035.54,
        "squawk": "7537",
        "spi": false,
        "position_source": 0
      }
    },
    {
      "type": "Feature",
      "geometry": {
        "type": "Point",
        "coordinates": [
          8.4652,
          44.5833
        ]
      },
      "properties": {
        "icao24": "4ca80d",
        "callsign": "RYR92CF",
        "origin_country": "Ireland",
        "time_position": 1789756312,
        "last_contact": 1789756312,
        "baro_altitude": 10972.8,
        "on_ground": false,
        "velocity": 231.38,
        "true_track": 327.9,
        "vertical_rate": -0.33,
        "geo_altitude": 11338.56,
        "squawk": "1247",
        "spi": false,
        "position_source": 0
      }
    },
    {
      "type": "Feature",
      "geometry": {
        "type": "Point",
        "coordinates": [
          18.1134,
          45.1974
        ]
      },
      "properties": {
        "icao24": "70605a",
        "callsign": "KAC102",
        "origin_country": "Kuwait",
        "time_position": 1789756313,
        "last_contact": 1789756313,
        "baro_altitude": 10668,
        "on_ground": false,
        "velocity": 248.12,
        "true_track": 121.78,
        "vertical_rate": 0,
        "geo_altitude": 11064.24,
        "squawk": "5266",
        "spi": false,
        "position_source": 0
      }
    },
    {
      "type": "Feature",
      "geometry": {
        "type": "Point",
        "coordinates": [
          15.8514,
          45.3514
        ]
      },
      "properties": {
        "icao24": "501d18",
        "callsign": "CTN381",
        "origin_country": "Croatia",
        "time_position": 1789756087,
        "last_contact": 1789756136,
        "baro_altitude": 2552.7,
        "on_ground": false,
        "velocity": 135.68,
        "true_track": 342.11,
        "vertical_rate": -7.15,
        "geo_altitude": 2720.34,
        "squawk": "1000",
        "spi": false,
        "position_source": 0
      }
    },
    {
      "type": "Feature",
      "geometry": {
        "type": "Point",
        "coordinates": [
          15.5784,
          45.7264
        ]
      },
      "properties": {
        "icao24": "4bcde9",
        "callsign": "SXS74P",
        "origin_country": "Turkey",
        "time_position": 1789756312,
        "last_contact": 1789756312,
        "baro_altitude": 11277.6,
        "on_ground": false,
        "velocity": 239.69,
        "true_track": 111.66,
        "vertical_rate": 0,
        "geo_altitude": 11650.98,
        "squawk": "2263",
        "spi": false,
        "position_source": 0
      }
    },
    {
      "type": "Feature",
      "geometry": {
        "type": "Point",
        "coordinates": [
          14.223,
          39.8182
        ]
      },
      "properties": {
        "icao24": "4ca758",
        "callsign": "ITY1712",
        "origin_country": "Ireland",
        "time_position": 1789756312,
        "last_contact": 1789756313,
        "baro_altitude": 10363.2,
        "on_ground": false,
        "velocity": 229.73,
        "true_track": 343.88,
        "vertical_rate": 0,
        "geo_altitude": 10805.16,
        "squawk": "5401",
        "spi": false,
        "position_source": 0
      }
    },
    {
      "type": "Feature",
      "geometry": {
        "type": "Point",
        "coordinates": [
          12.7947,
          35.5216
        ]
      },
      "properties": {
        "icao24": "4b111d",
        "callsign": "HBGMN",
        "origin_country": "Switzerland",
        "time_position": 1789756113,
        "last_contact": 1789756126,
        "baro_altitude": 586.74,
        "on_ground": false,
        "velocity": 69.27,
        "true_track": 261.03,
        "vertical_rate": 0,
        "geo_altitude": 685.8,
        "squawk": "1267",
        "spi": false,
        "position_source": 0
      }
    },
    {
      "type": "Feature",
      "geometry": {
        "type": "Point",
        "coordinates": [
          14.6691,
          42.6777
        ]
      },
      "properties": {
        "icao24": "4ca75f",
        "callsign": "RYR84FW",
        "origin_country": "Ireland",
        "time_position": 1789756312,
        "last_contact": 1789756312,
        "baro_altitude": 11582.4,
        "on_ground": false,
        "velocity": 223.44,
        "true_track": 308.27,
        "vertical_rate": 0.65,
        "geo_altitude": 11978.64,
        "squawk": "4402",
        "spi": false,
        "position_source": 0
      }
    },
    {
      "type": "Feature",
      "geometry": {
        "type": "Point",
        "coordinates": [
          12.6466,
          41.237
        ]
      },
      "properties": {
        "icao24": "4ca769",
        "callsign": "RYR3TY",
        "origin_country": "Ireland",
        "time_position": 1789756312,
        "last_contact": 1789756313,
        "baro_altitude": 6736.08,
        "on_ground": false,
        "velocity": 211.9,
        "true_track": 117,
        "vertical_rate": 12.03,
        "geo_altitude": 7033.26,
        "squawk": null,
        "spi": false,
        "position_source": 0
      }
    },
    {
      "type": "Feature",
      "geometry": {
        "type": "Point",
        "coordinates": [
          10.6608,
          47.4197
        ]
      },
      "properties": {
        "icao24": "4ca738",
        "callsign": "RYR3693",
        "origin_country": "Ireland",
        "time_position": 1789756312,
        "last_contact": 1789756312,
        "baro_altitude": 11582.4,
        "on_ground": false,
        "velocity": 225.04,
        "true_track": 321.22,
        "vertical_rate": 0.65,
        "geo_altitude": 11925.3,
        "squawk": "1000",
        "spi": false,
        "position_source": 0
      }
    },
    {
      "type": "Feature",
      "geometry": {
        "type": "Point",
        "coordinates": [
          8.4971,
          44.2159
        ]
      },
      "properties": {
        "icao24": "4ca739",
        "callsign": "RYR3399",
        "origin_country": "Ireland",
        "time_position": 1789756312,
        "last_contact": 1789756312,
        "baro_altitude": 9144,
        "on_ground": false,
        "velocity": 243.54,
        "true_track": 58.12,
        "vertical_rate": 0,
        "geo_altitude": 9494.52,
        "squawk": "1000",
        "spi": false,
        "position_source": 0
      }
    },
    {
      "type": "Feature",
      "geometry": {
        "type": "Point",
        "coordinates": [
          10.9138,
          46.1652
        ]
      },
      "properties": {
        "icao24": "4ca73e",
        "callsign": "RYR2HE",
        "origin_country": "Ireland",
        "time_position": 1789756313,
        "last_contact": 1789756313,
        "baro_altitude": 11277.6,
        "on_ground": false,
        "velocity": 217.43,
        "true_track": 230.47,
        "vertical_rate": 0,
        "geo_altitude": 11620.5,
        "squawk": "7226",
        "spi": false,
        "position_source": 0
      }
    },
    {
      "type": "Feature",
      "geometry": {
        "type": "Point",
        "coordinates": [
          13.1012,
          41.505
        ]
      },
      "properties": {
        "icao24": "4bcde5",
        "callsign": "SXS5CK",
        "origin_country": "Turkey",
        "time_position": 1789756313,
        "last_contact": 1789756313,
        "baro_altitude": 4023.36,
        "on_ground": false,
        "velocity": 195.63,
        "true_track": 302.98,
        "vertical_rate": -10.73,
        "geo_altitude": 4244.34,
        "squawk": null,
        "spi": false,
        "position_source": 0
      }
    },
    {
      "type": "Feature",
      "geometry": {
        "type": "Point",
        "coordinates": [
          18.5813,
          44.9416
        ]
      },
      "properties": {
        "icao24": "4bcde3",
        "callsign": "SXS6ED",
        "origin_country": "Turkey",
        "time_position": 1789756312,
        "last_contact": 1789756313,
        "baro_altitude": 11277.6,
        "on_ground": false,
        "velocity": 232.76,
        "true_track": 126.01,
        "vertical_rate": -0.33,
        "geo_altitude": 11673.84,
        "squawk": "7714",
        "spi": false,
        "position_source": 0
      }
    },
    {
      "type": "Feature",
      "geometry": {
        "type": "Point",
        "coordinates": [
          9.4993,
          45.8339
        ]
      },
      "properties": {
        "icao24": "4ca741",
        "callsign": "RYR751A",
        "origin_country": "Ireland",
        "time_position": 1789756312,
        "last_contact": 1789756312,
        "baro_altitude": 5151.12,
        "on_ground": false,
        "velocity": 174.85,
        "true_track": 243.81,
        "vertical_rate": -8.45,
        "geo_altitude": 5379.72,
        "squawk": "1000",
        "spi": false,
        "position_source": 0
      }
    },
    {
      "type": "Feature",
      "geometry": {
        "type": "Point",
        "coordinates": [
          6.2364,
          43.8844
        ]
      },
      "properties": {
        "icao24": "449683",
        "callsign": "JAF9FB",
        "origin_country": "Belgium",
        "time_position": 1789756313,
        "last_contact": 1789756313,
        "baro_altitude": 11582.4,
        "on_ground": false,
        "velocity": 220.55,
        "true_track": 23.22,
        "vertical_rate": -0.33,
        "geo_altitude": 11963.4,
        "squawk": "1000",
        "spi": false,
        "position_source": 0
      }
    },
    {
      "type": "Feature",
      "geometry": {
        "type": "Point",
        "coordinates": [
          11.8733,
          45.4423
        ]
      },
      "properties": {
        "icao24": "405e23",
        "callsign": "TOM2LV",
        "origin_country": "United Kingdom",
        "time_position": 1789756312,
        "last_contact": 1789756313,
        "baro_altitude": 11582.4,
        "on_ground": false,
        "velocity": 222.5,
        "true_track": 309.65,
        "vertical_rate": 0,
        "geo_altitude": 11932.92,
        "squawk": "3725",
        "spi": false,
        "position_source": 0
      }
    },
    {
      "type": "Feature",
      "geometry": {
        "type": "Point",
        "coordinates": [
          10.5454,
          38.5547
        ]
      },
      "properties": {
        "icao24": "02a263",
        "callsign": "TAR527",
        "origin_country": "Tunisia",
        "time_position": 1789756310,
        "last_contact": 1789756311,
        "baro_altitude": 8420.1,
        "on_ground": false,
        "velocity": 232.6,
        "true_track": 174.42,
        "vertical_rate": -5.2,
        "geo_altitude": 9212.58,
        "squawk": "2515",
        "spi": false,
        "position_source": 0
      }
    },
    {
      "type": "Feature",
      "geometry": {
        "type": "Point",
        "coordinates": [
          11.0107,
          43.0741
        ]
      },
      "properties": {
        "icao24": "02a262",
        "callsign": "TAR543",
        "origin_country": "Tunisia",
        "time_position": 1789756313,
        "last_contact": 1789756313,
        "baro_altitude": 10675.62,
        "on_ground": false,
        "velocity": 233.29,
        "true_track": 187.09,
        "vertical_rate": 0,
        "geo_altitude": 11056.62,
        "squawk": "6652",
        "spi": false,
        "position_source": 0
      }
    },
    {
      "type": "Feature",
      "geometry": {
        "type": "Point",
        "coordinates": [
          9.1487,
          43.4096
        ]
      },
      "properties": {
        "icao24": "4853d0",
        "callsign": "TRA8M",
        "origin_country": "Kingdom of the Netherlands",
        "time_position": 1789756312,
        "last_contact": 1789756312,
        "baro_altitude": 7315.2,
        "on_ground": false,
        "velocity": 207.62,
        "true_track": 345.65,
        "vertical_rate": 0.33,
        "geo_altitude": 7612.38,
        "squawk": "1000",
        "spi": false,
        "position_source": 0
      }
    },
    {
      "type": "Feature",
      "geometry": {
        "type": "Point",
        "coordinates": [
          12.8209,
          46.193
        ]
      },
      "properties": {
        "icao24": "4853d3",
        "callsign": "TRA6842",
        "origin_country": "Kingdom of the Netherlands",
        "time_position": 1789756313,
        "last_contact": 1789756313,
        "baro_altitude": 11582.4,
        "on_ground": false,
        "velocity": 223.04,
        "true_track": 304.57,
        "vertical_rate": 0.33,
        "geo_altitude": 11932.92,
        "squawk": "6636",
        "spi": false,
        "position_source": 0
      }
    },
    {
      "type": "Feature",
      "geometry": {
        "type": "Point",
        "coordinates": [
          11.8841,
          45.6937
        ]
      },
      "properties": {
        "icao24": "3c1bb1",
        "callsign": "BCS5709",
        "origin_country": "Germany",
        "time_position": 1789756312,
        "last_contact": 1789756313,
        "baro_altitude": 11216.64,
        "on_ground": false,
        "velocity": 217.81,
        "true_track": 267.56,
        "vertical_rate": -4.55,
        "geo_altitude": 11567.16,
        "squawk": "2211",
        "spi": false,
        "position_source": 0
      }
    },
    {
      "type": "Feature",
      "geometry": {
        "type": "Point",
        "coordinates": [
          14.2284,
          46.8769
        ]
      },
      "properties": {
        "icao24": "4bce42",
        "callsign": "SXS8BF",
        "origin_country": "Turkey",
        "time_position": 1789756312,
        "last_contact": 1789756312,
        "baro_altitude": 11277.6,
        "on_ground": false,
        "velocity": 238.1,
        "true_track": 131.06,
        "vertical_rate": 0,
        "geo_altitude": 11628.12,
        "squawk": "7701",
        "spi": false,
        "position_source": 0
      }
    },
    {
      "type": "Feature",
      "geometry": {
        "type": "Point",
        "coordinates": [
          9.3761,
          45.4565
        ]
      },
      "properties": {
        "icao24": "501c39",
        "callsign": "MMO1240",
        "origin_country": "Croatia",
        "time_position": 1789756312,
        "last_contact": 1789756312,
        "baro_altitude": 3116.58,
        "on_ground": false,
        "velocity": 154.94,
        "true_track": 210.31,
        "vertical_rate": 9.1,
        "geo_altitude": 3284.22,
        "squawk": "0476",
        "spi": false,
        "position_source": 0
      }
    },
    {
      "type": "Feature",
      "geometry": {
        "type": "Point",
        "coordinates": [
          12.5778,
          46.8643
        ]
      },
      "properties": {
        "icao24": "501c38",
        "callsign": "CTN71F",
        "origin_country": "Croatia",
        "time_position": 1789756312,
        "last_contact": 1789756312,
        "baro_altitude": 10058.4,
        "on_ground": false,
        "velocity": 243.15,
        "true_track": 114.23,
        "vertical_rate": 0,
        "geo_altitude": 10386.06,
        "squawk": "1000",
        "spi": false,
        "position_source": 0
      }
    },
    {
      "type": "Feature",
      "geometry": {
        "type": "Point",
        "coordinates": [
          9.7758,
          45.731
        ]
      },
      "properties": {
        "icao24": "48ea4d",
        "callsign": "RYR35ZQ",
        "origin_country": "Poland",
        "time_position": 1789756312,
        "last_contact": 1789756313,
        "baro_altitude": 3924.3,
        "on_ground": false,
        "velocity": 148.68,
        "true_track": 217.27,
        "vertical_rate": -3.25,
        "geo_altitude": 4114.8,
        "squawk": "1000",
        "spi": false,
        "position_source": 0
      }
    },
    {
      "type": "Feature",
      "geometry": {
        "type": "Point",
        "coordinates": [
          11.9441,
          46.3381
        ]
      },
      "properties": {
        "icao24": "86da38",
        "callsign": "ANA216",
        "origin_country": "Japan",
        "time_position": 1789756312,
        "last_contact": 1789756312,
        "baro_altitude": 10111.74,
        "on_ground": false,
        "velocity": 268.3,
        "true_track": 103.08,
        "vertical_rate": 6.18,
        "geo_altitude": 10469.88,
        "squawk": "0653",
        "spi": false,
        "position_source": 0
      }
    },
    {
      "type": "Feature",
      "geometry": {
        "type": "Point",
        "coordinates": [
          13.1028,
          42.3961
        ]
      },
      "properties": {
        "icao24": "50848a",
        "callsign": "SEU414",
        "origin_country": "Ukraine",
        "time_position": 1789756313,
        "last_contact": 1789756313,
        "baro_altitude": 11582.4,
        "on_ground": false,
        "velocity": 241.17,
        "true_track": 66.22,
        "vertical_rate": 0.33,
        "geo_altitude": 11978.64,
        "squawk": "0205",
        "spi": false,
        "position_source": 0
      }
    },
    {
      "type": "Feature",
      "geometry": {
        "type": "Point",
        "coordinates": [
          12.2213,
          39.2003
        ]
      },
      "properties": {
        "icao24": "4ca718",
        "callsign": "ITY1794",
        "origin_country": "Ireland",
        "time_position": 1789756312,
        "last_contact": 1789756313,
        "baro_altitude": 7894.32,
        "on_ground": false,
        "velocity": 233.2,
        "true_track": 349.71,
        "vertical_rate": 8.78,
        "geo_altitude": 8252.46,
        "squawk": "1000",
        "spi": false,
        "position_source": 0
      }
    },
    {
      "type": "Feature",
      "geometry": {
        "type": "Point",
        "coordinates": [
          6.7685,
          46.4766
        ]
      },
      "properties": {
        "icao24": "4ca719",
        "callsign": "ITY358",
        "origin_country": "Ireland",
        "time_position": 1789756312,
        "last_contact": 1789756313,
        "baro_altitude": 10347.96,
        "on_ground": false,
        "velocity": 230.33,
        "true_track": 295.53,
        "vertical_rate": 0,
        "geo_altitude": 10728.96,
        "squawk": "1000",
        "spi": false,
        "position_source": 0
      }
    },
    {
      "type": "Feature",
      "geometry": {
        "type": "Point",
        "coordinates": [
          8.5512,
          47.4614
        ]
      },
      "properties": {
        "icao24": "4bcdb0",
        "callsign": "SXS3SB",
        "origin_country": "Turkey",
        "time_position": 1789756309,
        "last_contact": 1789756309,
        "baro_altitude": 373.38,
        "on_ground": true,
        "velocity": 0,
        "true_track": 64.69,
        "vertical_rate": null,
        "geo_altitude": null,
        "squawk": "3071",
        "spi": false,
        "position_source": 0
      }
    },
    {
      "type": "Feature",
      "geometry": {
        "type": "Point",
        "coordinates": [
          7.9051,
          44.8311
        ]
      },
      "properties": {
        "icao24": "4ca703",
        "callsign": "RYR23MG",
        "origin_country": "Ireland",
        "time_position": 1789756312,
        "last_contact": 1789756313,
        "baro_altitude": 10660.38,
        "on_ground": false,
        "velocity": 222.75,
        "true_track": 250.44,
        "vertical_rate": 2.93,
        "geo_altitude": 11003.28,
        "squawk": "1000",
        "spi": false,
        "position_source": 0
      }
    },
    {
      "type": "Feature",
      "geometry": {
        "type": "Point",
        "coordinates": [
          18.306,
          44.3973
        ]
      },
      "properties": {
        "icao24": "4243c3",
        "callsign": "AZG1801",
        "origin_country": "United Kingdom",
        "time_position": 1789756312,
        "last_contact": 1789756313,
        "baro_altitude": 10972.8,
        "on_ground": false,
        "velocity": 231.57,
        "true_track": 282.18,
        "vertical_rate": 0,
        "geo_altitude": 11391.9,
        "squawk": "5613",
        "spi": false,
        "position_source": 0
      }
    },
    {
      "type": "Feature",
      "geometry": {
        "type": "Point",
        "coordinates": [
          7.0975,
          42.6849
        ]
      },
      "properties": {
        "icao24": "3c71a4",
        "callsign": "BCS082",
        "origin_country": "Germany",
        "time_position": 1789756312,
        "last_contact": 1789756313,
        "baro_altitude": 12192,
        "on_ground": false,
        "velocity": 243.1,
        "true_track": 354.05,
        "vertical_rate": 0.33,
        "geo_altitude": 12603.48,
        "squawk": "1000",
        "spi": false,
        "position_source": 0
      }
    },
    {
      "type": "Feature",
      "geometry": {
        "type": "Point",
        "coordinates": [
          7.3474,
          40.9082
        ]
      },
      "properties": {
        "icao24": "4bccb5",
        "callsign": "SXS69Z",
        "origin_country": "Turkey",
        "time_position": 1789756313,
        "last_contact": 1789756313,
        "baro_altitude": 11902.44,
        "on_ground": false,
        "velocity": 221,
        "true_track": 274.94,
        "vertical_rate": 0.33,
        "geo_altitude": 12306.3,
        "squawk": "1000",
        "spi": false,
        "position_source": 0
      }
    },
    {
      "type": "Feature",
      "geometry": {
        "type": "Point",
        "coordinates": [
          7.5039,
          41.8486
        ]
      },
      "properties": {
        "icao24": "4ca622",
        "callsign": "RYR19WP",
        "origin_country": "Ireland",
        "time_position": 1789756313,
        "last_contact": 1789756313,
        "baro_altitude": 10363.2,
        "on_ground": false,
        "velocity": 239.3,
        "true_track": 34.58,
        "vertical_rate": 0,
        "geo_altitude": 10744.2,
        "squawk": "1415",
        "spi": false,
        "position_source": 0
      }
    },
    {
      "type": "Feature",
      "geometry": {
        "type": "Point",
        "coordinates": [
          18.8214,
          46.8321
        ]
      },
      "properties": {
        "icao24": "4bce06",
        "callsign": "SXS98G",
        "origin_country": "Turkey",
        "time_position": 1789756312,
        "last_contact": 1789756312,
        "baro_altitude": 11277.6,
        "on_ground": false,
        "velocity": 234.51,
        "true_track": 121.18,
        "vertical_rate": 0,
        "geo_altitude": 11650.98,
        "squawk": "7640",
        "spi": false,
        "position_source": 0
      }
    },
    {
      "type": "Feature",
      "geometry": {
        "type": "Point",
        "coordinates": [
          7.9664,
          45.1417
        ]
      },
      "properties": {
        "icao24": "46866b",
        "callsign": "AEZ2229",
        "origin_country": "Greece",
        "time_position": 1789756312,
        "last_contact": 1789756313,
        "baro_altitude": 3451.86,
        "on_ground": false,
        "velocity": 155.94,
        "true_track": 131.79,
        "vertical_rate": 11.38,
        "geo_altitude": 3634.74,
        "squawk": "6326",
        "spi": false,
        "position_source": 0
      }
    },
    {
      "type": "Feature",
      "geometry": {
        "type": "Point",
        "coordinates": [
          8.8366,
          44.8989
        ]
      },
      "properties": {
        "icao24": "8940cc",
        "callsign": "DHX752",
        "origin_country": "Bahrain",
        "time_position": 1789756312,
        "last_contact": 1789756312,
        "baro_altitude": 4130.04,
        "on_ground": false,
        "velocity": 155.38,
        "true_track": 300.22,
        "vertical_rate": -7.15,
        "geo_altitude": 4312.92,
        "squawk": "2016",
        "spi": false,
        "position_source": 0
      }
    },
    {
      "type": "Feature",
      "geometry": {
        "type": "Point",
        "coordinates": [
          9.2428,
          43.7534
        ]
      },
      "properties": {
        "icao24": "400e13",
        "callsign": "EZY607W",
        "origin_country": "United Kingdom",
        "time_position": 1789756312,
        "last_contact": 1789756312,
        "baro_altitude": 5554.98,
        "on_ground": false,
        "velocity": 200.77,
        "true_track": 139.78,
        "vertical_rate": -9.1,
        "geo_altitude": 5814.06,
        "squawk": "6371",
        "spi": false,
        "position_source": 0
      }
    },
    {
      "type": "Feature",
      "geometry": {
        "type": "Point",
        "coordinates": [
          8.7256,
          45.6107
        ]
      },
      "properties": {
        "icao24": "4d010a",
        "callsign": "ICV9275",
        "origin_country": "Luxembourg",
        "time_position": 1789756309,
        "last_contact": 1789756309,
        "baro_altitude": null,
        "on_ground": true,
        "velocity": 0,
        "true_track": 78.75,
        "vertical_rate": null,
        "geo_altitude": null,
        "squawk": "3752",
        "spi": false,
        "position_source": 0
      }
    },
    {
      "type": "Feature",
      "geometry": {
        "type": "Point",
        "coordinates": [
          13.1337,
          35.7502
        ]
      },
      "properties": {
        "icao24": "4ab483",
        "callsign": "DTR1843",
        "origin_country": "Sweden",
        "time_position": 1789756312,
        "last_contact": 1789756312,
        "baro_altitude": 2781.3,
        "on_ground": false,
        "velocity": 144.57,
        "true_track": 212.5,
        "vertical_rate": -6.83,
        "geo_altitude": 2987.04,
        "squawk": "1254",
        "spi": false,
        "position_source": 0
      }
    },
    {
      "type": "Feature",
      "geometry": {
        "type": "Point",
        "coordinates": [
          8.7211,
          45.6204
        ]
      },
      "properties": {
        "icao24": "346185",
        "callsign": "IBE06PW",
        "origin_country": "Spain",
        "time_position": 1789756285,
        "last_contact": 1789756309,
        "baro_altitude": null,
        "on_ground": true,
        "velocity": 0,
        "true_track": 78.75,
        "vertical_rate": null,
        "geo_altitude": null,
        "squawk": "1000",
        "spi": false,
        "position_source": 0
      }
    },
    {
      "type": "Feature",
      "geometry": {
        "type": "Point",
        "coordinates": [
          7.9833,
          37.6506
        ]
      },
      "properties": {
        "icao24": "407642",
        "callsign": "TOM24E",
        "origin_country": "United Kingdom",
        "time_position": 1789756291,
        "last_contact": 1789756291,
        "baro_altitude": 11277.6,
        "on_ground": false,
        "velocity": 234,
        "true_track": 146.66,
        "vertical_rate": 0,
        "geo_altitude": 11742.42,
        "squawk": "6310",
        "spi": false,
        "position_source": 0
      }
    },
    {
      "type": "Feature",
      "geometry": {
        "type": "Point",
        "coordinates": [
          14.5738,
          47.3465
        ]
      },
      "properties": {
        "icao24": "40769a",
        "callsign": "TOM91T",
        "origin_country": "United Kingdom",
        "time_position": 1789756312,
        "last_contact": 1789756312,
        "baro_altitude": 11277.6,
        "on_ground": false,
        "velocity": 239.71,
        "true_track": 130.56,
        "vertical_rate": 0,
        "geo_altitude": 11612.88,
        "squawk": "3407",
        "spi": false,
        "position_source": 0
      }
    },
    {
      "type": "Feature",
      "geometry": {
        "type": "Point",
        "coordinates": [
          11.5847,
          43.834
        ]
      },
      "properties": {
        "icao24": "347453",
        "callsign": "IBE09AR",
        "origin_country": "Spain",
        "time_position": 1789756313,
        "last_contact": 1789756313,
        "baro_altitude": 11567.16,
        "on_ground": false,
        "velocity": 229.49,
        "true_track": 268.84,
        "vertical_rate": -0.33,
        "geo_altitude": 11971.02,
        "squawk": "1000",
        "spi": false,
        "position_source": 0
      }
    },
    {
      "type": "Feature",
      "geometry": {
        "type": "Point",
        "coordinates": [
          13.5466,
          36.7342
        ]
      },
      "properties": {
        "icao24": "407686",
        "callsign": "EZY86JC",
        "origin_country": "United Kingdom",
        "time_position": 1789756313,
        "last_contact": 1789756313,
        "baro_altitude": 9502.14,
        "on_ground": false,
        "velocity": 220.45,
        "true_track": 325.94,
        "vertical_rate": 5.53,
        "geo_altitude": 10005.06,
        "squawk": "6560",
        "spi": false,
        "position_source": 0
      }
    },
    {
      "type": "Feature",
      "geometry": {
        "type": "Point",
        "coordinates": [
          13.9144,
          43.7116
        ]
      },
      "properties": {
        "icao24": "400ceb",
        "callsign": "EFW584Y",
        "origin_country": "United Kingdom",
        "time_position": 1789756313,
        "last_contact": 1789756313,
        "baro_altitude": 10378.44,
        "on_ground": false,
        "velocity": 246.72,
        "true_track": 316.52,
        "vertical_rate": 0,
        "geo_altitude": 10759.44,
        "squawk": "3721",
        "spi": false,
        "position_source": 0
      }
    },
    {
      "type": "Feature",
      "geometry": {
        "type": "Point",
        "coordinates": [
          18.3842,
          42.0684
        ]
      },
      "properties": {
        "icao24": "a8bf91",
        "callsign": "NCR819",
        "origin_country": "United States",
        "time_position": 1789756312,
        "last_contact": 1789756312,
        "baro_altitude": 12496.8,
        "on_ground": false,
        "velocity": 252.68,
        "true_track": 128.39,
        "vertical_rate": 0,
        "geo_altitude": 12885.42,
        "squawk": "0245",
        "spi": false,
        "position_source": 0
      }
    },
    {
      "type": "Feature",
      "geometry": {
        "type": "Point",
        "coordinates": [
          17.3131,
          45.6528
        ]
      },
      "properties": {
        "icao24": "3c496a",
        "callsign": "TUI119",
        "origin_country": "Germany",
        "time_position": 1789756313,
        "last_contact": 1789756313,
        "baro_altitude": 10972.8,
        "on_ground": false,
        "velocity": 233.65,
        "true_track": 309.19,
        "vertical_rate": 0,
        "geo_altitude": 11353.8,
        "squawk": "5357",
        "spi": false,
        "position_source": 0
      }
    },
    {
      "type": "Feature",
      "geometry": {
        "type": "Point",
        "coordinates": [
          16.1017,
          47.4862
        ]
      },
      "properties": {
        "icao24": "3c496e",
        "callsign": "TUI8NB",
        "origin_country": "Germany",
        "time_position": 1789756313,
        "last_contact": 1789756313,
        "baro_altitude": 10972.8,
        "on_ground": false,
        "velocity": 224.97,
        "true_track": 308.13,
        "vertical_rate": 0,
        "geo_altitude": 11300.46,
        "squawk": "4567",
        "spi": false,
        "position_source": 0
      }
    },
    {
      "type": "Feature",
      "geometry": {
        "type": "Point",
        "coordinates": [
          8.0106,
          44.1521
        ]
      },
      "properties": {
        "icao24": "300878",
        "callsign": "TJD800",
        "origin_country": "Italy",
        "time_position": 1789756312,
        "last_contact": 1789756312,
        "baro_altitude": 5189.22,
        "on_ground": false,
        "velocity": 185.23,
        "true_track": 235.29,
        "vertical_rate": -15.93,
        "geo_altitude": 5410.2,
        "squawk": "1000",
        "spi": false,
        "position_source": 0
      }
    },
    {
      "type": "Feature",
      "geometry": {
        "type": "Point",
        "coordinates": [
          10.0423,
          45.7967
        ]
      },
      "properties": {
        "icao24": "4cafcc",
        "callsign": "SAS688",
        "origin_country": "Ireland",
        "time_position": 1789756313,
        "last_contact": 1789756313,
        "baro_altitude": 8305.8,
        "on_ground": false,
        "velocity": 233.67,
        "true_track": 88.23,
        "vertical_rate": 5.53,
        "geo_altitude": 8618.22,
        "squawk": "0424",
        "spi": false,
        "position_source": 0
      }
    },
    {
      "type": "Feature",
      "geometry": {
        "type": "Point",
        "coordinates": [
          17.5846,
          43.8067
        ]
      },
      "properties": {
        "icao24": "4cafcf",
        "callsign": "RYR61KY",
        "origin_country": "Ireland",
        "time_position": 1789756310,
        "last_contact": 1789756310,
        "baro_altitude": 11277.6,
        "on_ground": false,
        "velocity": 232.5,
        "true_track": 133.83,
        "vertical_rate": -0.33,
        "geo_altitude": 11681.46,
        "squawk": "3450",
        "spi": false,
        "position_source": 0
      }
    },
    {
      "type": "Feature",
      "geometry": {
        "type": "Point",
        "coordinates": [
          12.8923,
          44.2269
        ]
      },
      "properties": {
        "icao24": "4cafb4",
        "callsign": "RYR961A",
        "origin_country": "Ireland",
        "time_position": 1789756312,
        "last_contact": 1789756312,
        "baro_altitude": 7620,
        "on_ground": false,
        "velocity": 210.27,
        "true_track": 291.23,
        "vertical_rate": -13,
        "geo_altitude": 7947.66,
        "squawk": "2052",
        "spi": false,
        "position_source": 0
      }
    },
    {
      "type": "Feature",
      "geometry": {
        "type": "Point",
        "coordinates": [
          13.252,
          40.2764
        ]
      },
      "properties": {
        "icao24": "4cafb5",
        "callsign": "RYR9RN",
        "origin_country": "Ireland",
        "time_position": 1789756312,
        "last_contact": 1789756313,
        "baro_altitude": 10660.38,
        "on_ground": false,
        "velocity": 238.49,
        "true_track": 139.02,
        "vertical_rate": 0,
        "geo_altitude": 11087.1,
        "squawk": "7053",
        "spi": false,
        "position_source": 0
      }
    },
    {
      "type": "Feature",
      "geometry": {
        "type": "Point",
        "coordinates": [
          14.4752,
          35.8594
        ]
      },
      "properties": {
        "icao24": "407797",
        "callsign": "EZY13TB",
        "origin_country": "United Kingdom",
        "time_position": 1789756312,
        "last_contact": 1789756312,
        "baro_altitude": 91.44,
        "on_ground": false,
        "velocity": 68.03,
        "true_track": 134.69,
        "vertical_rate": -3.25,
        "geo_altitude": 167.64,
        "squawk": "0513",
        "spi": false,
        "position_source": 0
      }
    },
    {
      "type": "Feature",
      "geometry": {
        "type": "Point",
        "coordinates": [
          10.4487,
          45.2779
        ]
      },
      "properties": {
        "icao24": "010255",
        "callsign": "RBG544",
        "origin_country": "Egypt",
        "time_position": 1789756312,
        "last_contact": 1789756312,
        "baro_altitude": 3528.06,
        "on_ground": false,
        "velocity": 164.66,
        "true_track": 303.14,
        "vertical_rate": -9.1,
        "geo_altitude": 3741.42,
        "squawk": "2040",
        "spi": false,
        "position_source": 0
      }
    },
    {
      "type": "Feature",
      "geometry": {
        "type": "Point",
        "coordinates": [
          11.3888,
          43.793
        ]
      },
      "properties": {
        "icao24": "010249",
        "callsign": "MSC0804",
        "origin_country": "Egypt",
        "time_position": 1789756313,
        "last_contact": 1789756313,
        "baro_altitude": 10660.38,
        "on_ground": false,
        "velocity": 230.07,
        "true_track": 127.46,
        "vertical_rate": 0,
        "geo_altitude": 11026.14,
        "squawk": "0467",
        "spi": false,
        "position_source": 0
      }
    },
    {
      "type": "Feature",
      "geometry": {
        "type": "Point",
        "coordinates": [
          14.5704,
          43.7614
        ]
      },
      "properties": {
        "icao24": "406444",
        "callsign": "EZY47ND",
        "origin_country": "United Kingdom",
        "time_position": 1789756312,
        "last_contact": 1789756312,
        "baro_altitude": 11582.4,
        "on_ground": false,
        "velocity": 221.13,
        "true_track": 311.89,
        "vertical_rate": 0,
        "geo_altitude": 11963.4,
        "squawk": "5521",
        "spi": false,
        "position_source": 0
      }
    },
    {
      "type": "Feature",
      "geometry": {
        "type": "Point",
        "coordinates": [
          10.6988,
          47.2211
        ]
      },
      "properties": {
        "icao24": "3007f1",
        "callsign": "DLA9FJ",
        "origin_country": "Italy",
        "time_position": 1789756313,
        "last_contact": 1789756313,
        "baro_altitude": 10972.8,
        "on_ground": false,
        "velocity": 214.11,
        "true_track": 335.59,
        "vertical_rate": -0.33,
        "geo_altitude": 11285.22,
        "squawk": "1000",
        "spi": false,
        "position_source": 0
      }
    },
    {
      "type": "Feature",
      "geometry": {
        "type": "Point",
        "coordinates": [
          7.6963,
          47.2553
        ]
      },
      "properties": {
        "icao24": "010208",
        "callsign": "MSR779",
        "origin_country": "Egypt",
        "time_position": 1789756312,
        "last_contact": 1789756312,
        "baro_altitude": 11582.4,
        "on_ground": false,
        "velocity": 227.36,
        "true_track": 301.21,
        "vertical_rate": 0,
        "geo_altitude": 11948.16,
        "squawk": "7520",
        "spi": false,
        "position_source": 0
      }
    },
    {
      "type": "Feature",
      "geometry": {
        "type": "Point",
        "coordinates": [
          16.5278,
          46.6236
        ]
      },
      "properties": {
        "icao24": "a9cbdb",
        "callsign": "CBE17",
        "origin_country": "United States",
        "time_position": 1789756313,
        "last_contact": 1789756313,
        "baro_altitude": 10058.4,
        "on_ground": false,
        "velocity": 258.02,
        "true_track": 72,
        "vertical_rate": 0,
        "geo_altitude": 10401.3,
        "squawk": "1000",
        "spi": false,
        "position_source": 0
      }
    },
    {
      "type": "Feature",
      "geometry": {
        "type": "Point",
        "coordinates": [
          9.2028,
          44.1208
        ]
      },
      "properties": {
        "icao24": "3007a6",
        "callsign": "TJD403",
        "origin_country": "Italy",
        "time_position": 1789756313,
        "last_contact": 1789756313,
        "baro_altitude": 8054.34,
        "on_ground": false,
        "velocity": 218.77,
        "true_track": 8.11,
        "vertical_rate": -10.73,
        "geo_altitude": 8374.38,
        "squawk": "1000",
        "spi": false,
        "position_source": 0
      }
    },
    {
      "type": "Feature",
      "geometry": {
        "type": "Point",
        "coordinates": [
          8.6925,
          44.0663
        ]
      },
      "properties": {
        "icao24": "346350",
        "callsign": "VOE6VJ",
        "origin_country": "Spain",
        "time_position": 1789756313,
        "last_contact": 1789756313,
        "baro_altitude": 8839.2,
        "on_ground": false,
        "velocity": 211.99,
        "true_track": 163.94,
        "vertical_rate": 0,
        "geo_altitude": 9166.86,
        "squawk": "0454",
        "spi": false,
        "position_source": 0
      }
    },
    {
      "type": "Feature",
      "geometry": {
        "type": "Point",
        "coordinates": [
          12.1723,
          42.0581
        ]
      },
      "properties": {
        "icao24": "4b1a34",
        "callsign": "EZS61HE",
        "origin_country": "Switzerland",
        "time_position": 1789756312,
        "last_contact": 1789756313,
        "baro_altitude": 1158.24,
        "on_ground": false,
        "velocity": 102.01,
        "true_track": 162.39,
        "vertical_rate": -0.98,
        "geo_altitude": 1287.78,
        "squawk": "1000",
        "spi": false,
        "position_source": 0
      }
    },
    {
      "type": "Feature",
      "geometry": {
        "type": "Point",
        "coordinates": [
          6.1102,
          46.2367
        ]
      },
      "properties": {
        "icao24": "4b1a1d",
        "callsign": "EJU52WT",
        "origin_country": "Switzerland",
        "time_position": 1789756044,
        "last_contact": 1789756069,
        "baro_altitude": null,
        "on_ground": true,
        "velocity": 5.4,
        "true_track": 225,
        "vertical_rate": null,
        "geo_altitude": null,
        "squawk": "1000",
        "spi": false,
        "position_source": 0
      }
    },
    {
      "type": "Feature",
      "geometry": {
        "type": "Point",
        "coordinates": [
          8.7232,
          45.6103
        ]
      },
      "properties": {
        "icao24": "60182b",
        "callsign": "TUA456",
        "origin_country": "Turkmenistan",
        "time_position": 1789756312,
        "last_contact": 1789756312,
        "baro_altitude": null,
        "on_ground": true,
        "velocity": 0,
        "true_track": 120.94,
        "vertical_rate": null,
        "geo_altitude": null,
        "squawk": "0433",
        "spi": false,
        "position_source": 0
      }
    },
    {
      "type": "Feature",
      "geometry": {
        "type": "Point",
        "coordinates": [
          7.7361,
          44.7524
        ]
      },
      "properties": {
        "icao24": "4b1a24",
        "callsign": "EZS79ER",
        "origin_country": "Switzerland",
        "time_position": 1789756313,
        "last_contact": 1789756313,
        "baro_altitude": 8839.2,
        "on_ground": false,
        "velocity": 211.39,
        "true_track": 128.18,
        "vertical_rate": 0,
        "geo_altitude": 9197.34,
        "squawk": "5725",
        "spi": false,
        "position_source": 0
      }
    },
    {
      "type": "Feature",
      "geometry": {
        "type": "Point",
        "coordinates": [
          8.7896,
          40.759
        ]
      },
      "properties": {
        "icao24": "346317",
        "callsign": "LAV962P",
        "origin_country": "Spain",
        "time_position": 1789756312,
        "last_contact": 1789756313,
        "baro_altitude": 12504.42,
        "on_ground": false,
        "velocity": 217.81,
        "true_track": 241.2,
        "vertical_rate": 0,
        "geo_altitude": 12931.14,
        "squawk": "4132",
        "spi": false,
        "position_source": 0
      }
    },
    {
      "type": "Feature",
      "geometry": {
        "type": "Point",
        "coordinates": [
          14.9731,
          47.0434
        ]
      },
      "properties": {
        "icao24": "4b1a25",
        "callsign": "EZS83JY",
        "origin_country": "Switzerland",
        "time_position": 1789756313,
        "last_contact": 1789756313,
        "baro_altitude": 9936.48,
        "on_ground": false,
        "velocity": 231.21,
        "true_track": 92.55,
        "vertical_rate": -5.2,
        "geo_altitude": 10287,
        "squawk": "1000",
        "spi": false,
        "position_source": 0
      }
    },
    {
      "type": "Feature",
      "geometry": {
        "type": "Point",
        "coordinates": [
          6.8712,
          45.1282
        ]
      },
      "properties": {
        "icao24": "4b1a28",
        "callsign": "EZS707L",
        "origin_country": "Switzerland",
        "time_position": 1789756313,
        "last_contact": 1789756313,
        "baro_altitude": 8831.58,
        "on_ground": false,
        "velocity": 249.14,
        "true_track": 162.95,
        "vertical_rate": 0,
        "geo_altitude": 9182.1,
        "squawk": "1000",
        "spi": false,
        "position_source": 0
      }
    },
    {
      "type": "Feature",
      "geometry": {
        "type": "Point",
        "coordinates": [
          18.6591,
          47.1828
        ]
      },
      "properties": {
        "icao24": "4b1a66",
        "callsign": "EZS74UB",
        "origin_country": "Switzerland",
        "time_position": 1789756312,
        "last_contact": 1789756312,
        "baro_altitude": 4160.52,
        "on_ground": false,
        "velocity": 163.67,
        "true_track": 85.13,
        "vertical_rate": -7.15,
        "geo_altitude": 4381.5,
        "squawk": "1000",
        "spi": false,
        "position_source": 0
      }
    },
    {
      "type": "Feature",
      "geometry": {
        "type": "Point",
        "coordinates": [
          14.4965,
          35.8465
        ]
      },
      "properties": {
        "icao24": "4d24de",
        "callsign": "KMM491",
        "origin_country": "Malta",
        "time_position": 1789756311,
        "last_contact": 1789756312,
        "baro_altitude": null,
        "on_ground": true,
        "velocity": 1.03,
        "true_track": 67.5,
        "vertical_rate": null,
        "geo_altitude": null,
        "squawk": "3010",
        "spi": false,
        "position_source": 0
      }
    },
    {
      "type": "Feature",
      "geometry": {
        "type": "Point",
        "coordinates": [
          18.0225,
          47.3474
        ]
      },
      "properties": {
        "icao24": "010292",
        "callsign": "MSC552",
        "origin_country": "Egypt",
        "time_position": 1789756313,
        "last_contact": 1789756313,
        "baro_altitude": 8176.26,
        "on_ground": false,
        "velocity": 213.27,
        "true_track": 148.11,
        "vertical_rate": 7.15,
        "geo_altitude": 8481.06,
        "squawk": "4427",
        "spi": false,
        "position_source": 0
      }
    },
    {
      "type": "Feature",
      "geometry": {
        "type": "Point",
        "coordinates": [
          8.5107,
          40.5723
        ]
      },
      "properties": {
        "icao24": "34761a",
        "callsign": "VOE1858",
        "origin_country": "Spain",
        "time_position": 1789756312,
        "last_contact": 1789756312,
        "baro_altitude": 7132.32,
        "on_ground": false,
        "velocity": 194.36,
        "true_track": 249.55,
        "vertical_rate": 9.1,
        "geo_altitude": 7444.74,
        "squawk": null,
        "spi": false,
        "position_source": 0
      }
    },
    {
      "type": "Feature",
      "geometry": {
        "type": "Point",
        "coordinates": [
          17.9988,
          46.3192
        ]
      },
      "properties": {
        "icao24": "40772e",
        "callsign": "EZY42QP",
        "origin_country": "United Kingdom",
        "time_position": 1789756313,
        "last_contact": 1789756313,
        "baro_altitude": 11887.2,
        "on_ground": false,
        "velocity": 237.33,
        "true_track": 120.62,
        "vertical_rate": 0,
        "geo_altitude": 12268.2,
        "squawk": "4633",
        "spi": false,
        "position_source": 0
      }
    },
    {
      "type": "Feature",
      "geometry": {
        "type": "Point",
        "coordinates": [
          7.2287,
          43.666
        ]
      },
      "properties": {
        "icao24": "400db2",
        "callsign": "EZY32RH",
        "origin_country": "United Kingdom",
        "time_position": 1789756313,
        "last_contact": 1789756313,
        "baro_altitude": 167.64,
        "on_ground": false,
        "velocity": 76.8,
        "true_track": 43.1,
        "vertical_rate": 13.33,
        "geo_altitude": 220.98,
        "squawk": null,
        "spi": false,
        "position_source": 0
      }
    },
    {
      "type": "Feature",
      "geometry": {
        "type": "Point",
        "coordinates": [
          14,
          41.9104
        ]
      },
      "properties": {
        "icao24": "4d24ab",
        "callsign": "WMT3NG",
        "origin_country": "Malta",
        "time_position": 1789756312,
        "last_contact": 1789756312,
        "baro_altitude": 9098.28,
        "on_ground": false,
        "velocity": 233.39,
        "true_track": 81.76,
        "vertical_rate": 5.2,
        "geo_altitude": 9494.52,
        "squawk": null,
        "spi": false,
        "position_source": 0
      }
    },
    {
      "type": "Feature",
      "geometry": {
        "type": "Point",
        "coordinates": [
          12.5291,
          44.0663
        ]
      },
      "properties": {
        "icao24": "4d24b4",
        "callsign": "WZZ4016",
        "origin_country": "Malta",
        "time_position": 1789756075,
        "last_contact": 1789756077,
        "baro_altitude": 381,
        "on_ground": false,
        "velocity": 72.24,
        "true_track": 127.77,
        "vertical_rate": -3.9,
        "geo_altitude": 457.2,
        "squawk": "1000",
        "spi": false,
        "position_source": 0
      }
    },
    {
      "type": "Feature",
      "geometry": {
        "type": "Point",
        "coordinates": [
          8.6876,
          40.5585
        ]
      },
      "properties": {
        "icao24": "4d24b5",
        "callsign": "WMT8960",
        "origin_country": "Malta",
        "time_position": 1789756311,
        "last_contact": 1789756312,
        "baro_altitude": 11277.6,
        "on_ground": false,
        "velocity": 224.69,
        "true_track": 250.61,
        "vertical_rate": 0,
        "geo_altitude": 11719.56,
        "squawk": null,
        "spi": false,
        "position_source": 0
      }
    },
    {
      "type": "Feature",
      "geometry": {
        "type": "Point",
        "coordinates": [
          7.1595,
          41.6284
        ]
      },
      "properties": {
        "icao24": "4d24ea",
        "callsign": "RYR311G",
        "origin_country": "Malta",
        "time_position": 1789756312,
        "last_contact": 1789756312,
        "baro_altitude": 10972.8,
        "on_ground": false,
        "velocity": 244.49,
        "true_track": 36.1,
        "vertical_rate": 0,
        "geo_altitude": 11384.28,
        "squawk": "1413",
        "spi": false,
        "position_source": 0
      }
    },
    {
      "type": "Feature",
      "geometry": {
        "type": "Point",
        "coordinates": [
          12.286,
          42.0893
        ]
      },
      "properties": {
        "icao24": "4d24ff",
        "callsign": "FJO67M",
        "origin_country": "Malta",
        "time_position": 1789756312,
        "last_contact": 1789756312,
        "baro_altitude": 5143.5,
        "on_ground": false,
        "velocity": 205.21,
        "true_track": 338.84,
        "vertical_rate": 13,
        "geo_altitude": 5410.2,
        "squawk": null,
        "spi": false,
        "position_source": 0
      }
    },
    {
      "type": "Feature",
      "geometry": {
        "type": "Point",
        "coordinates": [
          15.3871,
          41.4763
        ]
      },
      "properties": {
        "icao24": "0101db",
        "callsign": "MSR715",
        "origin_country": "Egypt",
        "time_position": 1789756313,
        "last_contact": 1789756313,
        "baro_altitude": 12184.38,
        "on_ground": false,
        "velocity": 239.81,
        "true_track": 293.65,
        "vertical_rate": 0,
        "geo_altitude": 12611.1,
        "squawk": null,
        "spi": false,
        "position_source": 0
      }
    },
    {
      "type": "Feature",
      "geometry": {
        "type": "Point",
        "coordinates": [
          13.4812,
          45.8237
        ]
      },
      "properties": {
        "icao24": "30097a",
        "callsign": "CPI187",
        "origin_country": "Italy",
        "time_position": 1789756177,
        "last_contact": 1789756177,
        "baro_altitude": null,
        "on_ground": true,
        "velocity": 9.77,
        "true_track": 140.62,
        "vertical_rate": null,
        "geo_altitude": null,
        "squawk": "5173",
        "spi": false,
        "position_source": 0
      }
    },
    {
      "type": "Feature",
      "geometry": {
        "type": "Point",
        "coordinates": [
          15.7078,
          37.6688
        ]
      },
      "properties": {
        "icao24": "3461ce",
        "callsign": "VOE79UP",
        "origin_country": "Spain",
        "time_position": 1789756312,
        "last_contact": 1789756312,
        "baro_altitude": 3543.3,
        "on_ground": false,
        "velocity": 181.14,
        "true_track": 178.54,
        "vertical_rate": -19.51,
        "geo_altitude": 3771.9,
        "squawk": "5170",
        "spi": false,
        "position_source": 0
      }
    },
    {
      "type": "Feature",
      "geometry": {
        "type": "Point",
        "coordinates": [
          13.1765,
          46.0594
        ]
      },
      "properties": {
        "icao24": "300936",
        "callsign": "ICREW",
        "origin_country": "Italy",
        "time_position": 1789756313,
        "last_contact": 1789756313,
        "baro_altitude": 403.86,
        "on_ground": false,
        "velocity": 46.71,
        "true_track": 348.57,
        "vertical_rate": 3.58,
        "geo_altitude": 495.3,
        "squawk": "1030",
        "spi": false,
        "position_source": 0
      }
    },
    {
      "type": "Feature",
      "geometry": {
        "type": "Point",
        "coordinates": [
          9.2842,
          44.8733
        ]
      },
      "properties": {
        "icao24": "4caea0",
        "callsign": "RYR98WH",
        "origin_country": "Ireland",
        "time_position": 1789756312,
        "last_contact": 1789756312,
        "baro_altitude": 6271.26,
        "on_ground": false,
        "velocity": 207.59,
        "true_track": 197.9,
        "vertical_rate": 13.98,
        "geo_altitude": 6515.1,
        "squawk": "1000",
        "spi": false,
        "position_source": 0
      }
    },
    {
      "type": "Feature",
      "geometry": {
        "type": "Point",
        "coordinates": [
          13.2164,
          38.2179
        ]
      },
      "properties": {
        "icao24": "4d2522",
        "callsign": "LWG1272",
        "origin_country": "Malta",
        "time_position": 1789756057,
        "last_contact": 1789756057,
        "baro_altitude": 472.44,
        "on_ground": false,
        "velocity": 74.64,
        "true_track": 246.44,
        "vertical_rate": -2.28,
        "geo_altitude": 563.88,
        "squawk": null,
        "spi": false,
        "position_source": 0
      }
    },
    {
      "type": "Feature",
      "geometry": {
        "type": "Point",
        "coordinates": [
          9.6112,
          40.907
        ]
      },
      "properties": {
        "icao24": "4d2503",
        "callsign": "RYR57PK",
        "origin_country": "Malta",
        "time_position": 1789756312,
        "last_contact": 1789756312,
        "baro_altitude": 10576.56,
        "on_ground": false,
        "velocity": 222.81,
        "true_track": 257.6,
        "vertical_rate": 6.83,
        "geo_altitude": 10980.42,
        "squawk": null,
        "spi": false,
        "position_source": 0
      }
    },
    {
      "type": "Feature",
      "geometry": {
        "type": "Point",
        "coordinates": [
          14.2921,
          45.8624
        ]
      },
      "properties": {
        "icao24": "4d2500",
        "callsign": "RYR9855",
        "origin_country": "Malta",
        "time_position": 1789756312,
        "last_contact": 1789756312,
        "baro_altitude": 9151.62,
        "on_ground": false,
        "velocity": 227.36,
        "true_track": 297.78,
        "vertical_rate": 4.88,
        "geo_altitude": 9494.52,
        "squawk": "7350",
        "spi": false,
        "position_source": 0
      }
    },
    {
      "type": "Feature",
      "geometry": {
        "type": "Point",
        "coordinates": [
          9.6334,
          39.9407
        ]
      },
      "properties": {
        "icao24": "4d2508",
        "callsign": "AEZ70MH",
        "origin_country": "Malta",
        "time_position": 1789756312,
        "last_contact": 1789756312,
        "baro_altitude": 7094.22,
        "on_ground": false,
        "velocity": 243.31,
        "true_track": 47.91,
        "vertical_rate": 9.1,
        "geo_altitude": 7414.26,
        "squawk": null,
        "spi": false,
        "position_source": 0
      }
    },
    {
      "type": "Feature",
      "geometry": {
        "type": "Point",
        "coordinates": [
          13.873,
          44.4331
        ]
      },
      "properties": {
        "icao24": "4d2534",
        "callsign": "WMT9TD",
        "origin_country": "Malta",
        "time_position": 1789756313,
        "last_contact": 1789756313,
        "baro_altitude": 10972.8,
        "on_ground": false,
        "velocity": 224.66,
        "true_track": 288.56,
        "vertical_rate": -0.33,
        "geo_altitude": 11346.18,
        "squawk": "5607",
        "spi": false,
        "position_source": 0
      }
    },
    {
      "type": "Feature",
      "geometry": {
        "type": "Point",
        "coordinates": [
          10.7675,
          47.4836
        ]
      },
      "properties": {
        "icao24": "4d2535",
        "callsign": "WZZ519",
        "origin_country": "Malta",
        "time_position": 1789756313,
        "last_contact": 1789756313,
        "baro_altitude": 10660.38,
        "on_ground": false,
        "velocity": 236.21,
        "true_track": 65.56,
        "vertical_rate": 0,
        "geo_altitude": 10995.66,
        "squawk": "0672",
        "spi": false,
        "position_source": 0
      }
    },
    {
      "type": "Feature",
      "geometry": {
        "type": "Point",
        "coordinates": [
          17.3969,
          41.2281
        ]
      },
      "properties": {
        "icao24": "3004c2",
        "callsign": "NOS90UN",
        "origin_country": "Italy",
        "time_position": 1789756287,
        "last_contact": 1789756287,
        "baro_altitude": 10972.8,
        "on_ground": false,
        "velocity": 230.18,
        "true_track": 308.74,
        "vertical_rate": -0.65,
        "geo_altitude": 11399.52,
        "squawk": null,
        "spi": false,
        "position_source": 0
      }
    },
    {
      "type": "Feature",
      "geometry": {
        "type": "Point",
        "coordinates": [
          12.3727,
          47.3035
        ]
      },
      "properties": {
        "icao24": "4d252f",
        "callsign": "UVL215",
        "origin_country": "Malta",
        "time_position": 1789756312,
        "last_contact": 1789756313,
        "baro_altitude": 4968.24,
        "on_ground": false,
        "velocity": 143.69,
        "true_track": 275.55,
        "vertical_rate": -5.2,
        "geo_altitude": 5196.84,
        "squawk": "6032",
        "spi": false,
        "position_source": 0
      }
    },
    {
      "type": "Feature",
      "geometry": {
        "type": "Point",
        "coordinates": [
          9.6294,
          44.474
        ]
      },
      "properties": {
        "icao24": "4d252a",
        "callsign": "WZZ68HS",
        "origin_country": "Malta",
        "time_position": 1789756312,
        "last_contact": 1789756312,
        "baro_altitude": 10972.8,
        "on_ground": false,
        "velocity": 238.07,
        "true_track": 29.94,
        "vertical_rate": 0,
        "geo_altitude": 11346.18,
        "squawk": "1000",
        "spi": false,
        "position_source": 0
      }
    },
    {
      "type": "Feature",
      "geometry": {
        "type": "Point",
        "coordinates": [
          7.5419,
          43.3977
        ]
      },
      "properties": {
        "icao24": "4d252b",
        "callsign": "WZZ3384",
        "origin_country": "Malta",
        "time_position": 1789756312,
        "last_contact": 1789756312,
        "baro_altitude": 2232.66,
        "on_ground": false,
        "velocity": 144.98,
        "true_track": 276.52,
        "vertical_rate": -7.15,
        "geo_altitude": 2377.44,
        "squawk": "1000",
        "spi": false,
        "position_source": 0
      }
    },
    {
      "type": "Feature",
      "geometry": {
        "type": "Point",
        "coordinates": [
          12.2574,
          41.8559
        ]
      },
      "properties": {
        "icao24": "4caefa",
        "callsign": "ITY1430",
        "origin_country": "Ireland",
        "time_position": 1789756280,
        "last_contact": 1789756280,
        "baro_altitude": 53.34,
        "on_ground": false,
        "velocity": 70.12,
        "true_track": 162.5,
        "vertical_rate": -3.9,
        "geo_altitude": 144.78,
        "squawk": "1000",
        "spi": false,
        "position_source": 0
      }
    },
    {
      "type": "Feature",
      "geometry": {
        "type": "Point",
        "coordinates": [
          16.9171,
          47.7085
        ]
      },
      "properties": {
        "icao24": "4a0d12",
        "callsign": "AWG654R",
        "origin_country": "Romania",
        "time_position": 1789756312,
        "last_contact": 1789756312,
        "baro_altitude": 10363.2,
        "on_ground": false,
        "velocity": 218.48,
        "true_track": 292.28,
        "vertical_rate": 0,
        "geo_altitude": 10698.48,
        "squawk": "2663",
        "spi": false,
        "position_source": 0
      }
    },
    {
      "type": "Feature",
      "geometry": {
        "type": "Point",
        "coordinates": [
          17.1474,
          46.2968
        ]
      },
      "properties": {
        "icao24": "4caf29",
        "callsign": "RYR74PT",
        "origin_country": "Ireland",
        "time_position": 1789756312,
        "last_contact": 1789756312,
        "baro_altitude": 10363.2,
        "on_ground": false,
        "velocity": 223.04,
        "true_track": 263.78,
        "vertical_rate": 0,
        "geo_altitude": 10728.96,
        "squawk": "1000",
        "spi": false,
        "position_source": 0
      }
    },
    {
      "type": "Feature",
      "geometry": {
        "type": "Point",
        "coordinates": [
          17.9183,
          46.7717
        ]
      },
      "properties": {
        "icao24": "424b6b",
        "callsign": "MLWCW",
        "origin_country": "United Kingdom",
        "time_position": 1789756313,
        "last_contact": 1789756313,
        "baro_altitude": 12496.8,
        "on_ground": false,
        "velocity": 258.67,
        "true_track": 108.8,
        "vertical_rate": 0,
        "geo_altitude": 12847.32,
        "squawk": "3032",
        "spi": false,
        "position_source": 0
      }
    },
    {
      "type": "Feature",
      "geometry": {
        "type": "Point",
        "coordinates": [
          12.7592,
          40.9383
        ]
      },
      "properties": {
        "icao24": "4caf20",
        "callsign": "ITY885",
        "origin_country": "Ireland",
        "time_position": 1789756312,
        "last_contact": 1789756312,
        "baro_altitude": 7132.32,
        "on_ground": false,
        "velocity": 209.71,
        "true_track": 329.16,
        "vertical_rate": -13.33,
        "geo_altitude": 7459.98,
        "squawk": "6566",
        "spi": false,
        "position_source": 0
      }
    },
    {
      "type": "Feature",
      "geometry": {
        "type": "Point",
        "coordinates": [
          10.1176,
          43.8273
        ]
      },
      "properties": {
        "icao24": "4caf1e",
        "callsign": "ITY1720",
        "origin_country": "Ireland",
        "time_position": 1789756312,
        "last_contact": 1789756313,
        "baro_altitude": 9144,
        "on_ground": false,
        "velocity": 237.16,
        "true_track": 322.76,
        "vertical_rate": 0.33,
        "geo_altitude": 9479.28,
        "squawk": "5123",
        "spi": false,
        "position_source": 0
      }
    },
    {
      "type": "Feature",
      "geometry": {
        "type": "Point",
        "coordinates": [
          15.6153,
          38.1135
        ]
      },
      "properties": {
        "icao24": "4caf1f",
        "callsign": "ITY1701",
        "origin_country": "Ireland",
        "time_position": 1789756313,
        "last_contact": 1789756313,
        "baro_altitude": 6179.82,
        "on_ground": false,
        "velocity": 199.65,
        "true_track": 147.42,
        "vertical_rate": -11.05,
        "geo_altitude": 6530.34,
        "squawk": "6317",
        "spi": false,
        "position_source": 0
      }
    },
    {
      "type": "Feature",
      "geometry": {
        "type": "Point",
        "coordinates": [
          12.2087,
          41.9715
        ]
      },
      "properties": {
        "icao24": "4caf1c",
        "callsign": "ITY573",
        "origin_country": "Ireland",
        "time_position": 1789756312,
        "last_contact": 1789756312,
        "baro_altitude": 784.86,
        "on_ground": false,
        "velocity": 118.46,
        "true_track": 162.82,
        "vertical_rate": -8.13,
        "geo_altitude": 891.54,
        "squawk": "1000",
        "spi": false,
        "position_source": 0
      }
    },
    {
      "type": "Feature",
      "geometry": {
        "type": "Point",
        "coordinates": [
          12.2113,
          43.45
        ]
      },
      "properties": {
        "icao24": "4caf1d",
        "callsign": "ITY1480",
        "origin_country": "Ireland",
        "time_position": 1789756312,
        "last_contact": 1789756313,
        "baro_altitude": 7620,
        "on_ground": false,
        "velocity": 219.91,
        "true_track": 182.68,
        "vertical_rate": 0,
        "geo_altitude": 7940.04,
        "squawk": "1000",
        "spi": false,
        "position_source": 0
      }
    },
    {
      "type": "Feature",
      "geometry": {
        "type": "Point",
        "coordinates": [
          7.8108,
          43.8488
        ]
      },
      "properties": {
        "icao24": "347301",
        "callsign": "BCS1683",
        "origin_country": "Spain",
        "time_position": 1789756312,
        "last_contact": 1789756312,
        "baro_altitude": 9753.6,
        "on_ground": false,
        "velocity": 212.49,
        "true_track": 69.15,
        "vertical_rate": 0,
        "geo_altitude": 10096.5,
        "squawk": "1000",
        "spi": false,
        "position_source": 0
      }
    },
    {
      "type": "Feature",
      "geometry": {
        "type": "Point",
        "coordinates": [
          15.2031,
          40.6478
        ]
      },
      "properties": {
        "icao24": "4d23c4",
        "callsign": "GTR1542",
        "origin_country": "Malta",
        "time_position": 1789756312,
        "last_contact": 1789756312,
        "baro_altitude": 11582.4,
        "on_ground": false,
        "velocity": 219.89,
        "true_track": 274.7,
        "vertical_rate": -0.33,
        "geo_altitude": 12001.5,
        "squawk": "5531",
        "spi": false,
        "position_source": 0
      }
    },
    {
      "type": "Feature",
      "geometry": {
        "type": "Point",
        "coordinates": [
          8.7201,
          45.6242
        ]
      },
      "properties": {
        "icao24": "4caf2b",
        "callsign": "RYR66JU",
        "origin_country": "Ireland",
        "time_position": 1789756035,
        "last_contact": 1789756120,
        "baro_altitude": 9608.82,
        "on_ground": true,
        "velocity": 0.06,
        "true_track": 78.75,
        "vertical_rate": null,
        "geo_altitude": null,
        "squawk": "1000",
        "spi": false,
        "position_source": 0
      }
    },
    {
      "type": "Feature",
      "geometry": {
        "type": "Point",
        "coordinates": [
          11.3203,
          46.2739
        ]
      },
      "properties": {
        "icao24": "4d23ef",
        "callsign": "SWU502",
        "origin_country": "Malta",
        "time_position": 1789756312,
        "last_contact": 1789756312,
        "baro_altitude": 6408.42,
        "on_ground": false,
        "velocity": 118.84,
        "true_track": 0.5,
        "vertical_rate": 6.5,
        "geo_altitude": 6667.5,
        "squawk": "1000",
        "spi": false,
        "position_source": 0
      }
    },
    {
      "type": "Feature",
      "geometry": {
        "type": "Point",
        "coordinates": [
          9.9896,
          40.4833
        ]
      },
      "properties": {
        "icao24": "4d23f0",
        "callsign": "AEZ2363",
        "origin_country": "Malta",
        "time_position": 1789756312,
        "last_contact": 1789756312,
        "baro_altitude": 10668,
        "on_ground": false,
        "velocity": 227.38,
        "true_track": 179.87,
        "vertical_rate": -0.65,
        "geo_altitude": 11102.34,
        "squawk": "7465",
        "spi": false,
        "position_source": 0
      }
    },
    {
      "type": "Feature",
      "geometry": {
        "type": "Point",
        "coordinates": [
          8.7838,
          47.0588
        ]
      },
      "properties": {
        "icao24": "4d2433",
        "callsign": "WZZ80",
        "origin_country": "Malta",
        "time_position": 1789756312,
        "last_contact": 1789756312,
        "baro_altitude": 9608.82,
        "on_ground": false,
        "velocity": 236.5,
        "true_track": 191.8,
        "vertical_rate": -8.45,
        "geo_altitude": 9959.34,
        "squawk": "1000",
        "spi": false,
        "position_source": 0
      }
    },
    {
      "type": "Feature",
      "geometry": {
        "type": "Point",
        "coordinates": [
          10.7829,
          46.0432
        ]
      },
      "properties": {
        "icao24": "4cade0",
        "callsign": "RYR5PE",
        "origin_country": "Ireland",
        "time_position": 1789756312,
        "last_contact": 1789756312,
        "baro_altitude": 6301.74,
        "on_ground": false,
        "velocity": 217.86,
        "true_track": 162.55,
        "vertical_rate": -11.7,
        "geo_altitude": 6568.44,
        "squawk": "5257",
        "spi": false,
        "position_source": 0
      }
    },
    {
      "type": "Feature",
      "geometry": {
        "type": "Point",
        "coordinates": [
          15.0045,
          46.5974
        ]
      },
      "properties": {
        "icao24": "4d242f",
        "callsign": "WZZ8BC",
        "origin_country": "Malta",
        "time_position": 1789756312,
        "last_contact": 1789756312,
        "baro_altitude": 10972.8,
        "on_ground": false,
        "velocity": 219.98,
        "true_track": 301.91,
        "vertical_rate": 0.33,
        "geo_altitude": 11338.56,
        "squawk": "5635",
        "spi": false,
        "position_source": 0
      }
    },
    {
      "type": "Feature",
      "geometry": {
        "type": "Point",
        "coordinates": [
          9.0311,
          44.3998
        ]
      },
      "properties": {
        "icao24": "34608f",
        "callsign": "IBE08ZZ",
        "origin_country": "Spain",
        "time_position": 1789756313,
        "last_contact": 1789756313,
        "baro_altitude": 11879.58,
        "on_ground": false,
        "velocity": 233.45,
        "true_track": 256.36,
        "vertical_rate": 0,
        "geo_altitude": 12252.96,
        "squawk": "1000",
        "spi": false,
        "position_source": 0
      }
    },
    {
      "type": "Feature",
      "geometry": {
        "type": "Point",
        "coordinates": [
          6.1182,
          40.796
        ]
      },
      "properties": {
        "icao24": "4d2413",
        "callsign": "EWG2EG",
        "origin_country": "Malta",
        "time_position": 1789756313,
        "last_contact": 1789756313,
        "baro_altitude": 11582.4,
        "on_ground": false,
        "velocity": 243.16,
        "true_track": 54.12,
        "vertical_rate": 0,
        "geo_altitude": 12009.12,
        "squawk": "1000",
        "spi": false,
        "position_source": 0
      }
    },
    {
      "type": "Feature",
      "geometry": {
        "type": "Point",
        "coordinates": [
          8.7208,
          45.6269
        ]
      },
      "properties": {
        "icao24": "4d2417",
        "callsign": "EWG8NU",
        "origin_country": "Malta",
        "time_position": 1789756304,
        "last_contact": 1789756304,
        "baro_altitude": null,
        "on_ground": true,
        "velocity": 5.4,
        "true_track": 227.81,
        "vertical_rate": null,
        "geo_altitude": null,
        "squawk": "1000",
        "spi": false,
        "position_source": 0
      }
    },
    {
      "type": "Feature",
      "geometry": {
        "type": "Point",
        "coordinates": [
          11.7,
          39.7797
        ]
      },
      "properties": {
        "icao24": "4cada7",
        "callsign": "ITY1790",
        "origin_country": "Ireland",
        "time_position": 1789756312,
        "last_contact": 1789756312,
        "baro_altitude": 10774.68,
        "on_ground": false,
        "velocity": 219.71,
        "true_track": 333.43,
        "vertical_rate": 11.38,
        "geo_altitude": 11224.26,
        "squawk": "1000",
        "spi": false,
        "position_source": 0
      }
    },
    {
      "type": "Feature",
      "geometry": {
        "type": "Point",
        "coordinates": [
          11.339,
          45.5037
        ]
      },
      "properties": {
        "icao24": "4cada4",
        "callsign": "RYR80JR",
        "origin_country": "Ireland",
        "time_position": 1789756313,
        "last_contact": 1789756313,
        "baro_altitude": 5227.32,
        "on_ground": false,
        "velocity": 180.51,
        "true_track": 122.78,
        "vertical_rate": -12.35,
        "geo_altitude": 5478.78,
        "squawk": "2713",
        "spi": false,
        "position_source": 0
      }
    },
    {
      "type": "Feature",
      "geometry": {
        "type": "Point",
        "coordinates": [
          9.8801,
          44.653
        ]
      },
      "properties": {
        "icao24": "4cada6",
        "callsign": "ITY1604",
        "origin_country": "Ireland",
        "time_position": 1789756313,
        "last_contact": 1789756313,
        "baro_altitude": 6873.24,
        "on_ground": false,
        "velocity": 240.83,
        "true_track": 158.31,
        "vertical_rate": 8.13,
        "geo_altitude": 7155.18,
        "squawk": "1000",
        "spi": false,
        "position_source": 0
      }
    },
    {
      "type": "Feature",
      "geometry": {
        "type": "Point",
        "coordinates": [
          18.2033,
          43.5275
        ]
      },
      "properties": {
        "icao24": "4d2428",
        "callsign": "WMT574",
        "origin_country": "Malta",
        "time_position": 1789756307,
        "last_contact": 1789756307,
        "baro_altitude": 10980.42,
        "on_ground": false,
        "velocity": 211,
        "true_track": 253.86,
        "vertical_rate": -0.33,
        "geo_altitude": 11422.38,
        "squawk": "7360",
        "spi": false,
        "position_source": 0
      }
    },
    {
      "type": "Feature",
      "geometry": {
        "type": "Point",
        "coordinates": [
          7.8558,
          43.85
        ]
      },
      "properties": {
        "icao24": "4d240d",
        "callsign": "EWG8Z",
        "origin_country": "Malta",
        "time_position": 1789756312,
        "last_contact": 1789756312,
        "baro_altitude": 5288.28,
        "on_ground": false,
        "velocity": 187.98,
        "true_track": 60.49,
        "vertical_rate": 11.38,
        "geo_altitude": 5516.88,
        "squawk": "1000",
        "spi": false,
        "position_source": 0
      }
    },
    {
      "type": "Feature",
      "geometry": {
        "type": "Point",
        "coordinates": [
          12.3792,
          41.6521
        ]
      },
      "properties": {
        "icao24": "4cadb9",
        "callsign": "RYR9534",
        "origin_country": "Ireland",
        "time_position": 1789756313,
        "last_contact": 1789756313,
        "baro_altitude": 11277.6,
        "on_ground": false,
        "velocity": 229.51,
        "true_track": 167.18,
        "vertical_rate": -0.33,
        "geo_altitude": 11681.46,
        "squawk": "0264",
        "spi": false,
        "position_source": 0
      }
    },
    {
      "type": "Feature",
      "geometry": {
        "type": "Point",
        "coordinates": [
          14.9886,
          45.947
        ]
      },
      "properties": {
        "icao24": "3c7a41",
        "callsign": "CFG282",
        "origin_country": "Germany",
        "time_position": 1789756312,
        "last_contact": 1789756313,
        "baro_altitude": 11277.6,
        "on_ground": false,
        "velocity": 244.89,
        "true_track": 136.45,
        "vertical_rate": -0.33,
        "geo_altitude": 11635.74,
        "squawk": "2533",
        "spi": false,
        "position_source": 0
      }
    },
    {
      "type": "Feature",
      "geometry": {
        "type": "Point",
        "coordinates": [
          10.9429,
          41.5093
        ]
      },
      "properties": {
        "icao24": "4cadfd",
        "callsign": "RYR6GL",
        "origin_country": "Ireland",
        "time_position": 1789756313,
        "last_contact": 1789756313,
        "baro_altitude": 11277.6,
        "on_ground": false,
        "velocity": 242.72,
        "true_track": 153.71,
        "vertical_rate": 0.33,
        "geo_altitude": 11673.84,
        "squawk": "5264",
        "spi": false,
        "position_source": 0
      }
    },
    {
      "type": "Feature",
      "geometry": {
        "type": "Point",
        "coordinates": [
          14.9689,
          47.0799
        ]
      },
      "properties": {
        "icao24": "4cadff",
        "callsign": "RYR612X",
        "origin_country": "Ireland",
        "time_position": 1789756312,
        "last_contact": 1789756312,
        "baro_altitude": 8549.64,
        "on_ground": false,
        "velocity": 261.28,
        "true_track": 68.03,
        "vertical_rate": -8.78,
        "geo_altitude": 8862.06,
        "squawk": "1000",
        "spi": false,
        "position_source": 0
      }
    },
    {
      "type": "Feature",
      "geometry": {
        "type": "Point",
        "coordinates": [
          10.9757,
          43.1988
        ]
      },
      "properties": {
        "icao24": "4cadfc",
        "callsign": "RYR64FN",
        "origin_country": "Ireland",
        "time_position": 1789756313,
        "last_contact": 1789756313,
        "baro_altitude": 10972.8,
        "on_ground": false,
        "velocity": 227.46,
        "true_track": 318.67,
        "vertical_rate": 0,
        "geo_altitude": 11346.18,
        "squawk": "6570",
        "spi": false,
        "position_source": 0
      }
    },
    {
      "type": "Feature",
      "geometry": {
        "type": "Point",
        "coordinates": [
          12.6417,
          45.6573
        ]
      },
      "properties": {
        "icao24": "4d245c",
        "callsign": "WMT266",
        "origin_country": "Malta",
        "time_position": 1789756312,
        "last_contact": 1789756313,
        "baro_altitude": 11269.98,
        "on_ground": false,
        "velocity": 215.32,
        "true_track": 249.88,
        "vertical_rate": 0,
        "geo_altitude": 11650.98,
        "squawk": "1000",
        "spi": false,
        "position_source": 0
      }
    },
    {
      "type": "Feature",
      "geometry": {
        "type": "Point",
        "coordinates": [
          8.6778,
          45.4238
        ]
      },
      "properties": {
        "icao24": "3c7a51",
        "callsign": "CFG290",
        "origin_country": "Germany",
        "time_position": 1789756312,
        "last_contact": 1789756312,
        "baro_altitude": 10271.76,
        "on_ground": false,
        "velocity": 247.47,
        "true_track": 179.29,
        "vertical_rate": 3.58,
        "geo_altitude": 10607.04,
        "squawk": "2570",
        "spi": false,
        "position_source": 0
      }
    },
    {
      "type": "Feature",
      "geometry": {
        "type": "Point",
        "coordinates": [
          11.6634,
          46.541
        ]
      },
      "properties": {
        "icao24": "44a826",
        "callsign": "JAF3XV",
        "origin_country": "Belgium",
        "time_position": 1789756312,
        "last_contact": 1789756312,
        "baro_altitude": 11582.4,
        "on_ground": false,
        "velocity": 222.36,
        "true_track": 322.52,
        "vertical_rate": 0,
        "geo_altitude": 11917.68,
        "squawk": "1000",
        "spi": false,
        "position_source": 0
      }
    },
    {
      "type": "Feature",
      "geometry": {
        "type": "Point",
        "coordinates": [
          6.0941,
          43.8881
        ]
      },
      "properties": {
        "icao24": "4d244a",
        "callsign": "RYR1PY",
        "origin_country": "Malta",
        "time_position": 1789756313,
        "last_contact": 1789756313,
        "baro_altitude": 11277.6,
        "on_ground": false,
        "velocity": 239.38,
        "true_track": 220.47,
        "vertical_rate": 0,
        "geo_altitude": 11666.22,
        "squawk": "1000",
        "spi": false,
        "position_source": 0
      }
    },
    {
      "type": "Feature",
      "geometry": {
        "type": "Point",
        "coordinates": [
          9.049,
          44.7456
        ]
      },
      "properties": {
        "icao24": "4d2450",
        "callsign": "NVD8164",
        "origin_country": "Malta",
        "time_position": 1789756312,
        "last_contact": 1789756313,
        "baro_altitude": 10972.8,
        "on_ground": false,
        "velocity": 244.8,
        "true_track": 48.07,
        "vertical_rate": 0,
        "geo_altitude": 11338.56,
        "squawk": "1000",
        "spi": false,
        "position_source": 0
      }
    },
    {
      "type": "Feature",
      "geometry": {
        "type": "Point",
        "coordinates": [
          11.6971,
          44.4189
        ]
      },
      "properties": {
        "icao24": "346043",
        "callsign": "VOE84SM",
        "origin_country": "Spain",
        "time_position": 1789756312,
        "last_contact": 1789756312,
        "baro_altitude": 8663.94,
        "on_ground": false,
        "velocity": 208.95,
        "true_track": 171.79,
        "vertical_rate": 6.18,
        "geo_altitude": 8991.6,
        "squawk": "7435",
        "spi": false,
        "position_source": 0
      }
    },
    {
      "type": "Feature",
      "geometry": {
        "type": "Point",
        "coordinates": [
          14.9501,
          40.9055
        ]
      },
      "properties": {
        "icao24": "4cadec",
        "callsign": "ITY1628",
        "origin_country": "Ireland",
        "time_position": 1789756312,
        "last_contact": 1789756312,
        "baro_altitude": 9738.36,
        "on_ground": false,
        "velocity": 228,
        "true_track": 296.97,
        "vertical_rate": -3.25,
        "geo_altitude": 10149.84,
        "squawk": null,
        "spi": false,
        "position_source": 0
      }
    },
    {
      "type": "Feature",
      "geometry": {
        "type": "Point",
        "coordinates": [
          10.636,
          42.5166
        ]
      },
      "properties": {
        "icao24": "4cadea",
        "callsign": "ITY2114",
        "origin_country": "Ireland",
        "time_position": 1789756312,
        "last_contact": 1789756312,
        "baro_altitude": 9144,
        "on_ground": false,
        "velocity": 234.88,
        "true_track": 348.89,
        "vertical_rate": 0.33,
        "geo_altitude": 9502.14,
        "squawk": null,
        "spi": false,
        "position_source": 0
      }
    },
    {
      "type": "Feature",
      "geometry": {
        "type": "Point",
        "coordinates": [
          8.3838,
          46.5329
        ]
      },
      "properties": {
        "icao24": "4d244b",
        "callsign": "RYR6487",
        "origin_country": "Malta",
        "time_position": 1789756312,
        "last_contact": 1789756313,
        "baro_altitude": 11277.6,
        "on_ground": false,
        "velocity": 238.55,
        "true_track": 155.81,
        "vertical_rate": 0,
        "geo_altitude": 11635.74,
        "squawk": "5234",
        "spi": false,
        "position_source": 0
      }
    },
    {
      "type": "Feature",
      "geometry": {
        "type": "Point",
        "coordinates": [
          10.2506,
          47.4426
        ]
      },
      "properties": {
        "icao24": "40757f",
        "callsign": "EZY76VQ",
        "origin_country": "United Kingdom",
        "time_position": 1789756313,
        "last_contact": 1789756313,
        "baro_altitude": 11894.82,
        "on_ground": false,
        "velocity": 247.06,
        "true_track": 138.38,
        "vertical_rate": 0,
        "geo_altitude": 12237.72,
        "squawk": "2235",
        "spi": false,
        "position_source": 0
      }
    },
    {
      "type": "Feature",
      "geometry": {
        "type": "Point",
        "coordinates": [
          9.0148,
          44.3217
        ]
      },
      "properties": {
        "icao24": "40756e",
        "callsign": "EZY92VH",
        "origin_country": "United Kingdom",
        "time_position": 1789756313,
        "last_contact": 1789756313,
        "baro_altitude": 8930.64,
        "on_ground": false,
        "velocity": 220.95,
        "true_track": 321.9,
        "vertical_rate": 5.53,
        "geo_altitude": 9265.92,
        "squawk": "3751",
        "spi": false,
        "position_source": 0
      }
    },
    {
      "type": "Feature",
      "geometry": {
        "type": "Point",
        "coordinates": [
          17.3592,
          44.9837
        ]
      },
      "properties": {
        "icao24": "40756b",
        "callsign": "EZY72HP",
        "origin_country": "United Kingdom",
        "time_position": 1789756312,
        "last_contact": 1789756312,
        "baro_altitude": 11277.6,
        "on_ground": false,
        "velocity": 237.42,
        "true_track": 128.93,
        "vertical_rate": 0,
        "geo_altitude": 11666.22,
        "squawk": "4752",
        "spi": false,
        "position_source": 0
      }
    },
    {
      "type": "Feature",
      "geometry": {
        "type": "Point",
        "coordinates": [
          8.9648,
          45.234
        ]
      },
      "properties": {
        "icao24": "4d248d",
        "callsign": "WMT5AC",
        "origin_country": "Malta",
        "time_position": 1789756312,
        "last_contact": 1789756312,
        "baro_altitude": 1577.34,
        "on_ground": false,
        "velocity": 120.11,
        "true_track": 218.39,
        "vertical_rate": -2.6,
        "geo_altitude": 1706.88,
        "squawk": "1000",
        "spi": false,
        "position_source": 0
      }
    },
    {
      "type": "Feature",
      "geometry": {
        "type": "Point",
        "coordinates": [
          12.1349,
          45.7642
        ]
      },
      "properties": {
        "icao24": "4d2493",
        "callsign": "WMT7HK",
        "origin_country": "Malta",
        "time_position": 1789756312,
        "last_contact": 1789756313,
        "baro_altitude": 9448.8,
        "on_ground": false,
        "velocity": 211.42,
        "true_track": 248.74,
        "vertical_rate": 0,
        "geo_altitude": 9799.32,
        "squawk": "1160",
        "spi": false,
        "position_source": 0
      }
    },
    {
      "type": "Feature",
      "geometry": {
        "type": "Point",
        "coordinates": [
          18.4254,
          43.1074
        ]
      },
      "properties": {
        "icao24": "4d2490",
        "callsign": "WMT6108",
        "origin_country": "Malta",
        "time_position": 1789756307,
        "last_contact": 1789756313,
        "baro_altitude": 10157.46,
        "on_ground": false,
        "velocity": 224.56,
        "true_track": 328.2,
        "vertical_rate": 3.58,
        "geo_altitude": 10599.42,
        "squawk": null,
        "spi": false,
        "position_source": 0
      }
    },
    {
      "type": "Feature",
      "geometry": {
        "type": "Point",
        "coordinates": [
          8.1377,
          44.1977
        ]
      },
      "properties": {
        "icao24": "4d2492",
        "callsign": "WZZ8RR",
        "origin_country": "Malta",
        "time_position": 1789756312,
        "last_contact": 1789756312,
        "baro_altitude": 11269.98,
        "on_ground": false,
        "velocity": 224.44,
        "true_track": 261.96,
        "vertical_rate": 0.33,
        "geo_altitude": 11635.74,
        "squawk": "1160",
        "spi": false,
        "position_source": 0
      }
    },
    {
      "type": "Feature",
      "geometry": {
        "type": "Point",
        "coordinates": [
          10.853,
          41.4615
        ]
      },
      "properties": {
        "icao24": "4cae17",
        "callsign": "ITY063",
        "origin_country": "Ireland",
        "time_position": 1789756313,
        "last_contact": 1789756313,
        "baro_altitude": 8100.06,
        "on_ground": false,
        "velocity": 267.7,
        "true_track": 74.74,
        "vertical_rate": -21.78,
        "geo_altitude": 8458.2,
        "squawk": "1000",
        "spi": false,
        "position_source": 0
      }
    },
    {
      "type": "Feature",
      "geometry": {
        "type": "Point",
        "coordinates": [
          12.9883,
          41.9264
        ]
      },
      "properties": {
        "icao24": "4cae11",
        "callsign": "ITY1639",
        "origin_country": "Ireland",
        "time_position": 1789756312,
        "last_contact": 1789756312,
        "baro_altitude": 10058.4,
        "on_ground": false,
        "velocity": 246.18,
        "true_track": 120.1,
        "vertical_rate": 0,
        "geo_altitude": 10454.64,
        "squawk": "1000",
        "spi": false,
        "position_source": 0
      }
    },
    {
      "type": "Feature",
      "geometry": {
        "type": "Point",
        "coordinates": [
          10.5768,
          43.4099
        ]
      },
      "properties": {
        "icao24": "33fceb",
        "callsign": "IAM1450",
        "origin_country": "Italy",
        "time_position": 1789756312,
        "last_contact": 1789756312,
        "baro_altitude": 9982.2,
        "on_ground": false,
        "velocity": 248.67,
        "true_track": 165.99,
        "vertical_rate": -5.2,
        "geo_altitude": 10340.34,
        "squawk": "6441",
        "spi": false,
        "position_source": 0
      }
    },
    {
      "type": "Feature",
      "geometry": {
        "type": "Point",
        "coordinates": [
          11.171,
          39.9222
        ]
      },
      "properties": {
        "icao24": "4cae56",
        "callsign": "RYR3RM",
        "origin_country": "Ireland",
        "time_position": 1789756313,
        "last_contact": 1789756313,
        "baro_altitude": 10972.8,
        "on_ground": false,
        "velocity": 216.71,
        "true_track": 307.77,
        "vertical_rate": 0,
        "geo_altitude": 11407.14,
        "squawk": "6572",
        "spi": false,
        "position_source": 0
      }
    },
    {
      "type": "Feature",
      "geometry": {
        "type": "Point",
        "coordinates": [
          12.0829,
          45.8882
        ]
      },
      "properties": {
        "icao24": "4d22b1",
        "callsign": "RYR95KV",
        "origin_country": "Malta",
        "time_position": 1789756313,
        "last_contact": 1789756313,
        "baro_altitude": 10965.18,
        "on_ground": false,
        "velocity": 225.9,
        "true_track": 330.98,
        "vertical_rate": -0.33,
        "geo_altitude": 11338.56,
        "squawk": "2261",
        "spi": false,
        "position_source": 0
      }
    },
    {
      "type": "Feature",
      "geometry": {
        "type": "Point",
        "coordinates": [
          12.1104,
          42.0926
        ]
      },
      "properties": {
        "icao24": "4cae1e",
        "callsign": "ITY165",
        "origin_country": "Ireland",
        "time_position": 1789756313,
        "last_contact": 1789756313,
        "baro_altitude": 1272.54,
        "on_ground": false,
        "velocity": 136.25,
        "true_track": 163.55,
        "vertical_rate": -6.5,
        "geo_altitude": 1394.46,
        "squawk": "1000",
        "spi": false,
        "position_source": 0
      }
    },
    {
      "type": "Feature",
      "geometry": {
        "type": "Point",
        "coordinates": [
          14.7079,
          43.982
        ]
      },
      "properties": {
        "icao24": "4cae84",
        "callsign": "TOM3CV",
        "origin_country": "Ireland",
        "time_position": 1789756313,
        "last_contact": 1789756313,
        "baro_altitude": 10972.8,
        "on_ground": false,
        "velocity": 231.72,
        "true_track": 297.65,
        "vertical_rate": 0,
        "geo_altitude": 11346.18,
        "squawk": "3723",
        "spi": false,
        "position_source": 0
      }
    },
    {
      "type": "Feature",
      "geometry": {
        "type": "Point",
        "coordinates": [
          14.1413,
          45.8956
        ]
      },
      "properties": {
        "icao24": "4cae99",
        "callsign": "RYR4MM",
        "origin_country": "Ireland",
        "time_position": 1789756312,
        "last_contact": 1789756312,
        "baro_altitude": 11277.6,
        "on_ground": false,
        "velocity": 246.39,
        "true_track": 86.41,
        "vertical_rate": 0.33,
        "geo_altitude": 11643.36,
        "squawk": "1000",
        "spi": false,
        "position_source": 0
      }
    },
    {
      "type": "Feature",
      "geometry": {
        "type": "Point",
        "coordinates": [
          14.9716,
          44.03
        ]
      },
      "properties": {
        "icao24": "4073a1",
        "callsign": "EZY62YD",
        "origin_country": "United Kingdom",
        "time_position": 1789756313,
        "last_contact": 1789756313,
        "baro_altitude": 6004.56,
        "on_ground": false,
        "velocity": 187.93,
        "true_track": 122.82,
        "vertical_rate": -8.78,
        "geo_altitude": 6286.5,
        "squawk": "3452",
        "spi": false,
        "position_source": 0
      }
    },
    {
      "type": "Feature",
      "geometry": {
        "type": "Point",
        "coordinates": [
          15.8075,
          44.7209
        ]
      },
      "properties": {
        "icao24": "4cae95",
        "callsign": "RYR49MG",
        "origin_country": "Ireland",
        "time_position": 1789756313,
        "last_contact": 1789756313,
        "baro_altitude": 10972.8,
        "on_ground": false,
        "velocity": 219.52,
        "true_track": 207.65,
        "vertical_rate": -0.33,
        "geo_altitude": 11361.42,
        "squawk": "1000",
        "spi": false,
        "position_source": 0
      }
    },
    {
      "type": "Feature",
      "geometry": {
        "type": "Point",
        "coordinates": [
          14.7602,
          43.6847
        ]
      },
      "properties": {
        "icao24": "4073a0",
        "callsign": "EZY67EC",
        "origin_country": "United Kingdom",
        "time_position": 1789756312,
        "last_contact": 1789756313,
        "baro_altitude": 11285.22,
        "on_ground": false,
        "velocity": 227.93,
        "true_track": 119.92,
        "vertical_rate": 0,
        "geo_altitude": 11666.22,
        "squawk": "3440",
        "spi": false,
        "position_source": 0
      }
    },
    {
      "type": "Feature",
      "geometry": {
        "type": "Point",
        "coordinates": [
          14.4946,
          35.8488
        ]
      },
      "properties": {
        "icao24": "4d22ae",
        "callsign": "RYR6YZ",
        "origin_country": "Malta",
        "time_position": 1789756310,
        "last_contact": 1789756310,
        "baro_altitude": null,
        "on_ground": true,
        "velocity": 0,
        "true_track": 0,
        "vertical_rate": null,
        "geo_altitude": null,
        "squawk": null,
        "spi": false,
        "position_source": 0
      }
    },
    {
      "type": "Feature",
      "geometry": {
        "type": "Point",
        "coordinates": [
          13.0695,
          38.6898
        ]
      },
      "properties": {
        "icao24": "4d22ab",
        "callsign": "KMM3481",
        "origin_country": "Malta",
        "time_position": 1789756313,
        "last_contact": 1789756313,
        "baro_altitude": 11277.6,
        "on_ground": false,
        "velocity": 229.18,
        "true_track": 163.44,
        "vertical_rate": 0.33,
        "geo_altitude": 11765.28,
        "squawk": "7641",
        "spi": false,
        "position_source": 0
      }
    },
    {
      "type": "Feature",
      "geometry": {
        "type": "Point",
        "coordinates": [
          15.6865,
          45.6763
        ]
      },
      "properties": {
        "icao24": "4d22ad",
        "callsign": "RYR36UU",
        "origin_country": "Malta",
        "time_position": 1789756311,
        "last_contact": 1789756312,
        "baro_altitude": 1805.94,
        "on_ground": false,
        "velocity": 118.95,
        "true_track": 207.01,
        "vertical_rate": -6.5,
        "geo_altitude": 1958.34,
        "squawk": "1000",
        "spi": false,
        "position_source": 0
      }
    },
    {
      "type": "Feature",
      "geometry": {
        "type": "Point",
        "coordinates": [
          7.8754,
          44.7334
        ]
      },
      "properties": {
        "icao24": "4cae63",
        "callsign": "RYR10LY",
        "origin_country": "Ireland",
        "time_position": 1789756313,
        "last_contact": 1789756313,
        "baro_altitude": 10668,
        "on_ground": false,
        "velocity": 241.57,
        "true_track": 135.86,
        "vertical_rate": 0,
        "geo_altitude": 11018.52,
        "squawk": "2251",
        "spi": false,
        "position_source": 0
      }
    },
    {
      "type": "Feature",
      "geometry": {
        "type": "Point",
        "coordinates": [
          12.6169,
          40.8876
        ]
      },
      "properties": {
        "icao24": "4cae62",
        "callsign": "RYR371D",
        "origin_country": "Ireland",
        "time_position": 1789756313,
        "last_contact": 1789756313,
        "baro_altitude": 8618.22,
        "on_ground": false,
        "velocity": 237.72,
        "true_track": 84.54,
        "vertical_rate": -11.05,
        "geo_altitude": 9022.08,
        "squawk": "4455",
        "spi": false,
        "position_source": 0
      }
    },
    {
      "type": "Feature",
      "geometry": {
        "type": "Point",
        "coordinates": [
          16.0506,
          47.2467
        ]
      },
      "properties": {
        "icao24": "4d22b2",
        "callsign": "RYR990",
        "origin_country": "Malta",
        "time_position": 1789756313,
        "last_contact": 1789756313,
        "baro_altitude": 6286.5,
        "on_ground": false,
        "velocity": 201.31,
        "true_track": 10.3,
        "vertical_rate": -5.85,
        "geo_altitude": 6568.44,
        "squawk": "1000",
        "spi": false,
        "position_source": 0
      }
    },
    {
      "type": "Feature",
      "geometry": {
        "type": "Point",
        "coordinates": [
          14.453,
          36.7569
        ]
      },
      "properties": {
        "icao24": "4cae4b",
        "callsign": "RYR12BX",
        "origin_country": "Ireland",
        "time_position": 1789756313,
        "last_contact": 1789756313,
        "baro_altitude": 7338.06,
        "on_ground": false,
        "velocity": 214.94,
        "true_track": 356.43,
        "vertical_rate": 8.78,
        "geo_altitude": 7741.92,
        "squawk": "6575",
        "spi": false,
        "position_source": 0
      }
    },
    {
      "type": "Feature",
      "geometry": {
        "type": "Point",
        "coordinates": [
          17.0923,
          43.7025
        ]
      },
      "properties": {
        "icao24": "4d22bf",
        "callsign": "RYR9004",
        "origin_country": "Malta",
        "time_position": 1789756311,
        "last_contact": 1789756312,
        "baro_altitude": 10370.82,
        "on_ground": false,
        "velocity": 221.2,
        "true_track": 176.13,
        "vertical_rate": 0.33,
        "geo_altitude": 10774.68,
        "squawk": "1000",
        "spi": false,
        "position_source": 0
      }
    },
    {
      "type": "Feature",
      "geometry": {
        "type": "Point",
        "coordinates": [
          11.3618,
          43.958
        ]
      },
      "properties": {
        "icao24": "4cae6b",
        "callsign": "RYR7UV",
        "origin_country": "Ireland",
        "time_position": 1789756313,
        "last_contact": 1789756313,
        "baro_altitude": 10706.1,
        "on_ground": false,
        "velocity": 232,
        "true_track": 303.51,
        "vertical_rate": -7.15,
        "geo_altitude": 11071.86,
        "squawk": null,
        "spi": false,
        "position_source": 0
      }
    },
    {
      "type": "Feature",
      "geometry": {
        "type": "Point",
        "coordinates": [
          10.5221,
          45.3188
        ]
      },
      "properties": {
        "icao24": "4d22bb",
        "callsign": "RYR8GW",
        "origin_country": "Malta",
        "time_position": 1789756313,
        "last_contact": 1789756313,
        "baro_altitude": 11590.02,
        "on_ground": false,
        "velocity": 240.56,
        "true_track": 53.52,
        "vertical_rate": 0,
        "geo_altitude": 11955.78,
        "squawk": "1000",
        "spi": false,
        "position_source": 0
      }
    },
    {
      "type": "Feature",
      "geometry": {
        "type": "Point",
        "coordinates": [
          8.8331,
          45.2688
        ]
      },
      "properties": {
        "icao24": "4d22be",
        "callsign": "RYR4YT",
        "origin_country": "Malta",
        "time_position": 1789756312,
        "last_contact": 1789756312,
        "baro_altitude": 1409.7,
        "on_ground": false,
        "velocity": 119.58,
        "true_track": 347.58,
        "vertical_rate": -1.3,
        "geo_altitude": 1531.62,
        "squawk": "1000",
        "spi": false,
        "position_source": 0
      }
    },
    {
      "type": "Feature",
      "geometry": {
        "type": "Point",
        "coordinates": [
          9.5117,
          45.5601
        ]
      },
      "properties": {
        "icao24": "300750",
        "callsign": "IVLTN",
        "origin_country": "Italy",
        "time_position": 1789756312,
        "last_contact": 1789756313,
        "baro_altitude": 441.96,
        "on_ground": false,
        "velocity": 73.38,
        "true_track": 125.58,
        "vertical_rate": 0,
        "geo_altitude": 525.78,
        "squawk": "4606",
        "spi": false,
        "position_source": 0
      }
    },
    {
      "type": "Feature",
      "geometry": {
        "type": "Point",
        "coordinates": [
          12.2439,
          45.1811
        ]
      },
      "properties": {
        "icao24": "30070b",
        "callsign": "ILHCA",
        "origin_country": "Italy",
        "time_position": 1789756312,
        "last_contact": 1789756312,
        "baro_altitude": 350.52,
        "on_ground": false,
        "velocity": 68.47,
        "true_track": 357.85,
        "vertical_rate": 0,
        "geo_altitude": 434.34,
        "squawk": "4247",
        "spi": false,
        "position_source": 0
      }
    },
    {
      "type": "Feature",
      "geometry": {
        "type": "Point",
        "coordinates": [
          10.6811,
          43.7879
        ]
      },
      "properties": {
        "icao24": "4cae9c",
        "callsign": "RYR4542",
        "origin_country": "Ireland",
        "time_position": 1789756313,
        "last_contact": 1789756313,
        "baro_altitude": 11277.6,
        "on_ground": false,
        "velocity": 236.99,
        "true_track": 191.14,
        "vertical_rate": 0,
        "geo_altitude": 11650.98,
        "squawk": "3552",
        "spi": false,
        "position_source": 0
      }
    },
    {
      "type": "Feature",
      "geometry": {
        "type": "Point",
        "coordinates": [
          7.0193,
          43.4276
        ]
      },
      "properties": {
        "icao24": "3472c3",
        "callsign": "VLG65AB",
        "origin_country": "Spain",
        "time_position": 1789756313,
        "last_contact": 1789756313,
        "baro_altitude": 10972.8,
        "on_ground": false,
        "velocity": 241.69,
        "true_track": 53.57,
        "vertical_rate": 0.33,
        "geo_altitude": 11353.8,
        "squawk": "1000",
        "spi": false,
        "position_source": 0
      }
    },
    {
      "type": "Feature",
      "geometry": {
        "type": "Point",
        "coordinates": [
          10.7116,
          46.6504
        ]
      },
      "properties": {
        "icao24": "4d22ff",
        "callsign": "RYR9XB",
        "origin_country": "Malta",
        "time_position": 1789756313,
        "last_contact": 1789756313,
        "baro_altitude": 11277.6,
        "on_ground": false,
        "velocity": 237.72,
        "true_track": 162.62,
        "vertical_rate": 0,
        "geo_altitude": 11628.12,
        "squawk": "2234",
        "spi": false,
        "position_source": 0
      }
    },
    {
      "type": "Feature",
      "geometry": {
        "type": "Point",
        "coordinates": [
          8.9468,
          47.0574
        ]
      },
      "properties": {
        "icao24": "3c56ee",
        "callsign": "EWG6AZ",
        "origin_country": "Germany",
        "time_position": 1789756313,
        "last_contact": 1789756313,
        "baro_altitude": 11590.02,
        "on_ground": false,
        "velocity": 234.7,
        "true_track": 53.56,
        "vertical_rate": -0.33,
        "geo_altitude": 11955.78,
        "squawk": "5304",
        "spi": false,
        "position_source": 0
      }
    },
    {
      "type": "Feature",
      "geometry": {
        "type": "Point",
        "coordinates": [
          11.3768,
          46.3492
        ]
      },
      "properties": {
        "icao24": "3c56ea",
        "callsign": "EWG19J",
        "origin_country": "Germany",
        "time_position": 1789756312,
        "last_contact": 1789756313,
        "baro_altitude": 11277.6,
        "on_ground": false,
        "velocity": 212.72,
        "true_track": 215.65,
        "vertical_rate": -0.33,
        "geo_altitude": 11650.98,
        "squawk": "1000",
        "spi": false,
        "position_source": 0
      }
    },
    {
      "type": "Feature",
      "geometry": {
        "type": "Point",
        "coordinates": [
          16.5981,
          47.5035
        ]
      },
      "properties": {
        "icao24": "4d234c",
        "callsign": "RYR449K",
        "origin_country": "Malta",
        "time_position": 1789756312,
        "last_contact": 1789756313,
        "baro_altitude": 11277.6,
        "on_ground": false,
        "velocity": 237.62,
        "true_track": 133.51,
        "vertical_rate": 0,
        "geo_altitude": 11628.12,
        "squawk": "3421",
        "spi": false,
        "position_source": 0
      }
    },
    {
      "type": "Feature",
      "geometry": {
        "type": "Point",
        "coordinates": [
          17.0681,
          44.0859
        ]
      },
      "properties": {
        "icao24": "4d2336",
        "callsign": "EWG36C",
        "origin_country": "Malta",
        "time_position": 1789756313,
        "last_contact": 1789756313,
        "baro_altitude": 10980.42,
        "on_ground": false,
        "velocity": 230.93,
        "true_track": 320.42,
        "vertical_rate": 0,
        "geo_altitude": 11399.52,
        "squawk": "2066",
        "spi": false,
        "position_source": 0
      }
    },
    {
      "type": "Feature",
      "geometry": {
        "type": "Point",
        "coordinates": [
          16.3999,
          45.0534
        ]
      },
      "properties": {
        "icao24": "4d2392",
        "callsign": "EWG3BW",
        "origin_country": "Malta",
        "time_position": 1789756312,
        "last_contact": 1789756312,
        "baro_altitude": 10363.2,
        "on_ground": false,
        "velocity": 233.37,
        "true_track": 320.1,
        "vertical_rate": -0.33,
        "geo_altitude": 10759.44,
        "squawk": "4461",
        "spi": false,
        "position_source": 0
      }
    },
    {
      "type": "Feature",
      "geometry": {
        "type": "Point",
        "coordinates": [
          7.822,
          43.9043
        ]
      },
      "properties": {
        "icao24": "4d236b",
        "callsign": "RYR734J",
        "origin_country": "Malta",
        "time_position": 1789756312,
        "last_contact": 1789756312,
        "baro_altitude": 11292.84,
        "on_ground": false,
        "velocity": 237.82,
        "true_track": 38.85,
        "vertical_rate": 3.9,
        "geo_altitude": 11666.22,
        "squawk": "1000",
        "spi": false,
        "position_source": 0
      }
    },
    {
      "type": "Feature",
      "geometry": {
        "type": "Point",
        "coordinates": [
          10.0466,
          47.605
        ]
      },
      "properties": {
        "icao24": "4d236c",
        "callsign": "RYR5CP",
        "origin_country": "Malta",
        "time_position": 1789756312,
        "last_contact": 1789756312,
        "baro_altitude": 11277.6,
        "on_ground": false,
        "velocity": 239.76,
        "true_track": 138.31,
        "vertical_rate": 0,
        "geo_altitude": 11620.5,
        "squawk": "5250",
        "spi": false,
        "position_source": 0
      }
    },
    {
      "type": "Feature",
      "geometry": {
        "type": "Point",
        "coordinates": [
          15.229,
          47.0836
        ]
      },
      "properties": {
        "icao24": "300394",
        "callsign": "AUA1474",
        "origin_country": "Italy",
        "time_position": 1789756312,
        "last_contact": 1789756312,
        "baro_altitude": 7322.82,
        "on_ground": false,
        "velocity": 239.55,
        "true_track": 62.22,
        "vertical_rate": -7.15,
        "geo_altitude": 7589.52,
        "squawk": "0237",
        "spi": false,
        "position_source": 0
      }
    },
    {
      "type": "Feature",
      "geometry": {
        "type": "Point",
        "coordinates": [
          9.9954,
          45.4876
        ]
      },
      "properties": {
        "icao24": "4d2385",
        "callsign": "RYR84GY",
        "origin_country": "Malta",
        "time_position": 1789756312,
        "last_contact": 1789756312,
        "baro_altitude": 1836.42,
        "on_ground": false,
        "velocity": 141.72,
        "true_track": 296.29,
        "vertical_rate": -5.85,
        "geo_altitude": 1965.96,
        "squawk": "0506",
        "spi": false,
        "position_source": 0
      }
    },
    {
      "type": "Feature",
      "geometry": {
        "type": "Point",
        "coordinates": [
          8.1425,
          44.846
        ]
      },
      "properties": {
        "icao24": "4d2386",
        "callsign": "RYR96VH",
        "origin_country": "Malta",
        "time_position": 1789756313,
        "last_contact": 1789756313,
        "baro_altitude": 11277.6,
        "on_ground": false,
        "velocity": 242.85,
        "true_track": 123.42,
        "vertical_rate": 0,
        "geo_altitude": 11650.98,
        "squawk": "0506",
        "spi": false,
        "position_source": 0
      }
    },
    {
      "type": "Feature",
      "geometry": {
        "type": "Point",
        "coordinates": [
          6.3602,
          43.2231
        ]
      },
      "properties": {
        "icao24": "4d2290",
        "callsign": "RYR8LP",
        "origin_country": "Malta",
        "time_position": 1789756313,
        "last_contact": 1789756313,
        "baro_altitude": 5257.8,
        "on_ground": false,
        "velocity": 199.14,
        "true_track": 271.33,
        "vertical_rate": -12.03,
        "geo_altitude": 5516.88,
        "squawk": "1000",
        "spi": false,
        "position_source": 0
      }
    },
    {
      "type": "Feature",
      "geometry": {
        "type": "Point",
        "coordinates": [
          14.2008,
          42.4485
        ]
      },
      "properties": {
        "icao24": "4cad11",
        "callsign": "RYR96TN",
        "origin_country": "Ireland",
        "time_position": 1789756129,
        "last_contact": 1789756134,
        "baro_altitude": 68.58,
        "on_ground": false,
        "velocity": 73.05,
        "true_track": 217.27,
        "vertical_rate": -4.23,
        "geo_altitude": 144.78,
        "squawk": "1000",
        "spi": false,
        "position_source": 0
      }
    },
    {
      "type": "Feature",
      "geometry": {
        "type": "Point",
        "coordinates": [
          13.794,
          44.2678
        ]
      },
      "properties": {
        "icao24": "4070e6",
        "callsign": "EXS49A",
        "origin_country": "United Kingdom",
        "time_position": 1789756312,
        "last_contact": 1789756312,
        "baro_altitude": 11277.6,
        "on_ground": false,
        "velocity": 228.86,
        "true_track": 131.54,
        "vertical_rate": 0.33,
        "geo_altitude": 11643.36,
        "squawk": "7306",
        "spi": false,
        "position_source": 0
      }
    },
    {
      "type": "Feature",
      "geometry": {
        "type": "Point",
        "coordinates": [
          12.2572,
          41.8562
        ]
      },
      "properties": {
        "icao24": "4cad5a",
        "callsign": "ITY433",
        "origin_country": "Ireland",
        "time_position": 1789756195,
        "last_contact": 1789756195,
        "baro_altitude": 60.96,
        "on_ground": false,
        "velocity": 72.89,
        "true_track": 162.33,
        "vertical_rate": -4.23,
        "geo_altitude": 144.78,
        "squawk": "1000",
        "spi": false,
        "position_source": 0
      }
    },
    {
      "type": "Feature",
      "geometry": {
        "type": "Point",
        "coordinates": [
          11.4807,
          35.8838
        ]
      },
      "properties": {
        "icao24": "4c01f5",
        "callsign": "ASL9974",
        "origin_country": "Serbia",
        "time_position": 1789756235,
        "last_contact": 1789756235,
        "baro_altitude": 2903.22,
        "on_ground": false,
        "velocity": 143.34,
        "true_track": 160.72,
        "vertical_rate": -12.03,
        "geo_altitude": 3154.68,
        "squawk": "5544",
        "spi": false,
        "position_source": 0
      }
    },
    {
      "type": "Feature",
      "geometry": {
        "type": "Point",
        "coordinates": [
          11.8705,
          42.0985
        ]
      },
      "properties": {
        "icao24": "4cad5c",
        "callsign": "ITY1392",
        "origin_country": "Ireland",
        "time_position": 1789756312,
        "last_contact": 1789756312,
        "baro_altitude": 2499.36,
        "on_ground": false,
        "velocity": 135.06,
        "true_track": 17.05,
        "vertical_rate": -4.55,
        "geo_altitude": 2674.62,
        "squawk": "7466",
        "spi": false,
        "position_source": 0
      }
    },
    {
      "type": "Feature",
      "geometry": {
        "type": "Point",
        "coordinates": [
          13.8203,
          42.402
        ]
      },
      "properties": {
        "icao24": "4cad47",
        "callsign": "ITY793",
        "origin_country": "Ireland",
        "time_position": 1789756312,
        "last_contact": 1789756313,
        "baro_altitude": 6454.14,
        "on_ground": false,
        "velocity": 211.26,
        "true_track": 255.19,
        "vertical_rate": -21.78,
        "geo_altitude": 6758.94,
        "squawk": "2346",
        "spi": false,
        "position_source": 0
      }
    },
    {
      "type": "Feature",
      "geometry": {
        "type": "Point",
        "coordinates": [
          8.5563,
          47.4517
        ]
      },
      "properties": {
        "icao24": "4cad40",
        "callsign": "SAS89B",
        "origin_country": "Ireland",
        "time_position": 1789756303,
        "last_contact": 1789756312,
        "baro_altitude": 373.38,
        "on_ground": true,
        "velocity": 1.8,
        "true_track": 334.69,
        "vertical_rate": null,
        "geo_altitude": null,
        "squawk": "3073",
        "spi": false,
        "position_source": 0
      }
    },
    {
      "type": "Feature",
      "geometry": {
        "type": "Point",
        "coordinates": [
          6.276,
          44.9682
        ]
      },
      "properties": {
        "icao24": "4cad2b",
        "callsign": "RYR7WW",
        "origin_country": "Ireland",
        "time_position": 1789756312,
        "last_contact": 1789756312,
        "baro_altitude": 8298.18,
        "on_ground": false,
        "velocity": 242.9,
        "true_track": 88.54,
        "vertical_rate": -5.2,
        "geo_altitude": 8641.08,
        "squawk": "1000",
        "spi": false,
        "position_source": 0
      }
    },
    {
      "type": "Feature",
      "geometry": {
        "type": "Point",
        "coordinates": [
          6.1299,
          42.6632
        ]
      },
      "properties": {
        "icao24": "4d21ec",
        "callsign": "RYR64JM",
        "origin_country": "Malta",
        "time_position": 1789756312,
        "last_contact": 1789756312,
        "baro_altitude": 11582.4,
        "on_ground": false,
        "velocity": 236.45,
        "true_track": 45.35,
        "vertical_rate": 0,
        "geo_altitude": 11978.64,
        "squawk": "1051",
        "spi": false,
        "position_source": 0
      }
    },
    {
      "type": "Feature",
      "geometry": {
        "type": "Point",
        "coordinates": [
          12.2248,
          41.8191
        ]
      },
      "properties": {
        "icao24": "4c01ec",
        "callsign": "ASL81E",
        "origin_country": "Serbia",
        "time_position": 1789756165,
        "last_contact": 1789756169,
        "baro_altitude": 15.24,
        "on_ground": false,
        "velocity": 70.12,
        "true_track": 162.5,
        "vertical_rate": -3.25,
        "geo_altitude": 91.44,
        "squawk": "5541",
        "spi": false,
        "position_source": 0
      }
    },
    {
      "type": "Feature",
      "geometry": {
        "type": "Point",
        "coordinates": [
          11.6621,
          41.946
        ]
      },
      "properties": {
        "icao24": "4c01ee",
        "callsign": "ASL17H",
        "origin_country": "Serbia",
        "time_position": 1789756313,
        "last_contact": 1789756313,
        "baro_altitude": 10370.82,
        "on_ground": false,
        "velocity": 255.84,
        "true_track": 65.91,
        "vertical_rate": 0.33,
        "geo_altitude": 10751.82,
        "squawk": "1215",
        "spi": false,
        "position_source": 0
      }
    },
    {
      "type": "Feature",
      "geometry": {
        "type": "Point",
        "coordinates": [
          15.653,
          38.0736
        ]
      },
      "properties": {
        "icao24": "4d21f0",
        "callsign": "RYR957B",
        "origin_country": "Malta",
        "time_position": 1789756308,
        "last_contact": 1789756312,
        "baro_altitude": null,
        "on_ground": true,
        "velocity": 0,
        "true_track": 118.12,
        "vertical_rate": null,
        "geo_altitude": null,
        "squawk": null,
        "spi": false,
        "position_source": 0
      }
    },
    {
      "type": "Feature",
      "geometry": {
        "type": "Point",
        "coordinates": [
          18.0774,
          42.2298
        ]
      },
      "properties": {
        "icao24": "4d21e6",
        "callsign": "BBG155",
        "origin_country": "Malta",
        "time_position": 1789756307,
        "last_contact": 1789756307,
        "baro_altitude": 10668,
        "on_ground": false,
        "velocity": 226.75,
        "true_track": 124.56,
        "vertical_rate": 0,
        "geo_altitude": 11102.34,
        "squawk": "0442",
        "spi": false,
        "position_source": 0
      }
    },
    {
      "type": "Feature",
      "geometry": {
        "type": "Point",
        "coordinates": [
          12.1806,
          43.9076
        ]
      },
      "properties": {
        "icao24": "4d21dc",
        "callsign": "KMM3307",
        "origin_country": "Malta",
        "time_position": 1789756312,
        "last_contact": 1789756312,
        "baro_altitude": 11894.82,
        "on_ground": false,
        "velocity": 226.95,
        "true_track": 175.84,
        "vertical_rate": 0.33,
        "geo_altitude": 12268.2,
        "squawk": "4377",
        "spi": false,
        "position_source": 0
      }
    },
    {
      "type": "Feature",
      "geometry": {
        "type": "Point",
        "coordinates": [
          9.383,
          41.0381
        ]
      },
      "properties": {
        "icao24": "4d20ed",
        "callsign": "AEZ2518",
        "origin_country": "Malta",
        "time_position": 1789756312,
        "last_contact": 1789756312,
        "baro_altitude": 9570.72,
        "on_ground": false,
        "velocity": 215.8,
        "true_track": 69.92,
        "vertical_rate": 4.23,
        "geo_altitude": 9944.1,
        "squawk": null,
        "spi": false,
        "position_source": 0
      }
    },
    {
      "type": "Feature",
      "geometry": {
        "type": "Point",
        "coordinates": [
          13.7834,
          46.9893
        ]
      },
      "properties": {
        "icao24": "4d20fd",
        "callsign": "WZZ1261",
        "origin_country": "Malta",
        "time_position": 1789756313,
        "last_contact": 1789756313,
        "baro_altitude": 10957.56,
        "on_ground": false,
        "velocity": 213.8,
        "true_track": 305.1,
        "vertical_rate": 0,
        "geo_altitude": 11323.32,
        "squawk": "4332",
        "spi": false,
        "position_source": 0
      }
    },
    {
      "type": "Feature",
      "geometry": {
        "type": "Point",
        "coordinates": [
          8.7184,
          45.6304
        ]
      },
      "properties": {
        "icao24": "4d20fb",
        "callsign": "WMT454",
        "origin_country": "Malta",
        "time_position": 1789756249,
        "last_contact": 1789756280,
        "baro_altitude": null,
        "on_ground": true,
        "velocity": 0,
        "true_track": 78.75,
        "vertical_rate": null,
        "geo_altitude": null,
        "squawk": "6333",
        "spi": false,
        "position_source": 0
      }
    },
    {
      "type": "Feature",
      "geometry": {
        "type": "Point",
        "coordinates": [
          16.4726,
          41.4561
        ]
      },
      "properties": {
        "icao24": "4d222a",
        "callsign": "RYR33XW",
        "origin_country": "Malta",
        "time_position": 1789756046,
        "last_contact": 1789756046,
        "baro_altitude": 3208.02,
        "on_ground": false,
        "velocity": 184.59,
        "true_track": 137.37,
        "vertical_rate": -9.75,
        "geo_altitude": 4244.34,
        "squawk": "1000",
        "spi": false,
        "position_source": 0
      }
    },
    {
      "type": "Feature",
      "geometry": {
        "type": "Point",
        "coordinates": [
          12.4007,
          43.582
        ]
      },
      "properties": {
        "icao24": "4d221f",
        "callsign": "RYR9CL",
        "origin_country": "Malta",
        "time_position": 1789756312,
        "last_contact": 1789756312,
        "baro_altitude": 9578.34,
        "on_ground": false,
        "velocity": 211.77,
        "true_track": 191.06,
        "vertical_rate": -12.03,
        "geo_altitude": 9936.48,
        "squawk": "1000",
        "spi": false,
        "position_source": 0
      }
    },
    {
      "type": "Feature",
      "geometry": {
        "type": "Point",
        "coordinates": [
          6.7879,
          44.841
        ]
      },
      "properties": {
        "icao24": "3986e1",
        "callsign": "KLM10Y",
        "origin_country": "France",
        "time_position": 1789756313,
        "last_contact": 1789756313,
        "baro_altitude": 8435.34,
        "on_ground": false,
        "velocity": 205.5,
        "true_track": 357.27,
        "vertical_rate": 7.48,
        "geo_altitude": 8770.62,
        "squawk": "1000",
        "spi": false,
        "position_source": 0
      }
    },
    {
      "type": "Feature",
      "geometry": {
        "type": "Point",
        "coordinates": [
          13.6152,
          44.3714
        ]
      },
      "properties": {
        "icao24": "4d2244",
        "callsign": "RYR3DR",
        "origin_country": "Malta",
        "time_position": 1789756313,
        "last_contact": 1789756313,
        "baro_altitude": 11277.6,
        "on_ground": false,
        "velocity": 229.45,
        "true_track": 115.07,
        "vertical_rate": -0.33,
        "geo_altitude": 11650.98,
        "squawk": "7302",
        "spi": false,
        "position_source": 0
      }
    },
    {
      "type": "Feature",
      "geometry": {
        "type": "Point",
        "coordinates": [
          16.0976,
          42.7813
        ]
      },
      "properties": {
        "icao24": "4d2245",
        "callsign": "RYR20RR",
        "origin_country": "Malta",
        "time_position": 1789756311,
        "last_contact": 1789756311,
        "baro_altitude": 11277.6,
        "on_ground": false,
        "velocity": 231.36,
        "true_track": 134.64,
        "vertical_rate": 0.33,
        "geo_altitude": 11681.46,
        "squawk": "7504",
        "spi": false,
        "position_source": 0
      }
    },
    {
      "type": "Feature",
      "geometry": {
        "type": "Point",
        "coordinates": [
          13.1619,
          38.5993
        ]
      },
      "properties": {
        "icao24": "4d223a",
        "callsign": "RYR27ZZ",
        "origin_country": "Malta",
        "time_position": 1789756196,
        "last_contact": 1789756197,
        "baro_altitude": 3680.46,
        "on_ground": false,
        "velocity": 158.78,
        "true_track": 152.19,
        "vertical_rate": -5.53,
        "geo_altitude": 3924.3,
        "squawk": "1000",
        "spi": false,
        "position_source": 0
      }
    },
    {
      "type": "Feature",
      "geometry": {
        "type": "Point",
        "coordinates": [
          10.0506,
          41.8467
        ]
      },
      "properties": {
        "icao24": "4d2212",
        "callsign": "RYR8089",
        "origin_country": "Malta",
        "time_position": 1789756313,
        "last_contact": 1789756313,
        "baro_altitude": 10363.2,
        "on_ground": false,
        "velocity": 233.79,
        "true_track": 17.68,
        "vertical_rate": 0.33,
        "geo_altitude": 10744.2,
        "squawk": null,
        "spi": false,
        "position_source": 0
      }
    },
    {
      "type": "Feature",
      "geometry": {
        "type": "Point",
        "coordinates": [
          15.78,
          41.1388
        ]
      },
      "properties": {
        "icao24": "4d2228",
        "callsign": "RYR97VX",
        "origin_country": "Malta",
        "time_position": 1789756312,
        "last_contact": 1789756312,
        "baro_altitude": 6088.38,
        "on_ground": false,
        "velocity": 203.07,
        "true_track": 266.51,
        "vertical_rate": -10.08,
        "geo_altitude": 6400.8,
        "squawk": "4137",
        "spi": false,
        "position_source": 0
      }
    },
    {
      "type": "Feature",
      "geometry": {
        "type": "Point",
        "coordinates": [
          8.975,
          39.7529
        ]
      },
      "properties": {
        "icao24": "4d220a",
        "callsign": "RYR13KA",
        "origin_country": "Malta",
        "time_position": 1789756313,
        "last_contact": 1789756313,
        "baro_altitude": 5181.6,
        "on_ground": false,
        "velocity": 198.42,
        "true_track": 149.11,
        "vertical_rate": -4.88,
        "geo_altitude": 5440.68,
        "squawk": "3536",
        "spi": false,
        "position_source": 0
      }
    },
    {
      "type": "Feature",
      "geometry": {
        "type": "Point",
        "coordinates": [
          7.0231,
          43.9121
        ]
      },
      "properties": {
        "icao24": "4d2221",
        "callsign": "RYR5XL",
        "origin_country": "Malta",
        "time_position": 1789756313,
        "last_contact": 1789756313,
        "baro_altitude": 10363.2,
        "on_ground": false,
        "velocity": 232.83,
        "true_track": 333.77,
        "vertical_rate": 0.33,
        "geo_altitude": 10721.34,
        "squawk": "1000",
        "spi": false,
        "position_source": 0
      }
    },
    {
      "type": "Feature",
      "geometry": {
        "type": "Point",
        "coordinates": [
          12.0106,
          41.8014
        ]
      },
      "properties": {
        "icao24": "4d2279",
        "callsign": "RYR7RP",
        "origin_country": "Malta",
        "time_position": 1789756312,
        "last_contact": 1789756312,
        "baro_altitude": 3238.5,
        "on_ground": false,
        "velocity": 141.53,
        "true_track": 341.57,
        "vertical_rate": -5.53,
        "geo_altitude": 3436.62,
        "squawk": "1444",
        "spi": false,
        "position_source": 0
      }
    },
    {
      "type": "Feature",
      "geometry": {
        "type": "Point",
        "coordinates": [
          6.2143,
          47.0537
        ]
      },
      "properties": {
        "icao24": "348441",
        "callsign": "AEA87NM",
        "origin_country": "Spain",
        "time_position": 1789756312,
        "last_contact": 1789756312,
        "baro_altitude": 11277.6,
        "on_ground": false,
        "velocity": 254.39,
        "true_track": 219.42,
        "vertical_rate": 0,
        "geo_altitude": 11666.22,
        "squawk": "1000",
        "spi": false,
        "position_source": 0
      }
    },
    {
      "type": "Feature",
      "geometry": {
        "type": "Point",
        "coordinates": [
          8.4149,
          45.4119
        ]
      },
      "properties": {
        "icao24": "4d227c",
        "callsign": "RYR72NK",
        "origin_country": "Malta",
        "time_position": 1789756313,
        "last_contact": 1789756313,
        "baro_altitude": 4046.22,
        "on_ground": false,
        "velocity": 187.89,
        "true_track": 204.25,
        "vertical_rate": 15.93,
        "geo_altitude": 4221.48,
        "squawk": "1000",
        "spi": false,
        "position_source": 0
      }
    },
    {
      "type": "Feature",
      "geometry": {
        "type": "Point",
        "coordinates": [
          14.6476,
          38.4359
        ]
      },
      "properties": {
        "icao24": "4d227b",
        "callsign": "RYR256T",
        "origin_country": "Malta",
        "time_position": 1789756312,
        "last_contact": 1789756312,
        "baro_altitude": 8747.76,
        "on_ground": false,
        "velocity": 221.51,
        "true_track": 353.73,
        "vertical_rate": 11.38,
        "geo_altitude": 9174.48,
        "squawk": "5151",
        "spi": false,
        "position_source": 0
      }
    },
    {
      "type": "Feature",
      "geometry": {
        "type": "Point",
        "coordinates": [
          10.3791,
          44.3123
        ]
      },
      "properties": {
        "icao24": "4d226f",
        "callsign": "RYR7FL",
        "origin_country": "Malta",
        "time_position": 1789756313,
        "last_contact": 1789756313,
        "baro_altitude": 6621.78,
        "on_ground": false,
        "velocity": 229.22,
        "true_track": 71.28,
        "vertical_rate": -13.33,
        "geo_altitude": 6903.72,
        "squawk": "1000",
        "spi": false,
        "position_source": 0
      }
    },
    {
      "type": "Feature",
      "geometry": {
        "type": "Point",
        "coordinates": [
          8.7178,
          45.6242
        ]
      },
      "properties": {
        "icao24": "4d223f",
        "callsign": "RYR46FX",
        "origin_country": "Malta",
        "time_position": 1789756306,
        "last_contact": 1789756311,
        "baro_altitude": null,
        "on_ground": true,
        "velocity": 0,
        "true_track": 323.44,
        "vertical_rate": null,
        "geo_altitude": null,
        "squawk": null,
        "spi": false,
        "position_source": 0
      }
    },
    {
      "type": "Feature",
      "geometry": {
        "type": "Point",
        "coordinates": [
          6.4645,
          46.9835
        ]
      },
      "properties": {
        "icao24": "4d2269",
        "callsign": "RYR1XD",
        "origin_country": "Malta",
        "time_position": 1789756312,
        "last_contact": 1789756312,
        "baro_altitude": 9144,
        "on_ground": false,
        "velocity": 219.98,
        "true_track": 321.36,
        "vertical_rate": 0,
        "geo_altitude": 9494.52,
        "squawk": "5757",
        "spi": false,
        "position_source": 0
      }
    },
    {
      "type": "Feature",
      "geometry": {
        "type": "Point",
        "coordinates": [
          11.8598,
          41.4843
        ]
      },
      "properties": {
        "icao24": "4cabf8",
        "callsign": "MSA734",
        "origin_country": "Ireland",
        "time_position": 1789756312,
        "last_contact": 1789756312,
        "baro_altitude": 5387.34,
        "on_ground": false,
        "velocity": 181.74,
        "true_track": 230.86,
        "vertical_rate": 19.51,
        "geo_altitude": 5631.18,
        "squawk": null,
        "spi": false,
        "position_source": 0
      }
    },
    {
      "type": "Feature",
      "geometry": {
        "type": "Point",
        "coordinates": [
          7.7233,
          41.9987
        ]
      },
      "properties": {
        "icao24": "400a7d",
        "callsign": "BAW592",
        "origin_country": "United Kingdom",
        "time_position": 1789756312,
        "last_contact": 1789756312,
        "baro_altitude": 8496.3,
        "on_ground": false,
        "velocity": 239.69,
        "true_track": 158.34,
        "vertical_rate": -4.88,
        "geo_altitude": 8854.44,
        "squawk": "2205",
        "spi": false,
        "position_source": 0
      }
    },
    {
      "type": "Feature",
      "geometry": {
        "type": "Point",
        "coordinates": [
          18.0121,
          39.7984
        ]
      },
      "properties": {
        "icao24": "4d216a",
        "callsign": "WMT579",
        "origin_country": "Malta",
        "time_position": 1789756312,
        "last_contact": 1789756312,
        "baro_altitude": 10668,
        "on_ground": false,
        "velocity": 236.44,
        "true_track": 123.1,
        "vertical_rate": 0.33,
        "geo_altitude": 11117.58,
        "squawk": "0435",
        "spi": false,
        "position_source": 0
      }
    },
    {
      "type": "Feature",
      "geometry": {
        "type": "Point",
        "coordinates": [
          16.3448,
          47.732
        ]
      },
      "properties": {
        "icao24": "4b19ef",
        "callsign": "SWR9KW",
        "origin_country": "Switzerland",
        "time_position": 1789756312,
        "last_contact": 1789756313,
        "baro_altitude": 10363.2,
        "on_ground": false,
        "velocity": 202.6,
        "true_track": 276.85,
        "vertical_rate": 0,
        "geo_altitude": 10698.48,
        "squawk": "1000",
        "spi": false,
        "position_source": 0
      }
    },
    {
      "type": "Feature",
      "geometry": {
        "type": "Point",
        "coordinates": [
          6.5046,
          47.247
        ]
      },
      "properties": {
        "icao24": "493284",
        "callsign": "NJE845F",
        "origin_country": "Portugal",
        "time_position": 1789756312,
        "last_contact": 1789756313,
        "baro_altitude": 10972.8,
        "on_ground": false,
        "velocity": 198.84,
        "true_track": 353.46,
        "vertical_rate": 0,
        "geo_altitude": 11338.56,
        "squawk": "5726",
        "spi": false,
        "position_source": 0
      }
    },
    {
      "type": "Feature",
      "geometry": {
        "type": "Point",
        "coordinates": [
          12.7254,
          47.4022
        ]
      },
      "properties": {
        "icao24": "4b19f4",
        "callsign": "SWR2PH",
        "origin_country": "Switzerland",
        "time_position": 1789756313,
        "last_contact": 1789756313,
        "baro_altitude": 9144,
        "on_ground": false,
        "velocity": 222.59,
        "true_track": 285.96,
        "vertical_rate": 0,
        "geo_altitude": 9410.7,
        "squawk": "1000",
        "spi": false,
        "position_source": 0
      }
    },
    {
      "type": "Feature",
      "geometry": {
        "type": "Point",
        "coordinates": [
          15.9024,
          44.7816
        ]
      },
      "properties": {
        "icao24": "4d2187",
        "callsign": "WMT2NS",
        "origin_country": "Malta",
        "time_position": 1789756312,
        "last_contact": 1789756312,
        "baro_altitude": 11277.6,
        "on_ground": false,
        "velocity": 242.49,
        "true_track": 26.73,
        "vertical_rate": 0,
        "geo_altitude": 11673.84,
        "squawk": "1000",
        "spi": false,
        "position_source": 0
      }
    },
    {
      "type": "Feature",
      "geometry": {
        "type": "Point",
        "coordinates": [
          8.556,
          47.4508
        ]
      },
      "properties": {
        "icao24": "4b19fe",
        "callsign": "CFG6NH",
        "origin_country": "Switzerland",
        "time_position": 1789756312,
        "last_contact": 1789756312,
        "baro_altitude": null,
        "on_ground": true,
        "velocity": 7.72,
        "true_track": 154.69,
        "vertical_rate": null,
        "geo_altitude": null,
        "squawk": "1000",
        "spi": false,
        "position_source": 0
      }
    },
    {
      "type": "Feature",
      "geometry": {
        "type": "Point",
        "coordinates": [
          16.7128,
          35.541
        ]
      },
      "properties": {
        "icao24": "710059",
        "callsign": "SVA343",
        "origin_country": "Saudi Arabia",
        "time_position": 1789756311,
        "last_contact": 1789756312,
        "baro_altitude": 10972.8,
        "on_ground": false,
        "velocity": 222.99,
        "true_track": 278.22,
        "vertical_rate": 0,
        "geo_altitude": 11529.06,
        "squawk": "5537",
        "spi": false,
        "position_source": 0
      }
    },
    {
      "type": "Feature",
      "geometry": {
        "type": "Point",
        "coordinates": [
          15.344,
          41.1243
        ]
      },
      "properties": {
        "icao24": "4cac24",
        "callsign": "RYR1JD",
        "origin_country": "Ireland",
        "time_position": 1789756312,
        "last_contact": 1789756312,
        "baro_altitude": 10363.2,
        "on_ground": false,
        "velocity": 229.38,
        "true_track": 280.07,
        "vertical_rate": 0,
        "geo_altitude": 10782.3,
        "squawk": null,
        "spi": false,
        "position_source": 0
      }
    },
    {
      "type": "Feature",
      "geometry": {
        "type": "Point",
        "coordinates": [
          14.7144,
          44.3453
        ]
      },
      "properties": {
        "icao24": "4cac20",
        "callsign": "RYR8945",
        "origin_country": "Ireland",
        "time_position": 1789756312,
        "last_contact": 1789756312,
        "baro_altitude": 11148.06,
        "on_ground": false,
        "velocity": 234.71,
        "true_track": 316.51,
        "vertical_rate": 1.95,
        "geo_altitude": 11521.44,
        "squawk": "5641",
        "spi": false,
        "position_source": 0
      }
    },
    {
      "type": "Feature",
      "geometry": {
        "type": "Point",
        "coordinates": [
          12.5375,
          37.7122
        ]
      },
      "properties": {
        "icao24": "4cac84",
        "callsign": "RYR9MZ",
        "origin_country": "Ireland",
        "time_position": 1789756312,
        "last_contact": 1789756313,
        "baro_altitude": 11506.2,
        "on_ground": false,
        "velocity": 217.65,
        "true_track": 313.08,
        "vertical_rate": 0.98,
        "geo_altitude": 12001.5,
        "squawk": "6562",
        "spi": false,
        "position_source": 0
      }
    },
    {
      "type": "Feature",
      "geometry": {
        "type": "Point",
        "coordinates": [
          10.3517,
          42.2888
        ]
      },
      "properties": {
        "icao24": "4cac86",
        "callsign": "RYR8CR",
        "origin_country": "Ireland",
        "time_position": 1789756313,
        "last_contact": 1789756313,
        "baro_altitude": 11277.6,
        "on_ground": false,
        "velocity": 234,
        "true_track": 152.65,
        "vertical_rate": 0,
        "geo_altitude": 11673.84,
        "squawk": "0517",
        "spi": false,
        "position_source": 0
      }
    },
    {
      "type": "Feature",
      "geometry": {
        "type": "Point",
        "coordinates": [
          15.7141,
          42.3858
        ]
      },
      "properties": {
        "icao24": "40832a",
        "callsign": "TOM1TE",
        "origin_country": "United Kingdom",
        "time_position": 1789756312,
        "last_contact": 1789756312,
        "baro_altitude": 11582.4,
        "on_ground": false,
        "velocity": 225.56,
        "true_track": 315.92,
        "vertical_rate": 0,
        "geo_altitude": 12001.5,
        "squawk": null,
        "spi": false,
        "position_source": 0
      }
    },
    {
      "type": "Feature",
      "geometry": {
        "type": "Point",
        "coordinates": [
          11.0953,
          37.0299
        ]
      },
      "properties": {
        "icao24": "40836b",
        "callsign": "EZY73GW",
        "origin_country": "United Kingdom",
        "time_position": 1789756303,
        "last_contact": 1789756312,
        "baro_altitude": 5791.2,
        "on_ground": false,
        "velocity": 156.48,
        "true_track": 181.88,
        "vertical_rate": 0.65,
        "geo_altitude": 6103.62,
        "squawk": "1071",
        "spi": false,
        "position_source": 0
      }
    },
    {
      "type": "Feature",
      "geometry": {
        "type": "Point",
        "coordinates": [
          15.3977,
          43.8596
        ]
      },
      "properties": {
        "icao24": "40836c",
        "callsign": "EZY72FE",
        "origin_country": "United Kingdom",
        "time_position": 1789756313,
        "last_contact": 1789756313,
        "baro_altitude": 11087.1,
        "on_ground": false,
        "velocity": 224.67,
        "true_track": 119.79,
        "vertical_rate": -7.15,
        "geo_altitude": 11490.96,
        "squawk": "7315",
        "spi": false,
        "position_source": 0
      }
    },
    {
      "type": "Feature",
      "geometry": {
        "type": "Point",
        "coordinates": [
          12.4221,
          47.3563
        ]
      },
      "properties": {
        "icao24": "4691c1",
        "callsign": "AEE4FA",
        "origin_country": "Greece",
        "time_position": 1789756312,
        "last_contact": 1789756313,
        "baro_altitude": 11262.36,
        "on_ground": false,
        "velocity": 233.41,
        "true_track": 130.89,
        "vertical_rate": 0,
        "geo_altitude": 11597.64,
        "squawk": "6021",
        "spi": false,
        "position_source": 0
      }
    },
    {
      "type": "Feature",
      "geometry": {
        "type": "Point",
        "coordinates": [
          11.3025,
          44.5304
        ]
      },
      "properties": {
        "icao24": "4d2110",
        "callsign": "VJT683",
        "origin_country": "Malta",
        "time_position": 1789756022,
        "last_contact": 1789756022,
        "baro_altitude": 53.34,
        "on_ground": false,
        "velocity": 75.24,
        "true_track": 297.27,
        "vertical_rate": -3.9,
        "geo_altitude": 137.16,
        "squawk": "7317",
        "spi": false,
        "position_source": 0
      }
    },
    {
      "type": "Feature",
      "geometry": {
        "type": "Point",
        "coordinates": [
          18.5465,
          47.5707
        ]
      },
      "properties": {
        "icao24": "710101",
        "callsign": "SVA3039",
        "origin_country": "Saudi Arabia",
        "time_position": 1789756313,
        "last_contact": 1789756313,
        "baro_altitude": 4632.96,
        "on_ground": false,
        "velocity": 191.24,
        "true_track": 299.67,
        "vertical_rate": -10.08,
        "geo_altitude": 4846.32,
        "squawk": "5341",
        "spi": false,
        "position_source": 0
      }
    },
    {
      "type": "Feature",
      "geometry": {
        "type": "Point",
        "coordinates": [
          15.4354,
          37.4577
        ]
      },
      "properties": {
        "icao24": "4d213e",
        "callsign": "WMT376",
        "origin_country": "Malta",
        "time_position": 1789756313,
        "last_contact": 1789756313,
        "baro_altitude": 1287.78,
        "on_ground": false,
        "velocity": 113.14,
        "true_track": 286.37,
        "vertical_rate": -3.9,
        "geo_altitude": 1432.56,
        "squawk": "6304",
        "spi": false,
        "position_source": 0
      }
    },
    {
      "type": "Feature",
      "geometry": {
        "type": "Point",
        "coordinates": [
          8.5485,
          47.4493
        ]
      },
      "properties": {
        "icao24": "4d2132",
        "callsign": "VJT968",
        "origin_country": "Malta",
        "time_position": 1789756285,
        "last_contact": 1789756294,
        "baro_altitude": 365.76,
        "on_ground": true,
        "velocity": 0,
        "true_track": 289.69,
        "vertical_rate": null,
        "geo_altitude": null,
        "squawk": "2000",
        "spi": false,
        "position_source": 0
      }
    },
    {
      "type": "Feature",
      "geometry": {
        "type": "Point",
        "coordinates": [
          18.8537,
          43.6576
        ]
      },
      "properties": {
        "icao24": "4d2145",
        "callsign": "WMT5MR",
        "origin_country": "Malta",
        "time_position": 1789756312,
        "last_contact": 1789756312,
        "baro_altitude": 10363.2,
        "on_ground": false,
        "velocity": 212.07,
        "true_track": 254.38,
        "vertical_rate": 0,
        "geo_altitude": 10782.3,
        "squawk": "2215",
        "spi": false,
        "position_source": 0
      }
    },
    {
      "type": "Feature",
      "geometry": {
        "type": "Point",
        "coordinates": [
          7.6578,
          46.4927
        ]
      },
      "properties": {
        "icao24": "3c54a3",
        "callsign": "EWG3CN",
        "origin_country": "Germany",
        "time_position": 1789756313,
        "last_contact": 1789756313,
        "baro_altitude": 10980.42,
        "on_ground": false,
        "velocity": 212.8,
        "true_track": 31.15,
        "vertical_rate": -0.33,
        "geo_altitude": 11353.8,
        "squawk": "1040",
        "spi": false,
        "position_source": 0
      }
    },
    {
      "type": "Feature",
      "geometry": {
        "type": "Point",
        "coordinates": [
          7.1545,
          43.6537
        ]
      },
      "properties": {
        "icao24": "4081bc",
        "callsign": "BAW333",
        "origin_country": "United Kingdom",
        "time_position": 1789756312,
        "last_contact": 1789756312,
        "baro_altitude": 3459.48,
        "on_ground": false,
        "velocity": 140.42,
        "true_track": 314.7,
        "vertical_rate": 6.83,
        "geo_altitude": 3634.74,
        "squawk": "6761",
        "spi": false,
        "position_source": 0
      }
    },
    {
      "type": "Feature",
      "geometry": {
        "type": "Point",
        "coordinates": [
          10.4913,
          45.6498
        ]
      },
      "properties": {
        "icao24": "4d207a",
        "callsign": "AEZ2913",
        "origin_country": "Malta",
        "time_position": 1789756313,
        "last_contact": 1789756313,
        "baro_altitude": 4572,
        "on_ground": false,
        "velocity": 145.12,
        "true_track": 91.42,
        "vertical_rate": 0,
        "geo_altitude": 4770.12,
        "squawk": "6333",
        "spi": false,
        "position_source": 0
      }
    },
    {
      "type": "Feature",
      "geometry": {
        "type": "Point",
        "coordinates": [
          8.4372,
          47.7218
        ]
      },
      "properties": {
        "icao24": "4081a9",
        "callsign": "EXS36BG",
        "origin_country": "United Kingdom",
        "time_position": 1789756312,
        "last_contact": 1789756313,
        "baro_altitude": 11285.22,
        "on_ground": false,
        "velocity": 237.69,
        "true_track": 104.16,
        "vertical_rate": -0.33,
        "geo_altitude": 11650.98,
        "squawk": "7313",
        "spi": false,
        "position_source": 0
      }
    },
    {
      "type": "Feature",
      "geometry": {
        "type": "Point",
        "coordinates": [
          15.5455,
          43.4483
        ]
      },
      "properties": {
        "icao24": "4b18bb",
        "callsign": "EDW46Y",
        "origin_country": "Switzerland",
        "time_position": 1789756162,
        "last_contact": 1789756162,
        "baro_altitude": 2278.38,
        "on_ground": false,
        "velocity": 149.09,
        "true_track": 116.21,
        "vertical_rate": -7.8,
        "geo_altitude": 2788.92,
        "squawk": "1000",
        "spi": false,
        "position_source": 0
      }
    },
    {
      "type": "Feature",
      "geometry": {
        "type": "Point",
        "coordinates": [
          7.6024,
          46.8509
        ]
      },
      "properties": {
        "icao24": "4b18f3",
        "callsign": "EDW25H",
        "origin_country": "Switzerland",
        "time_position": 1789756312,
        "last_contact": 1789756312,
        "baro_altitude": 6743.7,
        "on_ground": false,
        "velocity": 215.07,
        "true_track": 48.69,
        "vertical_rate": -4.88,
        "geo_altitude": 7048.5,
        "squawk": "1000",
        "spi": false,
        "position_source": 0
      }
    },
    {
      "type": "Feature",
      "geometry": {
        "type": "Point",
        "coordinates": [
          13.1252,
          47.1308
        ]
      },
      "properties": {
        "icao24": "4b18f4",
        "callsign": "EDW187",
        "origin_country": "Switzerland",
        "time_position": 1789756312,
        "last_contact": 1789756312,
        "baro_altitude": 11582.4,
        "on_ground": false,
        "velocity": 219.61,
        "true_track": 298.55,
        "vertical_rate": 0.33,
        "geo_altitude": 11925.3,
        "squawk": "3230",
        "spi": false,
        "position_source": 0
      }
    },
    {
      "type": "Feature",
      "geometry": {
        "type": "Point",
        "coordinates": [
          9.6731,
          46.6199
        ]
      },
      "properties": {
        "icao24": "4b18f5",
        "callsign": "EDW36J",
        "origin_country": "Switzerland",
        "time_position": 1789756313,
        "last_contact": 1789756313,
        "baro_altitude": 9144,
        "on_ground": false,
        "velocity": 210.42,
        "true_track": 298.63,
        "vertical_rate": 0,
        "geo_altitude": 9471.66,
        "squawk": "1000",
        "spi": false,
        "position_source": 0
      }
    },
    {
      "type": "Feature",
      "geometry": {
        "type": "Point",
        "coordinates": [
          11.8984,
          41.7685
        ]
      },
      "properties": {
        "icao24": "4d208e",
        "callsign": "WMT6VM",
        "origin_country": "Malta",
        "time_position": 1789756312,
        "last_contact": 1789756312,
        "baro_altitude": 10980.42,
        "on_ground": false,
        "velocity": 222.63,
        "true_track": 318.28,
        "vertical_rate": -0.65,
        "geo_altitude": 11384.28,
        "squawk": "1000",
        "spi": false,
        "position_source": 0
      }
    },
    {
      "type": "Feature",
      "geometry": {
        "type": "Point",
        "coordinates": [
          12.2736,
          42.2342
        ]
      },
      "properties": {
        "icao24": "4d2090",
        "callsign": "WZZ2755",
        "origin_country": "Malta",
        "time_position": 1789756312,
        "last_contact": 1789756312,
        "baro_altitude": 1965.96,
        "on_ground": false,
        "velocity": 127.32,
        "true_track": 315.33,
        "vertical_rate": -3.58,
        "geo_altitude": 2118.36,
        "squawk": null,
        "spi": false,
        "position_source": 0
      }
    },
    {
      "type": "Feature",
      "geometry": {
        "type": "Point",
        "coordinates": [
          12.283,
          45.4514
        ]
      },
      "properties": {
        "icao24": "4d2092",
        "callsign": "WMT314",
        "origin_country": "Malta",
        "time_position": 1789756313,
        "last_contact": 1789756313,
        "baro_altitude": 327.66,
        "on_ground": false,
        "velocity": 63.74,
        "true_track": 42.06,
        "vertical_rate": -2.93,
        "geo_altitude": 403.86,
        "squawk": "4745",
        "spi": false,
        "position_source": 0
      }
    },
    {
      "type": "Feature",
      "geometry": {
        "type": "Point",
        "coordinates": [
          17.7743,
          43.9503
        ]
      },
      "properties": {
        "icao24": "4b193e",
        "callsign": "CSW631",
        "origin_country": "Switzerland",
        "time_position": 1789756312,
        "last_contact": 1789756313,
        "baro_altitude": 10972.8,
        "on_ground": false,
        "velocity": 227.77,
        "true_track": 313.72,
        "vertical_rate": 0,
        "geo_altitude": 11376.66,
        "squawk": "4325",
        "spi": false,
        "position_source": 0
      }
    },
    {
      "type": "Feature",
      "geometry": {
        "type": "Point",
        "coordinates": [
          8.3486,
          47.6189
        ]
      },
      "properties": {
        "icao24": "4b194d",
        "callsign": "SWR42V",
        "origin_country": "Switzerland",
        "time_position": 1789756312,
        "last_contact": 1789756312,
        "baro_altitude": 1463.04,
        "on_ground": false,
        "velocity": 105.56,
        "true_track": 136.97,
        "vertical_rate": -5.53,
        "geo_altitude": 1600.2,
        "squawk": "1000",
        "spi": false,
        "position_source": 0
      }
    },
    {
      "type": "Feature",
      "geometry": {
        "type": "Point",
        "coordinates": [
          12.5783,
          47.5965
        ]
      },
      "properties": {
        "icao24": "4692d7",
        "callsign": "AEE503",
        "origin_country": "Greece",
        "time_position": 1789756312,
        "last_contact": 1789756312,
        "baro_altitude": 7139.94,
        "on_ground": false,
        "velocity": 227.63,
        "true_track": 137.84,
        "vertical_rate": 7.48,
        "geo_altitude": 7391.4,
        "squawk": "5572",
        "spi": false,
        "position_source": 0
      }
    },
    {
      "type": "Feature",
      "geometry": {
        "type": "Point",
        "coordinates": [
          9.4947,
          44.472
        ]
      },
      "properties": {
        "icao24": "4d201d",
        "callsign": "WMT9589",
        "origin_country": "Malta",
        "time_position": 1789756313,
        "last_contact": 1789756313,
        "baro_altitude": 9151.62,
        "on_ground": false,
        "velocity": 213.05,
        "true_track": 260.97,
        "vertical_rate": -4.88,
        "geo_altitude": 9509.76,
        "squawk": "1000",
        "spi": false,
        "position_source": 0
      }
    },
    {
      "type": "Feature",
      "geometry": {
        "type": "Point",
        "coordinates": [
          6.4259,
          40.979
        ]
      },
      "properties": {
        "icao24": "4d201f",
        "callsign": "WMT7SE",
        "origin_country": "Malta",
        "time_position": 1789756312,
        "last_contact": 1789756312,
        "baro_altitude": 11277.6,
        "on_ground": false,
        "velocity": 214.13,
        "true_track": 275.93,
        "vertical_rate": 0,
        "geo_altitude": 11704.32,
        "squawk": "1000",
        "spi": false,
        "position_source": 0
      }
    },
    {
      "type": "Feature",
      "geometry": {
        "type": "Point",
        "coordinates": [
          16.4783,
          45.8618
        ]
      },
      "properties": {
        "icao24": "4d2049",
        "callsign": "WMT7491",
        "origin_country": "Malta",
        "time_position": 1789756312,
        "last_contact": 1789756312,
        "baro_altitude": 10972.8,
        "on_ground": false,
        "velocity": 219.25,
        "true_track": 281.92,
        "vertical_rate": -0.33,
        "geo_altitude": 11353.8,
        "squawk": "4154",
        "spi": false,
        "position_source": 0
      }
    },
    {
      "type": "Feature",
      "geometry": {
        "type": "Point",
        "coordinates": [
          10.9579,
          45.146
        ]
      },
      "properties": {
        "icao24": "4d202d",
        "callsign": "SWU1967",
        "origin_country": "Malta",
        "time_position": 1789756313,
        "last_contact": 1789756313,
        "baro_altitude": 6240.78,
        "on_ground": false,
        "velocity": 176.71,
        "true_track": 5.35,
        "vertical_rate": -4.88,
        "geo_altitude": 6522.72,
        "squawk": "1000",
        "spi": false,
        "position_source": 0
      }
    },
    {
      "type": "Feature",
      "geometry": {
        "type": "Point",
        "coordinates": [
          8.0536,
          46.8503
        ]
      },
      "properties": {
        "icao24": "4d2043",
        "callsign": "HAT365P",
        "origin_country": "Malta",
        "time_position": 1789756313,
        "last_contact": 1789756313,
        "baro_altitude": 7620,
        "on_ground": false,
        "velocity": 231.9,
        "true_track": 157.02,
        "vertical_rate": 0,
        "geo_altitude": null,
        "squawk": "1000",
        "spi": false,
        "position_source": 0
      }
    },
    {
      "type": "Feature",
      "geometry": {
        "type": "Point",
        "coordinates": [
          11.8359,
          46.011
        ]
      },
      "properties": {
        "icao24": "4d2014",
        "callsign": "EWG6PC",
        "origin_country": "Malta",
        "time_position": 1789756313,
        "last_contact": 1789756313,
        "baro_altitude": 10972.8,
        "on_ground": false,
        "velocity": 233.81,
        "true_track": 329.6,
        "vertical_rate": -0.33,
        "geo_altitude": 11346.18,
        "squawk": "5533",
        "spi": false,
        "position_source": 0
      }
    },
    {
      "type": "Feature",
      "geometry": {
        "type": "Point",
        "coordinates": [
          7.5304,
          47.5977
        ]
      },
      "properties": {
        "icao24": "3c66a2",
        "callsign": "DLH6VU",
        "origin_country": "Germany",
        "time_position": 1789756307,
        "last_contact": 1789756313,
        "baro_altitude": null,
        "on_ground": true,
        "velocity": 2.57,
        "true_track": 320.62,
        "vertical_rate": null,
        "geo_altitude": null,
        "squawk": null,
        "spi": false,
        "position_source": 0
      }
    },
    {
      "type": "Feature",
      "geometry": {
        "type": "Point",
        "coordinates": [
          11.2275,
          47.2653
        ]
      },
      "properties": {
        "icao24": "3c66b7",
        "callsign": "OCN3RH",
        "origin_country": "Germany",
        "time_position": 1789756313,
        "last_contact": 1789756313,
        "baro_altitude": 7559.04,
        "on_ground": false,
        "velocity": 231.01,
        "true_track": 16.3,
        "vertical_rate": -7.8,
        "geo_altitude": 7863.84,
        "squawk": "6322",
        "spi": false,
        "position_source": 0
      }
    },
    {
      "type": "Feature",
      "geometry": {
        "type": "Point",
        "coordinates": [
          15.533,
          38.6324
        ]
      },
      "properties": {
        "icao24": "4d200e",
        "callsign": "WZZ427",
        "origin_country": "Malta",
        "time_position": 1789756312,
        "last_contact": 1789756312,
        "baro_altitude": 10363.2,
        "on_ground": false,
        "velocity": 238.45,
        "true_track": 21.25,
        "vertical_rate": -0.33,
        "geo_altitude": 10850.88,
        "squawk": "6571",
        "spi": false,
        "position_source": 0
      }
    },
    {
      "type": "Feature",
      "geometry": {
        "type": "Point",
        "coordinates": [
          14.1933,
          46.546
        ]
      },
      "properties": {
        "icao24": "4082cb",
        "callsign": "TOM62G",
        "origin_country": "United Kingdom",
        "time_position": 1789756312,
        "last_contact": 1789756312,
        "baro_altitude": 11887.2,
        "on_ground": false,
        "velocity": 239.32,
        "true_track": 139.36,
        "vertical_rate": -0.33,
        "geo_altitude": 12237.72,
        "squawk": "0573",
        "spi": false,
        "position_source": 0
      }
    },
    {
      "type": "Feature",
      "geometry": {
        "type": "Point",
        "coordinates": [
          8.5529,
          47.4554
        ]
      },
      "properties": {
        "icao24": "4b17e6",
        "callsign": "SWR204K",
        "origin_country": "Switzerland",
        "time_position": 1789756313,
        "last_contact": 1789756313,
        "baro_altitude": null,
        "on_ground": true,
        "velocity": 10.8,
        "true_track": 165.94,
        "vertical_rate": null,
        "geo_altitude": null,
        "squawk": "1000",
        "spi": false,
        "position_source": 0
      }
    },
    {
      "type": "Feature",
      "geometry": {
        "type": "Point",
        "coordinates": [
          12.2639,
          44.8157
        ]
      },
      "properties": {
        "icao24": "3481c9",
        "callsign": "BCS34W",
        "origin_country": "Spain",
        "time_position": 1789756313,
        "last_contact": 1789756313,
        "baro_altitude": 10972.8,
        "on_ground": false,
        "velocity": 229.7,
        "true_track": 284.13,
        "vertical_rate": 0.33,
        "geo_altitude": 11353.8,
        "squawk": "4156",
        "spi": false,
        "position_source": 0
      }
    },
    {
      "type": "Feature",
      "geometry": {
        "type": "Point",
        "coordinates": [
          15.8457,
          36.4704
        ]
      },
      "properties": {
        "icao24": "44b664",
        "callsign": "OSPREY4",
        "origin_country": "Belgium",
        "time_position": 1789756312,
        "last_contact": 1789756312,
        "baro_altitude": 1805.94,
        "on_ground": false,
        "velocity": 57.07,
        "true_track": 242.05,
        "vertical_rate": -0.33,
        "geo_altitude": 1950.72,
        "squawk": "7000",
        "spi": false,
        "position_source": 0
      }
    },
    {
      "type": "Feature",
      "geometry": {
        "type": "Point",
        "coordinates": [
          6.5626,
          43.1863
        ]
      },
      "properties": {
        "icao24": "4caa58",
        "callsign": "RYR17RY",
        "origin_country": "Ireland",
        "time_position": 1789756312,
        "last_contact": 1789756312,
        "baro_altitude": 10584.18,
        "on_ground": false,
        "velocity": 234.97,
        "true_track": 40.56,
        "vertical_rate": -2.6,
        "geo_altitude": 10965.18,
        "squawk": "1454",
        "spi": false,
        "position_source": 0
      }
    },
    {
      "type": "Feature",
      "geometry": {
        "type": "Point",
        "coordinates": [
          8.7164,
          45.6266
        ]
      },
      "properties": {
        "icao24": "451cc1",
        "callsign": "ASL14G",
        "origin_country": "Bulgaria",
        "time_position": 1789756306,
        "last_contact": 1789756308,
        "baro_altitude": null,
        "on_ground": true,
        "velocity": 2.06,
        "true_track": 345.94,
        "vertical_rate": null,
        "geo_altitude": null,
        "squawk": "1000",
        "spi": false,
        "position_source": 0
      }
    },
    {
      "type": "Feature",
      "geometry": {
        "type": "Point",
        "coordinates": [
          18.9072,
          42.3794
        ]
      },
      "properties": {
        "icao24": "458666",
        "callsign": "CAT326",
        "origin_country": "Denmark",
        "time_position": 1789756286,
        "last_contact": 1789756296,
        "baro_altitude": 11582.4,
        "on_ground": false,
        "velocity": 237.6,
        "true_track": 338.94,
        "vertical_rate": 0,
        "geo_altitude": 12016.74,
        "squawk": null,
        "spi": false,
        "position_source": 0
      }
    }
  ]
}