{
  "type": "FeatureCollection",
  "source": "opensky",
  "dataset": "aircraft_italy",
  "generated_at": "2026-08-21T20:36:34.186634+00:00",
  "opensky_time": 1787344585,
  "count": 566,
  "features": [
    {
      "type": "Feature",
      "geometry": {
        "type": "Point",
        "coordinates": [
          7.2161,
          45.7947
        ]
      },
      "properties": {
        "icao24": "39de49",
        "callsign": "TVF54ZV",
        "origin_country": "France",
        "time_position": 1787344585,
        "last_contact": 1787344585,
        "baro_altitude": 8534.4,
        "on_ground": false,
        "velocity": 210.99,
        "true_track": 315.2,
        "vertical_rate": 0,
        "geo_altitude": 8900.16,
        "squawk": "1000",
        "spi": false,
        "position_source": 0
      }
    },
    {
      "type": "Feature",
      "geometry": {
        "type": "Point",
        "coordinates": [
          8.0596,
          47.6725
        ]
      },
      "properties": {
        "icao24": "44028c",
        "callsign": "EJU87VQ",
        "origin_country": "Austria",
        "time_position": 1787344585,
        "last_contact": 1787344585,
        "baro_altitude": 6073.14,
        "on_ground": false,
        "velocity": 137.86,
        "true_track": 214.82,
        "vertical_rate": 14.31,
        "geo_altitude": 6248.4,
        "squawk": "3077",
        "spi": false,
        "position_source": 0
      }
    },
    {
      "type": "Feature",
      "geometry": {
        "type": "Point",
        "coordinates": [
          6.3588,
          47.1211
        ]
      },
      "properties": {
        "icao24": "44028a",
        "callsign": "EJU92CZ",
        "origin_country": "Austria",
        "time_position": 1787344585,
        "last_contact": 1787344585,
        "baro_altitude": 9646.92,
        "on_ground": false,
        "velocity": 187.88,
        "true_track": 220.67,
        "vertical_rate": 7.48,
        "geo_altitude": 9883.14,
        "squawk": "6730",
        "spi": false,
        "position_source": 0
      }
    },
    {
      "type": "Feature",
      "geometry": {
        "type": "Point",
        "coordinates": [
          18.8089,
          45.3468
        ]
      },
      "properties": {
        "icao24": "511171",
        "callsign": "CFG1FM",
        "origin_country": "Estonia",
        "time_position": 1787344585,
        "last_contact": 1787344585,
        "baro_altitude": 9768.84,
        "on_ground": false,
        "velocity": 234.46,
        "true_track": 284.62,
        "vertical_rate": -0.33,
        "geo_altitude": 10302.24,
        "squawk": "7210",
        "spi": false,
        "position_source": 0
      }
    },
    {
      "type": "Feature",
      "geometry": {
        "type": "Point",
        "coordinates": [
          10.3529,
          46.2499
        ]
      },
      "properties": {
        "icao24": "47b217",
        "callsign": "IGO24V",
        "origin_country": "Norway",
        "time_position": 1787344585,
        "last_contact": 1787344585,
        "baro_altitude": 10668,
        "on_ground": false,
        "velocity": 282.19,
        "true_track": 129.38,
        "vertical_rate": -0.33,
        "geo_altitude": 11056.62,
        "squawk": "2266",
        "spi": false,
        "position_source": 0
      }
    },
    {
      "type": "Feature",
      "geometry": {
        "type": "Point",
        "coordinates": [
          17.9565,
          39.6344
        ]
      },
      "properties": {
        "icao24": "471efe",
        "callsign": "WMT2U",
        "origin_country": "Hungary",
        "time_position": 1787344585,
        "last_contact": 1787344585,
        "baro_altitude": 10668,
        "on_ground": false,
        "velocity": 228.07,
        "true_track": 211.25,
        "vertical_rate": 0,
        "geo_altitude": 11277.6,
        "squawk": null,
        "spi": false,
        "position_source": 0
      }
    },
    {
      "type": "Feature",
      "geometry": {
        "type": "Point",
        "coordinates": [
          11.7296,
          44.3522
        ]
      },
      "properties": {
        "icao24": "471eff",
        "callsign": "WMT4XC",
        "origin_country": "Hungary",
        "time_position": 1787344585,
        "last_contact": 1787344585,
        "baro_altitude": 9273.54,
        "on_ground": false,
        "velocity": 202.3,
        "true_track": 300.74,
        "vertical_rate": -5.2,
        "geo_altitude": 9738.36,
        "squawk": "2631",
        "spi": false,
        "position_source": 0
      }
    },
    {
      "type": "Feature",
      "geometry": {
        "type": "Point",
        "coordinates": [
          12.5034,
          43.0958
        ]
      },
      "properties": {
        "icao24": "471efd",
        "callsign": "WMT6Z",
        "origin_country": "Hungary",
        "time_position": 1787344576,
        "last_contact": 1787344581,
        "baro_altitude": null,
        "on_ground": true,
        "velocity": 0,
        "true_track": 286.88,
        "vertical_rate": null,
        "geo_altitude": null,
        "squawk": null,
        "spi": false,
        "position_source": 0
      }
    },
    {
      "type": "Feature",
      "geometry": {
        "type": "Point",
        "coordinates": [
          17.7783,
          46.8755
        ]
      },
      "properties": {
        "icao24": "44023f",
        "callsign": "EJU86JL",
        "origin_country": "Austria",
        "time_position": 1787344585,
        "last_contact": 1787344585,
        "baro_altitude": 7741.92,
        "on_ground": false,
        "velocity": 189.86,
        "true_track": 244.82,
        "vertical_rate": 7.48,
        "geo_altitude": 8145.78,
        "squawk": "1000",
        "spi": false,
        "position_source": 0
      }
    },
    {
      "type": "Feature",
      "geometry": {
        "type": "Point",
        "coordinates": [
          16.2118,
          43.6262
        ]
      },
      "properties": {
        "icao24": "46b82c",
        "callsign": "AEE3DW",
        "origin_country": "Greece",
        "time_position": 1787344583,
        "last_contact": 1787344585,
        "baro_altitude": 10370.82,
        "on_ground": false,
        "velocity": 231.2,
        "true_track": 312.57,
        "vertical_rate": 0.33,
        "geo_altitude": 10919.46,
        "squawk": "5520",
        "spi": false,
        "position_source": 0
      }
    },
    {
      "type": "Feature",
      "geometry": {
        "type": "Point",
        "coordinates": [
          10.8132,
          40.8068
        ]
      },
      "properties": {
        "icao24": "440209",
        "callsign": "EJU73WK",
        "origin_country": "Austria",
        "time_position": 1787344584,
        "last_contact": 1787344584,
        "baro_altitude": 8214.36,
        "on_ground": false,
        "velocity": 219.26,
        "true_track": 85.69,
        "vertical_rate": 1.95,
        "geo_altitude": 8740.14,
        "squawk": null,
        "spi": false,
        "position_source": 0
      }
    },
    {
      "type": "Feature",
      "geometry": {
        "type": "Point",
        "coordinates": [
          11.8867,
          45.9508
        ]
      },
      "properties": {
        "icao24": "46b827",
        "callsign": "AEE615",
        "origin_country": "Greece",
        "time_position": 1787344585,
        "last_contact": 1787344585,
        "baro_altitude": 10058.4,
        "on_ground": false,
        "velocity": 258.54,
        "true_track": 123.31,
        "vertical_rate": -0.33,
        "geo_altitude": 10469.88,
        "squawk": "0671",
        "spi": false,
        "position_source": 0
      }
    },
    {
      "type": "Feature",
      "geometry": {
        "type": "Point",
        "coordinates": [
          8.7279,
          45.6123
        ]
      },
      "properties": {
        "icao24": "440224",
        "callsign": "EJU3647",
        "origin_country": "Austria",
        "time_position": 1787344585,
        "last_contact": 1787344585,
        "baro_altitude": null,
        "on_ground": true,
        "velocity": 22.12,
        "true_track": 351.56,
        "vertical_rate": null,
        "geo_altitude": null,
        "squawk": "3756",
        "spi": false,
        "position_source": 0
      }
    },
    {
      "type": "Feature",
      "geometry": {
        "type": "Point",
        "coordinates": [
          15.2025,
          46.1889
        ]
      },
      "properties": {
        "icao24": "471f9f",
        "callsign": "WMT6108",
        "origin_country": "Hungary",
        "time_position": 1787344585,
        "last_contact": 1787344585,
        "baro_altitude": 10378.44,
        "on_ground": false,
        "velocity": 237.66,
        "true_track": 324.69,
        "vertical_rate": -0.33,
        "geo_altitude": 10850.88,
        "squawk": "5614",
        "spi": false,
        "position_source": 0
      }
    },
    {
      "type": "Feature",
      "geometry": {
        "type": "Point",
        "coordinates": [
          18.8541,
          44.5861
        ]
      },
      "properties": {
        "icao24": "471f6e",
        "callsign": "WMT4GW",
        "origin_country": "Hungary",
        "time_position": 1787344583,
        "last_contact": 1787344585,
        "baro_altitude": 11262.36,
        "on_ground": false,
        "velocity": 236.23,
        "true_track": 83.25,
        "vertical_rate": 0,
        "geo_altitude": 11826.24,
        "squawk": "1347",
        "spi": false,
        "position_source": 0
      }
    },
    {
      "type": "Feature",
      "geometry": {
        "type": "Point",
        "coordinates": [
          13.0946,
          42.2143
        ]
      },
      "properties": {
        "icao24": "471f65",
        "callsign": "WMT3639",
        "origin_country": "Hungary",
        "time_position": 1787344585,
        "last_contact": 1787344585,
        "baro_altitude": 10972.8,
        "on_ground": false,
        "velocity": 225.64,
        "true_track": 285.34,
        "vertical_rate": 0,
        "geo_altitude": 11559.54,
        "squawk": "6042",
        "spi": false,
        "position_source": 0
      }
    },
    {
      "type": "Feature",
      "geometry": {
        "type": "Point",
        "coordinates": [
          15.0988,
          42.0617
        ]
      },
      "properties": {
        "icao24": "471f71",
        "callsign": "WMT5AJ",
        "origin_country": "Hungary",
        "time_position": 1787344585,
        "last_contact": 1787344585,
        "baro_altitude": 11277.6,
        "on_ground": false,
        "velocity": 245.64,
        "true_track": 74.45,
        "vertical_rate": 0,
        "geo_altitude": 11856.72,
        "squawk": "1203",
        "spi": false,
        "position_source": 0
      }
    },
    {
      "type": "Feature",
      "geometry": {
        "type": "Point",
        "coordinates": [
          17.74,
          44.1929
        ]
      },
      "properties": {
        "icao24": "51119b",
        "callsign": "MBU6147",
        "origin_country": "Estonia",
        "time_position": 1787344585,
        "last_contact": 1787344585,
        "baro_altitude": 11597.64,
        "on_ground": false,
        "velocity": 240.56,
        "true_track": 338.81,
        "vertical_rate": -0.33,
        "geo_altitude": 12169.14,
        "squawk": "2067",
        "spi": false,
        "position_source": 0
      }
    },
    {
      "type": "Feature",
      "geometry": {
        "type": "Point",
        "coordinates": [
          13.4112,
          45.523
        ]
      },
      "properties": {
        "icao24": "471f44",
        "callsign": "WZZ478",
        "origin_country": "Hungary",
        "time_position": 1787344585,
        "last_contact": 1787344585,
        "baro_altitude": 10668,
        "on_ground": false,
        "velocity": 251.72,
        "true_track": 51.14,
        "vertical_rate": 0,
        "geo_altitude": 11140.44,
        "squawk": "1000",
        "spi": false,
        "position_source": 0
      }
    },
    {
      "type": "Feature",
      "geometry": {
        "type": "Point",
        "coordinates": [
          13.3178,
          47.0512
        ]
      },
      "properties": {
        "icao24": "4400dc",
        "callsign": "EJU43NL",
        "origin_country": "Austria",
        "time_position": 1787344585,
        "last_contact": 1787344585,
        "baro_altitude": 11590.02,
        "on_ground": false,
        "velocity": 265.89,
        "true_track": 13.77,
        "vertical_rate": 0,
        "geo_altitude": 12024.36,
        "squawk": "1000",
        "spi": false,
        "position_source": 0
      }
    },
    {
      "type": "Feature",
      "geometry": {
        "type": "Point",
        "coordinates": [
          10.5666,
          47.3808
        ]
      },
      "properties": {
        "icao24": "471f55",
        "callsign": "WMT483",
        "origin_country": "Hungary",
        "time_position": 1787344585,
        "last_contact": 1787344585,
        "baro_altitude": 11269.98,
        "on_ground": false,
        "velocity": 268.2,
        "true_track": 83.5,
        "vertical_rate": -0.33,
        "geo_altitude": 11582.4,
        "squawk": "0664",
        "spi": false,
        "position_source": 0
      }
    },
    {
      "type": "Feature",
      "geometry": {
        "type": "Point",
        "coordinates": [
          15.4041,
          44.8647
        ]
      },
      "properties": {
        "icao24": "471f35",
        "callsign": "WZZ941",
        "origin_country": "Hungary",
        "time_position": 1787344585,
        "last_contact": 1787344585,
        "baro_altitude": 10660.38,
        "on_ground": false,
        "velocity": 236.32,
        "true_track": 103.85,
        "vertical_rate": 1.3,
        "geo_altitude": 11186.16,
        "squawk": "0401",
        "spi": false,
        "position_source": 0
      }
    },
    {
      "type": "Feature",
      "geometry": {
        "type": "Point",
        "coordinates": [
          9.3981,
          43.7261
        ]
      },
      "properties": {
        "icao24": "471f36",
        "callsign": "WZZ168",
        "origin_country": "Hungary",
        "time_position": 1787344585,
        "last_contact": 1787344585,
        "baro_altitude": 10972.8,
        "on_ground": false,
        "velocity": 260.02,
        "true_track": 42.27,
        "vertical_rate": 0,
        "geo_altitude": 11490.96,
        "squawk": "5306",
        "spi": false,
        "position_source": 0
      }
    },
    {
      "type": "Feature",
      "geometry": {
        "type": "Point",
        "coordinates": [
          11.4234,
          46.1227
        ]
      },
      "properties": {
        "icao24": "471f05",
        "callsign": "WZZ6771",
        "origin_country": "Hungary",
        "time_position": 1787344585,
        "last_contact": 1787344585,
        "baro_altitude": 10050.78,
        "on_ground": false,
        "velocity": 264.59,
        "true_track": 124.86,
        "vertical_rate": 0,
        "geo_altitude": 10408.92,
        "squawk": "0537",
        "spi": false,
        "position_source": 0
      }
    },
    {
      "type": "Feature",
      "geometry": {
        "type": "Point",
        "coordinates": [
          18.6395,
          43.6796
        ]
      },
      "properties": {
        "icao24": "407b54",
        "callsign": "WUK243",
        "origin_country": "United Kingdom",
        "time_position": 1787344584,
        "last_contact": 1787344584,
        "baro_altitude": 10668,
        "on_ground": false,
        "velocity": 239.99,
        "true_track": 132.31,
        "vertical_rate": 0,
        "geo_altitude": 11269.98,
        "squawk": "4742",
        "spi": false,
        "position_source": 0
      }
    },
    {
      "type": "Feature",
      "geometry": {
        "type": "Point",
        "coordinates": [
          10.747,
          43.3732
        ]
      },
      "properties": {
        "icao24": "39cc8a",
        "callsign": "CRL910",
        "origin_country": "France",
        "time_position": 1787344585,
        "last_contact": 1787344585,
        "baro_altitude": 10668,
        "on_ground": false,
        "velocity": 268.88,
        "true_track": 125.03,
        "vertical_rate": -0.33,
        "geo_altitude": 11193.78,
        "squawk": "7671",
        "spi": false,
        "position_source": 0
      }
    },
    {
      "type": "Feature",
      "geometry": {
        "type": "Point",
        "coordinates": [
          8.9226,
          45.2523
        ]
      },
      "properties": {
        "icao24": "440389",
        "callsign": "EJU896H",
        "origin_country": "Austria",
        "time_position": 1787344585,
        "last_contact": 1787344585,
        "baro_altitude": 7406.64,
        "on_ground": false,
        "velocity": 226.25,
        "true_track": 141.46,
        "vertical_rate": 6.83,
        "geo_altitude": 7711.44,
        "squawk": "1000",
        "spi": false,
        "position_source": 0
      }
    },
    {
      "type": "Feature",
      "geometry": {
        "type": "Point",
        "coordinates": [
          13.4796,
          47.762
        ]
      },
      "properties": {
        "icao24": "4aca46",
        "callsign": "NSZ4360",
        "origin_country": "Sweden",
        "time_position": 1787344585,
        "last_contact": 1787344585,
        "baro_altitude": 11582.4,
        "on_ground": false,
        "velocity": 264.6,
        "true_track": 12.58,
        "vertical_rate": 0.65,
        "geo_altitude": 11978.64,
        "squawk": "1000",
        "spi": false,
        "position_source": 0
      }
    },
    {
      "type": "Feature",
      "geometry": {
        "type": "Point",
        "coordinates": [
          14.0302,
          47.4408
        ]
      },
      "properties": {
        "icao24": "471fa1",
        "callsign": "WZZ212T",
        "origin_country": "Hungary",
        "time_position": 1787344585,
        "last_contact": 1787344585,
        "baro_altitude": 10363.2,
        "on_ground": false,
        "velocity": 255.48,
        "true_track": 52.69,
        "vertical_rate": 0.33,
        "geo_altitude": 10767.06,
        "squawk": "1000",
        "spi": false,
        "position_source": 0
      }
    },
    {
      "type": "Feature",
      "geometry": {
        "type": "Point",
        "coordinates": [
          11.7323,
          45.6899
        ]
      },
      "properties": {
        "icao24": "44034b",
        "callsign": "EJU79JH",
        "origin_country": "Austria",
        "time_position": 1787344585,
        "last_contact": 1787344585,
        "baro_altitude": 11277.6,
        "on_ground": false,
        "velocity": 214.68,
        "true_track": 177.8,
        "vertical_rate": -0.33,
        "geo_altitude": 11711.94,
        "squawk": "1000",
        "spi": false,
        "position_source": 0
      }
    },
    {
      "type": "Feature",
      "geometry": {
        "type": "Point",
        "coordinates": [
          14.8804,
          44.7498
        ]
      },
      "properties": {
        "icao24": "471fac",
        "callsign": "WZZ9193",
        "origin_country": "Hungary",
        "time_position": 1787344585,
        "last_contact": 1787344585,
        "baro_altitude": 10058.4,
        "on_ground": false,
        "velocity": 234.44,
        "true_track": 116.45,
        "vertical_rate": -0.33,
        "geo_altitude": 10553.7,
        "squawk": "0240",
        "spi": false,
        "position_source": 0
      }
    },
    {
      "type": "Feature",
      "geometry": {
        "type": "Point",
        "coordinates": [
          14.9515,
          45.0363
        ]
      },
      "properties": {
        "icao24": "471fad",
        "callsign": "WZZ544",
        "origin_country": "Hungary",
        "time_position": 1787344585,
        "last_contact": 1787344585,
        "baro_altitude": 10355.58,
        "on_ground": false,
        "velocity": 249.7,
        "true_track": 47,
        "vertical_rate": 0,
        "geo_altitude": 10873.74,
        "squawk": "1000",
        "spi": false,
        "position_source": 0
      }
    },
    {
      "type": "Feature",
      "geometry": {
        "type": "Point",
        "coordinates": [
          9.2786,
          45.4311
        ]
      },
      "properties": {
        "icao24": "34324e",
        "callsign": "IBE06HG",
        "origin_country": "Spain",
        "time_position": 1787344584,
        "last_contact": 1787344585,
        "baro_altitude": 160.02,
        "on_ground": false,
        "velocity": 67.63,
        "true_track": 355.2,
        "vertical_rate": -3.58,
        "geo_altitude": 190.5,
        "squawk": "1000",
        "spi": false,
        "position_source": 0
      }
    },
    {
      "type": "Feature",
      "geometry": {
        "type": "Point",
        "coordinates": [
          8.4374,
          46.5362
        ]
      },
      "properties": {
        "icao24": "4401e4",
        "callsign": "EJU76FR",
        "origin_country": "Austria",
        "time_position": 1787344585,
        "last_contact": 1787344585,
        "baro_altitude": 8176.26,
        "on_ground": false,
        "velocity": 214.43,
        "true_track": 174.63,
        "vertical_rate": -4.88,
        "geo_altitude": 8450.58,
        "squawk": "1000",
        "spi": false,
        "position_source": 0
      }
    },
    {
      "type": "Feature",
      "geometry": {
        "type": "Point",
        "coordinates": [
          11.3355,
          41.4433
        ]
      },
      "properties": {
        "icao24": "34454b",
        "callsign": "VLG447H",
        "origin_country": "Spain",
        "time_position": 1787344585,
        "last_contact": 1787344585,
        "baro_altitude": 7231.38,
        "on_ground": false,
        "velocity": 190.71,
        "true_track": 246.13,
        "vertical_rate": 7.8,
        "geo_altitude": 7673.34,
        "squawk": null,
        "spi": false,
        "position_source": 0
      }
    },
    {
      "type": "Feature",
      "geometry": {
        "type": "Point",
        "coordinates": [
          6.6023,
          46.1936
        ]
      },
      "properties": {
        "icao24": "3946e5",
        "callsign": "AFR1185",
        "origin_country": "France",
        "time_position": 1787344585,
        "last_contact": 1787344585,
        "baro_altitude": 10957.56,
        "on_ground": false,
        "velocity": 190.66,
        "true_track": 316.31,
        "vertical_rate": 0.33,
        "geo_altitude": 11308.08,
        "squawk": "1000",
        "spi": false,
        "position_source": 0
      }
    },
    {
      "type": "Feature",
      "geometry": {
        "type": "Point",
        "coordinates": [
          18.3979,
          45.0267
        ]
      },
      "properties": {
        "icao24": "4bc889",
        "callsign": "PGT66F",
        "origin_country": "Turkey",
        "time_position": 1787344585,
        "last_contact": 1787344585,
        "baro_altitude": 10058.4,
        "on_ground": false,
        "velocity": 241.9,
        "true_track": 113.57,
        "vertical_rate": 0,
        "geo_altitude": 10614.66,
        "squawk": "7644",
        "spi": false,
        "position_source": 0
      }
    },
    {
      "type": "Feature",
      "geometry": {
        "type": "Point",
        "coordinates": [
          10.3816,
          46.2409
        ]
      },
      "properties": {
        "icao24": "452084",
        "callsign": "BCS80A",
        "origin_country": "Bulgaria",
        "time_position": 1787344585,
        "last_contact": 1787344585,
        "baro_altitude": 9403.08,
        "on_ground": false,
        "velocity": 260.34,
        "true_track": 42.52,
        "vertical_rate": 5.85,
        "geo_altitude": 9723.12,
        "squawk": "1000",
        "spi": false,
        "position_source": 0
      }
    },
    {
      "type": "Feature",
      "geometry": {
        "type": "Point",
        "coordinates": [
          17.1345,
          44.9742
        ]
      },
      "properties": {
        "icao24": "44004f",
        "callsign": "AUA62E",
        "origin_country": "Austria",
        "time_position": 1787344585,
        "last_contact": 1787344585,
        "baro_altitude": 9753.6,
        "on_ground": false,
        "velocity": 207.73,
        "true_track": 168.72,
        "vertical_rate": -0.65,
        "geo_altitude": 10264.14,
        "squawk": "5152",
        "spi": false,
        "position_source": 0
      }
    },
    {
      "type": "Feature",
      "geometry": {
        "type": "Point",
        "coordinates": [
          14.0799,
          44.1392
        ]
      },
      "properties": {
        "icao24": "440080",
        "callsign": "EJU46LB",
        "origin_country": "Austria",
        "time_position": 1787344585,
        "last_contact": 1787344585,
        "baro_altitude": 10980.42,
        "on_ground": false,
        "velocity": 215.79,
        "true_track": 302.44,
        "vertical_rate": 0.33,
        "geo_altitude": 11521.44,
        "squawk": "6522",
        "spi": false,
        "position_source": 0
      }
    },
    {
      "type": "Feature",
      "geometry": {
        "type": "Point",
        "coordinates": [
          8.801,
          45.3845
        ]
      },
      "properties": {
        "icao24": "440073",
        "callsign": "EJU14TW",
        "origin_country": "Austria",
        "time_position": 1787344585,
        "last_contact": 1787344585,
        "baro_altitude": 1348.74,
        "on_ground": false,
        "velocity": 125.71,
        "true_track": 349.15,
        "vertical_rate": -0.65,
        "geo_altitude": 1417.32,
        "squawk": "3762",
        "spi": false,
        "position_source": 0
      }
    },
    {
      "type": "Feature",
      "geometry": {
        "type": "Point",
        "coordinates": [
          7.122,
          43.4074
        ]
      },
      "properties": {
        "icao24": "345597",
        "callsign": "ANE2235",
        "origin_country": "Spain",
        "time_position": 1787344585,
        "last_contact": 1787344585,
        "baro_altitude": 3291.84,
        "on_ground": false,
        "velocity": 146.18,
        "true_track": 202.77,
        "vertical_rate": 11.38,
        "geo_altitude": 3459.48,
        "squawk": "1000",
        "spi": false,
        "position_source": 0
      }
    },
    {
      "type": "Feature",
      "geometry": {
        "type": "Point",
        "coordinates": [
          17.8928,
          46.1244
        ]
      },
      "properties": {
        "icao24": "471d63",
        "callsign": "WZZ82",
        "origin_country": "Hungary",
        "time_position": 1787344585,
        "last_contact": 1787344585,
        "baro_altitude": 9456.42,
        "on_ground": false,
        "velocity": 218.31,
        "true_track": 175.4,
        "vertical_rate": -4.88,
        "geo_altitude": 9966.96,
        "squawk": "7622",
        "spi": false,
        "position_source": 0
      }
    },
    {
      "type": "Feature",
      "geometry": {
        "type": "Point",
        "coordinates": [
          12.3274,
          41.5536
        ]
      },
      "properties": {
        "icao24": "471d67",
        "callsign": "WZZ9LJ",
        "origin_country": "Hungary",
        "time_position": 1787344585,
        "last_contact": 1787344585,
        "baro_altitude": 2781.3,
        "on_ground": false,
        "velocity": 172.13,
        "true_track": 133.43,
        "vertical_rate": 11.05,
        "geo_altitude": 2987.04,
        "squawk": null,
        "spi": false,
        "position_source": 0
      }
    },
    {
      "type": "Feature",
      "geometry": {
        "type": "Point",
        "coordinates": [
          17.8698,
          44.0288
        ]
      },
      "properties": {
        "icao24": "471d64",
        "callsign": "WZZ3050",
        "origin_country": "Hungary",
        "time_position": 1787344584,
        "last_contact": 1787344585,
        "baro_altitude": 10972.8,
        "on_ground": false,
        "velocity": 247.75,
        "true_track": 12.59,
        "vertical_rate": 0.33,
        "geo_altitude": 11559.54,
        "squawk": "1000",
        "spi": false,
        "position_source": 0
      }
    },
    {
      "type": "Feature",
      "geometry": {
        "type": "Point",
        "coordinates": [
          12.8327,
          39.8275
        ]
      },
      "properties": {
        "icao24": "471d72",
        "callsign": "WMT454",
        "origin_country": "Hungary",
        "time_position": 1787344585,
        "last_contact": 1787344585,
        "baro_altitude": 10668,
        "on_ground": false,
        "velocity": 245.63,
        "true_track": 149.41,
        "vertical_rate": 0,
        "geo_altitude": 11247.12,
        "squawk": "4623",
        "spi": false,
        "position_source": 0
      }
    },
    {
      "type": "Feature",
      "geometry": {
        "type": "Point",
        "coordinates": [
          14.9056,
          37.5537
        ]
      },
      "properties": {
        "icao24": "471d70",
        "callsign": "WZZ43DZ",
        "origin_country": "Hungary",
        "time_position": 1787344584,
        "last_contact": 1787344585,
        "baro_altitude": 2468.88,
        "on_ground": false,
        "velocity": 123.17,
        "true_track": 263.77,
        "vertical_rate": -2.93,
        "geo_altitude": 2674.62,
        "squawk": "5543",
        "spi": false,
        "position_source": 0
      }
    },
    {
      "type": "Feature",
      "geometry": {
        "type": "Point",
        "coordinates": [
          14.8169,
          44.7391
        ]
      },
      "properties": {
        "icao24": "471d5e",
        "callsign": "WMT57WN",
        "origin_country": "Hungary",
        "time_position": 1787344585,
        "last_contact": 1787344585,
        "baro_altitude": 10675.62,
        "on_ground": false,
        "velocity": 207.26,
        "true_track": 198.52,
        "vertical_rate": 0,
        "geo_altitude": 11193.78,
        "squawk": "4044",
        "spi": false,
        "position_source": 0
      }
    },
    {
      "type": "Feature",
      "geometry": {
        "type": "Point",
        "coordinates": [
          10.8404,
          44.7826
        ]
      },
      "properties": {
        "icao24": "471d5c",
        "callsign": "WZZ4KU",
        "origin_country": "Hungary",
        "time_position": 1787344585,
        "last_contact": 1787344585,
        "baro_altitude": 10363.2,
        "on_ground": false,
        "velocity": 263.03,
        "true_track": 62.13,
        "vertical_rate": -0.33,
        "geo_altitude": 10835.64,
        "squawk": "1000",
        "spi": false,
        "position_source": 0
      }
    },
    {
      "type": "Feature",
      "geometry": {
        "type": "Point",
        "coordinates": [
          7.5281,
          47.5977
        ]
      },
      "properties": {
        "icao24": "3849ff",
        "callsign": "M02",
        "origin_country": "France",
        "time_position": 1787344576,
        "last_contact": 1787344577,
        "baro_altitude": null,
        "on_ground": true,
        "velocity": 1.29,
        "true_track": 129.38,
        "vertical_rate": null,
        "geo_altitude": null,
        "squawk": null,
        "spi": false,
        "position_source": 0
      }
    },
    {
      "type": "Feature",
      "geometry": {
        "type": "Point",
        "coordinates": [
          16.7906,
          45.8089
        ]
      },
      "properties": {
        "icao24": "45218e",
        "callsign": "LZB408",
        "origin_country": "Bulgaria",
        "time_position": 1787344585,
        "last_contact": 1787344585,
        "baro_altitude": 12496.8,
        "on_ground": false,
        "velocity": 231.77,
        "true_track": 121.29,
        "vertical_rate": 0,
        "geo_altitude": 13045.44,
        "squawk": "1342",
        "spi": false,
        "position_source": 0
      }
    },
    {
      "type": "Feature",
      "geometry": {
        "type": "Point",
        "coordinates": [
          8.634,
          43.0811
        ]
      },
      "properties": {
        "icao24": "39dd49",
        "callsign": "CCM96LD",
        "origin_country": "France",
        "time_position": 1787344584,
        "last_contact": 1787344585,
        "baro_altitude": 6644.64,
        "on_ground": false,
        "velocity": 260.8,
        "true_track": 129,
        "vertical_rate": -17.88,
        "geo_altitude": 7025.64,
        "squawk": "1000",
        "spi": false,
        "position_source": 0
      }
    },
    {
      "type": "Feature",
      "geometry": {
        "type": "Point",
        "coordinates": [
          8.3865,
          42.2624
        ]
      },
      "properties": {
        "icao24": "39dd41",
        "callsign": "CCM29ST",
        "origin_country": "France",
        "time_position": 1787344583,
        "last_contact": 1787344583,
        "baro_altitude": 4747.26,
        "on_ground": false,
        "velocity": 201.43,
        "true_track": 331.47,
        "vertical_rate": 9.43,
        "geo_altitude": 4998.72,
        "squawk": null,
        "spi": false,
        "position_source": 0
      }
    },
    {
      "type": "Feature",
      "geometry": {
        "type": "Point",
        "coordinates": [
          6.6139,
          43.5669
        ]
      },
      "properties": {
        "icao24": "39dd45",
        "callsign": "CCM30VN",
        "origin_country": "France",
        "time_position": 1787344585,
        "last_contact": 1787344585,
        "baro_altitude": 11894.82,
        "on_ground": false,
        "velocity": 263.35,
        "true_track": 137.93,
        "vertical_rate": 0.33,
        "geo_altitude": 12420.6,
        "squawk": "1000",
        "spi": false,
        "position_source": 0
      }
    },
    {
      "type": "Feature",
      "geometry": {
        "type": "Point",
        "coordinates": [
          8.7371,
          41.819
        ]
      },
      "properties": {
        "icao24": "39dd44",
        "callsign": "CCM88CE",
        "origin_country": "France",
        "time_position": 1787344490,
        "last_contact": 1787344503,
        "baro_altitude": 609.6,
        "on_ground": false,
        "velocity": 75.27,
        "true_track": 24.64,
        "vertical_rate": -3.58,
        "geo_altitude": 685.8,
        "squawk": null,
        "spi": false,
        "position_source": 0
      }
    },
    {
      "type": "Feature",
      "geometry": {
        "type": "Point",
        "coordinates": [
          9.9912,
          44.2217
        ]
      },
      "properties": {
        "icao24": "440175",
        "callsign": "EJU87FX",
        "origin_country": "Austria",
        "time_position": 1787344585,
        "last_contact": 1787344585,
        "baro_altitude": 9144,
        "on_ground": false,
        "velocity": 238.7,
        "true_track": 73.99,
        "vertical_rate": 0.33,
        "geo_altitude": 9601.2,
        "squawk": "1000",
        "spi": false,
        "position_source": 0
      }
    },
    {
      "type": "Feature",
      "geometry": {
        "type": "Point",
        "coordinates": [
          14.7619,
          44.6094
        ]
      },
      "properties": {
        "icao24": "45216e",
        "callsign": "GPX807",
        "origin_country": "Bulgaria",
        "time_position": 1787344585,
        "last_contact": 1787344585,
        "baro_altitude": 10660.38,
        "on_ground": false,
        "velocity": 219.74,
        "true_track": 130.25,
        "vertical_rate": 0.33,
        "geo_altitude": 11155.68,
        "squawk": "0302",
        "spi": false,
        "position_source": 0
      }
    },
    {
      "type": "Feature",
      "geometry": {
        "type": "Point",
        "coordinates": [
          6.6483,
          43.1024
        ]
      },
      "properties": {
        "icao24": "39dd57",
        "callsign": "CCM27TB",
        "origin_country": "France",
        "time_position": 1787344585,
        "last_contact": 1787344585,
        "baro_altitude": 4267.2,
        "on_ground": false,
        "velocity": 138.3,
        "true_track": 115.33,
        "vertical_rate": 1.3,
        "geo_altitude": 4480.56,
        "squawk": "1000",
        "spi": false,
        "position_source": 0
      }
    },
    {
      "type": "Feature",
      "geometry": {
        "type": "Point",
        "coordinates": [
          7.9264,
          42.3728
        ]
      },
      "properties": {
        "icao24": "39dd53",
        "callsign": "CCM95LY",
        "origin_country": "France",
        "time_position": 1787344585,
        "last_contact": 1787344585,
        "baro_altitude": 7597.14,
        "on_ground": false,
        "velocity": 251.66,
        "true_track": 150.08,
        "vertical_rate": -0.98,
        "geo_altitude": 8054.34,
        "squawk": "1000",
        "spi": false,
        "position_source": 0
      }
    },
    {
      "type": "Feature",
      "geometry": {
        "type": "Point",
        "coordinates": [
          9.8503,
          45.7988
        ]
      },
      "properties": {
        "icao24": "471dbf",
        "callsign": "WZZ311",
        "origin_country": "Hungary",
        "time_position": 1787344585,
        "last_contact": 1787344585,
        "baro_altitude": 6995.16,
        "on_ground": false,
        "velocity": 232.56,
        "true_track": 89.11,
        "vertical_rate": 10.4,
        "geo_altitude": 7261.86,
        "squawk": "1000",
        "spi": false,
        "position_source": 0
      }
    },
    {
      "type": "Feature",
      "geometry": {
        "type": "Point",
        "coordinates": [
          9.1481,
          45.3206
        ]
      },
      "properties": {
        "icao24": "300a86",
        "callsign": "ITY311",
        "origin_country": "Italy",
        "time_position": 1787344585,
        "last_contact": 1787344585,
        "baro_altitude": 2278.38,
        "on_ground": false,
        "velocity": 122.31,
        "true_track": 175.42,
        "vertical_rate": -4.88,
        "geo_altitude": 2392.68,
        "squawk": "1000",
        "spi": false,
        "position_source": 0
      }
    },
    {
      "type": "Feature",
      "geometry": {
        "type": "Point",
        "coordinates": [
          11.8067,
          46.8912
        ]
      },
      "properties": {
        "icao24": "300a7c",
        "callsign": "DLH9TL",
        "origin_country": "Italy",
        "time_position": 1787344585,
        "last_contact": 1787344585,
        "baro_altitude": 10058.4,
        "on_ground": false,
        "velocity": 173.53,
        "true_track": 224.4,
        "vertical_rate": 0.33,
        "geo_altitude": 10393.68,
        "squawk": "4371",
        "spi": false,
        "position_source": 0
      }
    },
    {
      "type": "Feature",
      "geometry": {
        "type": "Point",
        "coordinates": [
          12.7794,
          36.0911
        ]
      },
      "properties": {
        "icao24": "45caa1",
        "callsign": "DTR81R",
        "origin_country": "Denmark",
        "time_position": 1787344585,
        "last_contact": 1787344585,
        "baro_altitude": 3863.34,
        "on_ground": false,
        "velocity": 155.22,
        "true_track": 193.81,
        "vertical_rate": -7.48,
        "geo_altitude": 4168.14,
        "squawk": "4306",
        "spi": false,
        "position_source": 0
      }
    },
    {
      "type": "Feature",
      "geometry": {
        "type": "Point",
        "coordinates": [
          8.2416,
          46.6623
        ]
      },
      "properties": {
        "icao24": "300a95",
        "callsign": "SIO007",
        "origin_country": "Italy",
        "time_position": 1787344585,
        "last_contact": 1787344585,
        "baro_altitude": 9319.26,
        "on_ground": false,
        "velocity": 262.79,
        "true_track": 152.23,
        "vertical_rate": -14.96,
        "geo_altitude": 9601.2,
        "squawk": "2264",
        "spi": false,
        "position_source": 0
      }
    },
    {
      "type": "Feature",
      "geometry": {
        "type": "Point",
        "coordinates": [
          9.0452,
          45.3043
        ]
      },
      "properties": {
        "icao24": "45211e",
        "callsign": "CFG2PD",
        "origin_country": "Bulgaria",
        "time_position": 1787344585,
        "last_contact": 1787344585,
        "baro_altitude": 10988.04,
        "on_ground": false,
        "velocity": 269.13,
        "true_track": 42.29,
        "vertical_rate": -0.33,
        "geo_altitude": 11407.14,
        "squawk": "1000",
        "spi": false,
        "position_source": 0
      }
    },
    {
      "type": "Feature",
      "geometry": {
        "type": "Point",
        "coordinates": [
          8.721,
          45.6281
        ]
      },
      "properties": {
        "icao24": "471db6",
        "callsign": "WZZ99",
        "origin_country": "Hungary",
        "time_position": 1787344584,
        "last_contact": 1787344584,
        "baro_altitude": null,
        "on_ground": true,
        "velocity": 9.77,
        "true_track": 168.75,
        "vertical_rate": null,
        "geo_altitude": null,
        "squawk": "1000",
        "spi": false,
        "position_source": 0
      }
    },
    {
      "type": "Feature",
      "geometry": {
        "type": "Point",
        "coordinates": [
          6.1498,
          42.1048
        ]
      },
      "properties": {
        "icao24": "345699",
        "callsign": "VOE77HA",
        "origin_country": "Spain",
        "time_position": 1787344585,
        "last_contact": 1787344585,
        "baro_altitude": 10965.18,
        "on_ground": false,
        "velocity": 202.73,
        "true_track": 295.39,
        "vertical_rate": 0,
        "geo_altitude": 11536.68,
        "squawk": "1000",
        "spi": false,
        "position_source": 0
      }
    },
    {
      "type": "Feature",
      "geometry": {
        "type": "Point",
        "coordinates": [
          13.5164,
          40.6888
        ]
      },
      "properties": {
        "icao24": "345643",
        "callsign": "VLG61BB",
        "origin_country": "Spain",
        "time_position": 1787344585,
        "last_contact": 1787344585,
        "baro_altitude": 5760.72,
        "on_ground": false,
        "velocity": 211.49,
        "true_track": 274.18,
        "vertical_rate": 8.13,
        "geo_altitude": 6149.34,
        "squawk": null,
        "spi": false,
        "position_source": 0
      }
    },
    {
      "type": "Feature",
      "geometry": {
        "type": "Point",
        "coordinates": [
          10.0215,
          43.1208
        ]
      },
      "properties": {
        "icao24": "39dd01",
        "callsign": "TVF97AM",
        "origin_country": "France",
        "time_position": 1787344585,
        "last_contact": 1787344585,
        "baro_altitude": 8435.34,
        "on_ground": false,
        "velocity": 217,
        "true_track": 126.52,
        "vertical_rate": -4.88,
        "geo_altitude": 8900.16,
        "squawk": "1000",
        "spi": false,
        "position_source": 0
      }
    },
    {
      "type": "Feature",
      "geometry": {
        "type": "Point",
        "coordinates": [
          10.0233,
          47.7945
        ]
      },
      "properties": {
        "icao24": "4079f6",
        "callsign": "BAW562",
        "origin_country": "United Kingdom",
        "time_position": 1787344585,
        "last_contact": 1787344585,
        "baro_altitude": 11292.84,
        "on_ground": false,
        "velocity": 247.3,
        "true_track": 141.08,
        "vertical_rate": 0.33,
        "geo_altitude": 11605.26,
        "squawk": "0557",
        "spi": false,
        "position_source": 0
      }
    },
    {
      "type": "Feature",
      "geometry": {
        "type": "Point",
        "coordinates": [
          16.0697,
          44.8389
        ]
      },
      "properties": {
        "icao24": "4bb28d",
        "callsign": "THY6AM",
        "origin_country": "Turkey",
        "time_position": 1787344585,
        "last_contact": 1787344585,
        "baro_altitude": 9761.22,
        "on_ground": false,
        "velocity": 216.48,
        "true_track": 284.17,
        "vertical_rate": 0.98,
        "geo_altitude": 10279.38,
        "squawk": "2345",
        "spi": false,
        "position_source": 0
      }
    },
    {
      "type": "Feature",
      "geometry": {
        "type": "Point",
        "coordinates": [
          8.0691,
          45.0763
        ]
      },
      "properties": {
        "icao24": "44cdcf",
        "callsign": "BEL6FA",
        "origin_country": "Belgium",
        "time_position": 1787344585,
        "last_contact": 1787344585,
        "baro_altitude": 10972.8,
        "on_ground": false,
        "velocity": 210.51,
        "true_track": 324.95,
        "vertical_rate": 0,
        "geo_altitude": 11422.38,
        "squawk": "6155",
        "spi": false,
        "position_source": 0
      }
    },
    {
      "type": "Feature",
      "geometry": {
        "type": "Point",
        "coordinates": [
          15.8785,
          46.5926
        ]
      },
      "properties": {
        "icao24": "4bb268",
        "callsign": "THY6894",
        "origin_country": "Turkey",
        "time_position": 1787344585,
        "last_contact": 1787344585,
        "baro_altitude": 10058.4,
        "on_ground": false,
        "velocity": 225.46,
        "true_track": 127.86,
        "vertical_rate": 0,
        "geo_altitude": 10507.98,
        "squawk": "7113",
        "spi": false,
        "position_source": 0
      }
    },
    {
      "type": "Feature",
      "geometry": {
        "type": "Point",
        "coordinates": [
          15.446,
          37.6246
        ]
      },
      "properties": {
        "icao24": "4bb26d",
        "callsign": "THY657",
        "origin_country": "Turkey",
        "time_position": 1787344585,
        "last_contact": 1787344585,
        "baro_altitude": 10363.2,
        "on_ground": false,
        "velocity": 215.72,
        "true_track": 251.22,
        "vertical_rate": 0,
        "geo_altitude": 10980.42,
        "squawk": "2320",
        "spi": false,
        "position_source": 0
      }
    },
    {
      "type": "Feature",
      "geometry": {
        "type": "Point",
        "coordinates": [
          10.9823,
          43.3998
        ]
      },
      "properties": {
        "icao24": "4079a9",
        "callsign": "TOM8BJ",
        "origin_country": "United Kingdom",
        "time_position": 1787344585,
        "last_contact": 1787344585,
        "baro_altitude": 11582.4,
        "on_ground": false,
        "velocity": 226.66,
        "true_track": 313.99,
        "vertical_rate": 0.65,
        "geo_altitude": 12115.8,
        "squawk": "1254",
        "spi": false,
        "position_source": 0
      }
    },
    {
      "type": "Feature",
      "geometry": {
        "type": "Point",
        "coordinates": [
          16.5588,
          41.5606
        ]
      },
      "properties": {
        "icao24": "8005f4",
        "callsign": "AIC142",
        "origin_country": "India",
        "time_position": 1787344583,
        "last_contact": 1787344583,
        "baro_altitude": 10668,
        "on_ground": false,
        "velocity": 250.89,
        "true_track": 132.42,
        "vertical_rate": 0.33,
        "geo_altitude": 11247.12,
        "squawk": "7560",
        "spi": false,
        "position_source": 0
      }
    },
    {
      "type": "Feature",
      "geometry": {
        "type": "Point",
        "coordinates": [
          14.7684,
          39.7451
        ]
      },
      "properties": {
        "icao24": "34535a",
        "callsign": "VLG14KA",
        "origin_country": "Spain",
        "time_position": 1787344585,
        "last_contact": 1787344585,
        "baro_altitude": 10363.2,
        "on_ground": false,
        "velocity": 221.97,
        "true_track": 284.36,
        "vertical_rate": 0,
        "geo_altitude": 10942.32,
        "squawk": null,
        "spi": false,
        "position_source": 0
      }
    },
    {
      "type": "Feature",
      "geometry": {
        "type": "Point",
        "coordinates": [
          6.8565,
          43.8448
        ]
      },
      "properties": {
        "icao24": "346691",
        "callsign": "VLG865W",
        "origin_country": "Spain",
        "time_position": 1787344585,
        "last_contact": 1787344585,
        "baro_altitude": 10050.78,
        "on_ground": false,
        "velocity": 198.43,
        "true_track": 241.51,
        "vertical_rate": 0.33,
        "geo_altitude": 10523.22,
        "squawk": "1000",
        "spi": false,
        "position_source": 0
      }
    },
    {
      "type": "Feature",
      "geometry": {
        "type": "Point",
        "coordinates": [
          10.3607,
          42.6786
        ]
      },
      "properties": {
        "icao24": "320060",
        "callsign": "VOLPE514",
        "origin_country": "Italy",
        "time_position": 1787344581,
        "last_contact": 1787344583,
        "baro_altitude": 784.86,
        "on_ground": false,
        "velocity": 46.53,
        "true_track": 264.29,
        "vertical_rate": -0.33,
        "geo_altitude": 868.68,
        "squawk": null,
        "spi": false,
        "position_source": 0
      }
    },
    {
      "type": "Feature",
      "geometry": {
        "type": "Point",
        "coordinates": [
          16.6582,
          47.6017
        ]
      },
      "properties": {
        "icao24": "846098",
        "callsign": "JAL44",
        "origin_country": "Japan",
        "time_position": 1787344585,
        "last_contact": 1787344585,
        "baro_altitude": 10668,
        "on_ground": false,
        "velocity": 242.58,
        "true_track": 118.09,
        "vertical_rate": 0.33,
        "geo_altitude": 11125.2,
        "squawk": "4660",
        "spi": false,
        "position_source": 0
      }
    },
    {
      "type": "Feature",
      "geometry": {
        "type": "Point",
        "coordinates": [
          15.5888,
          46.6917
        ]
      },
      "properties": {
        "icao24": "896310",
        "callsign": "UAE58",
        "origin_country": "United Arab Emirates",
        "time_position": 1787344585,
        "last_contact": 1787344585,
        "baro_altitude": 10668,
        "on_ground": false,
        "velocity": 236.93,
        "true_track": 141.61,
        "vertical_rate": 0,
        "geo_altitude": 11117.58,
        "squawk": "7640",
        "spi": false,
        "position_source": 0
      }
    },
    {
      "type": "Feature",
      "geometry": {
        "type": "Point",
        "coordinates": [
          9.0508,
          45.8706
        ]
      },
      "properties": {
        "icao24": "896315",
        "callsign": "UAE182",
        "origin_country": "United Arab Emirates",
        "time_position": 1787344585,
        "last_contact": 1787344585,
        "baro_altitude": 10058.4,
        "on_ground": false,
        "velocity": 279.53,
        "true_track": 138.51,
        "vertical_rate": 0,
        "geo_altitude": 10408.92,
        "squawk": "0106",
        "spi": false,
        "position_source": 0
      }
    },
    {
      "type": "Feature",
      "geometry": {
        "type": "Point",
        "coordinates": [
          10.4606,
          42.7151
        ]
      },
      "properties": {
        "icao24": "346610",
        "callsign": "VLG65ST",
        "origin_country": "Spain",
        "time_position": 1787344585,
        "last_contact": 1787344585,
        "baro_altitude": 9616.44,
        "on_ground": false,
        "velocity": 227.62,
        "true_track": 197.49,
        "vertical_rate": 7.15,
        "geo_altitude": 10126.98,
        "squawk": "1000",
        "spi": false,
        "position_source": 0
      }
    },
    {
      "type": "Feature",
      "geometry": {
        "type": "Point",
        "coordinates": [
          12.1521,
          44.3643
        ]
      },
      "properties": {
        "icao24": "4ab823",
        "callsign": "NSZ3733",
        "origin_country": "Sweden",
        "time_position": 1787344585,
        "last_contact": 1787344585,
        "baro_altitude": 10972.8,
        "on_ground": false,
        "velocity": 234.88,
        "true_track": 7.17,
        "vertical_rate": 0.33,
        "geo_altitude": 11483.34,
        "squawk": "1241",
        "spi": false,
        "position_source": 0
      }
    },
    {
      "type": "Feature",
      "geometry": {
        "type": "Point",
        "coordinates": [
          8.7162,
          45.6295
        ]
      },
      "properties": {
        "icao24": "89639c",
        "callsign": "UAE39L",
        "origin_country": "United Arab Emirates",
        "time_position": 1787344581,
        "last_contact": 1787344584,
        "baro_altitude": null,
        "on_ground": true,
        "velocity": 0,
        "true_track": 78.75,
        "vertical_rate": null,
        "geo_altitude": null,
        "squawk": null,
        "spi": false,
        "position_source": 0
      }
    },
    {
      "type": "Feature",
      "geometry": {
        "type": "Point",
        "coordinates": [
          15.1818,
          41.6919
        ]
      },
      "properties": {
        "icao24": "800736",
        "callsign": "AIC156",
        "origin_country": "India",
        "time_position": 1787344585,
        "last_contact": 1787344585,
        "baro_altitude": 11887.2,
        "on_ground": false,
        "velocity": 242.73,
        "true_track": 136.63,
        "vertical_rate": 0,
        "geo_altitude": 12512.04,
        "squawk": "3155",
        "spi": false,
        "position_source": 0
      }
    },
    {
      "type": "Feature",
      "geometry": {
        "type": "Point",
        "coordinates": [
          18.6059,
          39.6576
        ]
      },
      "properties": {
        "icao24": "800734",
        "callsign": "AIC152",
        "origin_country": "India",
        "time_position": 1787344585,
        "last_contact": 1787344585,
        "baro_altitude": 11277.6,
        "on_ground": false,
        "velocity": 253.73,
        "true_track": 139.85,
        "vertical_rate": 0,
        "geo_altitude": 11917.68,
        "squawk": "3007",
        "spi": false,
        "position_source": 0
      }
    },
    {
      "type": "Feature",
      "geometry": {
        "type": "Point",
        "coordinates": [
          13.7638,
          45.3015
        ]
      },
      "properties": {
        "icao24": "4bb15a",
        "callsign": "THY6428",
        "origin_country": "Turkey",
        "time_position": 1787344585,
        "last_contact": 1787344585,
        "baro_altitude": 10119.36,
        "on_ground": false,
        "velocity": 220.28,
        "true_track": 271.74,
        "vertical_rate": -7.15,
        "geo_altitude": 10584.18,
        "squawk": "1341",
        "spi": false,
        "position_source": 0
      }
    },
    {
      "type": "Feature",
      "geometry": {
        "type": "Point",
        "coordinates": [
          9.3886,
          45.4201
        ]
      },
      "properties": {
        "icao24": "8963d7",
        "callsign": "UAE8T",
        "origin_country": "United Arab Emirates",
        "time_position": 1787344585,
        "last_contact": 1787344585,
        "baro_altitude": 10058.4,
        "on_ground": false,
        "velocity": 268.46,
        "true_track": 142.32,
        "vertical_rate": 0,
        "geo_altitude": 10462.26,
        "squawk": "3074",
        "spi": false,
        "position_source": 0
      }
    },
    {
      "type": "Feature",
      "geometry": {
        "type": "Point",
        "coordinates": [
          17.9164,
          42.3124
        ]
      },
      "properties": {
        "icao24": "4067f7",
        "callsign": "TOM1FG",
        "origin_country": "United Kingdom",
        "time_position": 1787344584,
        "last_contact": 1787344584,
        "baro_altitude": 12489.18,
        "on_ground": false,
        "velocity": 253.14,
        "true_track": 124.4,
        "vertical_rate": 0.33,
        "geo_altitude": 13129.26,
        "squawk": "2234",
        "spi": false,
        "position_source": 0
      }
    },
    {
      "type": "Feature",
      "geometry": {
        "type": "Point",
        "coordinates": [
          14.5619,
          46.7758
        ]
      },
      "properties": {
        "icao24": "896534",
        "callsign": "ETD18M",
        "origin_country": "United Arab Emirates",
        "time_position": 1787344585,
        "last_contact": 1787344585,
        "baro_altitude": 10660.38,
        "on_ground": false,
        "velocity": 249.98,
        "true_track": 123.76,
        "vertical_rate": 0.33,
        "geo_altitude": 11117.58,
        "squawk": "6436",
        "spi": false,
        "position_source": 0
      }
    },
    {
      "type": "Feature",
      "geometry": {
        "type": "Point",
        "coordinates": [
          12.47,
          38.7052
        ]
      },
      "properties": {
        "icao24": "896450",
        "callsign": "UAE2X",
        "origin_country": "United Arab Emirates",
        "time_position": 1787344585,
        "last_contact": 1787344585,
        "baro_altitude": 10668,
        "on_ground": false,
        "velocity": 258.68,
        "true_track": 121,
        "vertical_rate": 0,
        "geo_altitude": 11285.22,
        "squawk": "1235",
        "spi": false,
        "position_source": 0
      }
    },
    {
      "type": "Feature",
      "geometry": {
        "type": "Point",
        "coordinates": [
          13.2109,
          43.1156
        ]
      },
      "properties": {
        "icao24": "505a88",
        "callsign": "TVQ6451",
        "origin_country": "Slovakia",
        "time_position": 1787344585,
        "last_contact": 1787344585,
        "baro_altitude": 10972.8,
        "on_ground": false,
        "velocity": 237.72,
        "true_track": 17.38,
        "vertical_rate": 0.33,
        "geo_altitude": 11513.82,
        "squawk": "6131",
        "spi": false,
        "position_source": 0
      }
    },
    {
      "type": "Feature",
      "geometry": {
        "type": "Point",
        "coordinates": [
          15.623,
          39.1261
        ]
      },
      "properties": {
        "icao24": "3a2e22",
        "callsign": "REU976",
        "origin_country": "France",
        "time_position": 1787344585,
        "last_contact": 1787344585,
        "baro_altitude": 10660.38,
        "on_ground": false,
        "velocity": 254.27,
        "true_track": 135.08,
        "vertical_rate": 0,
        "geo_altitude": 11269.98,
        "squawk": "7662",
        "spi": false,
        "position_source": 0
      }
    },
    {
      "type": "Feature",
      "geometry": {
        "type": "Point",
        "coordinates": [
          6.9594,
          45.7945
        ]
      },
      "properties": {
        "icao24": "3c49c8",
        "callsign": "EWG22B",
        "origin_country": "Germany",
        "time_position": 1787344585,
        "last_contact": 1787344585,
        "baro_altitude": 10881.36,
        "on_ground": false,
        "velocity": 237.65,
        "true_track": 16.47,
        "vertical_rate": -5.85,
        "geo_altitude": 11269.98,
        "squawk": "5367",
        "spi": false,
        "position_source": 0
      }
    },
    {
      "type": "Feature",
      "geometry": {
        "type": "Point",
        "coordinates": [
          13.0089,
          47.7614
        ]
      },
      "properties": {
        "icao24": "3c49cb",
        "callsign": "EWG63D",
        "origin_country": "Germany",
        "time_position": 1787344585,
        "last_contact": 1787344585,
        "baro_altitude": 10104.12,
        "on_ground": false,
        "velocity": 232.45,
        "true_track": 314.73,
        "vertical_rate": -4.55,
        "geo_altitude": 10447.02,
        "squawk": "6637",
        "spi": false,
        "position_source": 0
      }
    },
    {
      "type": "Feature",
      "geometry": {
        "type": "Point",
        "coordinates": [
          14.8344,
          46.635
        ]
      },
      "properties": {
        "icao24": "3c49d4",
        "callsign": "EWG65DM",
        "origin_country": "Germany",
        "time_position": 1787344585,
        "last_contact": 1787344585,
        "baro_altitude": 11597.64,
        "on_ground": false,
        "velocity": 220.8,
        "true_track": 309.33,
        "vertical_rate": 0.33,
        "geo_altitude": 12062.46,
        "squawk": "5623",
        "spi": false,
        "position_source": 0
      }
    },
    {
      "type": "Feature",
      "geometry": {
        "type": "Point",
        "coordinates": [
          8.7326,
          45.6144
        ]
      },
      "properties": {
        "icao24": "40653a",
        "callsign": "EZY85JZ",
        "origin_country": "United Kingdom",
        "time_position": 1787344585,
        "last_contact": 1787344585,
        "baro_altitude": null,
        "on_ground": true,
        "velocity": 10.29,
        "true_track": 168.75,
        "vertical_rate": null,
        "geo_altitude": null,
        "squawk": null,
        "spi": false,
        "position_source": 0
      }
    },
    {
      "type": "Feature",
      "geometry": {
        "type": "Point",
        "coordinates": [
          9.7808,
          45.0849
        ]
      },
      "properties": {
        "icao24": "3009b6",
        "callsign": "DLA8UW",
        "origin_country": "Italy",
        "time_position": 1787344585,
        "last_contact": 1787344585,
        "baro_altitude": 8961.12,
        "on_ground": false,
        "velocity": 219.91,
        "true_track": 155.83,
        "vertical_rate": -7.48,
        "geo_altitude": 9326.88,
        "squawk": "1000",
        "spi": false,
        "position_source": 0
      }
    },
    {
      "type": "Feature",
      "geometry": {
        "type": "Point",
        "coordinates": [
          13.4733,
          45.8278
        ]
      },
      "properties": {
        "icao24": "3009b8",
        "callsign": "DLA1KF",
        "origin_country": "Italy",
        "time_position": 1787344171,
        "last_contact": 1787344341,
        "baro_altitude": null,
        "on_ground": true,
        "velocity": 0,
        "true_track": 168.75,
        "vertical_rate": null,
        "geo_altitude": null,
        "squawk": "0123",
        "spi": false,
        "position_source": 0
      }
    },
    {
      "type": "Feature",
      "geometry": {
        "type": "Point",
        "coordinates": [
          9.3117,
          47.0954
        ]
      },
      "properties": {
        "icao24": "345101",
        "callsign": "VLG51NL",
        "origin_country": "Spain",
        "time_position": 1787344585,
        "last_contact": 1787344585,
        "baro_altitude": 10683.24,
        "on_ground": false,
        "velocity": 257.12,
        "true_track": 123.24,
        "vertical_rate": -0.33,
        "geo_altitude": 10957.56,
        "squawk": "1000",
        "spi": false,
        "position_source": 0
      }
    },
    {
      "type": "Feature",
      "geometry": {
        "type": "Point",
        "coordinates": [
          11.8603,
          42.4338
        ]
      },
      "properties": {
        "icao24": "44cc41",
        "callsign": "BEL5LC",
        "origin_country": "Belgium",
        "time_position": 1787344585,
        "last_contact": 1787344585,
        "baro_altitude": 7094.22,
        "on_ground": false,
        "velocity": 188.23,
        "true_track": 332.31,
        "vertical_rate": 9.75,
        "geo_altitude": 7520.94,
        "squawk": null,
        "spi": false,
        "position_source": 0
      }
    },
    {
      "type": "Feature",
      "geometry": {
        "type": "Point",
        "coordinates": [
          15.7797,
          46.0717
        ]
      },
      "properties": {
        "icao24": "4076dd",
        "callsign": "EXS35W",
        "origin_country": "United Kingdom",
        "time_position": 1787344584,
        "last_contact": 1787344585,
        "baro_altitude": 10972.8,
        "on_ground": false,
        "velocity": 230.02,
        "true_track": 313.19,
        "vertical_rate": 0,
        "geo_altitude": 11460.48,
        "squawk": "5377",
        "spi": false,
        "position_source": 0
      }
    },
    {
      "type": "Feature",
      "geometry": {
        "type": "Point",
        "coordinates": [
          16.2527,
          40.3702
        ]
      },
      "properties": {
        "icao24": "8964a7",
        "callsign": "UAE29U",
        "origin_country": "United Arab Emirates",
        "time_position": 1787344584,
        "last_contact": 1787344585,
        "baro_altitude": 10668,
        "on_ground": false,
        "velocity": 250.43,
        "true_track": 130.17,
        "vertical_rate": 0,
        "geo_altitude": 11269.98,
        "squawk": "5702",
        "spi": false,
        "position_source": 0
      }
    },
    {
      "type": "Feature",
      "geometry": {
        "type": "Point",
        "coordinates": [
          12.5898,
          47.5846
        ]
      },
      "properties": {
        "icao24": "8965f3",
        "callsign": "ETD128",
        "origin_country": "United Arab Emirates",
        "time_position": 1787344585,
        "last_contact": 1787344585,
        "baro_altitude": 8092.44,
        "on_ground": false,
        "velocity": 234.23,
        "true_track": 140.44,
        "vertical_rate": 8.78,
        "geo_altitude": 8374.38,
        "squawk": "5555",
        "spi": false,
        "position_source": 0
      }
    },
    {
      "type": "Feature",
      "geometry": {
        "type": "Point",
        "coordinates": [
          10.8903,
          41.6377
        ]
      },
      "properties": {
        "icao24": "407914",
        "callsign": "EXS1065",
        "origin_country": "United Kingdom",
        "time_position": 1787344585,
        "last_contact": 1787344585,
        "baro_altitude": 10058.4,
        "on_ground": false,
        "velocity": 247.38,
        "true_track": 156.21,
        "vertical_rate": 0,
        "geo_altitude": 10629.9,
        "squawk": "0514",
        "spi": false,
        "position_source": 0
      }
    },
    {
      "type": "Feature",
      "geometry": {
        "type": "Point",
        "coordinates": [
          6.9612,
          47.5659
        ]
      },
      "properties": {
        "icao24": "406669",
        "callsign": "EZY52AD",
        "origin_country": "United Kingdom",
        "time_position": 1787344585,
        "last_contact": 1787344585,
        "baro_altitude": 5120.64,
        "on_ground": false,
        "velocity": 174.93,
        "true_track": 287.1,
        "vertical_rate": 5.85,
        "geo_altitude": 5273.04,
        "squawk": "6731",
        "spi": false,
        "position_source": 0
      }
    },
    {
      "type": "Feature",
      "geometry": {
        "type": "Point",
        "coordinates": [
          6.3607,
          45.9875
        ]
      },
      "properties": {
        "icao24": "345204",
        "callsign": "VLG7PK",
        "origin_country": "Spain",
        "time_position": 1787344585,
        "last_contact": 1787344585,
        "baro_altitude": 10241.28,
        "on_ground": false,
        "velocity": 271.88,
        "true_track": 124.98,
        "vertical_rate": -2.6,
        "geo_altitude": 10584.18,
        "squawk": "0516",
        "spi": false,
        "position_source": 0
      }
    },
    {
      "type": "Feature",
      "geometry": {
        "type": "Point",
        "coordinates": [
          6.6115,
          47.6072
        ]
      },
      "properties": {
        "icao24": "400fe3",
        "callsign": "EZY83ZL",
        "origin_country": "United Kingdom",
        "time_position": 1787344585,
        "last_contact": 1787344585,
        "baro_altitude": 7414.26,
        "on_ground": false,
        "velocity": 186.6,
        "true_track": 288.48,
        "vertical_rate": 9.75,
        "geo_altitude": 7581.9,
        "squawk": "6733",
        "spi": false,
        "position_source": 0
      }
    },
    {
      "type": "Feature",
      "geometry": {
        "type": "Point",
        "coordinates": [
          7.3434,
          44.9764
        ]
      },
      "properties": {
        "icao24": "896682",
        "callsign": "UAE2LK",
        "origin_country": "United Arab Emirates",
        "time_position": 1787344585,
        "last_contact": 1787344585,
        "baro_altitude": 11887.2,
        "on_ground": false,
        "velocity": 289.64,
        "true_track": 97.66,
        "vertical_rate": 0.33,
        "geo_altitude": 12313.92,
        "squawk": "2216",
        "spi": false,
        "position_source": 0
      }
    },
    {
      "type": "Feature",
      "geometry": {
        "type": "Point",
        "coordinates": [
          9.2849,
          44.1887
        ]
      },
      "properties": {
        "icao24": "4d00f1",
        "callsign": "LGL556R",
        "origin_country": "Luxembourg",
        "time_position": 1787344584,
        "last_contact": 1787344585,
        "baro_altitude": 11582.4,
        "on_ground": false,
        "velocity": 193.52,
        "true_track": 319.96,
        "vertical_rate": 0,
        "geo_altitude": 12062.46,
        "squawk": "1000",
        "spi": false,
        "position_source": 0
      }
    },
    {
      "type": "Feature",
      "geometry": {
        "type": "Point",
        "coordinates": [
          15.9034,
          43.7732
        ]
      },
      "properties": {
        "icao24": "4d00f5",
        "callsign": "LGL86GR",
        "origin_country": "Luxembourg",
        "time_position": 1787344584,
        "last_contact": 1787344585,
        "baro_altitude": 11582.4,
        "on_ground": false,
        "velocity": 232.53,
        "true_track": 313.48,
        "vertical_rate": 0.33,
        "geo_altitude": 12153.9,
        "squawk": "5533",
        "spi": false,
        "position_source": 0
      }
    },
    {
      "type": "Feature",
      "geometry": {
        "type": "Point",
        "coordinates": [
          7.1677,
          43.5769
        ]
      },
      "properties": {
        "icao24": "4d00f4",
        "callsign": "LGL8246",
        "origin_country": "Luxembourg",
        "time_position": 1787344584,
        "last_contact": 1787344585,
        "baro_altitude": 1074.42,
        "on_ground": false,
        "velocity": 126.53,
        "true_track": 150,
        "vertical_rate": 16.26,
        "geo_altitude": 1143,
        "squawk": null,
        "spi": false,
        "position_source": 0
      }
    },
    {
      "type": "Feature",
      "geometry": {
        "type": "Point",
        "coordinates": [
          6.3393,
          46.552
        ]
      },
      "properties": {
        "icao24": "4d00f2",
        "callsign": "LGL62EM",
        "origin_country": "Luxembourg",
        "time_position": 1787344585,
        "last_contact": 1787344585,
        "baro_altitude": 10972.8,
        "on_ground": false,
        "velocity": 221.11,
        "true_track": 352.38,
        "vertical_rate": 0.33,
        "geo_altitude": 11269.98,
        "squawk": "1000",
        "spi": false,
        "position_source": 0
      }
    },
    {
      "type": "Feature",
      "geometry": {
        "type": "Point",
        "coordinates": [
          6.657,
          47.3954
        ]
      },
      "properties": {
        "icao24": "040172",
        "callsign": "ETH735",
        "origin_country": "Ethiopia",
        "time_position": 1787344585,
        "last_contact": 1787344585,
        "baro_altitude": 10736.58,
        "on_ground": false,
        "velocity": 285.49,
        "true_track": 132.37,
        "vertical_rate": 0.65,
        "geo_altitude": 10972.8,
        "squawk": "0673",
        "spi": false,
        "position_source": 0
      }
    },
    {
      "type": "Feature",
      "geometry": {
        "type": "Point",
        "coordinates": [
          10.0675,
          45.2499
        ]
      },
      "properties": {
        "icao24": "4ca4f0",
        "callsign": "RYR9QR",
        "origin_country": "Ireland",
        "time_position": 1787344585,
        "last_contact": 1787344585,
        "baro_altitude": 2834.64,
        "on_ground": false,
        "velocity": 130.91,
        "true_track": 26.36,
        "vertical_rate": -2.6,
        "geo_altitude": 2964.18,
        "squawk": "1000",
        "spi": false,
        "position_source": 0
      }
    },
    {
      "type": "Feature",
      "geometry": {
        "type": "Point",
        "coordinates": [
          11.6318,
          46.4551
        ]
      },
      "properties": {
        "icao24": "04012a",
        "callsign": "ETH751",
        "origin_country": "Ethiopia",
        "time_position": 1787344585,
        "last_contact": 1787344585,
        "baro_altitude": 11285.22,
        "on_ground": false,
        "velocity": 247.71,
        "true_track": 138.03,
        "vertical_rate": -0.33,
        "geo_altitude": 11673.84,
        "squawk": "0117",
        "spi": false,
        "position_source": 0
      }
    },
    {
      "type": "Feature",
      "geometry": {
        "type": "Point",
        "coordinates": [
          17.1989,
          38.1665
        ]
      },
      "properties": {
        "icao24": "406f78",
        "callsign": "BAW61",
        "origin_country": "United Kingdom",
        "time_position": 1787344585,
        "last_contact": 1787344585,
        "baro_altitude": 11277.6,
        "on_ground": false,
        "velocity": 256.96,
        "true_track": 129.39,
        "vertical_rate": -0.33,
        "geo_altitude": 11917.68,
        "squawk": "5224",
        "spi": false,
        "position_source": 0
      }
    },
    {
      "type": "Feature",
      "geometry": {
        "type": "Point",
        "coordinates": [
          8.8964,
          47.3008
        ]
      },
      "properties": {
        "icao24": "486494",
        "callsign": "KLM1682",
        "origin_country": "Kingdom of the Netherlands",
        "time_position": 1787344585,
        "last_contact": 1787344585,
        "baro_altitude": 11582.4,
        "on_ground": false,
        "velocity": 232.6,
        "true_track": 5.58,
        "vertical_rate": -0.33,
        "geo_altitude": 11894.82,
        "squawk": "1000",
        "spi": false,
        "position_source": 0
      }
    },
    {
      "type": "Feature",
      "geometry": {
        "type": "Point",
        "coordinates": [
          16.2068,
          45.8334
        ]
      },
      "properties": {
        "icao24": "486483",
        "callsign": "KLM55A",
        "origin_country": "Kingdom of the Netherlands",
        "time_position": 1787344457,
        "last_contact": 1787344459,
        "baro_altitude": 822.96,
        "on_ground": false,
        "velocity": 76.8,
        "true_track": 226.9,
        "vertical_rate": -3.9,
        "geo_altitude": 868.68,
        "squawk": "1000",
        "spi": false,
        "position_source": 0
      }
    },
    {
      "type": "Feature",
      "geometry": {
        "type": "Point",
        "coordinates": [
          8.5636,
          47.4414
        ]
      },
      "properties": {
        "icao24": "502dac",
        "callsign": "SWR8X",
        "origin_country": "Latvia",
        "time_position": 1787344337,
        "last_contact": 1787344337,
        "baro_altitude": null,
        "on_ground": true,
        "velocity": 0.06,
        "true_track": 64.69,
        "vertical_rate": null,
        "geo_altitude": null,
        "squawk": "1000",
        "spi": false,
        "position_source": 0
      }
    },
    {
      "type": "Feature",
      "geometry": {
        "type": "Point",
        "coordinates": [
          13.2075,
          46.6237
        ]
      },
      "properties": {
        "icao24": "502db4",
        "callsign": "SWR3ME",
        "origin_country": "Latvia",
        "time_position": 1787344585,
        "last_contact": 1787344585,
        "baro_altitude": 5791.2,
        "on_ground": false,
        "velocity": 209.44,
        "true_track": 118.14,
        "vertical_rate": -5.2,
        "geo_altitude": 6027.42,
        "squawk": "1000",
        "spi": false,
        "position_source": 0
      }
    },
    {
      "type": "Feature",
      "geometry": {
        "type": "Point",
        "coordinates": [
          11.4656,
          44.5178
        ]
      },
      "properties": {
        "icao24": "4ca569",
        "callsign": "RYR688B",
        "origin_country": "Ireland",
        "time_position": 1787344584,
        "last_contact": 1787344585,
        "baro_altitude": 2141.22,
        "on_ground": false,
        "velocity": 147.39,
        "true_track": 146.53,
        "vertical_rate": 17.56,
        "geo_altitude": 2232.66,
        "squawk": "7433",
        "spi": false,
        "position_source": 0
      }
    },
    {
      "type": "Feature",
      "geometry": {
        "type": "Point",
        "coordinates": [
          14.4068,
          47.1255
        ]
      },
      "properties": {
        "icao24": "48c5f9",
        "callsign": "SAR1921",
        "origin_country": "Poland",
        "time_position": 1787344585,
        "last_contact": 1787344585,
        "baro_altitude": 6713.22,
        "on_ground": false,
        "velocity": 119.58,
        "true_track": 330.35,
        "vertical_rate": 0.33,
        "geo_altitude": 6972.3,
        "squawk": "4164",
        "spi": false,
        "position_source": 0
      }
    },
    {
      "type": "Feature",
      "geometry": {
        "type": "Point",
        "coordinates": [
          12.4705,
          38.8307
        ]
      },
      "properties": {
        "icao24": "4ca56d",
        "callsign": "RYR5847",
        "origin_country": "Ireland",
        "time_position": 1787344388,
        "last_contact": 1787344388,
        "baro_altitude": 4930.14,
        "on_ground": false,
        "velocity": 194.9,
        "true_track": 154.52,
        "vertical_rate": -9.75,
        "geo_altitude": 5280.66,
        "squawk": null,
        "spi": false,
        "position_source": 0
      }
    },
    {
      "type": "Feature",
      "geometry": {
        "type": "Point",
        "coordinates": [
          9.2596,
          45.3341
        ]
      },
      "properties": {
        "icao24": "4ca56a",
        "callsign": "RYR50UT",
        "origin_country": "Ireland",
        "time_position": 1787344584,
        "last_contact": 1787344585,
        "baro_altitude": 4640.58,
        "on_ground": false,
        "velocity": 196.81,
        "true_track": 225.53,
        "vertical_rate": 13,
        "geo_altitude": 4815.84,
        "squawk": "1000",
        "spi": false,
        "position_source": 0
      }
    },
    {
      "type": "Feature",
      "geometry": {
        "type": "Point",
        "coordinates": [
          6.2524,
          43.9303
        ]
      },
      "properties": {
        "icao24": "3c70b4",
        "callsign": "BCS55K",
        "origin_country": "Germany",
        "time_position": 1787344585,
        "last_contact": 1787344585,
        "baro_altitude": 11582.4,
        "on_ground": false,
        "velocity": 233.8,
        "true_track": 23.74,
        "vertical_rate": 0,
        "geo_altitude": 12077.7,
        "squawk": "1000",
        "spi": false,
        "position_source": 0
      }
    },
    {
      "type": "Feature",
      "geometry": {
        "type": "Point",
        "coordinates": [
          8.7183,
          45.6265
        ]
      },
      "properties": {
        "icao24": "78158a",
        "callsign": "DKH1668",
        "origin_country": "China",
        "time_position": 1787344584,
        "last_contact": 1787344584,
        "baro_altitude": null,
        "on_ground": true,
        "velocity": 1.54,
        "true_track": 75.94,
        "vertical_rate": null,
        "geo_altitude": null,
        "squawk": "0453",
        "spi": false,
        "position_source": 0
      }
    },
    {
      "type": "Feature",
      "geometry": {
        "type": "Point",
        "coordinates": [
          8.3314,
          40.6329
        ]
      },
      "properties": {
        "icao24": "4ba9f5",
        "callsign": "THY6418",
        "origin_country": "Turkey",
        "time_position": 1787344585,
        "last_contact": 1787344585,
        "baro_altitude": 11582.4,
        "on_ground": false,
        "velocity": 254.31,
        "true_track": 84.43,
        "vertical_rate": 0,
        "geo_altitude": 12222.48,
        "squawk": "3730",
        "spi": false,
        "position_source": 0
      }
    },
    {
      "type": "Feature",
      "geometry": {
        "type": "Point",
        "coordinates": [
          9.869,
          47.6047
        ]
      },
      "properties": {
        "icao24": "502d79",
        "callsign": "SWR54M",
        "origin_country": "Latvia",
        "time_position": 1787344585,
        "last_contact": 1787344585,
        "baro_altitude": 4587.24,
        "on_ground": false,
        "velocity": 176.49,
        "true_track": 268.83,
        "vertical_rate": -10.4,
        "geo_altitude": 4739.64,
        "squawk": "1000",
        "spi": false,
        "position_source": 0
      }
    },
    {
      "type": "Feature",
      "geometry": {
        "type": "Point",
        "coordinates": [
          11.6426,
          44.3666
        ]
      },
      "properties": {
        "icao24": "71c077",
        "callsign": "KAL9576",
        "origin_country": "Republic of Korea",
        "time_position": 1787344585,
        "last_contact": 1787344585,
        "baro_altitude": 10668,
        "on_ground": false,
        "velocity": 278.28,
        "true_track": 120.31,
        "vertical_rate": 0,
        "geo_altitude": 11155.68,
        "squawk": "0473",
        "spi": false,
        "position_source": 0
      }
    },
    {
      "type": "Feature",
      "geometry": {
        "type": "Point",
        "coordinates": [
          14.9262,
          40.8891
        ]
      },
      "properties": {
        "icao24": "71c083",
        "callsign": "KAL914",
        "origin_country": "Republic of Korea",
        "time_position": 1787344585,
        "last_contact": 1787344585,
        "baro_altitude": 11269.98,
        "on_ground": false,
        "velocity": 262.97,
        "true_track": 88.54,
        "vertical_rate": 0,
        "geo_altitude": 11871.96,
        "squawk": "1455",
        "spi": false,
        "position_source": 0
      }
    },
    {
      "type": "Feature",
      "geometry": {
        "type": "Point",
        "coordinates": [
          12.2148,
          41.7938
        ]
      },
      "properties": {
        "icao24": "502cc6",
        "callsign": "ASL54D",
        "origin_country": "Latvia",
        "time_position": 1787344585,
        "last_contact": 1787344585,
        "baro_altitude": 624.84,
        "on_ground": false,
        "velocity": 68.03,
        "true_track": 239.56,
        "vertical_rate": 14.63,
        "geo_altitude": 701.04,
        "squawk": null,
        "spi": false,
        "position_source": 0
      }
    },
    {
      "type": "Feature",
      "geometry": {
        "type": "Point",
        "coordinates": [
          8.9378,
          47.6879
        ]
      },
      "properties": {
        "icao24": "502ce3",
        "callsign": "SWR53Q",
        "origin_country": "Latvia",
        "time_position": 1787344585,
        "last_contact": 1787344585,
        "baro_altitude": 4450.08,
        "on_ground": false,
        "velocity": 177.28,
        "true_track": 52.66,
        "vertical_rate": 8.13,
        "geo_altitude": 4587.24,
        "squawk": "3013",
        "spi": false,
        "position_source": 0
      }
    },
    {
      "type": "Feature",
      "geometry": {
        "type": "Point",
        "coordinates": [
          18.7951,
          43.3019
        ]
      },
      "properties": {
        "icao24": "49d421",
        "callsign": "TVS4SU",
        "origin_country": "Czech Republic",
        "time_position": 1787344584,
        "last_contact": 1787344584,
        "baro_altitude": 10363.2,
        "on_ground": false,
        "velocity": 239.82,
        "true_track": 339.27,
        "vertical_rate": 0,
        "geo_altitude": 10942.32,
        "squawk": null,
        "spi": false,
        "position_source": 0
      }
    },
    {
      "type": "Feature",
      "geometry": {
        "type": "Point",
        "coordinates": [
          14.2311,
          45.8953
        ]
      },
      "properties": {
        "icao24": "502cc8",
        "callsign": "AUA55P",
        "origin_country": "Latvia",
        "time_position": 1787344585,
        "last_contact": 1787344585,
        "baro_altitude": 9745.98,
        "on_ground": false,
        "velocity": 245.92,
        "true_track": 53.85,
        "vertical_rate": -0.33,
        "geo_altitude": 10195.56,
        "squawk": "1000",
        "spi": false,
        "position_source": 0
      }
    },
    {
      "type": "Feature",
      "geometry": {
        "type": "Point",
        "coordinates": [
          7.2209,
          43.5108
        ]
      },
      "properties": {
        "icao24": "49d42b",
        "callsign": "TVS2BC",
        "origin_country": "Czech Republic",
        "time_position": 1787344585,
        "last_contact": 1787344585,
        "baro_altitude": 10972.8,
        "on_ground": false,
        "velocity": 257.26,
        "true_track": 51.25,
        "vertical_rate": 0,
        "geo_altitude": 11483.34,
        "squawk": "1000",
        "spi": false,
        "position_source": 0
      }
    },
    {
      "type": "Feature",
      "geometry": {
        "type": "Point",
        "coordinates": [
          7.1698,
          47.4132
        ]
      },
      "properties": {
        "icao24": "502d7a",
        "callsign": "SWR759G",
        "origin_country": "Latvia",
        "time_position": 1787344585,
        "last_contact": 1787344585,
        "baro_altitude": 7909.56,
        "on_ground": false,
        "velocity": 178.67,
        "true_track": 265.04,
        "vertical_rate": 5.85,
        "geo_altitude": 8115.3,
        "squawk": "1000",
        "spi": false,
        "position_source": 0
      }
    },
    {
      "type": "Feature",
      "geometry": {
        "type": "Point",
        "coordinates": [
          15.1649,
          45.8921
        ]
      },
      "properties": {
        "icao24": "406d92",
        "callsign": "EZY94CG",
        "origin_country": "United Kingdom",
        "time_position": 1787344585,
        "last_contact": 1787344585,
        "baro_altitude": 10980.42,
        "on_ground": false,
        "velocity": 227.67,
        "true_track": 311.98,
        "vertical_rate": 0,
        "geo_altitude": 11490.96,
        "squawk": "5507",
        "spi": false,
        "position_source": 0
      }
    },
    {
      "type": "Feature",
      "geometry": {
        "type": "Point",
        "coordinates": [
          7.9604,
          42.9292
        ]
      },
      "properties": {
        "icao24": "407fad",
        "callsign": "TOM421",
        "origin_country": "United Kingdom",
        "time_position": 1787344585,
        "last_contact": 1787344585,
        "baro_altitude": 12192,
        "on_ground": false,
        "velocity": 221.46,
        "true_track": 328.49,
        "vertical_rate": 0,
        "geo_altitude": 12740.64,
        "squawk": "4002",
        "spi": false,
        "position_source": 0
      }
    },
    {
      "type": "Feature",
      "geometry": {
        "type": "Point",
        "coordinates": [
          17.0334,
          42.8702
        ]
      },
      "properties": {
        "icao24": "407fae",
        "callsign": "TOM8EJ",
        "origin_country": "United Kingdom",
        "time_position": 1787344577,
        "last_contact": 1787344578,
        "baro_altitude": 11277.6,
        "on_ground": false,
        "velocity": 236.35,
        "true_track": 127.39,
        "vertical_rate": 0,
        "geo_altitude": 11879.58,
        "squawk": "1167",
        "spi": false,
        "position_source": 0
      }
    },
    {
      "type": "Feature",
      "geometry": {
        "type": "Point",
        "coordinates": [
          8.5569,
          47.4543
        ]
      },
      "properties": {
        "icao24": "39bda7",
        "callsign": "AFR1414",
        "origin_country": "France",
        "time_position": 1787344334,
        "last_contact": 1787344334,
        "baro_altitude": null,
        "on_ground": true,
        "velocity": 0,
        "true_track": 185.62,
        "vertical_rate": null,
        "geo_altitude": null,
        "squawk": "1000",
        "spi": false,
        "position_source": 0
      }
    },
    {
      "type": "Feature",
      "geometry": {
        "type": "Point",
        "coordinates": [
          6.757,
          46.1846
        ]
      },
      "properties": {
        "icao24": "44083b",
        "callsign": "EJU35MC",
        "origin_country": "Austria",
        "time_position": 1787344585,
        "last_contact": 1787344585,
        "baro_altitude": 10355.58,
        "on_ground": false,
        "velocity": 181.4,
        "true_track": 312.01,
        "vertical_rate": -0.33,
        "geo_altitude": 10706.1,
        "squawk": "1000",
        "spi": false,
        "position_source": 0
      }
    },
    {
      "type": "Feature",
      "geometry": {
        "type": "Point",
        "coordinates": [
          13.2258,
          42.2919
        ]
      },
      "properties": {
        "icao24": "4ca303",
        "callsign": "RYR2VJ",
        "origin_country": "Ireland",
        "time_position": 1787344585,
        "last_contact": 1787344585,
        "baro_altitude": 10370.82,
        "on_ground": false,
        "velocity": 226.82,
        "true_track": 342.72,
        "vertical_rate": 6.83,
        "geo_altitude": 10919.46,
        "squawk": "1270",
        "spi": false,
        "position_source": 0
      }
    },
    {
      "type": "Feature",
      "geometry": {
        "type": "Point",
        "coordinates": [
          12.3201,
          40.9211
        ]
      },
      "properties": {
        "icao24": "49d365",
        "callsign": "TVQ6485",
        "origin_country": "Czech Republic",
        "time_position": 1787344585,
        "last_contact": 1787344585,
        "baro_altitude": 10972.8,
        "on_ground": false,
        "velocity": 218.93,
        "true_track": 16.52,
        "vertical_rate": 0,
        "geo_altitude": 11559.54,
        "squawk": "6175",
        "spi": false,
        "position_source": 0
      }
    },
    {
      "type": "Feature",
      "geometry": {
        "type": "Point",
        "coordinates": [
          18.6155,
          47.4236
        ]
      },
      "properties": {
        "icao24": "440821",
        "callsign": "AUA63H",
        "origin_country": "Austria",
        "time_position": 1787344584,
        "last_contact": 1787344585,
        "baro_altitude": 4533.9,
        "on_ground": false,
        "velocity": 156.72,
        "true_track": 118,
        "vertical_rate": -4.23,
        "geo_altitude": 4747.26,
        "squawk": "1000",
        "spi": false,
        "position_source": 0
      }
    },
    {
      "type": "Feature",
      "geometry": {
        "type": "Point",
        "coordinates": [
          15.647,
          41.803
        ]
      },
      "properties": {
        "icao24": "48e9f5",
        "callsign": "RYR83FD",
        "origin_country": "Poland",
        "time_position": 1787344585,
        "last_contact": 1787344585,
        "baro_altitude": 11582.4,
        "on_ground": false,
        "velocity": 219.01,
        "true_track": 285.11,
        "vertical_rate": 0,
        "geo_altitude": 12169.14,
        "squawk": null,
        "spi": false,
        "position_source": 0
      }
    },
    {
      "type": "Feature",
      "geometry": {
        "type": "Point",
        "coordinates": [
          7.2125,
          41.7301
        ]
      },
      "properties": {
        "icao24": "49d0f9",
        "callsign": "DFC1WC",
        "origin_country": "Czech Republic",
        "time_position": 1787344585,
        "last_contact": 1787344585,
        "baro_altitude": 12192,
        "on_ground": false,
        "velocity": 225.34,
        "true_track": 37.39,
        "vertical_rate": 0,
        "geo_altitude": 12748.26,
        "squawk": "5304",
        "spi": false,
        "position_source": 0
      }
    },
    {
      "type": "Feature",
      "geometry": {
        "type": "Point",
        "coordinates": [
          8.7747,
          46.0593
        ]
      },
      "properties": {
        "icao24": "4ca242",
        "callsign": "RYR9641",
        "origin_country": "Ireland",
        "time_position": 1787344585,
        "last_contact": 1787344585,
        "baro_altitude": 6667.5,
        "on_ground": false,
        "velocity": 213.78,
        "true_track": 120.51,
        "vertical_rate": -10.73,
        "geo_altitude": 6911.34,
        "squawk": "7312",
        "spi": false,
        "position_source": 0
      }
    },
    {
      "type": "Feature",
      "geometry": {
        "type": "Point",
        "coordinates": [
          13.056,
          46.2933
        ]
      },
      "properties": {
        "icao24": "407fda",
        "callsign": "WUK75",
        "origin_country": "United Kingdom",
        "time_position": 1787344585,
        "last_contact": 1787344585,
        "baro_altitude": 10645.14,
        "on_ground": false,
        "velocity": 200.02,
        "true_track": 284.75,
        "vertical_rate": -4.55,
        "geo_altitude": 11087.1,
        "squawk": "3223",
        "spi": false,
        "position_source": 0
      }
    },
    {
      "type": "Feature",
      "geometry": {
        "type": "Point",
        "coordinates": [
          11.9478,
          43.945
        ]
      },
      "properties": {
        "icao24": "4ca244",
        "callsign": "RYR61PH",
        "origin_country": "Ireland",
        "time_position": 1787344585,
        "last_contact": 1787344585,
        "baro_altitude": 7063.74,
        "on_ground": false,
        "velocity": 219.78,
        "true_track": 149.47,
        "vertical_rate": 11.7,
        "geo_altitude": 7421.88,
        "squawk": "1000",
        "spi": false,
        "position_source": 0
      }
    },
    {
      "type": "Feature",
      "geometry": {
        "type": "Point",
        "coordinates": [
          10.5272,
          46.2936
        ]
      },
      "properties": {
        "icao24": "407fcb",
        "callsign": "BAW33A",
        "origin_country": "United Kingdom",
        "time_position": 1787344585,
        "last_contact": 1787344585,
        "baro_altitude": 10363.2,
        "on_ground": false,
        "velocity": 194.82,
        "true_track": 299.07,
        "vertical_rate": 0,
        "geo_altitude": 10744.2,
        "squawk": "0221",
        "spi": false,
        "position_source": 0
      }
    },
    {
      "type": "Feature",
      "geometry": {
        "type": "Point",
        "coordinates": [
          14.6082,
          46.2369
        ]
      },
      "properties": {
        "icao24": "407fca",
        "callsign": "BAW378",
        "origin_country": "United Kingdom",
        "time_position": 1787344585,
        "last_contact": 1787344585,
        "baro_altitude": 11894.82,
        "on_ground": false,
        "velocity": 238.77,
        "true_track": 130.11,
        "vertical_rate": 0,
        "geo_altitude": 12390.12,
        "squawk": "5260",
        "spi": false,
        "position_source": 0
      }
    },
    {
      "type": "Feature",
      "geometry": {
        "type": "Point",
        "coordinates": [
          14.6847,
          41.0695
        ]
      },
      "properties": {
        "icao24": "44093e",
        "callsign": "EJU12PW",
        "origin_country": "Austria",
        "time_position": 1787344496,
        "last_contact": 1787344496,
        "baro_altitude": 2125.98,
        "on_ground": false,
        "velocity": 96.42,
        "true_track": 242.34,
        "vertical_rate": -0.98,
        "geo_altitude": 3535.68,
        "squawk": "2717",
        "spi": false,
        "position_source": 0
      }
    },
    {
      "type": "Feature",
      "geometry": {
        "type": "Point",
        "coordinates": [
          6.1528,
          42.7364
        ]
      },
      "properties": {
        "icao24": "342591",
        "callsign": "VLG8XR",
        "origin_country": "Spain",
        "time_position": 1787344585,
        "last_contact": 1787344585,
        "baro_altitude": 9151.62,
        "on_ground": false,
        "velocity": 233.63,
        "true_track": 46.61,
        "vertical_rate": -0.33,
        "geo_altitude": 9646.92,
        "squawk": "1000",
        "spi": false,
        "position_source": 0
      }
    },
    {
      "type": "Feature",
      "geometry": {
        "type": "Point",
        "coordinates": [
          8.4707,
          45.6673
        ]
      },
      "properties": {
        "icao24": "4ca294",
        "callsign": "EIN4HW",
        "origin_country": "Ireland",
        "time_position": 1787344585,
        "last_contact": 1787344585,
        "baro_altitude": 2880.36,
        "on_ground": false,
        "velocity": 141.23,
        "true_track": 229.58,
        "vertical_rate": 12.03,
        "geo_altitude": 3032.76,
        "squawk": "0423",
        "spi": false,
        "position_source": 0
      }
    },
    {
      "type": "Feature",
      "geometry": {
        "type": "Point",
        "coordinates": [
          9.1609,
          44.6467
        ]
      },
      "properties": {
        "icao24": "4ca24f",
        "callsign": "RYR10NG",
        "origin_country": "Ireland",
        "time_position": 1787344585,
        "last_contact": 1787344585,
        "baro_altitude": 6096,
        "on_ground": false,
        "velocity": 181.26,
        "true_track": 340.43,
        "vertical_rate": -11.38,
        "geo_altitude": 6370.32,
        "squawk": "7061",
        "spi": false,
        "position_source": 0
      }
    },
    {
      "type": "Feature",
      "geometry": {
        "type": "Point",
        "coordinates": [
          15.142,
          46.2708
        ]
      },
      "properties": {
        "icao24": "49d287",
        "callsign": "EWG85Z",
        "origin_country": "Czech Republic",
        "time_position": 1787344585,
        "last_contact": 1787344585,
        "baro_altitude": 7452.36,
        "on_ground": false,
        "velocity": 214.87,
        "true_track": 324.26,
        "vertical_rate": 6.5,
        "geo_altitude": 7795.26,
        "squawk": "2655",
        "spi": false,
        "position_source": 0
      }
    },
    {
      "type": "Feature",
      "geometry": {
        "type": "Point",
        "coordinates": [
          18.881,
          46.7561
        ]
      },
      "properties": {
        "icao24": "71c347",
        "callsign": "KAL902",
        "origin_country": "Republic of Korea",
        "time_position": 1787344585,
        "last_contact": 1787344585,
        "baro_altitude": 9448.8,
        "on_ground": false,
        "velocity": 254.7,
        "true_track": 111.07,
        "vertical_rate": 0,
        "geo_altitude": 9936.48,
        "squawk": "0655",
        "spi": false,
        "position_source": 0
      }
    },
    {
      "type": "Feature",
      "geometry": {
        "type": "Point",
        "coordinates": [
          17.7817,
          40.4722
        ]
      },
      "properties": {
        "icao24": "468e45",
        "callsign": "SEH925",
        "origin_country": "Greece",
        "time_position": 1787344585,
        "last_contact": 1787344585,
        "baro_altitude": 11887.2,
        "on_ground": false,
        "velocity": 226.32,
        "true_track": 124.63,
        "vertical_rate": 0,
        "geo_altitude": 12534.9,
        "squawk": "0406",
        "spi": false,
        "position_source": 0
      }
    },
    {
      "type": "Feature",
      "geometry": {
        "type": "Point",
        "coordinates": [
          16.0732,
          45.378
        ]
      },
      "properties": {
        "icao24": "406b5a",
        "callsign": "EFW7SN",
        "origin_country": "United Kingdom",
        "time_position": 1787344585,
        "last_contact": 1787344585,
        "baro_altitude": 10363.2,
        "on_ground": false,
        "velocity": 230.03,
        "true_track": 308.28,
        "vertical_rate": -0.33,
        "geo_altitude": 10881.36,
        "squawk": "5643",
        "spi": false,
        "position_source": 0
      }
    },
    {
      "type": "Feature",
      "geometry": {
        "type": "Point",
        "coordinates": [
          7.1618,
          47.4917
        ]
      },
      "properties": {
        "icao24": "4405ea",
        "callsign": "EJU18UF",
        "origin_country": "Austria",
        "time_position": 1787344585,
        "last_contact": 1787344585,
        "baro_altitude": 3787.14,
        "on_ground": false,
        "velocity": 173.94,
        "true_track": 256.66,
        "vertical_rate": 12.03,
        "geo_altitude": 3901.44,
        "squawk": "1000",
        "spi": false,
        "position_source": 0
      }
    },
    {
      "type": "Feature",
      "geometry": {
        "type": "Point",
        "coordinates": [
          11.5761,
          46.6783
        ]
      },
      "properties": {
        "icao24": "407e7d",
        "callsign": "EXS58K",
        "origin_country": "United Kingdom",
        "time_position": 1787344585,
        "last_contact": 1787344585,
        "baro_altitude": 11582.4,
        "on_ground": false,
        "velocity": 233.65,
        "true_track": 316.78,
        "vertical_rate": -0.33,
        "geo_altitude": 11971.02,
        "squawk": "3713",
        "spi": false,
        "position_source": 0
      }
    },
    {
      "type": "Feature",
      "geometry": {
        "type": "Point",
        "coordinates": [
          8.0574,
          45.4868
        ]
      },
      "properties": {
        "icao24": "39ceb2",
        "callsign": "TVF67PV",
        "origin_country": "France",
        "time_position": 1787344585,
        "last_contact": 1787344585,
        "baro_altitude": 9144,
        "on_ground": false,
        "velocity": 205.12,
        "true_track": 310.32,
        "vertical_rate": 0,
        "geo_altitude": 9494.52,
        "squawk": "1000",
        "spi": false,
        "position_source": 0
      }
    },
    {
      "type": "Feature",
      "geometry": {
        "type": "Point",
        "coordinates": [
          6.8158,
          46.2922
        ]
      },
      "properties": {
        "icao24": "39cea2",
        "callsign": "TVF49SB",
        "origin_country": "France",
        "time_position": 1787344585,
        "last_contact": 1787344585,
        "baro_altitude": 9753.6,
        "on_ground": false,
        "velocity": 190.12,
        "true_track": 305.2,
        "vertical_rate": 0.33,
        "geo_altitude": 10058.4,
        "squawk": "1000",
        "spi": false,
        "position_source": 0
      }
    },
    {
      "type": "Feature",
      "geometry": {
        "type": "Point",
        "coordinates": [
          15.8406,
          43.726
        ]
      },
      "properties": {
        "icao24": "407e60",
        "callsign": "EZY31YR",
        "origin_country": "United Kingdom",
        "time_position": 1787344585,
        "last_contact": 1787344585,
        "baro_altitude": 10965.18,
        "on_ground": false,
        "velocity": 223.78,
        "true_track": 311.46,
        "vertical_rate": -0.33,
        "geo_altitude": 11536.68,
        "squawk": "5503",
        "spi": false,
        "position_source": 0
      }
    },
    {
      "type": "Feature",
      "geometry": {
        "type": "Point",
        "coordinates": [
          7.5319,
          47.5983
        ]
      },
      "properties": {
        "icao24": "384bff",
        "callsign": "M03",
        "origin_country": "France",
        "time_position": 1787344584,
        "last_contact": 1787344584,
        "baro_altitude": null,
        "on_ground": true,
        "velocity": 6.69,
        "true_track": 163.12,
        "vertical_rate": null,
        "geo_altitude": null,
        "squawk": null,
        "spi": false,
        "position_source": 0
      }
    },
    {
      "type": "Feature",
      "geometry": {
        "type": "Point",
        "coordinates": [
          13.0426,
          46.5225
        ]
      },
      "properties": {
        "icao24": "440667",
        "callsign": "AUA380",
        "origin_country": "Austria",
        "time_position": 1787344585,
        "last_contact": 1787344585,
        "baro_altitude": 9745.98,
        "on_ground": false,
        "velocity": 276.23,
        "true_track": 43.26,
        "vertical_rate": -3.58,
        "geo_altitude": 10149.84,
        "squawk": "1000",
        "spi": false,
        "position_source": 0
      }
    },
    {
      "type": "Feature",
      "geometry": {
        "type": "Point",
        "coordinates": [
          16.6582,
          46.7241
        ]
      },
      "properties": {
        "icao24": "440666",
        "callsign": "AUA615",
        "origin_country": "Austria",
        "time_position": 1787344585,
        "last_contact": 1787344585,
        "baro_altitude": 9098.28,
        "on_ground": false,
        "velocity": 204.76,
        "true_track": 174.23,
        "vertical_rate": 7.15,
        "geo_altitude": 9525,
        "squawk": "1000",
        "spi": false,
        "position_source": 0
      }
    },
    {
      "type": "Feature",
      "geometry": {
        "type": "Point",
        "coordinates": [
          8.5009,
          46.3608
        ]
      },
      "properties": {
        "icao24": "440631",
        "callsign": "EJU79UB",
        "origin_country": "Austria",
        "time_position": 1787344585,
        "last_contact": 1787344585,
        "baro_altitude": 8336.28,
        "on_ground": false,
        "velocity": 228.59,
        "true_track": 155.4,
        "vertical_rate": -13.98,
        "geo_altitude": 8633.46,
        "squawk": "1000",
        "spi": false,
        "position_source": 0
      }
    },
    {
      "type": "Feature",
      "geometry": {
        "type": "Point",
        "coordinates": [
          14.9268,
          45.016
        ]
      },
      "properties": {
        "icao24": "48c1a6",
        "callsign": "RYR741D",
        "origin_country": "Poland",
        "time_position": 1787344585,
        "last_contact": 1787344585,
        "baro_altitude": 5173.98,
        "on_ground": false,
        "velocity": 184.49,
        "true_track": 174.56,
        "vertical_rate": -10.4,
        "geo_altitude": 5440.68,
        "squawk": "1000",
        "spi": false,
        "position_source": 0
      }
    },
    {
      "type": "Feature",
      "geometry": {
        "type": "Point",
        "coordinates": [
          12.9221,
          40.7939
        ]
      },
      "properties": {
        "icao24": "49d13d",
        "callsign": "EWG817",
        "origin_country": "Czech Republic",
        "time_position": 1787344585,
        "last_contact": 1787344585,
        "baro_altitude": 11582.4,
        "on_ground": false,
        "velocity": 222.14,
        "true_track": 322.81,
        "vertical_rate": 0,
        "geo_altitude": 12184.38,
        "squawk": null,
        "spi": false,
        "position_source": 0
      }
    },
    {
      "type": "Feature",
      "geometry": {
        "type": "Point",
        "coordinates": [
          15.3199,
          45.1925
        ]
      },
      "properties": {
        "icao24": "407caf",
        "callsign": "RUK14",
        "origin_country": "United Kingdom",
        "time_position": 1787344585,
        "last_contact": 1787344585,
        "baro_altitude": 10972.8,
        "on_ground": false,
        "velocity": 226.16,
        "true_track": 310.76,
        "vertical_rate": 0,
        "geo_altitude": 11498.58,
        "squawk": "5660",
        "spi": false,
        "position_source": 0
      }
    },
    {
      "type": "Feature",
      "geometry": {
        "type": "Point",
        "coordinates": [
          18.7181,
          43.4185
        ]
      },
      "properties": {
        "icao24": "406c81",
        "callsign": "EXS1BL",
        "origin_country": "United Kingdom",
        "time_position": 1787344583,
        "last_contact": 1787344584,
        "baro_altitude": 10972.8,
        "on_ground": false,
        "velocity": 235.12,
        "true_track": 322.38,
        "vertical_rate": -0.33,
        "geo_altitude": 11574.78,
        "squawk": "5014",
        "spi": false,
        "position_source": 0
      }
    },
    {
      "type": "Feature",
      "geometry": {
        "type": "Point",
        "coordinates": [
          15.9758,
          44.813
        ]
      },
      "properties": {
        "icao24": "407f0e",
        "callsign": "RUK9GK",
        "origin_country": "United Kingdom",
        "time_position": 1787344585,
        "last_contact": 1787344585,
        "baro_altitude": 10972.8,
        "on_ground": false,
        "velocity": 232.25,
        "true_track": 312.85,
        "vertical_rate": 0,
        "geo_altitude": 11498.58,
        "squawk": "5630",
        "spi": false,
        "position_source": 0
      }
    },
    {
      "type": "Feature",
      "geometry": {
        "type": "Point",
        "coordinates": [
          11.1575,
          39.4052
        ]
      },
      "properties": {
        "icao24": "407f79",
        "callsign": "EZY25CQ",
        "origin_country": "United Kingdom",
        "time_position": 1787344584,
        "last_contact": 1787344584,
        "baro_altitude": 11582.4,
        "on_ground": false,
        "velocity": 223.91,
        "true_track": 323.97,
        "vertical_rate": 0,
        "geo_altitude": 12222.48,
        "squawk": "6564",
        "spi": false,
        "position_source": 0
      }
    },
    {
      "type": "Feature",
      "geometry": {
        "type": "Point",
        "coordinates": [
          7.2065,
          43.6565
        ]
      },
      "properties": {
        "icao24": "407f5f",
        "callsign": "EZY65PM",
        "origin_country": "United Kingdom",
        "time_position": 1787344584,
        "last_contact": 1787344585,
        "baro_altitude": null,
        "on_ground": true,
        "velocity": 0.32,
        "true_track": 317.81,
        "vertical_rate": null,
        "geo_altitude": null,
        "squawk": "6354",
        "spi": false,
        "position_source": 0
      }
    },
    {
      "type": "Feature",
      "geometry": {
        "type": "Point",
        "coordinates": [
          14.4872,
          39.4405
        ]
      },
      "properties": {
        "icao24": "406add",
        "callsign": "EXS8UM",
        "origin_country": "United Kingdom",
        "time_position": 1787344584,
        "last_contact": 1787344585,
        "baro_altitude": 9745.98,
        "on_ground": false,
        "velocity": 218.76,
        "true_track": 331.02,
        "vertical_rate": -0.33,
        "geo_altitude": 10317.48,
        "squawk": null,
        "spi": false,
        "position_source": 0
      }
    },
    {
      "type": "Feature",
      "geometry": {
        "type": "Point",
        "coordinates": [
          12.7345,
          45.8144
        ]
      },
      "properties": {
        "icao24": "406ae8",
        "callsign": "TOM2KJ",
        "origin_country": "United Kingdom",
        "time_position": 1787344585,
        "last_contact": 1787344585,
        "baro_altitude": 11582.4,
        "on_ground": false,
        "velocity": 231.96,
        "true_track": 317.61,
        "vertical_rate": -0.33,
        "geo_altitude": 12047.22,
        "squawk": "0257",
        "spi": false,
        "position_source": 0
      }
    },
    {
      "type": "Feature",
      "geometry": {
        "type": "Point",
        "coordinates": [
          18.2226,
          41.0208
        ]
      },
      "properties": {
        "icao24": "406ae9",
        "callsign": "TOM1MB",
        "origin_country": "United Kingdom",
        "time_position": 1787344580,
        "last_contact": 1787344581,
        "baro_altitude": 10439.4,
        "on_ground": false,
        "velocity": 233.96,
        "true_track": 321.52,
        "vertical_rate": 6.83,
        "geo_altitude": 10332.72,
        "squawk": null,
        "spi": false,
        "position_source": 0
      }
    },
    {
      "type": "Feature",
      "geometry": {
        "type": "Point",
        "coordinates": [
          13.2682,
          47.2806
        ]
      },
      "properties": {
        "icao24": "48c2ad",
        "callsign": "RYR58JX",
        "origin_country": "Poland",
        "time_position": 1787344585,
        "last_contact": 1787344585,
        "baro_altitude": 11277.6,
        "on_ground": false,
        "velocity": 240.88,
        "true_track": 96.75,
        "vertical_rate": 0,
        "geo_altitude": 11673.84,
        "squawk": "1000",
        "spi": false,
        "position_source": 0
      }
    },
    {
      "type": "Feature",
      "geometry": {
        "type": "Point",
        "coordinates": [
          7.409,
          39.986
        ]
      },
      "properties": {
        "icao24": "48c2ae",
        "callsign": "RYR2967",
        "origin_country": "Poland",
        "time_position": 1787344585,
        "last_contact": 1787344585,
        "baro_altitude": 10972.8,
        "on_ground": false,
        "velocity": 240.82,
        "true_track": 44.65,
        "vertical_rate": 0,
        "geo_altitude": 11590.02,
        "squawk": "6202",
        "spi": false,
        "position_source": 0
      }
    },
    {
      "type": "Feature",
      "geometry": {
        "type": "Point",
        "coordinates": [
          6.0385,
          42.6324
        ]
      },
      "properties": {
        "icao24": "48c2b8",
        "callsign": "RYR8BY",
        "origin_country": "Poland",
        "time_position": 1787344585,
        "last_contact": 1787344585,
        "baro_altitude": 11582.4,
        "on_ground": false,
        "velocity": 249.23,
        "true_track": 46.09,
        "vertical_rate": 0,
        "geo_altitude": 12131.04,
        "squawk": "1000",
        "spi": false,
        "position_source": 0
      }
    },
    {
      "type": "Feature",
      "geometry": {
        "type": "Point",
        "coordinates": [
          12.4289,
          44.4592
        ]
      },
      "properties": {
        "icao24": "48c2b3",
        "callsign": "RYR98LT",
        "origin_country": "Poland",
        "time_position": 1787344585,
        "last_contact": 1787344585,
        "baro_altitude": 2788.92,
        "on_ground": false,
        "velocity": 145.69,
        "true_track": 190.99,
        "vertical_rate": -8.13,
        "geo_altitude": 2933.7,
        "squawk": "1000",
        "spi": false,
        "position_source": 0
      }
    },
    {
      "type": "Feature",
      "geometry": {
        "type": "Point",
        "coordinates": [
          9.8327,
          45.7834
        ]
      },
      "properties": {
        "icao24": "48c2b2",
        "callsign": "RYR30DK",
        "origin_country": "Poland",
        "time_position": 1787344584,
        "last_contact": 1787344585,
        "baro_altitude": 3924.3,
        "on_ground": false,
        "velocity": 149.3,
        "true_track": 217.58,
        "vertical_rate": -10.08,
        "geo_altitude": 4091.94,
        "squawk": "1000",
        "spi": false,
        "position_source": 0
      }
    },
    {
      "type": "Feature",
      "geometry": {
        "type": "Point",
        "coordinates": [
          9.453,
          45.3526
        ]
      },
      "properties": {
        "icao24": "48c2a4",
        "callsign": "RYR75YT",
        "origin_country": "Poland",
        "time_position": 1787344585,
        "last_contact": 1787344585,
        "baro_altitude": 10668,
        "on_ground": false,
        "velocity": 277.74,
        "true_track": 107.46,
        "vertical_rate": -0.33,
        "geo_altitude": 11079.48,
        "squawk": "0505",
        "spi": false,
        "position_source": 0
      }
    },
    {
      "type": "Feature",
      "geometry": {
        "type": "Point",
        "coordinates": [
          13.9366,
          46.8276
        ]
      },
      "properties": {
        "icao24": "48c2a2",
        "callsign": "RYR5KU",
        "origin_country": "Poland",
        "time_position": 1787344585,
        "last_contact": 1787344585,
        "baro_altitude": 10066.02,
        "on_ground": false,
        "velocity": 256.51,
        "true_track": 83.09,
        "vertical_rate": -0.33,
        "geo_altitude": 10485.12,
        "squawk": "1000",
        "spi": false,
        "position_source": 0
      }
    },
    {
      "type": "Feature",
      "geometry": {
        "type": "Point",
        "coordinates": [
          14.7998,
          46.3048
        ]
      },
      "properties": {
        "icao24": "48c2a3",
        "callsign": "RYR21AQ",
        "origin_country": "Poland",
        "time_position": 1787344585,
        "last_contact": 1787344585,
        "baro_altitude": 11277.6,
        "on_ground": false,
        "velocity": 269.56,
        "true_track": 39.04,
        "vertical_rate": 0,
        "geo_altitude": 11757.66,
        "squawk": "1000",
        "spi": false,
        "position_source": 0
      }
    },
    {
      "type": "Feature",
      "geometry": {
        "type": "Point",
        "coordinates": [
          17.6334,
          43.08
        ]
      },
      "properties": {
        "icao24": "48c2a1",
        "callsign": "RYR18LV",
        "origin_country": "Poland",
        "time_position": 1787344576,
        "last_contact": 1787344576,
        "baro_altitude": 10668,
        "on_ground": false,
        "velocity": 222.73,
        "true_track": 199.15,
        "vertical_rate": 0,
        "geo_altitude": 11262.36,
        "squawk": "5240",
        "spi": false,
        "position_source": 0
      }
    },
    {
      "type": "Feature",
      "geometry": {
        "type": "Point",
        "coordinates": [
          11.8971,
          35.5471
        ]
      },
      "properties": {
        "icao24": "49d00d",
        "callsign": "TVS2782",
        "origin_country": "Czech Republic",
        "time_position": 1787344585,
        "last_contact": 1787344585,
        "baro_altitude": 10668,
        "on_ground": false,
        "velocity": 225.82,
        "true_track": 197.77,
        "vertical_rate": 0.33,
        "geo_altitude": 11323.32,
        "squawk": "1141",
        "spi": false,
        "position_source": 0
      }
    },
    {
      "type": "Feature",
      "geometry": {
        "type": "Point",
        "coordinates": [
          15.027,
          46.6682
        ]
      },
      "properties": {
        "icao24": "407c6d",
        "callsign": "EXS83E",
        "origin_country": "United Kingdom",
        "time_position": 1787344585,
        "last_contact": 1787344585,
        "baro_altitude": 10972.8,
        "on_ground": false,
        "velocity": 235.09,
        "true_track": 320.77,
        "vertical_rate": 0,
        "geo_altitude": 11437.62,
        "squawk": "5360",
        "spi": false,
        "position_source": 0
      }
    },
    {
      "type": "Feature",
      "geometry": {
        "type": "Point",
        "coordinates": [
          15.2262,
          47.1929
        ]
      },
      "properties": {
        "icao24": "48c129",
        "callsign": "RYR53RZ",
        "origin_country": "Poland",
        "time_position": 1787344585,
        "last_contact": 1787344585,
        "baro_altitude": 10317.48,
        "on_ground": false,
        "velocity": 205.58,
        "true_track": 185.17,
        "vertical_rate": -5.85,
        "geo_altitude": 10736.58,
        "squawk": "1000",
        "spi": false,
        "position_source": 0
      }
    },
    {
      "type": "Feature",
      "geometry": {
        "type": "Point",
        "coordinates": [
          17.2366,
          45.5499
        ]
      },
      "properties": {
        "icao24": "48c125",
        "callsign": "RYR869U",
        "origin_country": "Poland",
        "time_position": 1787344585,
        "last_contact": 1787344585,
        "baro_altitude": 10972.8,
        "on_ground": false,
        "velocity": 209.81,
        "true_track": 164.5,
        "vertical_rate": 0,
        "geo_altitude": 11506.2,
        "squawk": "4536",
        "spi": false,
        "position_source": 0
      }
    },
    {
      "type": "Feature",
      "geometry": {
        "type": "Point",
        "coordinates": [
          10.2864,
          40.9139
        ]
      },
      "properties": {
        "icao24": "3444cc",
        "callsign": "VLG836X",
        "origin_country": "Spain",
        "time_position": 1787344585,
        "last_contact": 1787344585,
        "baro_altitude": 11262.36,
        "on_ground": false,
        "velocity": 211.47,
        "true_track": 269.02,
        "vertical_rate": 0,
        "geo_altitude": 11879.58,
        "squawk": null,
        "spi": false,
        "position_source": 0
      }
    },
    {
      "type": "Feature",
      "geometry": {
        "type": "Point",
        "coordinates": [
          7.6731,
          45.1873
        ]
      },
      "properties": {
        "icao24": "44047d",
        "callsign": "EJU13BV",
        "origin_country": "Austria",
        "time_position": 1787344585,
        "last_contact": 1787344585,
        "baro_altitude": 10363.2,
        "on_ground": false,
        "velocity": 211.39,
        "true_track": 316.08,
        "vertical_rate": 0.33,
        "geo_altitude": 10789.92,
        "squawk": "1000",
        "spi": false,
        "position_source": 0
      }
    },
    {
      "type": "Feature",
      "geometry": {
        "type": "Point",
        "coordinates": [
          17.3162,
          42.7321
        ]
      },
      "properties": {
        "icao24": "407ac3",
        "callsign": "TOM3VA",
        "origin_country": "United Kingdom",
        "time_position": 1787344566,
        "last_contact": 1787344584,
        "baro_altitude": 10972.8,
        "on_ground": false,
        "velocity": 240.17,
        "true_track": 335.85,
        "vertical_rate": 0.33,
        "geo_altitude": 11574.78,
        "squawk": null,
        "spi": false,
        "position_source": 0
      }
    },
    {
      "type": "Feature",
      "geometry": {
        "type": "Point",
        "coordinates": [
          14.6864,
          37.4343
        ]
      },
      "properties": {
        "icao24": "4402db",
        "callsign": "EJU371T",
        "origin_country": "Austria",
        "time_position": 1787344585,
        "last_contact": 1787344585,
        "baro_altitude": 1562.1,
        "on_ground": false,
        "velocity": 102.33,
        "true_track": 84.52,
        "vertical_rate": -3.25,
        "geo_altitude": 1722.12,
        "squawk": "4620",
        "spi": false,
        "position_source": 0
      }
    },
    {
      "type": "Feature",
      "geometry": {
        "type": "Point",
        "coordinates": [
          9.8433,
          45.9959
        ]
      },
      "properties": {
        "icao24": "45ce4d",
        "callsign": "SRR6497",
        "origin_country": "Denmark",
        "time_position": 1787344584,
        "last_contact": 1787344585,
        "baro_altitude": 11582.4,
        "on_ground": false,
        "velocity": 220.89,
        "true_track": 326.98,
        "vertical_rate": 0,
        "geo_altitude": 11963.4,
        "squawk": "2777",
        "spi": false,
        "position_source": 0
      }
    },
    {
      "type": "Feature",
      "geometry": {
        "type": "Point",
        "coordinates": [
          8.7158,
          40.632
        ]
      },
      "properties": {
        "icao24": "504e65",
        "callsign": "FIE232",
        "origin_country": "Republic of Moldova",
        "time_position": 1787344584,
        "last_contact": 1787344584,
        "baro_altitude": 9761.22,
        "on_ground": false,
        "velocity": 254.51,
        "true_track": 86.87,
        "vertical_rate": 0,
        "geo_altitude": 10355.58,
        "squawk": "1271",
        "spi": false,
        "position_source": 0
      }
    },
    {
      "type": "Feature",
      "geometry": {
        "type": "Point",
        "coordinates": [
          17.3597,
          45.5035
        ]
      },
      "properties": {
        "icao24": "504e8e",
        "callsign": "FIE248",
        "origin_country": "Republic of Moldova",
        "time_position": 1787344585,
        "last_contact": 1787344585,
        "baro_altitude": 11262.36,
        "on_ground": false,
        "velocity": 234.65,
        "true_track": 94.02,
        "vertical_rate": -0.33,
        "geo_altitude": 11818.62,
        "squawk": "0437",
        "spi": false,
        "position_source": 0
      }
    },
    {
      "type": "Feature",
      "geometry": {
        "type": "Point",
        "coordinates": [
          16.8231,
          39.1837
        ]
      },
      "properties": {
        "icao24": "344648",
        "callsign": "IBE08SP",
        "origin_country": "Spain",
        "time_position": 1787344585,
        "last_contact": 1787344585,
        "baro_altitude": 10058.4,
        "on_ground": false,
        "velocity": 242.31,
        "true_track": 104.51,
        "vertical_rate": 0.33,
        "geo_altitude": 10660.38,
        "squawk": "1452",
        "spi": false,
        "position_source": 0
      }
    },
    {
      "type": "Feature",
      "geometry": {
        "type": "Point",
        "coordinates": [
          15.0077,
          43.6498
        ]
      },
      "properties": {
        "icao24": "46b8ad",
        "callsign": "AEE605",
        "origin_country": "Greece",
        "time_position": 1787344584,
        "last_contact": 1787344585,
        "baro_altitude": 10668,
        "on_ground": false,
        "velocity": 233.19,
        "true_track": 121.38,
        "vertical_rate": 0.33,
        "geo_altitude": 11231.88,
        "squawk": "0515",
        "spi": false,
        "position_source": 0
      }
    },
    {
      "type": "Feature",
      "geometry": {
        "type": "Point",
        "coordinates": [
          18.0441,
          38.2464
        ]
      },
      "properties": {
        "icao24": "46b8af",
        "callsign": "AEE8GM",
        "origin_country": "Greece",
        "time_position": 1787344585,
        "last_contact": 1787344585,
        "baro_altitude": 10972.8,
        "on_ground": false,
        "velocity": 228.54,
        "true_track": 253.52,
        "vertical_rate": 0,
        "geo_altitude": 11590.02,
        "squawk": null,
        "spi": false,
        "position_source": 0
      }
    },
    {
      "type": "Feature",
      "geometry": {
        "type": "Point",
        "coordinates": [
          18.8263,
          42.5111
        ]
      },
      "properties": {
        "icao24": "407d74",
        "callsign": "BAW638",
        "origin_country": "United Kingdom",
        "time_position": 1787344540,
        "last_contact": 1787344540,
        "baro_altitude": 10058.4,
        "on_ground": false,
        "velocity": 236.62,
        "true_track": 140.91,
        "vertical_rate": 0,
        "geo_altitude": 10645.14,
        "squawk": "0541",
        "spi": false,
        "position_source": 0
      }
    },
    {
      "type": "Feature",
      "geometry": {
        "type": "Point",
        "coordinates": [
          7.6401,
          45.8719
        ]
      },
      "properties": {
        "icao24": "407d5c",
        "callsign": "WUK975",
        "origin_country": "United Kingdom",
        "time_position": 1787344585,
        "last_contact": 1787344585,
        "baro_altitude": 10652.76,
        "on_ground": false,
        "velocity": 273.43,
        "true_track": 111.06,
        "vertical_rate": 0,
        "geo_altitude": 11041.38,
        "squawk": "2150",
        "spi": false,
        "position_source": 0
      }
    },
    {
      "type": "Feature",
      "geometry": {
        "type": "Point",
        "coordinates": [
          9.996,
          45.5451
        ]
      },
      "properties": {
        "icao24": "48c22b",
        "callsign": "RYR8X",
        "origin_country": "Poland",
        "time_position": 1787344585,
        "last_contact": 1787344585,
        "baro_altitude": 1562.1,
        "on_ground": false,
        "velocity": 109.88,
        "true_track": 316.14,
        "vertical_rate": -2.28,
        "geo_altitude": 1645.92,
        "squawk": "1000",
        "spi": false,
        "position_source": 0
      }
    },
    {
      "type": "Feature",
      "geometry": {
        "type": "Point",
        "coordinates": [
          17.7888,
          41.4064
        ]
      },
      "properties": {
        "icao24": "48c228",
        "callsign": "RYR13HB",
        "origin_country": "Poland",
        "time_position": 1787344567,
        "last_contact": 1787344570,
        "baro_altitude": 9136.38,
        "on_ground": false,
        "velocity": 239.69,
        "true_track": 298.88,
        "vertical_rate": 10.4,
        "geo_altitude": 9677.4,
        "squawk": null,
        "spi": false,
        "position_source": 0
      }
    },
    {
      "type": "Feature",
      "geometry": {
        "type": "Point",
        "coordinates": [
          6.233,
          42.8804
        ]
      },
      "properties": {
        "icao24": "48c221",
        "callsign": "RYR18LB",
        "origin_country": "Poland",
        "time_position": 1787344585,
        "last_contact": 1787344585,
        "baro_altitude": 11582.4,
        "on_ground": false,
        "velocity": 248.75,
        "true_track": 49.19,
        "vertical_rate": 0,
        "geo_altitude": 12123.42,
        "squawk": "1000",
        "spi": false,
        "position_source": 0
      }
    },
    {
      "type": "Feature",
      "geometry": {
        "type": "Point",
        "coordinates": [
          13.0504,
          44.456
        ]
      },
      "properties": {
        "icao24": "8013c2",
        "callsign": "AIC2030",
        "origin_country": "India",
        "time_position": 1787344585,
        "last_contact": 1787344585,
        "baro_altitude": 10660.38,
        "on_ground": false,
        "velocity": 260.72,
        "true_track": 140.85,
        "vertical_rate": 0,
        "geo_altitude": 11155.68,
        "squawk": "0270",
        "spi": false,
        "position_source": 0
      }
    },
    {
      "type": "Feature",
      "geometry": {
        "type": "Point",
        "coordinates": [
          17.3555,
          45.4717
        ]
      },
      "properties": {
        "icao24": "06a0eb",
        "callsign": "QTR67H",
        "origin_country": "Qatar",
        "time_position": 1787344585,
        "last_contact": 1787344585,
        "baro_altitude": 11894.82,
        "on_ground": false,
        "velocity": 252.35,
        "true_track": 114.32,
        "vertical_rate": 0.33,
        "geo_altitude": 12443.46,
        "squawk": "5261",
        "spi": false,
        "position_source": 0
      }
    },
    {
      "type": "Feature",
      "geometry": {
        "type": "Point",
        "coordinates": [
          10.181,
          42.5077
        ]
      },
      "properties": {
        "icao24": "4a2184",
        "callsign": "AEZ842V",
        "origin_country": "Romania",
        "time_position": 1787344585,
        "last_contact": 1787344585,
        "baro_altitude": 10058.4,
        "on_ground": false,
        "velocity": 225.07,
        "true_track": 182.75,
        "vertical_rate": 0,
        "geo_altitude": 10599.42,
        "squawk": "0001",
        "spi": false,
        "position_source": 0
      }
    },
    {
      "type": "Feature",
      "geometry": {
        "type": "Point",
        "coordinates": [
          14.5743,
          40.7427
        ]
      },
      "properties": {
        "icao24": "71c708",
        "callsign": "TWB408",
        "origin_country": "Republic of Korea",
        "time_position": 1787344585,
        "last_contact": 1787344585,
        "baro_altitude": 10668,
        "on_ground": false,
        "velocity": 253.66,
        "true_track": 91.05,
        "vertical_rate": 0.33,
        "geo_altitude": 11277.6,
        "squawk": "1425",
        "spi": false,
        "position_source": 0
      }
    },
    {
      "type": "Feature",
      "geometry": {
        "type": "Point",
        "coordinates": [
          8.5676,
          47.4412
        ]
      },
      "properties": {
        "icao24": "4b1803",
        "callsign": "SWR",
        "origin_country": "Switzerland",
        "time_position": 1787344543,
        "last_contact": 1787344545,
        "baro_altitude": null,
        "on_ground": true,
        "velocity": 0.19,
        "true_track": 326.25,
        "vertical_rate": null,
        "geo_altitude": null,
        "squawk": "2000",
        "spi": false,
        "position_source": 0
      }
    },
    {
      "type": "Feature",
      "geometry": {
        "type": "Point",
        "coordinates": [
          8.5568,
          47.4616
        ]
      },
      "properties": {
        "icao24": "4b1805",
        "callsign": "SWR8AK",
        "origin_country": "Switzerland",
        "time_position": 1787344580,
        "last_contact": 1787344585,
        "baro_altitude": 396.24,
        "on_ground": true,
        "velocity": 0,
        "true_track": 185.62,
        "vertical_rate": null,
        "geo_altitude": null,
        "squawk": "2000",
        "spi": false,
        "position_source": 0
      }
    },
    {
      "type": "Feature",
      "geometry": {
        "type": "Point",
        "coordinates": [
          11.1001,
          47.6367
        ]
      },
      "properties": {
        "icao24": "4b1807",
        "callsign": "SWR5BW",
        "origin_country": "Switzerland",
        "time_position": 1787344585,
        "last_contact": 1787344585,
        "baro_altitude": 10668,
        "on_ground": false,
        "velocity": 241.85,
        "true_track": 58.3,
        "vertical_rate": 0,
        "geo_altitude": 10965.18,
        "squawk": "1000",
        "spi": false,
        "position_source": 0
      }
    },
    {
      "type": "Feature",
      "geometry": {
        "type": "Point",
        "coordinates": [
          9.3111,
          47.588
        ]
      },
      "properties": {
        "icao24": "4b1808",
        "callsign": "SWR8YP",
        "origin_country": "Switzerland",
        "time_position": 1787344585,
        "last_contact": 1787344585,
        "baro_altitude": 4084.32,
        "on_ground": false,
        "velocity": 155.12,
        "true_track": 254.81,
        "vertical_rate": -6.5,
        "geo_altitude": 4221.48,
        "squawk": "2247",
        "spi": false,
        "position_source": 0
      }
    },
    {
      "type": "Feature",
      "geometry": {
        "type": "Point",
        "coordinates": [
          8.5607,
          47.4455
        ]
      },
      "properties": {
        "icao24": "4b1809",
        "callsign": "SWR259T",
        "origin_country": "Switzerland",
        "time_position": 1787344564,
        "last_contact": 1787344580,
        "baro_altitude": 396.24,
        "on_ground": true,
        "velocity": 0,
        "true_track": 244.69,
        "vertical_rate": null,
        "geo_altitude": null,
        "squawk": "2000",
        "spi": false,
        "position_source": 0
      }
    },
    {
      "type": "Feature",
      "geometry": {
        "type": "Point",
        "coordinates": [
          6.336,
          46.3921
        ]
      },
      "properties": {
        "icao24": "4b1801",
        "callsign": "SWR4TH",
        "origin_country": "Switzerland",
        "time_position": 1787344585,
        "last_contact": 1787344585,
        "baro_altitude": 1577.34,
        "on_ground": false,
        "velocity": 128.06,
        "true_track": 225.98,
        "vertical_rate": -7.15,
        "geo_altitude": 1691.64,
        "squawk": "1000",
        "spi": false,
        "position_source": 0
      }
    },
    {
      "type": "Feature",
      "geometry": {
        "type": "Point",
        "coordinates": [
          7.7537,
          46.845
        ]
      },
      "properties": {
        "icao24": "4b181b",
        "callsign": "EDW53PC",
        "origin_country": "Switzerland",
        "time_position": 1787344585,
        "last_contact": 1787344585,
        "baro_altitude": 5829.3,
        "on_ground": false,
        "velocity": 240.53,
        "true_track": 48.47,
        "vertical_rate": -9.43,
        "geo_altitude": 6019.8,
        "squawk": "1000",
        "spi": false,
        "position_source": 0
      }
    },
    {
      "type": "Feature",
      "geometry": {
        "type": "Point",
        "coordinates": [
          13.0463,
          47.2202
        ]
      },
      "properties": {
        "icao24": "4b181c",
        "callsign": "SWR1886",
        "origin_country": "Switzerland",
        "time_position": 1787344585,
        "last_contact": 1787344585,
        "baro_altitude": 11277.6,
        "on_ground": false,
        "velocity": 242.82,
        "true_track": 99.14,
        "vertical_rate": 0,
        "geo_altitude": 11681.46,
        "squawk": "1000",
        "spi": false,
        "position_source": 0
      }
    },
    {
      "type": "Feature",
      "geometry": {
        "type": "Point",
        "coordinates": [
          6.1298,
          46.395
        ]
      },
      "properties": {
        "icao24": "440db0",
        "callsign": "EJU56VP",
        "origin_country": "Austria",
        "time_position": 1787344585,
        "last_contact": 1787344585,
        "baro_altitude": 10668,
        "on_ground": false,
        "velocity": 188.46,
        "true_track": 238.39,
        "vertical_rate": 0.33,
        "geo_altitude": 10988.04,
        "squawk": "3014",
        "spi": false,
        "position_source": 0
      }
    },
    {
      "type": "Feature",
      "geometry": {
        "type": "Point",
        "coordinates": [
          7.5648,
          47.6071
        ]
      },
      "properties": {
        "icao24": "4b180a",
        "callsign": "SWR2MB",
        "origin_country": "Switzerland",
        "time_position": 1787344585,
        "last_contact": 1787344585,
        "baro_altitude": 9448.8,
        "on_ground": false,
        "velocity": 218.58,
        "true_track": 196.69,
        "vertical_rate": 0,
        "geo_altitude": 9677.4,
        "squawk": "1000",
        "spi": false,
        "position_source": 0
      }
    },
    {
      "type": "Feature",
      "geometry": {
        "type": "Point",
        "coordinates": [
          6.8754,
          44.4519
        ]
      },
      "properties": {
        "icao24": "4b180b",
        "callsign": "SWR7LW",
        "origin_country": "Switzerland",
        "time_position": 1787344585,
        "last_contact": 1787344585,
        "baro_altitude": 7315.2,
        "on_ground": false,
        "velocity": 186.41,
        "true_track": 350.15,
        "vertical_rate": 0,
        "geo_altitude": 7680.96,
        "squawk": "1000",
        "spi": false,
        "position_source": 0
      }
    },
    {
      "type": "Feature",
      "geometry": {
        "type": "Point",
        "coordinates": [
          9.4417,
          45.3043
        ]
      },
      "properties": {
        "icao24": "3c666a",
        "callsign": "DLH24Y",
        "origin_country": "Germany",
        "time_position": 1787344584,
        "last_contact": 1787344585,
        "baro_altitude": 10066.02,
        "on_ground": false,
        "velocity": 196.14,
        "true_track": 228.83,
        "vertical_rate": -0.33,
        "geo_altitude": 10439.4,
        "squawk": "1000",
        "spi": false,
        "position_source": 0
      }
    },
    {
      "type": "Feature",
      "geometry": {
        "type": "Point",
        "coordinates": [
          11.4575,
          38.1606
        ]
      },
      "properties": {
        "icao24": "48cb15",
        "callsign": "TVS2809",
        "origin_country": "Poland",
        "time_position": 1787344585,
        "last_contact": 1787344585,
        "baro_altitude": 10668,
        "on_ground": false,
        "velocity": 236.48,
        "true_track": 192.95,
        "vertical_rate": 0.33,
        "geo_altitude": 11277.6,
        "squawk": "2207",
        "spi": false,
        "position_source": 0
      }
    },
    {
      "type": "Feature",
      "geometry": {
        "type": "Point",
        "coordinates": [
          12.704,
          47.1801
        ]
      },
      "properties": {
        "icao24": "3c6671",
        "callsign": "DLH1456",
        "origin_country": "Germany",
        "time_position": 1787344585,
        "last_contact": 1787344585,
        "baro_altitude": 11277.6,
        "on_ground": false,
        "velocity": 218.02,
        "true_track": 138.83,
        "vertical_rate": 0,
        "geo_altitude": 11658.6,
        "squawk": "6437",
        "spi": false,
        "position_source": 0
      }
    },
    {
      "type": "Feature",
      "geometry": {
        "type": "Point",
        "coordinates": [
          11.917,
          45.403
        ]
      },
      "properties": {
        "icao24": "3c667a",
        "callsign": "DLH1RH",
        "origin_country": "Germany",
        "time_position": 1787344585,
        "last_contact": 1787344585,
        "baro_altitude": 1836.42,
        "on_ground": false,
        "velocity": 132.99,
        "true_track": 115.67,
        "vertical_rate": -3.9,
        "geo_altitude": 1920.24,
        "squawk": "1000",
        "spi": false,
        "position_source": 0
      }
    },
    {
      "type": "Feature",
      "geometry": {
        "type": "Point",
        "coordinates": [
          10.5796,
          45.6947
        ]
      },
      "properties": {
        "icao24": "3c65e2",
        "callsign": "DLH8HX",
        "origin_country": "Germany",
        "time_position": 1787344585,
        "last_contact": 1787344585,
        "baro_altitude": 10043.16,
        "on_ground": false,
        "velocity": 237.26,
        "true_track": 154.71,
        "vertical_rate": 0.33,
        "geo_altitude": 10439.4,
        "squawk": "1000",
        "spi": false,
        "position_source": 0
      }
    },
    {
      "type": "Feature",
      "geometry": {
        "type": "Point",
        "coordinates": [
          9.5111,
          43.4083
        ]
      },
      "properties": {
        "icao24": "710334",
        "callsign": "SVA002",
        "origin_country": "Saudi Arabia",
        "time_position": 1787344584,
        "last_contact": 1787344585,
        "baro_altitude": 10066.02,
        "on_ground": false,
        "velocity": 267.77,
        "true_track": 135.93,
        "vertical_rate": 0,
        "geo_altitude": 10568.94,
        "squawk": "0667",
        "spi": false,
        "position_source": 0
      }
    },
    {
      "type": "Feature",
      "geometry": {
        "type": "Point",
        "coordinates": [
          9.6292,
          39.4487
        ]
      },
      "properties": {
        "icao24": "4a09b2",
        "callsign": "AEZ2383",
        "origin_country": "Romania",
        "time_position": 1787344416,
        "last_contact": 1787344423,
        "baro_altitude": 4046.22,
        "on_ground": false,
        "velocity": 173.62,
        "true_track": 195.64,
        "vertical_rate": -11.05,
        "geo_altitude": 4343.4,
        "squawk": "7030",
        "spi": false,
        "position_source": 0
      }
    },
    {
      "type": "Feature",
      "geometry": {
        "type": "Point",
        "coordinates": [
          16.7844,
          47.2444
        ]
      },
      "properties": {
        "icao24": "440cab",
        "callsign": "AUA73",
        "origin_country": "Austria",
        "time_position": 1787344585,
        "last_contact": 1787344585,
        "baro_altitude": 7338.06,
        "on_ground": false,
        "velocity": 231.47,
        "true_track": 176.3,
        "vertical_rate": 5.85,
        "geo_altitude": 7688.58,
        "squawk": "7123",
        "spi": false,
        "position_source": 0
      }
    },
    {
      "type": "Feature",
      "geometry": {
        "type": "Point",
        "coordinates": [
          17.184,
          46.9368
        ]
      },
      "properties": {
        "icao24": "440cac",
        "callsign": "AUA805",
        "origin_country": "Austria",
        "time_position": 1787344585,
        "last_contact": 1787344585,
        "baro_altitude": 8999.22,
        "on_ground": false,
        "velocity": 223.18,
        "true_track": 154.03,
        "vertical_rate": 7.8,
        "geo_altitude": 9448.8,
        "squawk": "7117",
        "spi": false,
        "position_source": 0
      }
    },
    {
      "type": "Feature",
      "geometry": {
        "type": "Point",
        "coordinates": [
          7.3026,
          47.672
        ]
      },
      "properties": {
        "icao24": "4008ad",
        "callsign": "BAW740",
        "origin_country": "United Kingdom",
        "time_position": 1787344585,
        "last_contact": 1787344585,
        "baro_altitude": 6507.48,
        "on_ground": false,
        "velocity": 241.25,
        "true_track": 106.35,
        "vertical_rate": -7.48,
        "geo_altitude": 6682.74,
        "squawk": "2017",
        "spi": false,
        "position_source": 0
      }
    },
    {
      "type": "Feature",
      "geometry": {
        "type": "Point",
        "coordinates": [
          7.9036,
          43.1167
        ]
      },
      "properties": {
        "icao24": "02a1a3",
        "callsign": "LBT594",
        "origin_country": "Tunisia",
        "time_position": 1787344585,
        "last_contact": 1787344585,
        "baro_altitude": 3604.26,
        "on_ground": false,
        "velocity": 152.26,
        "true_track": 327.28,
        "vertical_rate": -9.75,
        "geo_altitude": 3832.86,
        "squawk": "6176",
        "spi": false,
        "position_source": 0
      }
    },
    {
      "type": "Feature",
      "geometry": {
        "type": "Point",
        "coordinates": [
          8.8897,
          43.7987
        ]
      },
      "properties": {
        "icao24": "02a1a4",
        "callsign": "LBT634",
        "origin_country": "Tunisia",
        "time_position": 1787344585,
        "last_contact": 1787344585,
        "baro_altitude": 8755.38,
        "on_ground": false,
        "velocity": 212.3,
        "true_track": 353.46,
        "vertical_rate": -4.88,
        "geo_altitude": 9212.58,
        "squawk": "1000",
        "spi": false,
        "position_source": 0
      }
    },
    {
      "type": "Feature",
      "geometry": {
        "type": "Point",
        "coordinates": [
          6.6128,
          45.3414
        ]
      },
      "properties": {
        "icao24": "02a1a8",
        "callsign": "LBT598",
        "origin_country": "Tunisia",
        "time_position": 1787344585,
        "last_contact": 1787344585,
        "baro_altitude": 6918.96,
        "on_ground": false,
        "velocity": 157.63,
        "true_track": 292.04,
        "vertical_rate": -12.35,
        "geo_altitude": 7216.14,
        "squawk": "1000",
        "spi": false,
        "position_source": 0
      }
    },
    {
      "type": "Feature",
      "geometry": {
        "type": "Point",
        "coordinates": [
          9.5044,
          43.0097
        ]
      },
      "properties": {
        "icao24": "408227",
        "callsign": "BAW655",
        "origin_country": "United Kingdom",
        "time_position": 1787344585,
        "last_contact": 1787344585,
        "baro_altitude": 10980.42,
        "on_ground": false,
        "velocity": 203.77,
        "true_track": 292.1,
        "vertical_rate": 0.33,
        "geo_altitude": 11521.44,
        "squawk": "4004",
        "spi": false,
        "position_source": 0
      }
    },
    {
      "type": "Feature",
      "geometry": {
        "type": "Point",
        "coordinates": [
          15.0388,
          40.63
        ]
      },
      "properties": {
        "icao24": "408229",
        "callsign": "BAW710C",
        "origin_country": "United Kingdom",
        "time_position": 1787344585,
        "last_contact": 1787344585,
        "baro_altitude": 10058.4,
        "on_ground": false,
        "velocity": 237.71,
        "true_track": 123.35,
        "vertical_rate": 0,
        "geo_altitude": 10629.9,
        "squawk": "2236",
        "spi": false,
        "position_source": 0
      }
    },
    {
      "type": "Feature",
      "geometry": {
        "type": "Point",
        "coordinates": [
          12.7284,
          43.8909
        ]
      },
      "properties": {
        "icao24": "3c6548",
        "callsign": "LHX4CJ",
        "origin_country": "Germany",
        "time_position": 1787344585,
        "last_contact": 1787344585,
        "baro_altitude": 11277.6,
        "on_ground": false,
        "velocity": 218.94,
        "true_track": 169.17,
        "vertical_rate": 0,
        "geo_altitude": 11811,
        "squawk": "4363",
        "spi": false,
        "position_source": 0
      }
    },
    {
      "type": "Feature",
      "geometry": {
        "type": "Point",
        "coordinates": [
          17.8464,
          44.0277
        ]
      },
      "properties": {
        "icao24": "3c6545",
        "callsign": "DLH7LV",
        "origin_country": "Germany",
        "time_position": 1787344522,
        "last_contact": 1787344540,
        "baro_altitude": 2705.1,
        "on_ground": false,
        "velocity": 132.27,
        "true_track": 123.26,
        "vertical_rate": -5.53,
        "geo_altitude": 2880.36,
        "squawk": "1000",
        "spi": false,
        "position_source": 0
      }
    },
    {
      "type": "Feature",
      "geometry": {
        "type": "Point",
        "coordinates": [
          7.1605,
          43.436
        ]
      },
      "properties": {
        "icao24": "3c7877",
        "callsign": "CFG5EK",
        "origin_country": "Germany",
        "time_position": 1787344585,
        "last_contact": 1787344585,
        "baro_altitude": 10370.82,
        "on_ground": false,
        "velocity": 266.33,
        "true_track": 48.21,
        "vertical_rate": 0,
        "geo_altitude": 10873.74,
        "squawk": "1000",
        "spi": false,
        "position_source": 0
      }
    },
    {
      "type": "Feature",
      "geometry": {
        "type": "Point",
        "coordinates": [
          8.5565,
          47.4537
        ]
      },
      "properties": {
        "icao24": "4b5da6",
        "callsign": "TE25",
        "origin_country": "Switzerland",
        "time_position": 1787344573,
        "last_contact": 1787344584,
        "baro_altitude": null,
        "on_ground": true,
        "velocity": 0,
        "true_track": 87.19,
        "vertical_rate": null,
        "geo_altitude": null,
        "squawk": null,
        "spi": false,
        "position_source": 0
      }
    },
    {
      "type": "Feature",
      "geometry": {
        "type": "Point",
        "coordinates": [
          8.5509,
          47.4478
        ]
      },
      "properties": {
        "icao24": "4b5da8",
        "callsign": "ATL778",
        "origin_country": "Switzerland",
        "time_position": 1787344546,
        "last_contact": 1787344576,
        "baro_altitude": null,
        "on_ground": true,
        "velocity": 4.37,
        "true_track": 73.12,
        "vertical_rate": null,
        "geo_altitude": null,
        "squawk": null,
        "spi": false,
        "position_source": 0
      }
    },
    {
      "type": "Feature",
      "geometry": {
        "type": "Point",
        "coordinates": [
          6.9539,
          43.6222
        ]
      },
      "properties": {
        "icao24": "39e68c",
        "callsign": "AFR1384",
        "origin_country": "France",
        "time_position": 1787344585,
        "last_contact": 1787344585,
        "baro_altitude": 9448.8,
        "on_ground": false,
        "velocity": 232.78,
        "true_track": 159.56,
        "vertical_rate": 0,
        "geo_altitude": 9921.24,
        "squawk": "7675",
        "spi": false,
        "position_source": 0
      }
    },
    {
      "type": "Feature",
      "geometry": {
        "type": "Point",
        "coordinates": [
          10.9609,
          43.7666
        ]
      },
      "properties": {
        "icao24": "39e68e",
        "callsign": "AFR62BV",
        "origin_country": "France",
        "time_position": 1787344585,
        "last_contact": 1787344585,
        "baro_altitude": 9753.6,
        "on_ground": false,
        "velocity": 214.14,
        "true_track": 309.54,
        "vertical_rate": -0.33,
        "geo_altitude": 10248.9,
        "squawk": "7732",
        "spi": false,
        "position_source": 0
      }
    },
    {
      "type": "Feature",
      "geometry": {
        "type": "Point",
        "coordinates": [
          10.8814,
          47.3012
        ]
      },
      "properties": {
        "icao24": "3c787a",
        "callsign": "CFG4ZY",
        "origin_country": "Germany",
        "time_position": 1787344585,
        "last_contact": 1787344585,
        "baro_altitude": 9296.4,
        "on_ground": false,
        "velocity": 235.39,
        "true_track": 328.95,
        "vertical_rate": -4.88,
        "geo_altitude": 9585.96,
        "squawk": "6603",
        "spi": false,
        "position_source": 0
      }
    },
    {
      "type": "Feature",
      "geometry": {
        "type": "Point",
        "coordinates": [
          6.975,
          46.7708
        ]
      },
      "properties": {
        "icao24": "3c6550",
        "callsign": "LHX1090",
        "origin_country": "Germany",
        "time_position": 1787344585,
        "last_contact": 1787344585,
        "baro_altitude": 10050.78,
        "on_ground": false,
        "velocity": 193.67,
        "true_track": 209.08,
        "vertical_rate": 0,
        "geo_altitude": 10340.34,
        "squawk": "1000",
        "spi": false,
        "position_source": 0
      }
    },
    {
      "type": "Feature",
      "geometry": {
        "type": "Point",
        "coordinates": [
          8.6008,
          45.6352
        ]
      },
      "properties": {
        "icao24": "40825f",
        "callsign": "EXS72AT",
        "origin_country": "United Kingdom",
        "time_position": 1787344585,
        "last_contact": 1787344585,
        "baro_altitude": 11277.6,
        "on_ground": false,
        "velocity": 277.74,
        "true_track": 109.48,
        "vertical_rate": 0,
        "geo_altitude": 11696.7,
        "squawk": "0520",
        "spi": false,
        "position_source": 0
      }
    },
    {
      "type": "Feature",
      "geometry": {
        "type": "Point",
        "coordinates": [
          14.025,
          41.1545
        ]
      },
      "properties": {
        "icao24": "408262",
        "callsign": "EXS34A",
        "origin_country": "United Kingdom",
        "time_position": 1787344585,
        "last_contact": 1787344585,
        "baro_altitude": 4091.94,
        "on_ground": false,
        "velocity": 169.87,
        "true_track": 318.68,
        "vertical_rate": 11.7,
        "geo_altitude": 4373.88,
        "squawk": null,
        "spi": false,
        "position_source": 0
      }
    },
    {
      "type": "Feature",
      "geometry": {
        "type": "Point",
        "coordinates": [
          11.5738,
          44.6852
        ]
      },
      "properties": {
        "icao24": "3c656b",
        "callsign": "OCN142",
        "origin_country": "Germany",
        "time_position": 1787344584,
        "last_contact": 1787344585,
        "baro_altitude": 10058.4,
        "on_ground": false,
        "velocity": 237.25,
        "true_track": 186.72,
        "vertical_rate": 0,
        "geo_altitude": 10515.6,
        "squawk": "6670",
        "spi": false,
        "position_source": 0
      }
    },
    {
      "type": "Feature",
      "geometry": {
        "type": "Point",
        "coordinates": [
          8.0802,
          45.1472
        ]
      },
      "properties": {
        "icao24": "39e691",
        "callsign": "AFR59FG",
        "origin_country": "France",
        "time_position": 1787344584,
        "last_contact": 1787344585,
        "baro_altitude": 10058.4,
        "on_ground": false,
        "velocity": 262.12,
        "true_track": 120.94,
        "vertical_rate": 0,
        "geo_altitude": 10469.88,
        "squawk": "1000",
        "spi": false,
        "position_source": 0
      }
    },
    {
      "type": "Feature",
      "geometry": {
        "type": "Point",
        "coordinates": [
          15.8088,
          38.4846
        ]
      },
      "properties": {
        "icao24": "0a004a",
        "callsign": "DAH3020",
        "origin_country": "Algeria",
        "time_position": 1787344585,
        "last_contact": 1787344585,
        "baro_altitude": 11269.98,
        "on_ground": false,
        "velocity": 248.1,
        "true_track": 71,
        "vertical_rate": 0.33,
        "geo_altitude": 11894.82,
        "squawk": "1204",
        "spi": false,
        "position_source": 0
      }
    },
    {
      "type": "Feature",
      "geometry": {
        "type": "Point",
        "coordinates": [
          6.7583,
          46.5198
        ]
      },
      "properties": {
        "icao24": "3c64a4",
        "callsign": "DLH1318",
        "origin_country": "Germany",
        "time_position": 1787344585,
        "last_contact": 1787344585,
        "baro_altitude": 10058.4,
        "on_ground": false,
        "velocity": 198.64,
        "true_track": 208.29,
        "vertical_rate": 0.33,
        "geo_altitude": 10370.82,
        "squawk": "2562",
        "spi": false,
        "position_source": 0
      }
    },
    {
      "type": "Feature",
      "geometry": {
        "type": "Point",
        "coordinates": [
          7.8879,
          47.4221
        ]
      },
      "properties": {
        "icao24": "3c64aa",
        "callsign": "DLH41U",
        "origin_country": "Germany",
        "time_position": 1787344585,
        "last_contact": 1787344585,
        "baro_altitude": 10668,
        "on_ground": false,
        "velocity": 197.06,
        "true_track": 234.03,
        "vertical_rate": -0.33,
        "geo_altitude": 10919.46,
        "squawk": "6652",
        "spi": false,
        "position_source": 0
      }
    },
    {
      "type": "Feature",
      "geometry": {
        "type": "Point",
        "coordinates": [
          8.3029,
          42.427
        ]
      },
      "properties": {
        "icao24": "02a1b4",
        "callsign": "LBT586",
        "origin_country": "Tunisia",
        "time_position": 1787344585,
        "last_contact": 1787344585,
        "baro_altitude": 7833.36,
        "on_ground": false,
        "velocity": 207.63,
        "true_track": 350.44,
        "vertical_rate": -4.88,
        "geo_altitude": 8305.8,
        "squawk": "1000",
        "spi": false,
        "position_source": 0
      }
    },
    {
      "type": "Feature",
      "geometry": {
        "type": "Point",
        "coordinates": [
          11.5411,
          37.0877
        ]
      },
      "properties": {
        "icao24": "4a08a5",
        "callsign": "HYS8981",
        "origin_country": "Romania",
        "time_position": 1787344585,
        "last_contact": 1787344585,
        "baro_altitude": 9151.62,
        "on_ground": false,
        "velocity": 254.63,
        "true_track": 199.35,
        "vertical_rate": -11.38,
        "geo_altitude": 9784.08,
        "squawk": "5565",
        "spi": false,
        "position_source": 0
      }
    },
    {
      "type": "Feature",
      "geometry": {
        "type": "Point",
        "coordinates": [
          17.7982,
          43.1986
        ]
      },
      "properties": {
        "icao24": "494116",
        "callsign": "NJE914F",
        "origin_country": "Portugal",
        "time_position": 1787344582,
        "last_contact": 1787344585,
        "baro_altitude": 5791.2,
        "on_ground": false,
        "velocity": 191.71,
        "true_track": 127.92,
        "vertical_rate": 0,
        "geo_altitude": 6149.34,
        "squawk": null,
        "spi": false,
        "position_source": 0
      }
    },
    {
      "type": "Feature",
      "geometry": {
        "type": "Point",
        "coordinates": [
          7.0582,
          47.6859
        ]
      },
      "properties": {
        "icao24": "4080e1",
        "callsign": "BAW764",
        "origin_country": "United Kingdom",
        "time_position": 1787344585,
        "last_contact": 1787344585,
        "baro_altitude": 2125.98,
        "on_ground": false,
        "velocity": 132.54,
        "true_track": 94.01,
        "vertical_rate": -0.33,
        "geo_altitude": 2217.42,
        "squawk": "6473",
        "spi": false,
        "position_source": 0
      }
    },
    {
      "type": "Feature",
      "geometry": {
        "type": "Point",
        "coordinates": [
          8.6158,
          47.4533
        ]
      },
      "properties": {
        "icao24": "4b15ed",
        "callsign": "EDW598C",
        "origin_country": "Switzerland",
        "time_position": 1787344585,
        "last_contact": 1787344585,
        "baro_altitude": 624.84,
        "on_ground": false,
        "velocity": 64.71,
        "true_track": 276.39,
        "vertical_rate": -3.58,
        "geo_altitude": 701.04,
        "squawk": "1000",
        "spi": false,
        "position_source": 0
      }
    },
    {
      "type": "Feature",
      "geometry": {
        "type": "Point",
        "coordinates": [
          8.5501,
          47.4614
        ]
      },
      "properties": {
        "icao24": "4b15ee",
        "callsign": "EDW406",
        "origin_country": "Switzerland",
        "time_position": 1787344584,
        "last_contact": 1787344584,
        "baro_altitude": null,
        "on_ground": true,
        "velocity": 0,
        "true_track": 154.69,
        "vertical_rate": null,
        "geo_altitude": null,
        "squawk": "3010",
        "spi": false,
        "position_source": 0
      }
    },
    {
      "type": "Feature",
      "geometry": {
        "type": "Point",
        "coordinates": [
          14.5773,
          47.2783
        ]
      },
      "properties": {
        "icao24": "40815b",
        "callsign": "EZY38CZ",
        "origin_country": "United Kingdom",
        "time_position": 1787344585,
        "last_contact": 1787344585,
        "baro_altitude": 11582.4,
        "on_ground": false,
        "velocity": 227.8,
        "true_track": 318.57,
        "vertical_rate": 0,
        "geo_altitude": 12039.6,
        "squawk": "2041",
        "spi": false,
        "position_source": 0
      }
    },
    {
      "type": "Feature",
      "geometry": {
        "type": "Point",
        "coordinates": [
          11.4303,
          47.5857
        ]
      },
      "properties": {
        "icao24": "3c7984",
        "callsign": "CFG3FC",
        "origin_country": "Germany",
        "time_position": 1787344585,
        "last_contact": 1787344585,
        "baro_altitude": 5798.82,
        "on_ground": false,
        "velocity": 211.75,
        "true_track": 37.4,
        "vertical_rate": -8.13,
        "geo_altitude": 5981.7,
        "squawk": "1000",
        "spi": false,
        "position_source": 0
      }
    },
    {
      "type": "Feature",
      "geometry": {
        "type": "Point",
        "coordinates": [
          6.9502,
          46.0051
        ]
      },
      "properties": {
        "icao24": "39d303",
        "callsign": "TVF8231",
        "origin_country": "France",
        "time_position": 1787344585,
        "last_contact": 1787344585,
        "baro_altitude": 9753.6,
        "on_ground": false,
        "velocity": 204.1,
        "true_track": 314.08,
        "vertical_rate": 0,
        "geo_altitude": 10096.5,
        "squawk": "1000",
        "spi": false,
        "position_source": 0
      }
    },
    {
      "type": "Feature",
      "geometry": {
        "type": "Point",
        "coordinates": [
          10.5993,
          42.1284
        ]
      },
      "properties": {
        "icao24": "39d301",
        "callsign": "TVF24AC",
        "origin_country": "France",
        "time_position": 1787344584,
        "last_contact": 1787344585,
        "baro_altitude": 11582.4,
        "on_ground": false,
        "velocity": 214.19,
        "true_track": 325.47,
        "vertical_rate": 0,
        "geo_altitude": 12153.9,
        "squawk": "1000",
        "spi": false,
        "position_source": 0
      }
    },
    {
      "type": "Feature",
      "geometry": {
        "type": "Point",
        "coordinates": [
          14.4902,
          35.8507
        ]
      },
      "properties": {
        "icao24": "3c6485",
        "callsign": "DLH8AH",
        "origin_country": "Germany",
        "time_position": 1787344584,
        "last_contact": 1787344584,
        "baro_altitude": null,
        "on_ground": true,
        "velocity": 0,
        "true_track": 45,
        "vertical_rate": null,
        "geo_altitude": null,
        "squawk": "2557",
        "spi": false,
        "position_source": 0
      }
    },
    {
      "type": "Feature",
      "geometry": {
        "type": "Point",
        "coordinates": [
          18.2455,
          47.7374
        ]
      },
      "properties": {
        "icao24": "3c6482",
        "callsign": "DLH1560",
        "origin_country": "Germany",
        "time_position": 1787344585,
        "last_contact": 1787344585,
        "baro_altitude": 10668,
        "on_ground": false,
        "velocity": 228.89,
        "true_track": 114.15,
        "vertical_rate": 0,
        "geo_altitude": 11155.68,
        "squawk": "7655",
        "spi": false,
        "position_source": 0
      }
    },
    {
      "type": "Feature",
      "geometry": {
        "type": "Point",
        "coordinates": [
          7.097,
          46.8475
        ]
      },
      "properties": {
        "icao24": "4b1617",
        "callsign": "SWR4KB",
        "origin_country": "Switzerland",
        "time_position": 1787344585,
        "last_contact": 1787344585,
        "baro_altitude": 10652.76,
        "on_ground": false,
        "velocity": 194.67,
        "true_track": 231.22,
        "vertical_rate": 8.13,
        "geo_altitude": 9075.42,
        "squawk": "1000",
        "spi": false,
        "position_source": 0
      }
    },
    {
      "type": "Feature",
      "geometry": {
        "type": "Point",
        "coordinates": [
          14.9453,
          40.9599
        ]
      },
      "properties": {
        "icao24": "440c96",
        "callsign": "EJU4156",
        "origin_country": "Austria",
        "time_position": 1787344585,
        "last_contact": 1787344585,
        "baro_altitude": 3604.26,
        "on_ground": false,
        "velocity": 137.16,
        "true_track": 229.26,
        "vertical_rate": -5.53,
        "geo_altitude": 3878.58,
        "squawk": null,
        "spi": false,
        "position_source": 0
      }
    },
    {
      "type": "Feature",
      "geometry": {
        "type": "Point",
        "coordinates": [
          11.5504,
          47.5826
        ]
      },
      "properties": {
        "icao24": "4b161f",
        "callsign": "EDW45L",
        "origin_country": "Switzerland",
        "time_position": 1787344585,
        "last_contact": 1787344585,
        "baro_altitude": 10652.76,
        "on_ground": false,
        "velocity": 216.82,
        "true_track": 277.36,
        "vertical_rate": -5.2,
        "geo_altitude": 10980.42,
        "squawk": "1000",
        "spi": false,
        "position_source": 0
      }
    },
    {
      "type": "Feature",
      "geometry": {
        "type": "Point",
        "coordinates": [
          9.8871,
          44.8272
        ]
      },
      "properties": {
        "icao24": "4b161e",
        "callsign": "EDW399L",
        "origin_country": "Switzerland",
        "time_position": 1787344585,
        "last_contact": 1787344585,
        "baro_altitude": 9761.22,
        "on_ground": false,
        "velocity": 218.59,
        "true_track": 332.53,
        "vertical_rate": -0.33,
        "geo_altitude": 10195.56,
        "squawk": "1246",
        "spi": false,
        "position_source": 0
      }
    },
    {
      "type": "Feature",
      "geometry": {
        "type": "Point",
        "coordinates": [
          11.5362,
          42.5406
        ]
      },
      "properties": {
        "icao24": "4869c3",
        "callsign": "KLM65X",
        "origin_country": "Kingdom of the Netherlands",
        "time_position": 1787344585,
        "last_contact": 1787344585,
        "baro_altitude": 4274.82,
        "on_ground": false,
        "velocity": 194.94,
        "true_track": 138.32,
        "vertical_rate": -11.38,
        "geo_altitude": 4533.9,
        "squawk": "1000",
        "spi": false,
        "position_source": 0
      }
    },
    {
      "type": "Feature",
      "geometry": {
        "type": "Point",
        "coordinates": [
          9.4744,
          44.9453
        ]
      },
      "properties": {
        "icao24": "49514d",
        "callsign": "TAP556",
        "origin_country": "Portugal",
        "time_position": 1787344585,
        "last_contact": 1787344585,
        "baro_altitude": 10972.8,
        "on_ground": false,
        "velocity": 262.82,
        "true_track": 40.24,
        "vertical_rate": 0.33,
        "geo_altitude": 11407.14,
        "squawk": "0573",
        "spi": false,
        "position_source": 0
      }
    },
    {
      "type": "Feature",
      "geometry": {
        "type": "Point",
        "coordinates": [
          18.9772,
          47.2679
        ]
      },
      "properties": {
        "icao24": "a806d8",
        "callsign": "UPS19",
        "origin_country": "United States",
        "time_position": 1787344585,
        "last_contact": 1787344585,
        "baro_altitude": 12192,
        "on_ground": false,
        "velocity": 245.77,
        "true_track": 295.28,
        "vertical_rate": 0.33,
        "geo_altitude": 12748.26,
        "squawk": "3271",
        "spi": false,
        "position_source": 0
      }
    },
    {
      "type": "Feature",
      "geometry": {
        "type": "Point",
        "coordinates": [
          14.3364,
          41.0615
        ]
      },
      "properties": {
        "icao24": "440c34",
        "callsign": "EJU63MP",
        "origin_country": "Austria",
        "time_position": 1787344338,
        "last_contact": 1787344339,
        "baro_altitude": 2857.5,
        "on_ground": false,
        "velocity": 160.18,
        "true_track": 80.39,
        "vertical_rate": -6.5,
        "geo_altitude": 3070.86,
        "squawk": "1000",
        "spi": false,
        "position_source": 0
      }
    },
    {
      "type": "Feature",
      "geometry": {
        "type": "Point",
        "coordinates": [
          7.5247,
          47.5962
        ]
      },
      "properties": {
        "icao24": "440c36",
        "callsign": "EJU45DW",
        "origin_country": "Austria",
        "time_position": 1787344585,
        "last_contact": 1787344585,
        "baro_altitude": 411.48,
        "on_ground": false,
        "velocity": 78.72,
        "true_track": 155.28,
        "vertical_rate": 14.96,
        "geo_altitude": 472.44,
        "squawk": null,
        "spi": false,
        "position_source": 0
      }
    },
    {
      "type": "Feature",
      "geometry": {
        "type": "Point",
        "coordinates": [
          10.1716,
          47.4479
        ]
      },
      "properties": {
        "icao24": "4b027e",
        "callsign": "EZS75UD",
        "origin_country": "Switzerland",
        "time_position": 1787344585,
        "last_contact": 1787344585,
        "baro_altitude": 10241.28,
        "on_ground": false,
        "velocity": 224.02,
        "true_track": 309.5,
        "vertical_rate": -4.88,
        "geo_altitude": 10515.6,
        "squawk": "1000",
        "spi": false,
        "position_source": 0
      }
    },
    {
      "type": "Feature",
      "geometry": {
        "type": "Point",
        "coordinates": [
          6.1049,
          46.2322
        ]
      },
      "properties": {
        "icao24": "4b027d",
        "callsign": "EZS65HE",
        "origin_country": "Switzerland",
        "time_position": 1787344576,
        "last_contact": 1787344580,
        "baro_altitude": null,
        "on_ground": true,
        "velocity": 0,
        "true_track": 270,
        "vertical_rate": null,
        "geo_altitude": null,
        "squawk": "1000",
        "spi": false,
        "position_source": 0
      }
    },
    {
      "type": "Feature",
      "geometry": {
        "type": "Point",
        "coordinates": [
          6.4512,
          46.3836
        ]
      },
      "properties": {
        "icao24": "4b0280",
        "callsign": "EZS35JU",
        "origin_country": "Switzerland",
        "time_position": 1787344585,
        "last_contact": 1787344585,
        "baro_altitude": 1805.94,
        "on_ground": false,
        "velocity": 107.6,
        "true_track": 325.32,
        "vertical_rate": -1.3,
        "geo_altitude": 1920.24,
        "squawk": "1000",
        "spi": false,
        "position_source": 0
      }
    },
    {
      "type": "Feature",
      "geometry": {
        "type": "Point",
        "coordinates": [
          8.561,
          47.4461
        ]
      },
      "properties": {
        "icao24": "4b028b",
        "callsign": "SWR979E",
        "origin_country": "Switzerland",
        "time_position": 1787344585,
        "last_contact": 1787344585,
        "baro_altitude": 396.24,
        "on_ground": true,
        "velocity": 3.6,
        "true_track": 244.69,
        "vertical_rate": null,
        "geo_altitude": null,
        "squawk": "1000",
        "spi": false,
        "position_source": 0
      }
    },
    {
      "type": "Feature",
      "geometry": {
        "type": "Point",
        "coordinates": [
          6.8262,
          45.3086
        ]
      },
      "properties": {
        "icao24": "4b0295",
        "callsign": "SWR1CW",
        "origin_country": "Switzerland",
        "time_position": 1787344585,
        "last_contact": 1787344585,
        "baro_altitude": 9753.6,
        "on_ground": false,
        "velocity": 247.53,
        "true_track": 12.36,
        "vertical_rate": -0.33,
        "geo_altitude": 10157.46,
        "squawk": "1000",
        "spi": false,
        "position_source": 0
      }
    },
    {
      "type": "Feature",
      "geometry": {
        "type": "Point",
        "coordinates": [
          8.5643,
          47.4614
        ]
      },
      "properties": {
        "icao24": "4b0293",
        "callsign": "SWR2YD",
        "origin_country": "Switzerland",
        "time_position": 1787344584,
        "last_contact": 1787344585,
        "baro_altitude": 403.86,
        "on_ground": true,
        "velocity": 0.26,
        "true_track": 326.25,
        "vertical_rate": null,
        "geo_altitude": null,
        "squawk": "3020",
        "spi": false,
        "position_source": 0
      }
    },
    {
      "type": "Feature",
      "geometry": {
        "type": "Point",
        "coordinates": [
          6.7227,
          45.4633
        ]
      },
      "properties": {
        "icao24": "3991e4",
        "callsign": "AFR97UB",
        "origin_country": "France",
        "time_position": 1787344585,
        "last_contact": 1787344585,
        "baro_altitude": 10066.02,
        "on_ground": false,
        "velocity": 240.72,
        "true_track": 139.16,
        "vertical_rate": -0.98,
        "geo_altitude": 10462.26,
        "squawk": "1000",
        "spi": false,
        "position_source": 0
      }
    },
    {
      "type": "Feature",
      "geometry": {
        "type": "Point",
        "coordinates": [
          8.2622,
          42.1152
        ]
      },
      "properties": {
        "icao24": "3cc82c",
        "callsign": "VJH357",
        "origin_country": "Germany",
        "time_position": 1787344583,
        "last_contact": 1787344585,
        "baro_altitude": 5791.2,
        "on_ground": false,
        "velocity": 215.64,
        "true_track": 151.97,
        "vertical_rate": 0,
        "geo_altitude": 6126.48,
        "squawk": "3341",
        "spi": false,
        "position_source": 0
      }
    },
    {
      "type": "Feature",
      "geometry": {
        "type": "Point",
        "coordinates": [
          14.5302,
          46.6668
        ]
      },
      "properties": {
        "icao24": "3c0caa",
        "callsign": "TUI74N",
        "origin_country": "Germany",
        "time_position": 1787344585,
        "last_contact": 1787344585,
        "baro_altitude": 9761.22,
        "on_ground": false,
        "velocity": 241.28,
        "true_track": 316.64,
        "vertical_rate": -0.33,
        "geo_altitude": 10172.7,
        "squawk": "2042",
        "spi": false,
        "position_source": 0
      }
    },
    {
      "type": "Feature",
      "geometry": {
        "type": "Point",
        "coordinates": [
          13.4798,
          45.3565
        ]
      },
      "properties": {
        "icao24": "392af9",
        "callsign": "AFR45RG",
        "origin_country": "France",
        "time_position": 1787344585,
        "last_contact": 1787344585,
        "baro_altitude": 10972.8,
        "on_ground": false,
        "velocity": 227.9,
        "true_track": 328.57,
        "vertical_rate": -0.65,
        "geo_altitude": 11460.48,
        "squawk": "5512",
        "spi": false,
        "position_source": 0
      }
    },
    {
      "type": "Feature",
      "geometry": {
        "type": "Point",
        "coordinates": [
          8.9989,
          45.6363
        ]
      },
      "properties": {
        "icao24": "392aee",
        "callsign": "AFR24RJ",
        "origin_country": "France",
        "time_position": 1787344585,
        "last_contact": 1787344585,
        "baro_altitude": 9745.98,
        "on_ground": false,
        "velocity": 187.41,
        "true_track": 288.73,
        "vertical_rate": 0,
        "geo_altitude": 10111.74,
        "squawk": "6625",
        "spi": false,
        "position_source": 0
      }
    },
    {
      "type": "Feature",
      "geometry": {
        "type": "Point",
        "coordinates": [
          8.5843,
          45.6038
        ]
      },
      "properties": {
        "icao24": "440d6e",
        "callsign": "EJU14XM",
        "origin_country": "Austria",
        "time_position": 1787344585,
        "last_contact": 1787344585,
        "baro_altitude": 2118.36,
        "on_ground": false,
        "velocity": 146.1,
        "true_track": 206.11,
        "vertical_rate": 19.83,
        "geo_altitude": 2225.04,
        "squawk": "1000",
        "spi": false,
        "position_source": 0
      }
    },
    {
      "type": "Feature",
      "geometry": {
        "type": "Point",
        "coordinates": [
          9.7094,
          44.7462
        ]
      },
      "properties": {
        "icao24": "4007f5",
        "callsign": "BAW63",
        "origin_country": "United Kingdom",
        "time_position": 1787344585,
        "last_contact": 1787344585,
        "baro_altitude": 10668,
        "on_ground": false,
        "velocity": 280.07,
        "true_track": 127.31,
        "vertical_rate": 0,
        "geo_altitude": 11132.82,
        "squawk": "2246",
        "spi": false,
        "position_source": 0
      }
    },
    {
      "type": "Feature",
      "geometry": {
        "type": "Point",
        "coordinates": [
          9.2899,
          45.3243
        ]
      },
      "properties": {
        "icao24": "484556",
        "callsign": "KLM1621",
        "origin_country": "Kingdom of the Netherlands",
        "time_position": 1787344585,
        "last_contact": 1787344585,
        "baro_altitude": 762,
        "on_ground": false,
        "velocity": 90.36,
        "true_track": 355.1,
        "vertical_rate": -4.55,
        "geo_altitude": 807.72,
        "squawk": "1000",
        "spi": false,
        "position_source": 0
      }
    },
    {
      "type": "Feature",
      "geometry": {
        "type": "Point",
        "coordinates": [
          8.5542,
          47.4562
        ]
      },
      "properties": {
        "icao24": "4b5c21",
        "callsign": "ZEBRA8",
        "origin_country": "Switzerland",
        "time_position": 1787344570,
        "last_contact": 1787344585,
        "baro_altitude": null,
        "on_ground": true,
        "velocity": 10.8,
        "true_track": 230.62,
        "vertical_rate": null,
        "geo_altitude": null,
        "squawk": null,
        "spi": false,
        "position_source": 0
      }
    },
    {
      "type": "Feature",
      "geometry": {
        "type": "Point",
        "coordinates": [
          8.4128,
          45.3916
        ]
      },
      "properties": {
        "icao24": "4ca9c1",
        "callsign": "RYR74RR",
        "origin_country": "Ireland",
        "time_position": 1787344585,
        "last_contact": 1787344585,
        "baro_altitude": 4076.7,
        "on_ground": false,
        "velocity": 186.95,
        "true_track": 204.38,
        "vertical_rate": 14.63,
        "geo_altitude": 4221.48,
        "squawk": "3751",
        "spi": false,
        "position_source": 0
      }
    },
    {
      "type": "Feature",
      "geometry": {
        "type": "Point",
        "coordinates": [
          10.2196,
          45.4514
        ]
      },
      "properties": {
        "icao24": "4ca9d2",
        "callsign": "RYR7VF",
        "origin_country": "Ireland",
        "time_position": 1787344585,
        "last_contact": 1787344585,
        "baro_altitude": 2651.76,
        "on_ground": false,
        "velocity": 117.87,
        "true_track": 329.29,
        "vertical_rate": -4.55,
        "geo_altitude": 2781.3,
        "squawk": "2106",
        "spi": false,
        "position_source": 0
      }
    },
    {
      "type": "Feature",
      "geometry": {
        "type": "Point",
        "coordinates": [
          10.2937,
          45.2941
        ]
      },
      "properties": {
        "icao24": "4ca9ea",
        "callsign": "RYR2WX",
        "origin_country": "Ireland",
        "time_position": 1787344585,
        "last_contact": 1787344585,
        "baro_altitude": 8420.1,
        "on_ground": false,
        "velocity": 278.87,
        "true_track": 125.92,
        "vertical_rate": 11.05,
        "geo_altitude": 8770.62,
        "squawk": "1000",
        "spi": false,
        "position_source": 0
      }
    },
    {
      "type": "Feature",
      "geometry": {
        "type": "Point",
        "coordinates": [
          10.8044,
          44.3516
        ]
      },
      "properties": {
        "icao24": "440bbe",
        "callsign": "BCS7YL",
        "origin_country": "Austria",
        "time_position": 1787344585,
        "last_contact": 1787344585,
        "baro_altitude": 9753.6,
        "on_ground": false,
        "velocity": 212.12,
        "true_track": 336.11,
        "vertical_rate": 0,
        "geo_altitude": 10187.94,
        "squawk": "1000",
        "spi": false,
        "position_source": 0
      }
    },
    {
      "type": "Feature",
      "geometry": {
        "type": "Point",
        "coordinates": [
          7.5305,
          47.5923
        ]
      },
      "properties": {
        "icao24": "440bc2",
        "callsign": "BCS49155",
        "origin_country": "Austria",
        "time_position": 1787344584,
        "last_contact": 1787344584,
        "baro_altitude": null,
        "on_ground": true,
        "velocity": 0,
        "true_track": 2.81,
        "vertical_rate": null,
        "geo_altitude": null,
        "squawk": null,
        "spi": false,
        "position_source": 0
      }
    },
    {
      "type": "Feature",
      "geometry": {
        "type": "Point",
        "coordinates": [
          10.7464,
          47.4047
        ]
      },
      "properties": {
        "icao24": "4854cd",
        "callsign": "TRA52X",
        "origin_country": "Kingdom of the Netherlands",
        "time_position": 1787344585,
        "last_contact": 1787344585,
        "baro_altitude": 12161.52,
        "on_ground": false,
        "velocity": 216.95,
        "true_track": 312.89,
        "vertical_rate": 0.98,
        "geo_altitude": 12542.52,
        "squawk": "3571",
        "spi": false,
        "position_source": 0
      }
    },
    {
      "type": "Feature",
      "geometry": {
        "type": "Point",
        "coordinates": [
          15.5541,
          47.3215
        ]
      },
      "properties": {
        "icao24": "4bab2f",
        "callsign": "THY4HP",
        "origin_country": "Turkey",
        "time_position": 1787344584,
        "last_contact": 1787344585,
        "baro_altitude": 11277.6,
        "on_ground": false,
        "velocity": 234.56,
        "true_track": 119.71,
        "vertical_rate": 0.33,
        "geo_altitude": 11734.8,
        "squawk": "6430",
        "spi": false,
        "position_source": 0
      }
    },
    {
      "type": "Feature",
      "geometry": {
        "type": "Point",
        "coordinates": [
          15.7715,
          45.6394
        ]
      },
      "properties": {
        "icao24": "4841a6",
        "callsign": "KLM93V",
        "origin_country": "Kingdom of the Netherlands",
        "time_position": 1787344585,
        "last_contact": 1787344585,
        "baro_altitude": 12496.8,
        "on_ground": false,
        "velocity": 224.21,
        "true_track": 151.49,
        "vertical_rate": -0.33,
        "geo_altitude": 13053.06,
        "squawk": "1000",
        "spi": false,
        "position_source": 0
      }
    },
    {
      "type": "Feature",
      "geometry": {
        "type": "Point",
        "coordinates": [
          14.0401,
          46.6369
        ]
      },
      "properties": {
        "icao24": "70c0f6",
        "callsign": "OMA132",
        "origin_country": "Oman",
        "time_position": 1787344585,
        "last_contact": 1787344585,
        "baro_altitude": 11277.6,
        "on_ground": false,
        "velocity": 254.6,
        "true_track": 111.33,
        "vertical_rate": -0.65,
        "geo_altitude": 11734.8,
        "squawk": "1331",
        "spi": false,
        "position_source": 0
      }
    },
    {
      "type": "Feature",
      "geometry": {
        "type": "Point",
        "coordinates": [
          9.2808,
          45.4551
        ]
      },
      "properties": {
        "icao24": "4ca8f4",
        "callsign": "ITY1297",
        "origin_country": "Ireland",
        "time_position": 1787344561,
        "last_contact": 1787344577,
        "baro_altitude": null,
        "on_ground": true,
        "velocity": 0,
        "true_track": 90,
        "vertical_rate": null,
        "geo_altitude": null,
        "squawk": null,
        "spi": false,
        "position_source": 0
      }
    },
    {
      "type": "Feature",
      "geometry": {
        "type": "Point",
        "coordinates": [
          12.7832,
          47.2059
        ]
      },
      "properties": {
        "icao24": "4ca8db",
        "callsign": "RYR5175",
        "origin_country": "Ireland",
        "time_position": 1787344585,
        "last_contact": 1787344585,
        "baro_altitude": 8816.34,
        "on_ground": false,
        "velocity": 210.34,
        "true_track": 302.72,
        "vertical_rate": -3.25,
        "geo_altitude": 9136.38,
        "squawk": "6002",
        "spi": false,
        "position_source": 0
      }
    },
    {
      "type": "Feature",
      "geometry": {
        "type": "Point",
        "coordinates": [
          10.3902,
          47.6102
        ]
      },
      "properties": {
        "icao24": "3c7439",
        "callsign": "TUI7JW",
        "origin_country": "Germany",
        "time_position": 1787344585,
        "last_contact": 1787344585,
        "baro_altitude": 7078.98,
        "on_ground": false,
        "velocity": 220.91,
        "true_track": 60.57,
        "vertical_rate": -5.2,
        "geo_altitude": 7292.34,
        "squawk": "1000",
        "spi": false,
        "position_source": 0
      }
    },
    {
      "type": "Feature",
      "geometry": {
        "type": "Point",
        "coordinates": [
          8.5498,
          47.4556
        ]
      },
      "properties": {
        "icao24": "3c0ac5",
        "callsign": "CFG6XZ",
        "origin_country": "Germany",
        "time_position": 1787344585,
        "last_contact": 1787344585,
        "baro_altitude": null,
        "on_ground": true,
        "velocity": 6.43,
        "true_track": 154.69,
        "vertical_rate": null,
        "geo_altitude": null,
        "squawk": "1000",
        "spi": false,
        "position_source": 0
      }
    },
    {
      "type": "Feature",
      "geometry": {
        "type": "Point",
        "coordinates": [
          14.6087,
          46.0481
        ]
      },
      "properties": {
        "icao24": "4855d2",
        "callsign": "KLC17B",
        "origin_country": "Kingdom of the Netherlands",
        "time_position": 1787344585,
        "last_contact": 1787344585,
        "baro_altitude": 1775.46,
        "on_ground": false,
        "velocity": 143.69,
        "true_track": 145.8,
        "vertical_rate": -6.18,
        "geo_altitude": 1874.52,
        "squawk": "1000",
        "spi": false,
        "position_source": 0
      }
    },
    {
      "type": "Feature",
      "geometry": {
        "type": "Point",
        "coordinates": [
          18.5123,
          41.8595
        ]
      },
      "properties": {
        "icao24": "70c0fb",
        "callsign": "OMA148",
        "origin_country": "Oman",
        "time_position": 1787344546,
        "last_contact": 1787344551,
        "baro_altitude": 10668,
        "on_ground": false,
        "velocity": 241.03,
        "true_track": 92.69,
        "vertical_rate": 0,
        "geo_altitude": 11277.6,
        "squawk": null,
        "spi": false,
        "position_source": 0
      }
    },
    {
      "type": "Feature",
      "geometry": {
        "type": "Point",
        "coordinates": [
          14.7182,
          41.1912
        ]
      },
      "properties": {
        "icao24": "4baa8a",
        "callsign": "THY5EJ",
        "origin_country": "Turkey",
        "time_position": 1787344584,
        "last_contact": 1787344585,
        "baro_altitude": 10012.68,
        "on_ground": false,
        "velocity": 222.17,
        "true_track": 285.58,
        "vertical_rate": -5.2,
        "geo_altitude": 10576.56,
        "squawk": "6575",
        "spi": false,
        "position_source": 0
      }
    },
    {
      "type": "Feature",
      "geometry": {
        "type": "Point",
        "coordinates": [
          12.5369,
          41.0697
        ]
      },
      "properties": {
        "icao24": "4baa72",
        "callsign": "THY5RD",
        "origin_country": "Turkey",
        "time_position": 1787344585,
        "last_contact": 1787344585,
        "baro_altitude": 10370.82,
        "on_ground": false,
        "velocity": 220.83,
        "true_track": 268,
        "vertical_rate": -0.33,
        "geo_altitude": 10942.32,
        "squawk": "1354",
        "spi": false,
        "position_source": 0
      }
    },
    {
      "type": "Feature",
      "geometry": {
        "type": "Point",
        "coordinates": [
          14.0756,
          45.2407
        ]
      },
      "properties": {
        "icao24": "440b2f",
        "callsign": "TAY6SF",
        "origin_country": "Austria",
        "time_position": 1787344585,
        "last_contact": 1787344585,
        "baro_altitude": 12199.62,
        "on_ground": false,
        "velocity": 212.68,
        "true_track": 277.37,
        "vertical_rate": 0.33,
        "geo_altitude": 12710.16,
        "squawk": "7342",
        "spi": false,
        "position_source": 0
      }
    },
    {
      "type": "Feature",
      "geometry": {
        "type": "Point",
        "coordinates": [
          12.9186,
          38.9588
        ]
      },
      "properties": {
        "icao24": "4ca84f",
        "callsign": "RYR5BQ",
        "origin_country": "Ireland",
        "time_position": 1787344584,
        "last_contact": 1787344585,
        "baro_altitude": 6789.42,
        "on_ground": false,
        "velocity": 206.62,
        "true_track": 332.73,
        "vertical_rate": 12.35,
        "geo_altitude": 7216.14,
        "squawk": null,
        "spi": false,
        "position_source": 0
      }
    },
    {
      "type": "Feature",
      "geometry": {
        "type": "Point",
        "coordinates": [
          12.195,
          45.3844
        ]
      },
      "properties": {
        "icao24": "4ca84b",
        "callsign": "RYR80JR",
        "origin_country": "Ireland",
        "time_position": 1787344585,
        "last_contact": 1787344585,
        "baro_altitude": 876.3,
        "on_ground": false,
        "velocity": 102.62,
        "true_track": 62.54,
        "vertical_rate": -3.58,
        "geo_altitude": 929.64,
        "squawk": "0545",
        "spi": false,
        "position_source": 0
      }
    },
    {
      "type": "Feature",
      "geometry": {
        "type": "Point",
        "coordinates": [
          8.6055,
          44.462
        ]
      },
      "properties": {
        "icao24": "4ca855",
        "callsign": "RYR68VC",
        "origin_country": "Ireland",
        "time_position": 1787344585,
        "last_contact": 1787344585,
        "baro_altitude": 10668,
        "on_ground": false,
        "velocity": 196.66,
        "true_track": 245.92,
        "vertical_rate": 0,
        "geo_altitude": 11125.2,
        "squawk": "2250",
        "spi": false,
        "position_source": 0
      }
    },
    {
      "type": "Feature",
      "geometry": {
        "type": "Point",
        "coordinates": [
          9.2785,
          45.185
        ]
      },
      "properties": {
        "icao24": "4ca85b",
        "callsign": "ITY113",
        "origin_country": "Ireland",
        "time_position": 1787344585,
        "last_contact": 1787344585,
        "baro_altitude": 1074.42,
        "on_ground": false,
        "velocity": 121.17,
        "true_track": 57.66,
        "vertical_rate": -3.9,
        "geo_altitude": 1143,
        "squawk": "1000",
        "spi": false,
        "position_source": 0
      }
    },
    {
      "type": "Feature",
      "geometry": {
        "type": "Point",
        "coordinates": [
          13.5626,
          37.5734
        ]
      },
      "properties": {
        "icao24": "4a04e4",
        "callsign": "AWG4457",
        "origin_country": "Romania",
        "time_position": 1787344585,
        "last_contact": 1787344585,
        "baro_altitude": 10363.2,
        "on_ground": false,
        "velocity": 248.98,
        "true_track": 49.86,
        "vertical_rate": 0,
        "geo_altitude": 10980.42,
        "squawk": "6133",
        "spi": false,
        "position_source": 0
      }
    },
    {
      "type": "Feature",
      "geometry": {
        "type": "Point",
        "coordinates": [
          14.2569,
          41.9486
        ]
      },
      "properties": {
        "icao24": "4ca7b5",
        "callsign": "RYR646J",
        "origin_country": "Ireland",
        "time_position": 1787344585,
        "last_contact": 1787344585,
        "baro_altitude": 11582.4,
        "on_ground": false,
        "velocity": 242.94,
        "true_track": 15.98,
        "vertical_rate": 0,
        "geo_altitude": 12169.14,
        "squawk": null,
        "spi": false,
        "position_source": 0
      }
    },
    {
      "type": "Feature",
      "geometry": {
        "type": "Point",
        "coordinates": [
          13.0053,
          44.5107
        ]
      },
      "properties": {
        "icao24": "ac1e56",
        "callsign": "FDX8",
        "origin_country": "United States",
        "time_position": 1787344585,
        "last_contact": 1787344585,
        "baro_altitude": 10066.02,
        "on_ground": false,
        "velocity": 268.84,
        "true_track": 134.46,
        "vertical_rate": -0.33,
        "geo_altitude": 10538.46,
        "squawk": "7562",
        "spi": false,
        "position_source": 0
      }
    },
    {
      "type": "Feature",
      "geometry": {
        "type": "Point",
        "coordinates": [
          14.1322,
          46.7204
        ]
      },
      "properties": {
        "icao24": "501d1d",
        "callsign": "CTN4457",
        "origin_country": "Croatia",
        "time_position": 1787344584,
        "last_contact": 1787344585,
        "baro_altitude": 8526.78,
        "on_ground": false,
        "velocity": 219.98,
        "true_track": 128.64,
        "vertical_rate": -5.2,
        "geo_altitude": 8900.16,
        "squawk": "1000",
        "spi": false,
        "position_source": 0
      }
    },
    {
      "type": "Feature",
      "geometry": {
        "type": "Point",
        "coordinates": [
          8.4862,
          40.3377
        ]
      },
      "properties": {
        "icao24": "02a191",
        "callsign": "TAR441",
        "origin_country": "Tunisia",
        "time_position": 1787344585,
        "last_contact": 1787344585,
        "baro_altitude": 11277.6,
        "on_ground": false,
        "velocity": 243.41,
        "true_track": 153.65,
        "vertical_rate": -0.33,
        "geo_altitude": 11902.44,
        "squawk": "7667",
        "spi": false,
        "position_source": 0
      }
    },
    {
      "type": "Feature",
      "geometry": {
        "type": "Point",
        "coordinates": [
          17.7312,
          44.5598
        ]
      },
      "properties": {
        "icao24": "4ca6fc",
        "callsign": "RYR1WF",
        "origin_country": "Ireland",
        "time_position": 1787344585,
        "last_contact": 1787344585,
        "baro_altitude": 11590.02,
        "on_ground": false,
        "velocity": 227.93,
        "true_track": 269.09,
        "vertical_rate": -0.33,
        "geo_altitude": 12169.14,
        "squawk": "2201",
        "spi": false,
        "position_source": 0
      }
    },
    {
      "type": "Feature",
      "geometry": {
        "type": "Point",
        "coordinates": [
          11.273,
          44.5411
        ]
      },
      "properties": {
        "icao24": "4ca801",
        "callsign": "RYR961A",
        "origin_country": "Ireland",
        "time_position": 1787344289,
        "last_contact": 1787344289,
        "baro_altitude": 83.82,
        "on_ground": false,
        "velocity": 74.77,
        "true_track": 116.57,
        "vertical_rate": -3.9,
        "geo_altitude": 106.68,
        "squawk": "2010",
        "spi": false,
        "position_source": 0
      }
    },
    {
      "type": "Feature",
      "geometry": {
        "type": "Point",
        "coordinates": [
          9.8878,
          40.1093
        ]
      },
      "properties": {
        "icao24": "4ca82b",
        "callsign": "MSA763",
        "origin_country": "Ireland",
        "time_position": 1787344584,
        "last_contact": 1787344584,
        "baro_altitude": 8442.96,
        "on_ground": false,
        "velocity": 223.47,
        "true_track": 191.28,
        "vertical_rate": -11.7,
        "geo_altitude": 8999.22,
        "squawk": "4650",
        "spi": false,
        "position_source": 0
      }
    },
    {
      "type": "Feature",
      "geometry": {
        "type": "Point",
        "coordinates": [
          15.0589,
          42.3047
        ]
      },
      "properties": {
        "icao24": "4ca80b",
        "callsign": "RYR84FW",
        "origin_country": "Ireland",
        "time_position": 1787344585,
        "last_contact": 1787344585,
        "baro_altitude": 10972.8,
        "on_ground": false,
        "velocity": 228.05,
        "true_track": 310.52,
        "vertical_rate": 0,
        "geo_altitude": 11544.3,
        "squawk": null,
        "spi": false,
        "position_source": 0
      }
    },
    {
      "type": "Feature",
      "geometry": {
        "type": "Point",
        "coordinates": [
          13.5237,
          43.6759
        ]
      },
      "properties": {
        "icao24": "4ca811",
        "callsign": "RYR5AZ",
        "origin_country": "Ireland",
        "time_position": 1787344585,
        "last_contact": 1787344585,
        "baro_altitude": 9563.1,
        "on_ground": false,
        "velocity": 246.64,
        "true_track": 160.88,
        "vertical_rate": 4.88,
        "geo_altitude": 10050.78,
        "squawk": "1000",
        "spi": false,
        "position_source": 0
      }
    },
    {
      "type": "Feature",
      "geometry": {
        "type": "Point",
        "coordinates": [
          17.3206,
          44.371
        ]
      },
      "properties": {
        "icao24": "706076",
        "callsign": "KAC171",
        "origin_country": "Kuwait",
        "time_position": 1787344585,
        "last_contact": 1787344585,
        "baro_altitude": 10668,
        "on_ground": false,
        "velocity": 242.08,
        "true_track": 128.36,
        "vertical_rate": 0.33,
        "geo_altitude": 11231.88,
        "squawk": "6407",
        "spi": false,
        "position_source": 0
      }
    },
    {
      "type": "Feature",
      "geometry": {
        "type": "Point",
        "coordinates": [
          17.341,
          42.145
        ]
      },
      "properties": {
        "icao24": "706071",
        "callsign": "KAC163",
        "origin_country": "Kuwait",
        "time_position": 1787344585,
        "last_contact": 1787344585,
        "baro_altitude": 11277.6,
        "on_ground": false,
        "velocity": 251.95,
        "true_track": 97.98,
        "vertical_rate": 0,
        "geo_altitude": 11879.58,
        "squawk": null,
        "spi": false,
        "position_source": 0
      }
    },
    {
      "type": "Feature",
      "geometry": {
        "type": "Point",
        "coordinates": [
          10.1368,
          41.3581
        ]
      },
      "properties": {
        "icao24": "44c069",
        "callsign": "PGC37L",
        "origin_country": "Belgium",
        "time_position": 1787344584,
        "last_contact": 1787344584,
        "baro_altitude": 4396.74,
        "on_ground": false,
        "velocity": 156.03,
        "true_track": 174.7,
        "vertical_rate": -8.45,
        "geo_altitude": 4686.3,
        "squawk": "6331",
        "spi": false,
        "position_source": 0
      }
    },
    {
      "type": "Feature",
      "geometry": {
        "type": "Point",
        "coordinates": [
          18.8362,
          46.8433
        ]
      },
      "properties": {
        "icao24": "4bcde7",
        "callsign": "SXS8ME",
        "origin_country": "Turkey",
        "time_position": 1787344585,
        "last_contact": 1787344585,
        "baro_altitude": 11277.6,
        "on_ground": false,
        "velocity": 229.92,
        "true_track": 120.52,
        "vertical_rate": -0.33,
        "geo_altitude": 11475.72,
        "squawk": "6037",
        "spi": false,
        "position_source": 0
      }
    },
    {
      "type": "Feature",
      "geometry": {
        "type": "Point",
        "coordinates": [
          14.0646,
          47.0456
        ]
      },
      "properties": {
        "icao24": "4bcdf0",
        "callsign": "SXS6WB",
        "origin_country": "Turkey",
        "time_position": 1787344585,
        "last_contact": 1787344585,
        "baro_altitude": 11277.6,
        "on_ground": false,
        "velocity": 220.46,
        "true_track": 128.37,
        "vertical_rate": 0,
        "geo_altitude": 11704.32,
        "squawk": "5212",
        "spi": false,
        "position_source": 0
      }
    },
    {
      "type": "Feature",
      "geometry": {
        "type": "Point",
        "coordinates": [
          12.0924,
          46.6783
        ]
      },
      "properties": {
        "icao24": "48664a",
        "callsign": "CND77LK",
        "origin_country": "Kingdom of the Netherlands",
        "time_position": 1787344585,
        "last_contact": 1787344585,
        "baro_altitude": 10972.8,
        "on_ground": false,
        "velocity": 241.23,
        "true_track": 337.43,
        "vertical_rate": 0.33,
        "geo_altitude": 11361.42,
        "squawk": "2074",
        "spi": false,
        "position_source": 0
      }
    },
    {
      "type": "Feature",
      "geometry": {
        "type": "Point",
        "coordinates": [
          13.7022,
          38.8862
        ]
      },
      "properties": {
        "icao24": "4ca769",
        "callsign": "RYR4891",
        "origin_country": "Ireland",
        "time_position": 1787344585,
        "last_contact": 1787344585,
        "baro_altitude": 9989.82,
        "on_ground": false,
        "velocity": 215.36,
        "true_track": 154.23,
        "vertical_rate": -7.8,
        "geo_altitude": 10576.56,
        "squawk": "5130",
        "spi": false,
        "position_source": 0
      }
    },
    {
      "type": "Feature",
      "geometry": {
        "type": "Point",
        "coordinates": [
          13.874,
          45.1125
        ]
      },
      "properties": {
        "icao24": "4ca766",
        "callsign": "RYR92YX",
        "origin_country": "Ireland",
        "time_position": 1787344585,
        "last_contact": 1787344585,
        "baro_altitude": 10972.8,
        "on_ground": false,
        "velocity": 219.64,
        "true_track": 312.06,
        "vertical_rate": -0.33,
        "geo_altitude": 11475.72,
        "squawk": "5621",
        "spi": false,
        "position_source": 0
      }
    },
    {
      "type": "Feature",
      "geometry": {
        "type": "Point",
        "coordinates": [
          12.9754,
          45.4413
        ]
      },
      "properties": {
        "icao24": "4ca764",
        "callsign": "RYR78ZG",
        "origin_country": "Ireland",
        "time_position": 1787344585,
        "last_contact": 1787344585,
        "baro_altitude": 3055.62,
        "on_ground": false,
        "velocity": 163.97,
        "true_track": 14.91,
        "vertical_rate": -2.28,
        "geo_altitude": 3192.78,
        "squawk": "2601",
        "spi": false,
        "position_source": 0
      }
    },
    {
      "type": "Feature",
      "geometry": {
        "type": "Point",
        "coordinates": [
          14.3431,
          47.199
        ]
      },
      "properties": {
        "icao24": "4bcdd2",
        "callsign": "SXS6SF",
        "origin_country": "Turkey",
        "time_position": 1787344585,
        "last_contact": 1787344585,
        "baro_altitude": 10965.18,
        "on_ground": false,
        "velocity": 230.56,
        "true_track": 319.34,
        "vertical_rate": 0.33,
        "geo_altitude": 11391.9,
        "squawk": "5304",
        "spi": false,
        "position_source": 0
      }
    },
    {
      "type": "Feature",
      "geometry": {
        "type": "Point",
        "coordinates": [
          10.836,
          47.324
        ]
      },
      "properties": {
        "icao24": "4bcde5",
        "callsign": "SXS9SV",
        "origin_country": "Turkey",
        "time_position": 1787344585,
        "last_contact": 1787344585,
        "baro_altitude": 11262.36,
        "on_ground": false,
        "velocity": 254.81,
        "true_track": 112.68,
        "vertical_rate": 0.98,
        "geo_altitude": 11582.4,
        "squawk": "7307",
        "spi": false,
        "position_source": 0
      }
    },
    {
      "type": "Feature",
      "geometry": {
        "type": "Point",
        "coordinates": [
          9.8703,
          44.9374
        ]
      },
      "properties": {
        "icao24": "4ca783",
        "callsign": "ITY4LI",
        "origin_country": "Ireland",
        "time_position": 1787344585,
        "last_contact": 1787344585,
        "baro_altitude": 5257.8,
        "on_ground": false,
        "velocity": 224.69,
        "true_track": 137.69,
        "vertical_rate": 16.58,
        "geo_altitude": 5478.78,
        "squawk": "0006",
        "spi": false,
        "position_source": 0
      }
    },
    {
      "type": "Feature",
      "geometry": {
        "type": "Point",
        "coordinates": [
          6.5351,
          47.7162
        ]
      },
      "properties": {
        "icao24": "4ca6a4",
        "callsign": "RYR66WT",
        "origin_country": "Ireland",
        "time_position": 1787344585,
        "last_contact": 1787344585,
        "baro_altitude": 10363.2,
        "on_ground": false,
        "velocity": 230.49,
        "true_track": 351.4,
        "vertical_rate": 0.33,
        "geo_altitude": 10584.18,
        "squawk": "1000",
        "spi": false,
        "position_source": 0
      }
    },
    {
      "type": "Feature",
      "geometry": {
        "type": "Point",
        "coordinates": [
          17.5199,
          44.5384
        ]
      },
      "properties": {
        "icao24": "4866de",
        "callsign": "TRA5724",
        "origin_country": "Kingdom of the Netherlands",
        "time_position": 1787344584,
        "last_contact": 1787344585,
        "baro_altitude": 10988.04,
        "on_ground": false,
        "velocity": 238.7,
        "true_track": 321.48,
        "vertical_rate": 0,
        "geo_altitude": 11574.78,
        "squawk": "2024",
        "spi": false,
        "position_source": 0
      }
    },
    {
      "type": "Feature",
      "geometry": {
        "type": "Point",
        "coordinates": [
          17.4703,
          45.7204
        ]
      },
      "properties": {
        "icao24": "501c15",
        "callsign": "CFG4PC",
        "origin_country": "Croatia",
        "time_position": 1787344585,
        "last_contact": 1787344585,
        "baro_altitude": 10355.58,
        "on_ground": false,
        "velocity": 241.19,
        "true_track": 308.68,
        "vertical_rate": -0.33,
        "geo_altitude": 10888.98,
        "squawk": "1753",
        "spi": false,
        "position_source": 0
      }
    },
    {
      "type": "Feature",
      "geometry": {
        "type": "Point",
        "coordinates": [
          15.8304,
          43.6874
        ]
      },
      "properties": {
        "icao24": "501c43",
        "callsign": "CTN439",
        "origin_country": "Croatia",
        "time_position": 1787344384,
        "last_contact": 1787344384,
        "baro_altitude": 2575.56,
        "on_ground": false,
        "velocity": 147.61,
        "true_track": 157.46,
        "vertical_rate": -5.53,
        "geo_altitude": 3086.1,
        "squawk": "1000",
        "spi": false,
        "position_source": 0
      }
    },
    {
      "type": "Feature",
      "geometry": {
        "type": "Point",
        "coordinates": [
          10.1713,
          45.4889
        ]
      },
      "properties": {
        "icao24": "501c3b",
        "callsign": "CTN415",
        "origin_country": "Croatia",
        "time_position": 1787344585,
        "last_contact": 1787344585,
        "baro_altitude": 11277.6,
        "on_ground": false,
        "velocity": 252.86,
        "true_track": 120.84,
        "vertical_rate": 0,
        "geo_altitude": 11696.7,
        "squawk": "1000",
        "spi": false,
        "position_source": 0
      }
    },
    {
      "type": "Feature",
      "geometry": {
        "type": "Point",
        "coordinates": [
          14.0942,
          43.7158
        ]
      },
      "properties": {
        "icao24": "501c49",
        "callsign": "CTN104F",
        "origin_country": "Croatia",
        "time_position": 1787344585,
        "last_contact": 1787344585,
        "baro_altitude": 6583.68,
        "on_ground": false,
        "velocity": 229.34,
        "true_track": 102.04,
        "vertical_rate": -8.13,
        "geo_altitude": 6957.06,
        "squawk": "1000",
        "spi": false,
        "position_source": 0
      }
    },
    {
      "type": "Feature",
      "geometry": {
        "type": "Point",
        "coordinates": [
          14.6897,
          44.3654
        ]
      },
      "properties": {
        "icao24": "501c5e",
        "callsign": "CTN632",
        "origin_country": "Croatia",
        "time_position": 1787344583,
        "last_contact": 1787344585,
        "baro_altitude": 3657.6,
        "on_ground": false,
        "velocity": 131.72,
        "true_track": 316.27,
        "vertical_rate": -0.33,
        "geo_altitude": 3832.86,
        "squawk": "1000",
        "spi": false,
        "position_source": 0
      }
    },
    {
      "type": "Feature",
      "geometry": {
        "type": "Point",
        "coordinates": [
          15.7724,
          46.2507
        ]
      },
      "properties": {
        "icao24": "501c4b",
        "callsign": "CTN724D",
        "origin_country": "Croatia",
        "time_position": 1787344585,
        "last_contact": 1787344585,
        "baro_altitude": 3131.82,
        "on_ground": false,
        "velocity": 164.69,
        "true_track": 131.71,
        "vertical_rate": -3.25,
        "geo_altitude": 3268.98,
        "squawk": "7627",
        "spi": false,
        "position_source": 0
      }
    },
    {
      "type": "Feature",
      "geometry": {
        "type": "Point",
        "coordinates": [
          8.5243,
          47.4932
        ]
      },
      "properties": {
        "icao24": "501c59",
        "callsign": "CTN465",
        "origin_country": "Croatia",
        "time_position": 1787344585,
        "last_contact": 1787344585,
        "baro_altitude": 944.88,
        "on_ground": false,
        "velocity": 68.92,
        "true_track": 325.95,
        "vertical_rate": 14.63,
        "geo_altitude": 1028.7,
        "squawk": "1000",
        "spi": false,
        "position_source": 0
      }
    },
    {
      "type": "Feature",
      "geometry": {
        "type": "Point",
        "coordinates": [
          15.2965,
          46.2357
        ]
      },
      "properties": {
        "icao24": "501c58",
        "callsign": "CTN4429",
        "origin_country": "Croatia",
        "time_position": 1787344585,
        "last_contact": 1787344585,
        "baro_altitude": 11887.2,
        "on_ground": false,
        "velocity": 216.5,
        "true_track": 157.21,
        "vertical_rate": -0.33,
        "geo_altitude": 12390.12,
        "squawk": "6427",
        "spi": false,
        "position_source": 0
      }
    },
    {
      "type": "Feature",
      "geometry": {
        "type": "Point",
        "coordinates": [
          9.6157,
          46.9786
        ]
      },
      "properties": {
        "icao24": "48418c",
        "callsign": "KLM91R",
        "origin_country": "Kingdom of the Netherlands",
        "time_position": 1787344585,
        "last_contact": 1787344585,
        "baro_altitude": 11887.2,
        "on_ground": false,
        "velocity": 255.31,
        "true_track": 124.91,
        "vertical_rate": 0.33,
        "geo_altitude": 12260.58,
        "squawk": "1000",
        "spi": false,
        "position_source": 0
      }
    },
    {
      "type": "Feature",
      "geometry": {
        "type": "Point",
        "coordinates": [
          10.5176,
          44.6461
        ]
      },
      "properties": {
        "icao24": "4a0441",
        "callsign": "VOE18TT",
        "origin_country": "Romania",
        "time_position": 1787344585,
        "last_contact": 1787344585,
        "baro_altitude": 4053.84,
        "on_ground": false,
        "velocity": 200.71,
        "true_track": 10.19,
        "vertical_rate": -10.08,
        "geo_altitude": 4244.34,
        "squawk": "7035",
        "spi": false,
        "position_source": 0
      }
    },
    {
      "type": "Feature",
      "geometry": {
        "type": "Point",
        "coordinates": [
          6.4274,
          47.4424
        ]
      },
      "properties": {
        "icao24": "48414d",
        "callsign": "TRA41N",
        "origin_country": "Kingdom of the Netherlands",
        "time_position": 1787344585,
        "last_contact": 1787344585,
        "baro_altitude": 10363.2,
        "on_ground": false,
        "velocity": 230.15,
        "true_track": 355.51,
        "vertical_rate": 0,
        "geo_altitude": 10599.42,
        "squawk": "1000",
        "spi": false,
        "position_source": 0
      }
    },
    {
      "type": "Feature",
      "geometry": {
        "type": "Point",
        "coordinates": [
          13.7606,
          47.7158
        ]
      },
      "properties": {
        "icao24": "4bcdae",
        "callsign": "SXS5DL",
        "origin_country": "Turkey",
        "time_position": 1787344585,
        "last_contact": 1787344585,
        "baro_altitude": 10972.8,
        "on_ground": false,
        "velocity": 235.61,
        "true_track": 320.23,
        "vertical_rate": 0,
        "geo_altitude": 11361.42,
        "squawk": "5314",
        "spi": false,
        "position_source": 0
      }
    },
    {
      "type": "Feature",
      "geometry": {
        "type": "Point",
        "coordinates": [
          12.1063,
          38.5962
        ]
      },
      "properties": {
        "icao24": "4ca702",
        "callsign": "RYR3QL",
        "origin_country": "Ireland",
        "time_position": 1787344569,
        "last_contact": 1787344571,
        "baro_altitude": 4960.62,
        "on_ground": false,
        "velocity": 190.37,
        "true_track": 109.41,
        "vertical_rate": -7.48,
        "geo_altitude": 5326.38,
        "squawk": "5156",
        "spi": false,
        "position_source": 0
      }
    },
    {
      "type": "Feature",
      "geometry": {
        "type": "Point",
        "coordinates": [
          14.5849,
          41.9484
        ]
      },
      "properties": {
        "icao24": "4bccba",
        "callsign": "SXS7WB",
        "origin_country": "Turkey",
        "time_position": 1787344585,
        "last_contact": 1787344585,
        "baro_altitude": 11567.16,
        "on_ground": false,
        "velocity": 235.33,
        "true_track": 87.49,
        "vertical_rate": 6.18,
        "geo_altitude": 12161.52,
        "squawk": null,
        "spi": false,
        "position_source": 0
      }
    },
    {
      "type": "Feature",
      "geometry": {
        "type": "Point",
        "coordinates": [
          9.8962,
          40.7927
        ]
      },
      "properties": {
        "icao24": "78149f",
        "callsign": "CSN378",
        "origin_country": "China",
        "time_position": 1787344585,
        "last_contact": 1787344585,
        "baro_altitude": 10363.2,
        "on_ground": false,
        "velocity": 270.14,
        "true_track": 86.29,
        "vertical_rate": 0.33,
        "geo_altitude": 10942.32,
        "squawk": "4304",
        "spi": false,
        "position_source": 0
      }
    },
    {
      "type": "Feature",
      "geometry": {
        "type": "Point",
        "coordinates": [
          18.8889,
          42.3036
        ]
      },
      "properties": {
        "icao24": "405f11",
        "callsign": "EZY91TK",
        "origin_country": "United Kingdom",
        "time_position": 1787344582,
        "last_contact": 1787344585,
        "baro_altitude": 11277.6,
        "on_ground": false,
        "velocity": 225.67,
        "true_track": 138.79,
        "vertical_rate": -0.33,
        "geo_altitude": 11887.2,
        "squawk": "7325",
        "spi": false,
        "position_source": 0
      }
    },
    {
      "type": "Feature",
      "geometry": {
        "type": "Point",
        "coordinates": [
          10.8282,
          47.6232
        ]
      },
      "properties": {
        "icao24": "4bccaa",
        "callsign": "SXS75H",
        "origin_country": "Turkey",
        "time_position": 1787344585,
        "last_contact": 1787344585,
        "baro_altitude": 11277.6,
        "on_ground": false,
        "velocity": 259.84,
        "true_track": 120.32,
        "vertical_rate": -0.33,
        "geo_altitude": 11574.78,
        "squawk": "1076",
        "spi": false,
        "position_source": 0
      }
    },
    {
      "type": "Feature",
      "geometry": {
        "type": "Point",
        "coordinates": [
          18.5417,
          44.2052
        ]
      },
      "properties": {
        "icao24": "4bce0f",
        "callsign": "SXS4PR",
        "origin_country": "Turkey",
        "time_position": 1787344585,
        "last_contact": 1787344585,
        "baro_altitude": 11277.6,
        "on_ground": false,
        "velocity": 235.55,
        "true_track": 110.45,
        "vertical_rate": 0.33,
        "geo_altitude": 11856.72,
        "squawk": "7507",
        "spi": false,
        "position_source": 0
      }
    },
    {
      "type": "Feature",
      "geometry": {
        "type": "Point",
        "coordinates": [
          18.6275,
          45.6022
        ]
      },
      "properties": {
        "icao24": "4bce16",
        "callsign": "SXS5GG",
        "origin_country": "Turkey",
        "time_position": 1787344585,
        "last_contact": 1787344585,
        "baro_altitude": 10972.8,
        "on_ground": false,
        "velocity": 220.94,
        "true_track": 287.76,
        "vertical_rate": 0.33,
        "geo_altitude": 11536.68,
        "squawk": "3222",
        "spi": false,
        "position_source": 0
      }
    },
    {
      "type": "Feature",
      "geometry": {
        "type": "Point",
        "coordinates": [
          17.2844,
          45.7623
        ]
      },
      "properties": {
        "icao24": "4bce13",
        "callsign": "SXS6HR",
        "origin_country": "Turkey",
        "time_position": 1787344585,
        "last_contact": 1787344585,
        "baro_altitude": 11277.6,
        "on_ground": false,
        "velocity": 222.52,
        "true_track": 117.69,
        "vertical_rate": 0.33,
        "geo_altitude": 11803.38,
        "squawk": "7646",
        "spi": false,
        "position_source": 0
      }
    },
    {
      "type": "Feature",
      "geometry": {
        "type": "Point",
        "coordinates": [
          15.3098,
          43.781
        ]
      },
      "properties": {
        "icao24": "424cbf",
        "callsign": "MAY4F",
        "origin_country": "United Kingdom",
        "time_position": 1787344585,
        "last_contact": 1787344585,
        "baro_altitude": 13716,
        "on_ground": false,
        "velocity": 230.78,
        "true_track": 115.77,
        "vertical_rate": -0.33,
        "geo_altitude": 14310.36,
        "squawk": "0225",
        "spi": false,
        "position_source": 0
      }
    },
    {
      "type": "Feature",
      "geometry": {
        "type": "Point",
        "coordinates": [
          13.674,
          46.8771
        ]
      },
      "properties": {
        "icao24": "407642",
        "callsign": "TOM1LD",
        "origin_country": "United Kingdom",
        "time_position": 1787344585,
        "last_contact": 1787344585,
        "baro_altitude": 11582.4,
        "on_ground": false,
        "velocity": 226.06,
        "true_track": 307.42,
        "vertical_rate": -0.33,
        "geo_altitude": 12031.98,
        "squawk": "5516",
        "spi": false,
        "position_source": 0
      }
    },
    {
      "type": "Feature",
      "geometry": {
        "type": "Point",
        "coordinates": [
          6.0848,
          39.7983
        ]
      },
      "properties": {
        "icao24": "346147",
        "callsign": "IBE0854",
        "origin_country": "Spain",
        "time_position": 1787344585,
        "last_contact": 1787344585,
        "baro_altitude": 10668,
        "on_ground": false,
        "velocity": 226.69,
        "true_track": 273.12,
        "vertical_rate": 0,
        "geo_altitude": 11285.22,
        "squawk": "2030",
        "spi": false,
        "position_source": 0
      }
    },
    {
      "type": "Feature",
      "geometry": {
        "type": "Point",
        "coordinates": [
          7.0453,
          47.5357
        ]
      },
      "properties": {
        "icao24": "40768c",
        "callsign": "EZY39TA",
        "origin_country": "United Kingdom",
        "time_position": 1787344585,
        "last_contact": 1787344585,
        "baro_altitude": 10363.2,
        "on_ground": false,
        "velocity": 191.81,
        "true_track": 287.8,
        "vertical_rate": 0,
        "geo_altitude": 10591.8,
        "squawk": "2740",
        "spi": false,
        "position_source": 0
      }
    },
    {
      "type": "Feature",
      "geometry": {
        "type": "Point",
        "coordinates": [
          6.7713,
          44.2993
        ]
      },
      "properties": {
        "icao24": "40768d",
        "callsign": "EZY52TN",
        "origin_country": "United Kingdom",
        "time_position": 1787344585,
        "last_contact": 1787344585,
        "baro_altitude": 10972.8,
        "on_ground": false,
        "velocity": 213.93,
        "true_track": 327.57,
        "vertical_rate": -0.33,
        "geo_altitude": 11468.1,
        "squawk": "4031",
        "spi": false,
        "position_source": 0
      }
    },
    {
      "type": "Feature",
      "geometry": {
        "type": "Point",
        "coordinates": [
          17.6053,
          38.7382
        ]
      },
      "properties": {
        "icao24": "346204",
        "callsign": "IBE08KV",
        "origin_country": "Spain",
        "time_position": 1787344585,
        "last_contact": 1787344585,
        "baro_altitude": 9745.98,
        "on_ground": false,
        "velocity": 235.28,
        "true_track": 280.97,
        "vertical_rate": 0.33,
        "geo_altitude": 10340.34,
        "squawk": null,
        "spi": false,
        "position_source": 0
      }
    },
    {
      "type": "Feature",
      "geometry": {
        "type": "Point",
        "coordinates": [
          18.7608,
          39.5476
        ]
      },
      "properties": {
        "icao24": "8966bd",
        "callsign": "ETD142",
        "origin_country": "United Arab Emirates",
        "time_position": 1787344470,
        "last_contact": 1787344510,
        "baro_altitude": 9448.8,
        "on_ground": false,
        "velocity": 234.29,
        "true_track": 138.29,
        "vertical_rate": 0,
        "geo_altitude": 9997.44,
        "squawk": "3016",
        "spi": false,
        "position_source": 0
      }
    },
    {
      "type": "Feature",
      "geometry": {
        "type": "Point",
        "coordinates": [
          14.484,
          37.6231
        ]
      },
      "properties": {
        "icao24": "4cafca",
        "callsign": "MSA734",
        "origin_country": "Ireland",
        "time_position": 1787344585,
        "last_contact": 1787344585,
        "baro_altitude": 4320.54,
        "on_ground": false,
        "velocity": 167.71,
        "true_track": 90.18,
        "vertical_rate": -7.8,
        "geo_altitude": 4625.34,
        "squawk": "5403",
        "spi": false,
        "position_source": 0
      }
    },
    {
      "type": "Feature",
      "geometry": {
        "type": "Point",
        "coordinates": [
          12.1199,
          43.2724
        ]
      },
      "properties": {
        "icao24": "4cafcb",
        "callsign": "MSA724",
        "origin_country": "Ireland",
        "time_position": 1787344584,
        "last_contact": 1787344585,
        "baro_altitude": 10058.4,
        "on_ground": false,
        "velocity": 239.69,
        "true_track": 140.4,
        "vertical_rate": -0.33,
        "geo_altitude": 10546.08,
        "squawk": "1000",
        "spi": false,
        "position_source": 0
      }
    },
    {
      "type": "Feature",
      "geometry": {
        "type": "Point",
        "coordinates": [
          10.1104,
          36.7124
        ]
      },
      "properties": {
        "icao24": "4cafb5",
        "callsign": "RYR1DX",
        "origin_country": "Ireland",
        "time_position": 1787344334,
        "last_contact": 1787344334,
        "baro_altitude": 10972.8,
        "on_ground": false,
        "velocity": 222.13,
        "true_track": 276.52,
        "vertical_rate": 0,
        "geo_altitude": 11628.12,
        "squawk": "6562",
        "spi": false,
        "position_source": 0
      }
    },
    {
      "type": "Feature",
      "geometry": {
        "type": "Point",
        "coordinates": [
          10.0782,
          37.4313
        ]
      },
      "properties": {
        "icao24": "4076b1",
        "callsign": "TOM661",
        "origin_country": "United Kingdom",
        "time_position": 1787344579,
        "last_contact": 1787344579,
        "baro_altitude": 8435.34,
        "on_ground": false,
        "velocity": 224.93,
        "true_track": 344.34,
        "vertical_rate": 6.5,
        "geo_altitude": 8785.86,
        "squawk": "6144",
        "spi": false,
        "position_source": 0
      }
    },
    {
      "type": "Feature",
      "geometry": {
        "type": "Point",
        "coordinates": [
          11.1437,
          43.9196
        ]
      },
      "properties": {
        "icao24": "4caff6",
        "callsign": "RYR98RD",
        "origin_country": "Ireland",
        "time_position": 1787344585,
        "last_contact": 1787344585,
        "baro_altitude": 9799.32,
        "on_ground": false,
        "velocity": 257.67,
        "true_track": 136.78,
        "vertical_rate": 8.13,
        "geo_altitude": 10279.38,
        "squawk": "1000",
        "spi": false,
        "position_source": 0
      }
    },
    {
      "type": "Feature",
      "geometry": {
        "type": "Point",
        "coordinates": [
          14.1658,
          42.8185
        ]
      },
      "properties": {
        "icao24": "4caff8",
        "callsign": "RYR96TN",
        "origin_country": "Ireland",
        "time_position": 1787344585,
        "last_contact": 1787344585,
        "baro_altitude": 2286,
        "on_ground": false,
        "velocity": 142.4,
        "true_track": 175.65,
        "vertical_rate": -7.48,
        "geo_altitude": 2446.02,
        "squawk": "1000",
        "spi": false,
        "position_source": 0
      }
    },
    {
      "type": "Feature",
      "geometry": {
        "type": "Point",
        "coordinates": [
          11.2656,
          40.8691
        ]
      },
      "properties": {
        "icao24": "3964eb",
        "callsign": "TVF71PK",
        "origin_country": "France",
        "time_position": 1787344584,
        "last_contact": 1787344585,
        "baro_altitude": 9448.8,
        "on_ground": false,
        "velocity": 244.12,
        "true_track": 154.14,
        "vertical_rate": 0,
        "geo_altitude": 10005.06,
        "squawk": "1000",
        "spi": false,
        "position_source": 0
      }
    },
    {
      "type": "Feature",
      "geometry": {
        "type": "Point",
        "coordinates": [
          15.293,
          40.1907
        ]
      },
      "properties": {
        "icao24": "01024d",
        "callsign": "MSC810",
        "origin_country": "Egypt",
        "time_position": 1787344584,
        "last_contact": 1787344585,
        "baro_altitude": 8702.04,
        "on_ground": false,
        "velocity": 216.46,
        "true_track": 119,
        "vertical_rate": 9.1,
        "geo_altitude": 9220.2,
        "squawk": null,
        "spi": false,
        "position_source": 0
      }
    },
    {
      "type": "Feature",
      "geometry": {
        "type": "Point",
        "coordinates": [
          17.7652,
          44.6461
        ]
      },
      "properties": {
        "icao24": "01024e",
        "callsign": "MSC2973",
        "origin_country": "Egypt",
        "time_position": 1787344584,
        "last_contact": 1787344585,
        "baro_altitude": 10271.76,
        "on_ground": false,
        "velocity": 225.48,
        "true_track": 154.02,
        "vertical_rate": -4.88,
        "geo_altitude": 10835.64,
        "squawk": "4357",
        "spi": false,
        "position_source": 0
      }
    },
    {
      "type": "Feature",
      "geometry": {
        "type": "Point",
        "coordinates": [
          17.2936,
          42.48
        ]
      },
      "properties": {
        "icao24": "010246",
        "callsign": "MSR715",
        "origin_country": "Egypt",
        "time_position": 1787344585,
        "last_contact": 1787344585,
        "baro_altitude": 10363.2,
        "on_ground": false,
        "velocity": 238.74,
        "true_track": 313.25,
        "vertical_rate": -0.33,
        "geo_altitude": 10927.08,
        "squawk": null,
        "spi": false,
        "position_source": 0
      }
    },
    {
      "type": "Feature",
      "geometry": {
        "type": "Point",
        "coordinates": [
          10.11,
          38.0417
        ]
      },
      "properties": {
        "icao24": "3964f0",
        "callsign": "TVF8858",
        "origin_country": "France",
        "time_position": 1787344564,
        "last_contact": 1787344565,
        "baro_altitude": 6042.66,
        "on_ground": false,
        "velocity": 190.01,
        "true_track": 161.37,
        "vertical_rate": -8.45,
        "geo_altitude": 6469.38,
        "squawk": "7654",
        "spi": false,
        "position_source": 0
      }
    },
    {
      "type": "Feature",
      "geometry": {
        "type": "Point",
        "coordinates": [
          9.7675,
          46.7633
        ]
      },
      "properties": {
        "icao24": "3007f1",
        "callsign": "DLA5PW",
        "origin_country": "Italy",
        "time_position": 1787344585,
        "last_contact": 1787344585,
        "baro_altitude": 9418.32,
        "on_ground": false,
        "velocity": 251.83,
        "true_track": 146.25,
        "vertical_rate": -5.53,
        "geo_altitude": 9662.16,
        "squawk": "2527",
        "spi": false,
        "position_source": 0
      }
    },
    {
      "type": "Feature",
      "geometry": {
        "type": "Point",
        "coordinates": [
          16.7384,
          35.5375
        ]
      },
      "properties": {
        "icao24": "01020a",
        "callsign": "MSR861",
        "origin_country": "Egypt",
        "time_position": 1787344585,
        "last_contact": 1787344585,
        "baro_altitude": 10363.2,
        "on_ground": false,
        "velocity": 228.15,
        "true_track": 278.17,
        "vertical_rate": -0.33,
        "geo_altitude": 10988.04,
        "squawk": null,
        "spi": false,
        "position_source": 0
      }
    },
    {
      "type": "Feature",
      "geometry": {
        "type": "Point",
        "coordinates": [
          11.2488,
          44.6337
        ]
      },
      "properties": {
        "icao24": "3008b7",
        "callsign": "IATLS",
        "origin_country": "Italy",
        "time_position": 1787344585,
        "last_contact": 1787344585,
        "baro_altitude": 327.66,
        "on_ground": false,
        "velocity": 45,
        "true_track": 174.09,
        "vertical_rate": -0.65,
        "geo_altitude": 365.76,
        "squawk": null,
        "spi": false,
        "position_source": 0
      }
    },
    {
      "type": "Feature",
      "geometry": {
        "type": "Point",
        "coordinates": [
          6.544,
          46.4311
        ]
      },
      "properties": {
        "icao24": "4b1a2f",
        "callsign": "EZS1356",
        "origin_country": "Switzerland",
        "time_position": 1787344584,
        "last_contact": 1787344585,
        "baro_altitude": 3086.1,
        "on_ground": false,
        "velocity": 128.61,
        "true_track": 0,
        "vertical_rate": -9.43,
        "geo_altitude": 3238.5,
        "squawk": "1000",
        "spi": false,
        "position_source": 0
      }
    },
    {
      "type": "Feature",
      "geometry": {
        "type": "Point",
        "coordinates": [
          13.3198,
          45.4869
        ]
      },
      "properties": {
        "icao24": "4b1a2a",
        "callsign": "EZS18GT",
        "origin_country": "Switzerland",
        "time_position": 1787344585,
        "last_contact": 1787344585,
        "baro_altitude": 10972.8,
        "on_ground": false,
        "velocity": 219.4,
        "true_track": 276.19,
        "vertical_rate": -0.33,
        "geo_altitude": 11460.48,
        "squawk": "1000",
        "spi": false,
        "position_source": 0
      }
    },
    {
      "type": "Feature",
      "geometry": {
        "type": "Point",
        "coordinates": [
          13.5108,
          44.9943
        ]
      },
      "properties": {
        "icao24": "4b1a2c",
        "callsign": "EZS67UZ",
        "origin_country": "Switzerland",
        "time_position": 1787344585,
        "last_contact": 1787344585,
        "baro_altitude": 10370.82,
        "on_ground": false,
        "velocity": 217.04,
        "true_track": 291.7,
        "vertical_rate": -0.65,
        "geo_altitude": 10866.12,
        "squawk": "6526",
        "spi": false,
        "position_source": 0
      }
    },
    {
      "type": "Feature",
      "geometry": {
        "type": "Point",
        "coordinates": [
          8.5149,
          42.2795
        ]
      },
      "properties": {
        "icao24": "4b1a37",
        "callsign": "EZS81AP",
        "origin_country": "Switzerland",
        "time_position": 1787344585,
        "last_contact": 1787344585,
        "baro_altitude": 10370.82,
        "on_ground": false,
        "velocity": 208.15,
        "true_track": 328.23,
        "vertical_rate": -0.98,
        "geo_altitude": 10919.46,
        "squawk": "1000",
        "spi": false,
        "position_source": 0
      }
    },
    {
      "type": "Feature",
      "geometry": {
        "type": "Point",
        "coordinates": [
          7.9007,
          42.9675
        ]
      },
      "properties": {
        "icao24": "4b1a34",
        "callsign": "EZS19HP",
        "origin_country": "Switzerland",
        "time_position": 1787344585,
        "last_contact": 1787344585,
        "baro_altitude": 9738.36,
        "on_ground": false,
        "velocity": 206.82,
        "true_track": 329.67,
        "vertical_rate": -0.33,
        "geo_altitude": 10256.52,
        "squawk": "1000",
        "spi": false,
        "position_source": 0
      }
    },
    {
      "type": "Feature",
      "geometry": {
        "type": "Point",
        "coordinates": [
          6.1501,
          46.266
        ]
      },
      "properties": {
        "icao24": "4b1a1b",
        "callsign": "EZS73RT",
        "origin_country": "Switzerland",
        "time_position": 1787344585,
        "last_contact": 1787344585,
        "baro_altitude": 533.4,
        "on_ground": false,
        "velocity": 74.57,
        "true_track": 225.28,
        "vertical_rate": -4.55,
        "geo_altitude": 632.46,
        "squawk": "1000",
        "spi": false,
        "position_source": 0
      }
    },
    {
      "type": "Feature",
      "geometry": {
        "type": "Point",
        "coordinates": [
          6.0683,
          47.4923
        ]
      },
      "properties": {
        "icao24": "4b1a25",
        "callsign": "EJU54LH",
        "origin_country": "Switzerland",
        "time_position": 1787344585,
        "last_contact": 1787344585,
        "baro_altitude": 4556.76,
        "on_ground": false,
        "velocity": 189.36,
        "true_track": 62.67,
        "vertical_rate": -3.9,
        "geo_altitude": 4716.78,
        "squawk": "1000",
        "spi": false,
        "position_source": 0
      }
    },
    {
      "type": "Feature",
      "geometry": {
        "type": "Point",
        "coordinates": [
          14.0914,
          43.8856
        ]
      },
      "properties": {
        "icao24": "4b1a26",
        "callsign": "EZS75JQ",
        "origin_country": "Switzerland",
        "time_position": 1787344585,
        "last_contact": 1787344585,
        "baro_altitude": 11597.64,
        "on_ground": false,
        "velocity": 219.23,
        "true_track": 294.1,
        "vertical_rate": 0.33,
        "geo_altitude": 12153.9,
        "squawk": "1000",
        "spi": false,
        "position_source": 0
      }
    },
    {
      "type": "Feature",
      "geometry": {
        "type": "Point",
        "coordinates": [
          11.3436,
          44.1914
        ]
      },
      "properties": {
        "icao24": "4d24ca",
        "callsign": "RYR82SK",
        "origin_country": "Malta",
        "time_position": 1787344585,
        "last_contact": 1787344585,
        "baro_altitude": 9753.6,
        "on_ground": false,
        "velocity": 236.74,
        "true_track": 355.89,
        "vertical_rate": 0,
        "geo_altitude": 10233.66,
        "squawk": "0205",
        "spi": false,
        "position_source": 0
      }
    },
    {
      "type": "Feature",
      "geometry": {
        "type": "Point",
        "coordinates": [
          15.4417,
          46.1529
        ]
      },
      "properties": {
        "icao24": "4d24d7",
        "callsign": "WMT1317",
        "origin_country": "Malta",
        "time_position": 1787344585,
        "last_contact": 1787344585,
        "baro_altitude": 10683.24,
        "on_ground": false,
        "velocity": 253.98,
        "true_track": 85.24,
        "vertical_rate": 0.33,
        "geo_altitude": 11186.16,
        "squawk": "1000",
        "spi": false,
        "position_source": 0
      }
    },
    {
      "type": "Feature",
      "geometry": {
        "type": "Point",
        "coordinates": [
          14.4908,
          35.8492
        ]
      },
      "properties": {
        "icao24": "4d24de",
        "callsign": "KMM3397",
        "origin_country": "Malta",
        "time_position": 1787344585,
        "last_contact": 1787344585,
        "baro_altitude": null,
        "on_ground": true,
        "velocity": 4.63,
        "true_track": 129.38,
        "vertical_rate": null,
        "geo_altitude": null,
        "squawk": "0174",
        "spi": false,
        "position_source": 0
      }
    },
    {
      "type": "Feature",
      "geometry": {
        "type": "Point",
        "coordinates": [
          7.9502,
          44.0631
        ]
      },
      "properties": {
        "icao24": "4d24e6",
        "callsign": "EWG3HA",
        "origin_country": "Malta",
        "time_position": 1787344585,
        "last_contact": 1787344585,
        "baro_altitude": 10980.42,
        "on_ground": false,
        "velocity": 245.84,
        "true_track": 19.31,
        "vertical_rate": 0,
        "geo_altitude": 11475.72,
        "squawk": "5504",
        "spi": false,
        "position_source": 0
      }
    },
    {
      "type": "Feature",
      "geometry": {
        "type": "Point",
        "coordinates": [
          16.0735,
          44.7043
        ]
      },
      "properties": {
        "icao24": "407731",
        "callsign": "EXS59LV",
        "origin_country": "United Kingdom",
        "time_position": 1787344585,
        "last_contact": 1787344585,
        "baro_altitude": 10972.8,
        "on_ground": false,
        "velocity": 233.34,
        "true_track": 334.68,
        "vertical_rate": 0,
        "geo_altitude": 11506.2,
        "squawk": "3704",
        "spi": false,
        "position_source": 0
      }
    },
    {
      "type": "Feature",
      "geometry": {
        "type": "Point",
        "coordinates": [
          9.8454,
          40.9685
        ]
      },
      "properties": {
        "icao24": "4d24ae",
        "callsign": "WMT8077",
        "origin_country": "Malta",
        "time_position": 1787344584,
        "last_contact": 1787344584,
        "baro_altitude": 9745.98,
        "on_ground": false,
        "velocity": 229.71,
        "true_track": 249.41,
        "vertical_rate": 5.53,
        "geo_altitude": 10332.72,
        "squawk": null,
        "spi": false,
        "position_source": 0
      }
    },
    {
      "type": "Feature",
      "geometry": {
        "type": "Point",
        "coordinates": [
          12.6303,
          42.2897
        ]
      },
      "properties": {
        "icao24": "4d24b6",
        "callsign": "SEU414",
        "origin_country": "Malta",
        "time_position": 1787344585,
        "last_contact": 1787344585,
        "baro_altitude": 11582.4,
        "on_ground": false,
        "velocity": 244.4,
        "true_track": 67.21,
        "vertical_rate": -0.33,
        "geo_altitude": 12199.62,
        "squawk": "1236",
        "spi": false,
        "position_source": 0
      }
    },
    {
      "type": "Feature",
      "geometry": {
        "type": "Point",
        "coordinates": [
          18.9249,
          47.2306
        ]
      },
      "properties": {
        "icao24": "4d24b1",
        "callsign": "WMT7SR",
        "origin_country": "Malta",
        "time_position": 1787344585,
        "last_contact": 1787344585,
        "baro_altitude": 3512.82,
        "on_ground": false,
        "velocity": 176.96,
        "true_track": 69.4,
        "vertical_rate": -7.15,
        "geo_altitude": 3703.32,
        "squawk": "1000",
        "spi": false,
        "position_source": 0
      }
    },
    {
      "type": "Feature",
      "geometry": {
        "type": "Point",
        "coordinates": [
          10.4967,
          41.1354
        ]
      },
      "properties": {
        "icao24": "4d24b2",
        "callsign": "WMT279",
        "origin_country": "Malta",
        "time_position": 1787344585,
        "last_contact": 1787344585,
        "baro_altitude": 10972.8,
        "on_ground": false,
        "velocity": 251.06,
        "true_track": 75.28,
        "vertical_rate": 0,
        "geo_altitude": 11582.4,
        "squawk": "1266",
        "spi": false,
        "position_source": 0
      }
    },
    {
      "type": "Feature",
      "geometry": {
        "type": "Point",
        "coordinates": [
          16.0005,
          46.8721
        ]
      },
      "properties": {
        "icao24": "507c54",
        "callsign": "UZB252",
        "origin_country": "Uzbekistan",
        "time_position": 1787344585,
        "last_contact": 1787344585,
        "baro_altitude": 12496.8,
        "on_ground": false,
        "velocity": 261.63,
        "true_track": 100.54,
        "vertical_rate": 0.65,
        "geo_altitude": 13007.34,
        "squawk": "0665",
        "spi": false,
        "position_source": 0
      }
    },
    {
      "type": "Feature",
      "geometry": {
        "type": "Point",
        "coordinates": [
          16.7203,
          44.3307
        ]
      },
      "properties": {
        "icao24": "507c50",
        "callsign": "UZB256",
        "origin_country": "Uzbekistan",
        "time_position": 1787344585,
        "last_contact": 1787344585,
        "baro_altitude": 12489.18,
        "on_ground": false,
        "velocity": 254.07,
        "true_track": 105.02,
        "vertical_rate": -0.33,
        "geo_altitude": 13068.3,
        "squawk": "0474",
        "spi": false,
        "position_source": 0
      }
    },
    {
      "type": "Feature",
      "geometry": {
        "type": "Point",
        "coordinates": [
          6.4734,
          43.0731
        ]
      },
      "properties": {
        "icao24": "4d24c2",
        "callsign": "WMT6UU",
        "origin_country": "Malta",
        "time_position": 1787344585,
        "last_contact": 1787344585,
        "baro_altitude": 11582.4,
        "on_ground": false,
        "velocity": 246.1,
        "true_track": 50.85,
        "vertical_rate": 0.33,
        "geo_altitude": 12123.42,
        "squawk": "1000",
        "spi": false,
        "position_source": 0
      }
    },
    {
      "type": "Feature",
      "geometry": {
        "type": "Point",
        "coordinates": [
          6.6008,
          45.9093
        ]
      },
      "properties": {
        "icao24": "4b1a5f",
        "callsign": "EZS98NZ",
        "origin_country": "Switzerland",
        "time_position": 1787344585,
        "last_contact": 1787344585,
        "baro_altitude": 5585.46,
        "on_ground": false,
        "velocity": 187.06,
        "true_track": 349.06,
        "vertical_rate": -10.4,
        "geo_altitude": 5829.3,
        "squawk": "1000",
        "spi": false,
        "position_source": 0
      }
    },
    {
      "type": "Feature",
      "geometry": {
        "type": "Point",
        "coordinates": [
          6.9388,
          46.7281
        ]
      },
      "properties": {
        "icao24": "347601",
        "callsign": "VLG6HN",
        "origin_country": "Spain",
        "time_position": 1787344585,
        "last_contact": 1787344585,
        "baro_altitude": 10706.1,
        "on_ground": false,
        "velocity": 191.98,
        "true_track": 210.96,
        "vertical_rate": -4.23,
        "geo_altitude": 11026.14,
        "squawk": "1000",
        "spi": false,
        "position_source": 0
      }
    },
    {
      "type": "Feature",
      "geometry": {
        "type": "Point",
        "coordinates": [
          11.4705,
          45.594
        ]
      },
      "properties": {
        "icao24": "39a202",
        "callsign": "FPO7VC",
        "origin_country": "France",
        "time_position": 1787344585,
        "last_contact": 1787344585,
        "baro_altitude": 8732.52,
        "on_ground": false,
        "velocity": 209.66,
        "true_track": 279.46,
        "vertical_rate": 13.98,
        "geo_altitude": 9075.42,
        "squawk": "0245",
        "spi": false,
        "position_source": 0
      }
    },
    {
      "type": "Feature",
      "geometry": {
        "type": "Point",
        "coordinates": [
          11.2721,
          44.5414
        ]
      },
      "properties": {
        "icao24": "4d2518",
        "callsign": "RYR67WB",
        "origin_country": "Malta",
        "time_position": 1787344507,
        "last_contact": 1787344511,
        "baro_altitude": 99.06,
        "on_ground": false,
        "velocity": 78.22,
        "true_track": 116.57,
        "vertical_rate": -3.9,
        "geo_altitude": 121.92,
        "squawk": "1000",
        "spi": false,
        "position_source": 0
      }
    },
    {
      "type": "Feature",
      "geometry": {
        "type": "Point",
        "coordinates": [
          13.4809,
          38.5581
        ]
      },
      "properties": {
        "icao24": "4d2527",
        "callsign": "WZZ92HA",
        "origin_country": "Malta",
        "time_position": 1787344584,
        "last_contact": 1787344585,
        "baro_altitude": 4815.84,
        "on_ground": false,
        "velocity": 183.86,
        "true_track": 59.2,
        "vertical_rate": 11.05,
        "geo_altitude": 5158.74,
        "squawk": "0213",
        "spi": false,
        "position_source": 0
      }
    },
    {
      "type": "Feature",
      "geometry": {
        "type": "Point",
        "coordinates": [
          9.35,
          40.8905
        ]
      },
      "properties": {
        "icao24": "4d2508",
        "callsign": "AEZ2616",
        "origin_country": "Malta",
        "time_position": 1787344579,
        "last_contact": 1787344579,
        "baro_altitude": 2232.66,
        "on_ground": false,
        "velocity": 129.53,
        "true_track": 27.18,
        "vertical_rate": 13.33,
        "geo_altitude": 2346.96,
        "squawk": null,
        "spi": false,
        "position_source": 0
      }
    },
    {
      "type": "Feature",
      "geometry": {
        "type": "Point",
        "coordinates": [
          6.5936,
          42.9759
        ]
      },
      "properties": {
        "icao24": "4d253b",
        "callsign": "EWG13M",
        "origin_country": "Malta",
        "time_position": 1787344585,
        "last_contact": 1787344585,
        "baro_altitude": 10965.18,
        "on_ground": false,
        "velocity": 255.37,
        "true_track": 44.67,
        "vertical_rate": 0,
        "geo_altitude": 11506.2,
        "squawk": "5535",
        "spi": false,
        "position_source": 0
      }
    },
    {
      "type": "Feature",
      "geometry": {
        "type": "Point",
        "coordinates": [
          18.1965,
          47.5757
        ]
      },
      "properties": {
        "icao24": "4caee4",
        "callsign": "RYR70XA",
        "origin_country": "Ireland",
        "time_position": 1787344585,
        "last_contact": 1787344585,
        "baro_altitude": 4907.28,
        "on_ground": false,
        "velocity": 182.4,
        "true_track": 289.61,
        "vertical_rate": 9.75,
        "geo_altitude": 5120.64,
        "squawk": "4216",
        "spi": false,
        "position_source": 0
      }
    },
    {
      "type": "Feature",
      "geometry": {
        "type": "Point",
        "coordinates": [
          6.7114,
          43.7297
        ]
      },
      "properties": {
        "icao24": "4d2533",
        "callsign": "WMT1LN",
        "origin_country": "Malta",
        "time_position": 1787344584,
        "last_contact": 1787344585,
        "baro_altitude": 10668,
        "on_ground": false,
        "velocity": 202.47,
        "true_track": 244.09,
        "vertical_rate": 0,
        "geo_altitude": 11193.78,
        "squawk": "1000",
        "spi": false,
        "position_source": 0
      }
    },
    {
      "type": "Feature",
      "geometry": {
        "type": "Point",
        "coordinates": [
          16.0021,
          47.1062
        ]
      },
      "properties": {
        "icao24": "4caed5",
        "callsign": "BCS4285",
        "origin_country": "Ireland",
        "time_position": 1787344585,
        "last_contact": 1787344585,
        "baro_altitude": 10363.2,
        "on_ground": false,
        "velocity": 201.69,
        "true_track": 259.12,
        "vertical_rate": 0,
        "geo_altitude": 10828.02,
        "squawk": "1000",
        "spi": false,
        "position_source": 0
      }
    },
    {
      "type": "Feature",
      "geometry": {
        "type": "Point",
        "coordinates": [
          7.6389,
          39.7269
        ]
      },
      "properties": {
        "icao24": "347288",
        "callsign": "IBE08AT",
        "origin_country": "Spain",
        "time_position": 1787344585,
        "last_contact": 1787344585,
        "baro_altitude": 11277.6,
        "on_ground": false,
        "velocity": 213.54,
        "true_track": 274.14,
        "vertical_rate": -0.33,
        "geo_altitude": 11894.82,
        "squawk": null,
        "spi": false,
        "position_source": 0
      }
    },
    {
      "type": "Feature",
      "geometry": {
        "type": "Point",
        "coordinates": [
          14.4074,
          42.1305
        ]
      },
      "properties": {
        "icao24": "4caefb",
        "callsign": "ITY1650",
        "origin_country": "Ireland",
        "time_position": 1787344585,
        "last_contact": 1787344585,
        "baro_altitude": 9144,
        "on_ground": false,
        "velocity": 223.17,
        "true_track": 306.66,
        "vertical_rate": 0,
        "geo_altitude": 9677.4,
        "squawk": null,
        "spi": false,
        "position_source": 0
      }
    },
    {
      "type": "Feature",
      "geometry": {
        "type": "Point",
        "coordinates": [
          7.2348,
          43.6742
        ]
      },
      "properties": {
        "icao24": "347258",
        "callsign": "VOE7AN",
        "origin_country": "Spain",
        "time_position": 1787344585,
        "last_contact": 1787344585,
        "baro_altitude": 99.06,
        "on_ground": false,
        "velocity": 65.84,
        "true_track": 224.68,
        "vertical_rate": -3.25,
        "geo_altitude": 129.54,
        "squawk": "1000",
        "spi": false,
        "position_source": 0
      }
    },
    {
      "type": "Feature",
      "geometry": {
        "type": "Point",
        "coordinates": [
          8.4367,
          43.1464
        ]
      },
      "properties": {
        "icao24": "347257",
        "callsign": "VOE1QL",
        "origin_country": "Spain",
        "time_position": 1787344585,
        "last_contact": 1787344585,
        "baro_altitude": 7856.22,
        "on_ground": false,
        "velocity": 231.6,
        "true_track": 126.69,
        "vertical_rate": -13,
        "geo_altitude": 8305.8,
        "squawk": "0002",
        "spi": false,
        "position_source": 0
      }
    },
    {
      "type": "Feature",
      "geometry": {
        "type": "Point",
        "coordinates": [
          10.6296,
          40.5158
        ]
      },
      "properties": {
        "icao24": "4caf29",
        "callsign": "RYR8693",
        "origin_country": "Ireland",
        "time_position": 1787344584,
        "last_contact": 1787344584,
        "baro_altitude": 11277.6,
        "on_ground": false,
        "velocity": 221.84,
        "true_track": 268.14,
        "vertical_rate": -0.33,
        "geo_altitude": 11887.2,
        "squawk": null,
        "spi": false,
        "position_source": 0
      }
    },
    {
      "type": "Feature",
      "geometry": {
        "type": "Point",
        "coordinates": [
          7.8872,
          47.1519
        ]
      },
      "properties": {
        "icao24": "4caf34",
        "callsign": "RYR83CW",
        "origin_country": "Ireland",
        "time_position": 1787344585,
        "last_contact": 1787344585,
        "baro_altitude": 11224.26,
        "on_ground": false,
        "velocity": 213.75,
        "true_track": 297.37,
        "vertical_rate": -4.88,
        "geo_altitude": 11536.68,
        "squawk": "2747",
        "spi": false,
        "position_source": 0
      }
    },
    {
      "type": "Feature",
      "geometry": {
        "type": "Point",
        "coordinates": [
          10.374,
          43.288
        ]
      },
      "properties": {
        "icao24": "4caf1f",
        "callsign": "ITY1702",
        "origin_country": "Ireland",
        "time_position": 1787344585,
        "last_contact": 1787344585,
        "baro_altitude": 10187.94,
        "on_ground": false,
        "velocity": 214.53,
        "true_track": 331.65,
        "vertical_rate": -8.13,
        "geo_altitude": 10713.72,
        "squawk": "7051",
        "spi": false,
        "position_source": 0
      }
    },
    {
      "type": "Feature",
      "geometry": {
        "type": "Point",
        "coordinates": [
          8.9459,
          46.0345
        ]
      },
      "properties": {
        "icao24": "4d23a4",
        "callsign": "EWG52VU",
        "origin_country": "Malta",
        "time_position": 1787344585,
        "last_contact": 1787344585,
        "baro_altitude": 10439.4,
        "on_ground": false,
        "velocity": 251.56,
        "true_track": 28.19,
        "vertical_rate": -3.25,
        "geo_altitude": 10812.78,
        "squawk": "0442",
        "spi": false,
        "position_source": 0
      }
    },
    {
      "type": "Feature",
      "geometry": {
        "type": "Point",
        "coordinates": [
          11.5433,
          47.3585
        ]
      },
      "properties": {
        "icao24": "4d23ef",
        "callsign": "SWU1933",
        "origin_country": "Malta",
        "time_position": 1787344585,
        "last_contact": 1787344585,
        "baro_altitude": 7620,
        "on_ground": false,
        "velocity": 159.85,
        "true_track": 187.58,
        "vertical_rate": -0.33,
        "geo_altitude": 7886.7,
        "squawk": "3465",
        "spi": false,
        "position_source": 0
      }
    },
    {
      "type": "Feature",
      "geometry": {
        "type": "Point",
        "coordinates": [
          12.1609,
          43.3596
        ]
      },
      "properties": {
        "icao24": "4d23f9",
        "callsign": "RYR26ZV",
        "origin_country": "Malta",
        "time_position": 1787344585,
        "last_contact": 1787344585,
        "baro_altitude": 11582.4,
        "on_ground": false,
        "velocity": 217.52,
        "true_track": 298.38,
        "vertical_rate": -0.33,
        "geo_altitude": 12138.66,
        "squawk": "1000",
        "spi": false,
        "position_source": 0
      }
    },
    {
      "type": "Feature",
      "geometry": {
        "type": "Point",
        "coordinates": [
          17.2747,
          45.1451
        ]
      },
      "properties": {
        "icao24": "4072a5",
        "callsign": "TOM299",
        "origin_country": "United Kingdom",
        "time_position": 1787344585,
        "last_contact": 1787344585,
        "baro_altitude": 10972.8,
        "on_ground": false,
        "velocity": 229.09,
        "true_track": 312.18,
        "vertical_rate": -0.33,
        "geo_altitude": 11521.44,
        "squawk": "5321",
        "spi": false,
        "position_source": 0
      }
    },
    {
      "type": "Feature",
      "geometry": {
        "type": "Point",
        "coordinates": [
          11.2006,
          46.4956
        ]
      },
      "properties": {
        "icao24": "4d2409",
        "callsign": "EWG62K",
        "origin_country": "Malta",
        "time_position": 1787344585,
        "last_contact": 1787344585,
        "baro_altitude": 9144,
        "on_ground": false,
        "velocity": 225.59,
        "true_track": 345.74,
        "vertical_rate": 0,
        "geo_altitude": 9456.42,
        "squawk": "1000",
        "spi": false,
        "position_source": 0
      }
    },
    {
      "type": "Feature",
      "geometry": {
        "type": "Point",
        "coordinates": [
          13.5082,
          47.2725
        ]
      },
      "properties": {
        "icao24": "4cadbd",
        "callsign": "RYR89DV",
        "origin_country": "Ireland",
        "time_position": 1787344585,
        "last_contact": 1787344585,
        "baro_altitude": 10972.8,
        "on_ground": false,
        "velocity": 248.76,
        "true_track": 340.93,
        "vertical_rate": 0.65,
        "geo_altitude": 11376.66,
        "squawk": "5620",
        "spi": false,
        "position_source": 0
      }
    },
    {
      "type": "Feature",
      "geometry": {
        "type": "Point",
        "coordinates": [
          10.9964,
          45.6691
        ]
      },
      "properties": {
        "icao24": "4cadbe",
        "callsign": "RYR844A",
        "origin_country": "Ireland",
        "time_position": 1787344585,
        "last_contact": 1787344585,
        "baro_altitude": 5951.22,
        "on_ground": false,
        "velocity": 180.02,
        "true_track": 139.98,
        "vertical_rate": -9.1,
        "geo_altitude": 6210.3,
        "squawk": "6371",
        "spi": false,
        "position_source": 0
      }
    },
    {
      "type": "Feature",
      "geometry": {
        "type": "Point",
        "coordinates": [
          12.8404,
          38.2522
        ]
      },
      "properties": {
        "icao24": "4d241e",
        "callsign": "WZZ3CU",
        "origin_country": "Malta",
        "time_position": 1787344521,
        "last_contact": 1787344521,
        "baro_altitude": 1516.38,
        "on_ground": false,
        "velocity": 118.7,
        "true_track": 227.46,
        "vertical_rate": 0,
        "geo_altitude": 1676.4,
        "squawk": "1000",
        "spi": false,
        "position_source": 0
      }
    },
    {
      "type": "Feature",
      "geometry": {
        "type": "Point",
        "coordinates": [
          17.437,
          43.7048
        ]
      },
      "properties": {
        "icao24": "4d241f",
        "callsign": "WZZ8RR",
        "origin_country": "Malta",
        "time_position": 1787344585,
        "last_contact": 1787344585,
        "baro_altitude": 10462.26,
        "on_ground": false,
        "velocity": 215.86,
        "true_track": 242.15,
        "vertical_rate": 4.55,
        "geo_altitude": 11041.38,
        "squawk": "7351",
        "spi": false,
        "position_source": 0
      }
    },
    {
      "type": "Feature",
      "geometry": {
        "type": "Point",
        "coordinates": [
          11.7043,
          43.1909
        ]
      },
      "properties": {
        "icao24": "4d2448",
        "callsign": "WMT7N",
        "origin_country": "Malta",
        "time_position": 1787344585,
        "last_contact": 1787344585,
        "baro_altitude": 7459.98,
        "on_ground": false,
        "velocity": 242.99,
        "true_track": 353.19,
        "vertical_rate": 4.88,
        "geo_altitude": 7894.32,
        "squawk": "1263",
        "spi": false,
        "position_source": 0
      }
    },
    {
      "type": "Feature",
      "geometry": {
        "type": "Point",
        "coordinates": [
          13.5584,
          40.3147
        ]
      },
      "properties": {
        "icao24": "4cadcb",
        "callsign": "ITY1161",
        "origin_country": "Ireland",
        "time_position": 1787344585,
        "last_contact": 1787344585,
        "baro_altitude": 9906,
        "on_ground": false,
        "velocity": 249.92,
        "true_track": 143.2,
        "vertical_rate": 8.78,
        "geo_altitude": 10492.74,
        "squawk": null,
        "spi": false,
        "position_source": 0
      }
    },
    {
      "type": "Feature",
      "geometry": {
        "type": "Point",
        "coordinates": [
          9.2787,
          45.4521
        ]
      },
      "properties": {
        "icao24": "4cada7",
        "callsign": "ITY1566",
        "origin_country": "Ireland",
        "time_position": 1787344584,
        "last_contact": 1787344584,
        "baro_altitude": null,
        "on_ground": true,
        "velocity": 10.29,
        "true_track": 191.25,
        "vertical_rate": null,
        "geo_altitude": null,
        "squawk": null,
        "spi": false,
        "position_source": 0
      }
    },
    {
      "type": "Feature",
      "geometry": {
        "type": "Point",
        "coordinates": [
          14.858,
          37.4492
        ]
      },
      "properties": {
        "icao24": "4cadc0",
        "callsign": "RYR395",
        "origin_country": "Ireland",
        "time_position": 1787344478,
        "last_contact": 1787344478,
        "baro_altitude": 899.16,
        "on_ground": false,
        "velocity": 116.52,
        "true_track": 83.41,
        "vertical_rate": -6.83,
        "geo_altitude": 1013.46,
        "squawk": "6573",
        "spi": false,
        "position_source": 0
      }
    },
    {
      "type": "Feature",
      "geometry": {
        "type": "Point",
        "coordinates": [
          18.373,
          44.4113
        ]
      },
      "properties": {
        "icao24": "4d2420",
        "callsign": "WMT288",
        "origin_country": "Malta",
        "time_position": 1787344585,
        "last_contact": 1787344585,
        "baro_altitude": 10660.38,
        "on_ground": false,
        "velocity": 226.29,
        "true_track": 198.56,
        "vertical_rate": 0,
        "geo_altitude": 11262.36,
        "squawk": "5544",
        "spi": false,
        "position_source": 0
      }
    },
    {
      "type": "Feature",
      "geometry": {
        "type": "Point",
        "coordinates": [
          18.1596,
          45.8033
        ]
      },
      "properties": {
        "icao24": "4d2421",
        "callsign": "WMT8MN",
        "origin_country": "Malta",
        "time_position": 1787344585,
        "last_contact": 1787344585,
        "baro_altitude": 10668,
        "on_ground": false,
        "velocity": 240.45,
        "true_track": 108.98,
        "vertical_rate": -0.33,
        "geo_altitude": 11209.02,
        "squawk": "0271",
        "spi": false,
        "position_source": 0
      }
    },
    {
      "type": "Feature",
      "geometry": {
        "type": "Point",
        "coordinates": [
          9.8016,
          45.6502
        ]
      },
      "properties": {
        "icao24": "4d2422",
        "callsign": "WMT625",
        "origin_country": "Malta",
        "time_position": 1787344584,
        "last_contact": 1787344585,
        "baro_altitude": 579.12,
        "on_ground": false,
        "velocity": 68.76,
        "true_track": 285.18,
        "vertical_rate": -3.25,
        "geo_altitude": 624.84,
        "squawk": "1000",
        "spi": false,
        "position_source": 0
      }
    },
    {
      "type": "Feature",
      "geometry": {
        "type": "Point",
        "coordinates": [
          12.4684,
          45.1891
        ]
      },
      "properties": {
        "icao24": "4d2423",
        "callsign": "WZZ8NQ",
        "origin_country": "Malta",
        "time_position": 1787344585,
        "last_contact": 1787344585,
        "baro_altitude": 10363.2,
        "on_ground": false,
        "velocity": 263.98,
        "true_track": 69.94,
        "vertical_rate": 0.33,
        "geo_altitude": 10835.64,
        "squawk": "2261",
        "spi": false,
        "position_source": 0
      }
    },
    {
      "type": "Feature",
      "geometry": {
        "type": "Point",
        "coordinates": [
          14.0756,
          47.4482
        ]
      },
      "properties": {
        "icao24": "40753c",
        "callsign": "EXS97YF",
        "origin_country": "United Kingdom",
        "time_position": 1787344585,
        "last_contact": 1787344585,
        "baro_altitude": 10972.8,
        "on_ground": false,
        "velocity": 232.58,
        "true_track": 319.93,
        "vertical_rate": 0,
        "geo_altitude": 11391.9,
        "squawk": "5525",
        "spi": false,
        "position_source": 0
      }
    },
    {
      "type": "Feature",
      "geometry": {
        "type": "Point",
        "coordinates": [
          16.6259,
          43.3473
        ]
      },
      "properties": {
        "icao24": "40753d",
        "callsign": "TOM33M",
        "origin_country": "United Kingdom",
        "time_position": 1787344564,
        "last_contact": 1787344585,
        "baro_altitude": 10058.4,
        "on_ground": false,
        "velocity": 240.6,
        "true_track": 122.6,
        "vertical_rate": 0,
        "geo_altitude": 10614.66,
        "squawk": "7506",
        "spi": false,
        "position_source": 0
      }
    },
    {
      "type": "Feature",
      "geometry": {
        "type": "Point",
        "coordinates": [
          15.2327,
          37.6439
        ]
      },
      "properties": {
        "icao24": "4d247b",
        "callsign": "WMT8LV",
        "origin_country": "Malta",
        "time_position": 1787344585,
        "last_contact": 1787344585,
        "baro_altitude": 11102.34,
        "on_ground": false,
        "velocity": 240.69,
        "true_track": 29.3,
        "vertical_rate": 8.13,
        "geo_altitude": 11727.18,
        "squawk": "6563",
        "spi": false,
        "position_source": 0
      }
    },
    {
      "type": "Feature",
      "geometry": {
        "type": "Point",
        "coordinates": [
          11.3221,
          46.1134
        ]
      },
      "properties": {
        "icao24": "407535",
        "callsign": "BAW607M",
        "origin_country": "United Kingdom",
        "time_position": 1787344585,
        "last_contact": 1787344585,
        "baro_altitude": 9136.38,
        "on_ground": false,
        "velocity": 212.92,
        "true_track": 308.03,
        "vertical_rate": 1.95,
        "geo_altitude": 9486.9,
        "squawk": "0242",
        "spi": false,
        "position_source": 0
      }
    },
    {
      "type": "Feature",
      "geometry": {
        "type": "Point",
        "coordinates": [
          8.5413,
          45.1127
        ]
      },
      "properties": {
        "icao24": "40751c",
        "callsign": "EXS81LE",
        "origin_country": "United Kingdom",
        "time_position": 1787344585,
        "last_contact": 1787344585,
        "baro_altitude": 10363.2,
        "on_ground": false,
        "velocity": 191.48,
        "true_track": 309.55,
        "vertical_rate": 0,
        "geo_altitude": 10767.06,
        "squawk": "0216",
        "spi": false,
        "position_source": 0
      }
    },
    {
      "type": "Feature",
      "geometry": {
        "type": "Point",
        "coordinates": [
          11.0924,
          41.5068
        ]
      },
      "properties": {
        "icao24": "4cade9",
        "callsign": "ITY078",
        "origin_country": "Ireland",
        "time_position": 1787344585,
        "last_contact": 1787344585,
        "baro_altitude": 8031.48,
        "on_ground": false,
        "velocity": 200.39,
        "true_track": 255.43,
        "vertical_rate": 8.78,
        "geo_altitude": 8519.16,
        "squawk": null,
        "spi": false,
        "position_source": 0
      }
    },
    {
      "type": "Feature",
      "geometry": {
        "type": "Point",
        "coordinates": [
          9.7247,
          45.6645
        ]
      },
      "properties": {
        "icao24": "4cade3",
        "callsign": "RYR96XP",
        "origin_country": "Ireland",
        "time_position": 1787344340,
        "last_contact": 1787344341,
        "baro_altitude": 266.7,
        "on_ground": false,
        "velocity": 77.61,
        "true_track": 284.59,
        "vertical_rate": -3.58,
        "geo_altitude": 304.8,
        "squawk": "1155",
        "spi": false,
        "position_source": 0
      }
    },
    {
      "type": "Feature",
      "geometry": {
        "type": "Point",
        "coordinates": [
          11.9999,
          39.6768
        ]
      },
      "properties": {
        "icao24": "346043",
        "callsign": "VOE8VP",
        "origin_country": "Spain",
        "time_position": 1787344585,
        "last_contact": 1787344585,
        "baro_altitude": 8945.88,
        "on_ground": false,
        "velocity": 229.94,
        "true_track": 156.53,
        "vertical_rate": -13.66,
        "geo_altitude": 9525,
        "squawk": "1000",
        "spi": false,
        "position_source": 0
      }
    },
    {
      "type": "Feature",
      "geometry": {
        "type": "Point",
        "coordinates": [
          13.5474,
          40.8686
        ]
      },
      "properties": {
        "icao24": "4caded",
        "callsign": "ITY1752",
        "origin_country": "Ireland",
        "time_position": 1787344585,
        "last_contact": 1787344585,
        "baro_altitude": 7924.8,
        "on_ground": false,
        "velocity": 234.07,
        "true_track": 324.84,
        "vertical_rate": 0,
        "geo_altitude": 8427.72,
        "squawk": null,
        "spi": false,
        "position_source": 0
      }
    },
    {
      "type": "Feature",
      "geometry": {
        "type": "Point",
        "coordinates": [
          17.2959,
          39.8281
        ]
      },
      "properties": {
        "icao24": "4cadf5",
        "callsign": "RYR33BH",
        "origin_country": "Ireland",
        "time_position": 1787344585,
        "last_contact": 1787344585,
        "baro_altitude": 10363.2,
        "on_ground": false,
        "velocity": 239.5,
        "true_track": 111.55,
        "vertical_rate": 0,
        "geo_altitude": 10965.18,
        "squawk": null,
        "spi": false,
        "position_source": 0
      }
    },
    {
      "type": "Feature",
      "geometry": {
        "type": "Point",
        "coordinates": [
          17.7396,
          47.3316
        ]
      },
      "properties": {
        "icao24": "40756d",
        "callsign": "EZY23XZ",
        "origin_country": "United Kingdom",
        "time_position": 1787344585,
        "last_contact": 1787344585,
        "baro_altitude": 10347.96,
        "on_ground": false,
        "velocity": 224.63,
        "true_track": 312.68,
        "vertical_rate": -0.33,
        "geo_altitude": 10828.02,
        "squawk": "5362",
        "spi": false,
        "position_source": 0
      }
    },
    {
      "type": "Feature",
      "geometry": {
        "type": "Point",
        "coordinates": [
          12.5624,
          38.5725
        ]
      },
      "properties": {
        "icao24": "40756c",
        "callsign": "EZY75KU",
        "origin_country": "United Kingdom",
        "time_position": 1787344585,
        "last_contact": 1787344585,
        "baro_altitude": 11574.78,
        "on_ground": false,
        "velocity": 219.22,
        "true_track": 343.22,
        "vertical_rate": 0.33,
        "geo_altitude": 12199.62,
        "squawk": "6575",
        "spi": false,
        "position_source": 0
      }
    },
    {
      "type": "Feature",
      "geometry": {
        "type": "Point",
        "coordinates": [
          15.4732,
          47.2368
        ]
      },
      "properties": {
        "icao24": "4d248e",
        "callsign": "WZZ3BU",
        "origin_country": "Malta",
        "time_position": 1787344585,
        "last_contact": 1787344585,
        "baro_altitude": 10363.2,
        "on_ground": false,
        "velocity": 256.73,
        "true_track": 52.33,
        "vertical_rate": 0,
        "geo_altitude": 10820.4,
        "squawk": "1000",
        "spi": false,
        "position_source": 0
      }
    },
    {
      "type": "Feature",
      "geometry": {
        "type": "Point",
        "coordinates": [
          9.2804,
          45.4346
        ]
      },
      "properties": {
        "icao24": "4cae12",
        "callsign": "ITY1177",
        "origin_country": "Ireland",
        "time_position": 1787344585,
        "last_contact": 1787344585,
        "baro_altitude": null,
        "on_ground": true,
        "velocity": 0.9,
        "true_track": 239.06,
        "vertical_rate": null,
        "geo_altitude": null,
        "squawk": "1000",
        "spi": false,
        "position_source": 0
      }
    },
    {
      "type": "Feature",
      "geometry": {
        "type": "Point",
        "coordinates": [
          12.4325,
          42.4497
        ]
      },
      "properties": {
        "icao24": "4d22b0",
        "callsign": "RYR87EB",
        "origin_country": "Malta",
        "time_position": 1787344584,
        "last_contact": 1787344585,
        "baro_altitude": 3032.76,
        "on_ground": false,
        "velocity": 141.39,
        "true_track": 202.46,
        "vertical_rate": -7.48,
        "geo_altitude": 3246.12,
        "squawk": "1000",
        "spi": false,
        "position_source": 0
      }
    },
    {
      "type": "Feature",
      "geometry": {
        "type": "Point",
        "coordinates": [
          14.4943,
          35.8464
        ]
      },
      "properties": {
        "icao24": "4cae58",
        "callsign": "RYR1278",
        "origin_country": "Ireland",
        "time_position": 1787344585,
        "last_contact": 1787344585,
        "baro_altitude": null,
        "on_ground": true,
        "velocity": 7.46,
        "true_track": 135,
        "vertical_rate": null,
        "geo_altitude": null,
        "squawk": null,
        "spi": false,
        "position_source": 0
      }
    },
    {
      "type": "Feature",
      "geometry": {
        "type": "Point",
        "coordinates": [
          6.3265,
          45.6526
        ]
      },
      "properties": {
        "icao24": "4cae23",
        "callsign": "BCS59X",
        "origin_country": "Ireland",
        "time_position": 1787344585,
        "last_contact": 1787344585,
        "baro_altitude": 7917.18,
        "on_ground": false,
        "velocity": 276.01,
        "true_track": 69.03,
        "vertical_rate": 8.45,
        "geo_altitude": 8214.36,
        "squawk": "1000",
        "spi": false,
        "position_source": 0
      }
    },
    {
      "type": "Feature",
      "geometry": {
        "type": "Point",
        "coordinates": [
          12.5712,
          45.3952
        ]
      },
      "properties": {
        "icao24": "300782",
        "callsign": "DLH8JW",
        "origin_country": "Italy",
        "time_position": 1787344585,
        "last_contact": 1787344585,
        "baro_altitude": 9448.8,
        "on_ground": false,
        "velocity": 197.25,
        "true_track": 156.64,
        "vertical_rate": 0.65,
        "geo_altitude": 9852.66,
        "squawk": "1000",
        "spi": false,
        "position_source": 0
      }
    },
    {
      "type": "Feature",
      "geometry": {
        "type": "Point",
        "coordinates": [
          11.6,
          42.0009
        ]
      },
      "properties": {
        "icao24": "4cae1d",
        "callsign": "ITY332",
        "origin_country": "Ireland",
        "time_position": 1787344585,
        "last_contact": 1787344585,
        "baro_altitude": 4930.14,
        "on_ground": false,
        "velocity": 179.93,
        "true_track": 295.76,
        "vertical_rate": 9.1,
        "geo_altitude": 5219.7,
        "squawk": null,
        "spi": false,
        "position_source": 0
      }
    },
    {
      "type": "Feature",
      "geometry": {
        "type": "Point",
        "coordinates": [
          14.5773,
          36.7417
        ]
      },
      "properties": {
        "icao24": "4d22ca",
        "callsign": "RYR98SH",
        "origin_country": "Malta",
        "time_position": 1787344585,
        "last_contact": 1787344585,
        "baro_altitude": 6134.1,
        "on_ground": false,
        "velocity": 206.87,
        "true_track": 170.84,
        "vertical_rate": -13.33,
        "geo_altitude": 6606.54,
        "squawk": "4133",
        "spi": false,
        "position_source": 0
      }
    },
    {
      "type": "Feature",
      "geometry": {
        "type": "Point",
        "coordinates": [
          12.1821,
          41.6255
        ]
      },
      "properties": {
        "icao24": "4d22ab",
        "callsign": "KMM615",
        "origin_country": "Malta",
        "time_position": 1787344585,
        "last_contact": 1787344585,
        "baro_altitude": 3139.44,
        "on_ground": false,
        "velocity": 146.62,
        "true_track": 179.6,
        "vertical_rate": 16.58,
        "geo_altitude": 3345.18,
        "squawk": null,
        "spi": false,
        "position_source": 0
      }
    },
    {
      "type": "Feature",
      "geometry": {
        "type": "Point",
        "coordinates": [
          13.8634,
          45.0764
        ]
      },
      "properties": {
        "icao24": "4cae67",
        "callsign": "RYR1GH",
        "origin_country": "Ireland",
        "time_position": 1787344585,
        "last_contact": 1787344585,
        "baro_altitude": 11277.6,
        "on_ground": false,
        "velocity": 244.68,
        "true_track": 121.85,
        "vertical_rate": -0.33,
        "geo_altitude": 11795.76,
        "squawk": "0661",
        "spi": false,
        "position_source": 0
      }
    },
    {
      "type": "Feature",
      "geometry": {
        "type": "Point",
        "coordinates": [
          9.2789,
          45.456
        ]
      },
      "properties": {
        "icao24": "300738",
        "callsign": "DLH3YP",
        "origin_country": "Italy",
        "time_position": 1787344399,
        "last_contact": 1787344399,
        "baro_altitude": null,
        "on_ground": true,
        "velocity": 0,
        "true_track": 90,
        "vertical_rate": null,
        "geo_altitude": null,
        "squawk": "1000",
        "spi": false,
        "position_source": 0
      }
    },
    {
      "type": "Feature",
      "geometry": {
        "type": "Point",
        "coordinates": [
          12.2593,
          41.8513
        ]
      },
      "properties": {
        "icao24": "4d22b7",
        "callsign": "RYR8DT",
        "origin_country": "Malta",
        "time_position": 1787344379,
        "last_contact": 1787344380,
        "baro_altitude": 53.34,
        "on_ground": false,
        "velocity": 68.5,
        "true_track": 162.52,
        "vertical_rate": -3.58,
        "geo_altitude": 106.68,
        "squawk": "1000",
        "spi": false,
        "position_source": 0
      }
    },
    {
      "type": "Feature",
      "geometry": {
        "type": "Point",
        "coordinates": [
          17.5086,
          42.8334
        ]
      },
      "properties": {
        "icao24": "4d22b2",
        "callsign": "RYR3CW",
        "origin_country": "Malta",
        "time_position": 1787344584,
        "last_contact": 1787344585,
        "baro_altitude": 10972.8,
        "on_ground": false,
        "velocity": 243.31,
        "true_track": 75.55,
        "vertical_rate": -5.2,
        "geo_altitude": 11559.54,
        "squawk": "1237",
        "spi": false,
        "position_source": 0
      }
    },
    {
      "type": "Feature",
      "geometry": {
        "type": "Point",
        "coordinates": [
          15.3812,
          40.8199
        ]
      },
      "properties": {
        "icao24": "4d22b3",
        "callsign": "RYR6YZ",
        "origin_country": "Malta",
        "time_position": 1787344585,
        "last_contact": 1787344585,
        "baro_altitude": 10972.8,
        "on_ground": false,
        "velocity": 245.32,
        "true_track": 8.2,
        "vertical_rate": 0.33,
        "geo_altitude": 11567.16,
        "squawk": "6570",
        "spi": false,
        "position_source": 0
      }
    },
    {
      "type": "Feature",
      "geometry": {
        "type": "Point",
        "coordinates": [
          16.2735,
          45.9637
        ]
      },
      "properties": {
        "icao24": "4d22b4",
        "callsign": "RYR59EM",
        "origin_country": "Malta",
        "time_position": 1787344585,
        "last_contact": 1787344585,
        "baro_altitude": 9753.6,
        "on_ground": false,
        "velocity": 199.47,
        "true_track": 213.85,
        "vertical_rate": 0,
        "geo_altitude": 10233.66,
        "squawk": "6016",
        "spi": false,
        "position_source": 0
      }
    },
    {
      "type": "Feature",
      "geometry": {
        "type": "Point",
        "coordinates": [
          18.8891,
          47.0519
        ]
      },
      "properties": {
        "icao24": "4d22bc",
        "callsign": "RYR27MG",
        "origin_country": "Malta",
        "time_position": 1787344585,
        "last_contact": 1787344585,
        "baro_altitude": 9654.54,
        "on_ground": false,
        "velocity": 204.48,
        "true_track": 141.03,
        "vertical_rate": 4.88,
        "geo_altitude": 10142.22,
        "squawk": "1000",
        "spi": false,
        "position_source": 0
      }
    },
    {
      "type": "Feature",
      "geometry": {
        "type": "Point",
        "coordinates": [
          8.3231,
          44.0766
        ]
      },
      "properties": {
        "icao24": "4d22bd",
        "callsign": "RYR5YX",
        "origin_country": "Malta",
        "time_position": 1787344585,
        "last_contact": 1787344585,
        "baro_altitude": 9144,
        "on_ground": false,
        "velocity": 249.01,
        "true_track": 57.23,
        "vertical_rate": 0,
        "geo_altitude": 9593.58,
        "squawk": "1000",
        "spi": false,
        "position_source": 0
      }
    },
    {
      "type": "Feature",
      "geometry": {
        "type": "Point",
        "coordinates": [
          15.9465,
          46.3311
        ]
      },
      "properties": {
        "icao24": "4cae9f",
        "callsign": "RYR18ZU",
        "origin_country": "Ireland",
        "time_position": 1787344585,
        "last_contact": 1787344585,
        "baro_altitude": 11582.4,
        "on_ground": false,
        "velocity": 233.19,
        "true_track": 315.63,
        "vertical_rate": 0.33,
        "geo_altitude": 12092.94,
        "squawk": "7737",
        "spi": false,
        "position_source": 0
      }
    },
    {
      "type": "Feature",
      "geometry": {
        "type": "Point",
        "coordinates": [
          11.4847,
          39.2247
        ]
      },
      "properties": {
        "icao24": "34838b",
        "callsign": "VOE87VB",
        "origin_country": "Spain",
        "time_position": 1787344584,
        "last_contact": 1787344584,
        "baro_altitude": 11277.6,
        "on_ground": false,
        "velocity": 242.21,
        "true_track": 127.41,
        "vertical_rate": -0.33,
        "geo_altitude": 11902.44,
        "squawk": null,
        "spi": false,
        "position_source": 0
      }
    },
    {
      "type": "Feature",
      "geometry": {
        "type": "Point",
        "coordinates": [
          12.0996,
          41.7525
        ]
      },
      "properties": {
        "icao24": "4d2303",
        "callsign": "RYR1ZE",
        "origin_country": "Malta",
        "time_position": 1787344585,
        "last_contact": 1787344585,
        "baro_altitude": 11277.6,
        "on_ground": false,
        "velocity": 224.88,
        "true_track": 248.25,
        "vertical_rate": -0.33,
        "geo_altitude": 11871.96,
        "squawk": "4131",
        "spi": false,
        "position_source": 0
      }
    },
    {
      "type": "Feature",
      "geometry": {
        "type": "Point",
        "coordinates": [
          9.509,
          46.4446
        ]
      },
      "properties": {
        "icao24": "3c56ee",
        "callsign": "EWG7DJ",
        "origin_country": "Germany",
        "time_position": 1787344585,
        "last_contact": 1787344585,
        "baro_altitude": 10972.8,
        "on_ground": false,
        "velocity": 215.33,
        "true_track": 347.72,
        "vertical_rate": 0,
        "geo_altitude": 11338.56,
        "squawk": "2754",
        "spi": false,
        "position_source": 0
      }
    },
    {
      "type": "Feature",
      "geometry": {
        "type": "Point",
        "coordinates": [
          11.3467,
          44.3321
        ]
      },
      "properties": {
        "icao24": "4cacdf",
        "callsign": "RYR8PV",
        "origin_country": "Ireland",
        "time_position": 1787344584,
        "last_contact": 1787344585,
        "baro_altitude": 7071.36,
        "on_ground": false,
        "velocity": 199.82,
        "true_track": 347.36,
        "vertical_rate": -10.73,
        "geo_altitude": 7429.5,
        "squawk": "5444",
        "spi": false,
        "position_source": 0
      }
    },
    {
      "type": "Feature",
      "geometry": {
        "type": "Point",
        "coordinates": [
          14.8287,
          45.97
        ]
      },
      "properties": {
        "icao24": "3c56ec",
        "callsign": "EWG74B",
        "origin_country": "Germany",
        "time_position": 1787344585,
        "last_contact": 1787344585,
        "baro_altitude": 11361.42,
        "on_ground": false,
        "velocity": 222.37,
        "true_track": 138.75,
        "vertical_rate": -4.23,
        "geo_altitude": 11879.58,
        "squawk": "6434",
        "spi": false,
        "position_source": 0
      }
    },
    {
      "type": "Feature",
      "geometry": {
        "type": "Point",
        "coordinates": [
          8.33,
          45.7703
        ]
      },
      "properties": {
        "icao24": "4cace0",
        "callsign": "RYR19PR",
        "origin_country": "Ireland",
        "time_position": 1787344585,
        "last_contact": 1787344585,
        "baro_altitude": 8298.18,
        "on_ground": false,
        "velocity": 261.4,
        "true_track": 104.01,
        "vertical_rate": -4.88,
        "geo_altitude": 8618.22,
        "squawk": "5227",
        "spi": false,
        "position_source": 0
      }
    },
    {
      "type": "Feature",
      "geometry": {
        "type": "Point",
        "coordinates": [
          9.5002,
          43.9905
        ]
      },
      "properties": {
        "icao24": "4d2378",
        "callsign": "EWG6NG",
        "origin_country": "Malta",
        "time_position": 1787344585,
        "last_contact": 1787344585,
        "baro_altitude": 10058.4,
        "on_ground": false,
        "velocity": 233.57,
        "true_track": 166.24,
        "vertical_rate": 0.33,
        "geo_altitude": 10515.6,
        "squawk": "2571",
        "spi": false,
        "position_source": 0
      }
    },
    {
      "type": "Feature",
      "geometry": {
        "type": "Point",
        "coordinates": [
          12.3063,
          42.2714
        ]
      },
      "properties": {
        "icao24": "4d236c",
        "callsign": "RYR49EJ",
        "origin_country": "Malta",
        "time_position": 1787344585,
        "last_contact": 1787344585,
        "baro_altitude": 9966.96,
        "on_ground": false,
        "velocity": 253.56,
        "true_track": 123.08,
        "vertical_rate": 5.85,
        "geo_altitude": 10515.6,
        "squawk": "1264",
        "spi": false,
        "position_source": 0
      }
    },
    {
      "type": "Feature",
      "geometry": {
        "type": "Point",
        "coordinates": [
          11.8246,
          44.9823
        ]
      },
      "properties": {
        "icao24": "4d2387",
        "callsign": "RYR8830",
        "origin_country": "Malta",
        "time_position": 1787344585,
        "last_contact": 1787344585,
        "baro_altitude": 5067.3,
        "on_ground": false,
        "velocity": 162.64,
        "true_track": 85.1,
        "vertical_rate": -5.53,
        "geo_altitude": 5295.9,
        "squawk": "1000",
        "spi": false,
        "position_source": 0
      }
    },
    {
      "type": "Feature",
      "geometry": {
        "type": "Point",
        "coordinates": [
          18.4406,
          46.642
        ]
      },
      "properties": {
        "icao24": "3c56f4",
        "callsign": "EWG55CU",
        "origin_country": "Germany",
        "time_position": 1787344585,
        "last_contact": 1787344585,
        "baro_altitude": 11567.16,
        "on_ground": false,
        "velocity": 221.17,
        "true_track": 289.99,
        "vertical_rate": -0.33,
        "geo_altitude": 12115.8,
        "squawk": "6110",
        "spi": false,
        "position_source": 0
      }
    },
    {
      "type": "Feature",
      "geometry": {
        "type": "Point",
        "coordinates": [
          11.5046,
          44.7083
        ]
      },
      "properties": {
        "icao24": "3c56f2",
        "callsign": "EWG55E",
        "origin_country": "Germany",
        "time_position": 1787344585,
        "last_contact": 1787344585,
        "baro_altitude": 9753.6,
        "on_ground": false,
        "velocity": 247.29,
        "true_track": 20.58,
        "vertical_rate": -0.33,
        "geo_altitude": 10210.8,
        "squawk": "1000",
        "spi": false,
        "position_source": 0
      }
    },
    {
      "type": "Feature",
      "geometry": {
        "type": "Point",
        "coordinates": [
          9.282,
          47.3233
        ]
      },
      "properties": {
        "icao24": "300393",
        "callsign": "DLH3UT",
        "origin_country": "Italy",
        "time_position": 1787344585,
        "last_contact": 1787344585,
        "baro_altitude": 9448.8,
        "on_ground": false,
        "velocity": 215.52,
        "true_track": 204.24,
        "vertical_rate": -0.33,
        "geo_altitude": 9707.88,
        "squawk": "1000",
        "spi": false,
        "position_source": 0
      }
    },
    {
      "type": "Feature",
      "geometry": {
        "type": "Point",
        "coordinates": [
          14.3924,
          45.2156
        ]
      },
      "properties": {
        "icao24": "4d228f",
        "callsign": "RYR50PQ",
        "origin_country": "Malta",
        "time_position": 1787344585,
        "last_contact": 1787344585,
        "baro_altitude": 10972.8,
        "on_ground": false,
        "velocity": 253.38,
        "true_track": 357.32,
        "vertical_rate": 0,
        "geo_altitude": 11475.72,
        "squawk": "1000",
        "spi": false,
        "position_source": 0
      }
    },
    {
      "type": "Feature",
      "geometry": {
        "type": "Point",
        "coordinates": [
          10.0032,
          44.9993
        ]
      },
      "properties": {
        "icao24": "4cad28",
        "callsign": "RYR45TN",
        "origin_country": "Ireland",
        "time_position": 1787344585,
        "last_contact": 1787344585,
        "baro_altitude": 6522.72,
        "on_ground": false,
        "velocity": 212.47,
        "true_track": 143.27,
        "vertical_rate": 7.48,
        "geo_altitude": 6797.04,
        "squawk": "1000",
        "spi": false,
        "position_source": 0
      }
    },
    {
      "type": "Feature",
      "geometry": {
        "type": "Point",
        "coordinates": [
          18.1145,
          44.4757
        ]
      },
      "properties": {
        "icao24": "4070e9",
        "callsign": "EXS4CX",
        "origin_country": "United Kingdom",
        "time_position": 1787344585,
        "last_contact": 1787344585,
        "baro_altitude": 10972.8,
        "on_ground": false,
        "velocity": 222.63,
        "true_track": 314.81,
        "vertical_rate": 0.33,
        "geo_altitude": 11529.06,
        "squawk": "2075",
        "spi": false,
        "position_source": 0
      }
    },
    {
      "type": "Feature",
      "geometry": {
        "type": "Point",
        "coordinates": [
          12.3831,
          40.5992
        ]
      },
      "properties": {
        "icao24": "4cad5a",
        "callsign": "ITY1IP",
        "origin_country": "Ireland",
        "time_position": 1787344585,
        "last_contact": 1787344585,
        "baro_altitude": 10058.4,
        "on_ground": false,
        "velocity": 246.46,
        "true_track": 161.75,
        "vertical_rate": 0,
        "geo_altitude": 10622.28,
        "squawk": "1000",
        "spi": false,
        "position_source": 0
      }
    },
    {
      "type": "Feature",
      "geometry": {
        "type": "Point",
        "coordinates": [
          9.0883,
          41.5822
        ]
      },
      "properties": {
        "icao24": "4cad4f",
        "callsign": "RYR10UX",
        "origin_country": "Ireland",
        "time_position": 1787344585,
        "last_contact": 1787344585,
        "baro_altitude": 6979.92,
        "on_ground": false,
        "velocity": 200.16,
        "true_track": 333.11,
        "vertical_rate": 10.08,
        "geo_altitude": 7406.64,
        "squawk": null,
        "spi": false,
        "position_source": 0
      }
    },
    {
      "type": "Feature",
      "geometry": {
        "type": "Point",
        "coordinates": [
          11.2071,
          40.9639
        ]
      },
      "properties": {
        "icao24": "4d21c9",
        "callsign": "AEZ2348",
        "origin_country": "Malta",
        "time_position": 1787344585,
        "last_contact": 1787344585,
        "baro_altitude": 9753.6,
        "on_ground": false,
        "velocity": 247.08,
        "true_track": 46.43,
        "vertical_rate": 0,
        "geo_altitude": 10294.62,
        "squawk": null,
        "spi": false,
        "position_source": 0
      }
    },
    {
      "type": "Feature",
      "geometry": {
        "type": "Point",
        "coordinates": [
          15.9454,
          39.8231
        ]
      },
      "properties": {
        "icao24": "4c01f4",
        "callsign": "ASL9974",
        "origin_country": "Serbia",
        "time_position": 1787344584,
        "last_contact": 1787344585,
        "baro_altitude": 10660.38,
        "on_ground": false,
        "velocity": 211.05,
        "true_track": 223.62,
        "vertical_rate": 0.98,
        "geo_altitude": 11269.98,
        "squawk": null,
        "spi": false,
        "position_source": 0
      }
    },
    {
      "type": "Feature",
      "geometry": {
        "type": "Point",
        "coordinates": [
          11.0282,
          42.3717
        ]
      },
      "properties": {
        "icao24": "4cad52",
        "callsign": "ITY355",
        "origin_country": "Ireland",
        "time_position": 1787344585,
        "last_contact": 1787344585,
        "baro_altitude": 5219.7,
        "on_ground": false,
        "velocity": 218.81,
        "true_track": 113.85,
        "vertical_rate": -7.15,
        "geo_altitude": 5524.5,
        "squawk": "1000",
        "spi": false,
        "position_source": 0
      }
    },
    {
      "type": "Feature",
      "geometry": {
        "type": "Point",
        "coordinates": [
          13.8508,
          36.7383
        ]
      },
      "properties": {
        "icao24": "4d21a2",
        "callsign": "KMM421",
        "origin_country": "Malta",
        "time_position": 1787344585,
        "last_contact": 1787344585,
        "baro_altitude": 8328.66,
        "on_ground": false,
        "velocity": 210.84,
        "true_track": 157.63,
        "vertical_rate": -4.88,
        "geo_altitude": 8869.68,
        "squawk": "0112",
        "spi": false,
        "position_source": 0
      }
    },
    {
      "type": "Feature",
      "geometry": {
        "type": "Point",
        "coordinates": [
          8.9583,
          44.1183
        ]
      },
      "properties": {
        "icao24": "4cad3d",
        "callsign": "RYR14AU",
        "origin_country": "Ireland",
        "time_position": 1787344585,
        "last_contact": 1787344585,
        "baro_altitude": 9014.46,
        "on_ground": false,
        "velocity": 230.02,
        "true_track": 16.37,
        "vertical_rate": -6.18,
        "geo_altitude": 9464.04,
        "squawk": "1000",
        "spi": false,
        "position_source": 0
      }
    },
    {
      "type": "Feature",
      "geometry": {
        "type": "Point",
        "coordinates": [
          9.8127,
          39.8505
        ]
      },
      "properties": {
        "icao24": "4d21fe",
        "callsign": "RYR326L",
        "origin_country": "Malta",
        "time_position": 1787344584,
        "last_contact": 1787344585,
        "baro_altitude": 6987.54,
        "on_ground": false,
        "velocity": 230.7,
        "true_track": 197.79,
        "vertical_rate": -14.31,
        "geo_altitude": 7482.84,
        "squawk": "5142",
        "spi": false,
        "position_source": 0
      }
    },
    {
      "type": "Feature",
      "geometry": {
        "type": "Point",
        "coordinates": [
          12.4965,
          41.1636
        ]
      },
      "properties": {
        "icao24": "4d21fa",
        "callsign": "AEZ157Q",
        "origin_country": "Malta",
        "time_position": 1787344585,
        "last_contact": 1787344585,
        "baro_altitude": 6096,
        "on_ground": false,
        "velocity": 230.26,
        "true_track": 160.15,
        "vertical_rate": 12.03,
        "geo_altitude": 6477,
        "squawk": null,
        "spi": false,
        "position_source": 0
      }
    },
    {
      "type": "Feature",
      "geometry": {
        "type": "Point",
        "coordinates": [
          11.9663,
          39.913
        ]
      },
      "properties": {
        "icao24": "4d21db",
        "callsign": "KMM107",
        "origin_country": "Malta",
        "time_position": 1787344585,
        "last_contact": 1787344585,
        "baro_altitude": 10675.62,
        "on_ground": false,
        "velocity": 248.94,
        "true_track": 154.02,
        "vertical_rate": 0,
        "geo_altitude": 11277.6,
        "squawk": "5251",
        "spi": false,
        "position_source": 0
      }
    },
    {
      "type": "Feature",
      "geometry": {
        "type": "Point",
        "coordinates": [
          14.616,
          35.8588
        ]
      },
      "properties": {
        "icao24": "4d21dc",
        "callsign": "KMM3467",
        "origin_country": "Malta",
        "time_position": 1787344584,
        "last_contact": 1787344585,
        "baro_altitude": 944.88,
        "on_ground": false,
        "velocity": 144.83,
        "true_track": 158.54,
        "vertical_rate": -12.03,
        "geo_altitude": 1066.8,
        "squawk": "7650",
        "spi": false,
        "position_source": 0
      }
    },
    {
      "type": "Feature",
      "geometry": {
        "type": "Point",
        "coordinates": [
          9.3208,
          41.0244
        ]
      },
      "properties": {
        "icao24": "4d20ed",
        "callsign": "AEZ2519",
        "origin_country": "Malta",
        "time_position": 1787344584,
        "last_contact": 1787344585,
        "baro_altitude": 5128.26,
        "on_ground": false,
        "velocity": 188.42,
        "true_track": 255.13,
        "vertical_rate": -13.66,
        "geo_altitude": 5463.54,
        "squawk": null,
        "spi": false,
        "position_source": 0
      }
    },
    {
      "type": "Feature",
      "geometry": {
        "type": "Point",
        "coordinates": [
          11.6058,
          45.4665
        ]
      },
      "properties": {
        "icao24": "3003ad",
        "callsign": "DLA5CT",
        "origin_country": "Italy",
        "time_position": 1787344585,
        "last_contact": 1787344585,
        "baro_altitude": 2430.78,
        "on_ground": false,
        "velocity": 149.58,
        "true_track": 147.79,
        "vertical_rate": -0.98,
        "geo_altitude": 2545.08,
        "squawk": "1000",
        "spi": false,
        "position_source": 0
      }
    },
    {
      "type": "Feature",
      "geometry": {
        "type": "Point",
        "coordinates": [
          9.9661,
          47.7606
        ]
      },
      "properties": {
        "icao24": "4d2208",
        "callsign": "RYR33WW",
        "origin_country": "Malta",
        "time_position": 1787344585,
        "last_contact": 1787344585,
        "baro_altitude": 11582.4,
        "on_ground": false,
        "velocity": 225.24,
        "true_track": 313.61,
        "vertical_rate": -0.33,
        "geo_altitude": 11917.68,
        "squawk": "3103",
        "spi": false,
        "position_source": 0
      }
    },
    {
      "type": "Feature",
      "geometry": {
        "type": "Point",
        "coordinates": [
          10.0733,
          43.0218
        ]
      },
      "properties": {
        "icao24": "4d2238",
        "callsign": "RYR6FP",
        "origin_country": "Malta",
        "time_position": 1787344585,
        "last_contact": 1787344585,
        "baro_altitude": 9906,
        "on_ground": false,
        "velocity": 215.73,
        "true_track": 320.81,
        "vertical_rate": -7.15,
        "geo_altitude": 10424.16,
        "squawk": "1000",
        "spi": false,
        "position_source": 0
      }
    },
    {
      "type": "Feature",
      "geometry": {
        "type": "Point",
        "coordinates": [
          14.6357,
          37.6332
        ]
      },
      "properties": {
        "icao24": "4d221a",
        "callsign": "RYR4JK",
        "origin_country": "Malta",
        "time_position": 1787344585,
        "last_contact": 1787344585,
        "baro_altitude": 2743.2,
        "on_ground": false,
        "velocity": 140.39,
        "true_track": 85.38,
        "vertical_rate": 0.33,
        "geo_altitude": 2971.8,
        "squawk": "7037",
        "spi": false,
        "position_source": 0
      }
    },
    {
      "type": "Feature",
      "geometry": {
        "type": "Point",
        "coordinates": [
          11.4926,
          41.3027
        ]
      },
      "properties": {
        "icao24": "4d2245",
        "callsign": "RYR6NH",
        "origin_country": "Malta",
        "time_position": 1787344585,
        "last_contact": 1787344585,
        "baro_altitude": 7338.06,
        "on_ground": false,
        "velocity": 220.2,
        "true_track": 249.91,
        "vertical_rate": 7.48,
        "geo_altitude": 7780.02,
        "squawk": null,
        "spi": false,
        "position_source": 0
      }
    },
    {
      "type": "Feature",
      "geometry": {
        "type": "Point",
        "coordinates": [
          9.4899,
          42.5825
        ]
      },
      "properties": {
        "icao24": "4d2246",
        "callsign": "RYR1ET",
        "origin_country": "Malta",
        "time_position": 1787344585,
        "last_contact": 1787344585,
        "baro_altitude": 8823.96,
        "on_ground": false,
        "velocity": 263.98,
        "true_track": 91.34,
        "vertical_rate": -4.88,
        "geo_altitude": 9311.64,
        "squawk": "1000",
        "spi": false,
        "position_source": 0
      }
    },
    {
      "type": "Feature",
      "geometry": {
        "type": "Point",
        "coordinates": [
          9.2733,
          44.8944
        ]
      },
      "properties": {
        "icao24": "4d2247",
        "callsign": "RYR769V",
        "origin_country": "Malta",
        "time_position": 1787344585,
        "last_contact": 1787344585,
        "baro_altitude": 4503.42,
        "on_ground": false,
        "velocity": 188.83,
        "true_track": 330.99,
        "vertical_rate": -11.38,
        "geo_altitude": 4701.54,
        "squawk": "1000",
        "spi": false,
        "position_source": 0
      }
    },
    {
      "type": "Feature",
      "geometry": {
        "type": "Point",
        "coordinates": [
          8.7743,
          45.482
        ]
      },
      "properties": {
        "icao24": "4d2242",
        "callsign": "RYR11QJ",
        "origin_country": "Malta",
        "time_position": 1787344585,
        "last_contact": 1787344585,
        "baro_altitude": 1021.08,
        "on_ground": false,
        "velocity": 101.6,
        "true_track": 349.2,
        "vertical_rate": -5.2,
        "geo_altitude": 1082.04,
        "squawk": "1000",
        "spi": false,
        "position_source": 0
      }
    },
    {
      "type": "Feature",
      "geometry": {
        "type": "Point",
        "coordinates": [
          11.3685,
          45.8005
        ]
      },
      "properties": {
        "icao24": "4d2217",
        "callsign": "RYR9UZ",
        "origin_country": "Malta",
        "time_position": 1787344585,
        "last_contact": 1787344585,
        "baro_altitude": 3680.46,
        "on_ground": false,
        "velocity": 187.88,
        "true_track": 126.65,
        "vertical_rate": -5.53,
        "geo_altitude": 3832.86,
        "squawk": "0114",
        "spi": false,
        "position_source": 0
      }
    },
    {
      "type": "Feature",
      "geometry": {
        "type": "Point",
        "coordinates": [
          18.7407,
          45.454
        ]
      },
      "properties": {
        "icao24": "4c0242",
        "callsign": "ASL10N",
        "origin_country": "Serbia",
        "time_position": 1787344585,
        "last_contact": 1787344585,
        "baro_altitude": 5791.2,
        "on_ground": false,
        "velocity": 143.53,
        "true_track": 105.38,
        "vertical_rate": 0.33,
        "geo_altitude": 6126.48,
        "squawk": "4162",
        "spi": false,
        "position_source": 0
      }
    },
    {
      "type": "Feature",
      "geometry": {
        "type": "Point",
        "coordinates": [
          18.1023,
          44.7341
        ]
      },
      "properties": {
        "icao24": "4c0243",
        "callsign": "ASL68B",
        "origin_country": "Serbia",
        "time_position": 1787344585,
        "last_contact": 1787344585,
        "baro_altitude": 5791.2,
        "on_ground": false,
        "velocity": 147.61,
        "true_track": 100.64,
        "vertical_rate": 0,
        "geo_altitude": 6118.86,
        "squawk": "0274",
        "spi": false,
        "position_source": 0
      }
    },
    {
      "type": "Feature",
      "geometry": {
        "type": "Point",
        "coordinates": [
          15.7112,
          42.4674
        ]
      },
      "properties": {
        "icao24": "4d226b",
        "callsign": "RYR5542",
        "origin_country": "Malta",
        "time_position": 1787344585,
        "last_contact": 1787344585,
        "baro_altitude": 10363.2,
        "on_ground": false,
        "velocity": 218.53,
        "true_track": 258.32,
        "vertical_rate": -0.33,
        "geo_altitude": 10927.08,
        "squawk": "2206",
        "spi": false,
        "position_source": 0
      }
    },
    {
      "type": "Feature",
      "geometry": {
        "type": "Point",
        "coordinates": [
          10.4967,
          44.203
        ]
      },
      "properties": {
        "icao24": "4d226d",
        "callsign": "RYR91EJ",
        "origin_country": "Malta",
        "time_position": 1787344585,
        "last_contact": 1787344585,
        "baro_altitude": 8001,
        "on_ground": false,
        "velocity": 197.04,
        "true_track": 346.87,
        "vertical_rate": -4.88,
        "geo_altitude": 8420.1,
        "squawk": "5407",
        "spi": false,
        "position_source": 0
      }
    },
    {
      "type": "Feature",
      "geometry": {
        "type": "Point",
        "coordinates": [
          11.3017,
          41.6582
        ]
      },
      "properties": {
        "icao24": "4d226e",
        "callsign": "RYR83TV",
        "origin_country": "Malta",
        "time_position": 1787344585,
        "last_contact": 1787344585,
        "baro_altitude": 10668,
        "on_ground": false,
        "velocity": 241.36,
        "true_track": 147.8,
        "vertical_rate": 0,
        "geo_altitude": 11224.26,
        "squawk": "6357",
        "spi": false,
        "position_source": 0
      }
    },
    {
      "type": "Feature",
      "geometry": {
        "type": "Point",
        "coordinates": [
          12.2185,
          43.2827
        ]
      },
      "properties": {
        "icao24": "4d226a",
        "callsign": "RYR9CL",
        "origin_country": "Malta",
        "time_position": 1787344585,
        "last_contact": 1787344585,
        "baro_altitude": 7589.52,
        "on_ground": false,
        "velocity": 195.91,
        "true_track": 183.76,
        "vertical_rate": -9.75,
        "geo_altitude": 8023.86,
        "squawk": "1000",
        "spi": false,
        "position_source": 0
      }
    },
    {
      "type": "Feature",
      "geometry": {
        "type": "Point",
        "coordinates": [
          6.902,
          44.1652
        ]
      },
      "properties": {
        "icao24": "40600d",
        "callsign": "EZY48VW",
        "origin_country": "United Kingdom",
        "time_position": 1787344585,
        "last_contact": 1787344585,
        "baro_altitude": 11582.4,
        "on_ground": false,
        "velocity": 198.78,
        "true_track": 327.26,
        "vertical_rate": 0.33,
        "geo_altitude": 12062.46,
        "squawk": "4050",
        "spi": false,
        "position_source": 0
      }
    },
    {
      "type": "Feature",
      "geometry": {
        "type": "Point",
        "coordinates": [
          7.6377,
          45.0114
        ]
      },
      "properties": {
        "icao24": "4d2273",
        "callsign": "RYR1DC",
        "origin_country": "Malta",
        "time_position": 1787344585,
        "last_contact": 1787344585,
        "baro_altitude": 1409.7,
        "on_ground": false,
        "velocity": 123.25,
        "true_track": 8.4,
        "vertical_rate": -10.73,
        "geo_altitude": 1508.76,
        "squawk": "5336",
        "spi": false,
        "position_source": 0
      }
    },
    {
      "type": "Feature",
      "geometry": {
        "type": "Point",
        "coordinates": [
          12.9852,
          41.664
        ]
      },
      "properties": {
        "icao24": "4d2275",
        "callsign": "RYR49CP",
        "origin_country": "Malta",
        "time_position": 1787344584,
        "last_contact": 1787344585,
        "baro_altitude": 10058.4,
        "on_ground": false,
        "velocity": 240.69,
        "true_track": 150.7,
        "vertical_rate": 0,
        "geo_altitude": 10607.04,
        "squawk": "1000",
        "spi": false,
        "position_source": 0
      }
    },
    {
      "type": "Feature",
      "geometry": {
        "type": "Point",
        "coordinates": [
          14.0204,
          40.8842
        ]
      },
      "properties": {
        "icao24": "4d2288",
        "callsign": "RYR1661",
        "origin_country": "Malta",
        "time_position": 1787344585,
        "last_contact": 1787344585,
        "baro_altitude": 4846.32,
        "on_ground": false,
        "velocity": 156.6,
        "true_track": 59.39,
        "vertical_rate": -6.83,
        "geo_altitude": 5166.36,
        "squawk": null,
        "spi": false,
        "position_source": 0
      }
    },
    {
      "type": "Feature",
      "geometry": {
        "type": "Point",
        "coordinates": [
          6.3827,
          44.4529
        ]
      },
      "properties": {
        "icao24": "4d2289",
        "callsign": "RYR29RV",
        "origin_country": "Malta",
        "time_position": 1787344585,
        "last_contact": 1787344585,
        "baro_altitude": 11041.38,
        "on_ground": false,
        "velocity": 247.56,
        "true_track": 16.67,
        "vertical_rate": -4.55,
        "geo_altitude": 11521.44,
        "squawk": "1000",
        "spi": false,
        "position_source": 0
      }
    },
    {
      "type": "Feature",
      "geometry": {
        "type": "Point",
        "coordinates": [
          10.7253,
          42.3784
        ]
      },
      "properties": {
        "icao24": "4d227e",
        "callsign": "RYR98KN",
        "origin_country": "Malta",
        "time_position": 1787344584,
        "last_contact": 1787344585,
        "baro_altitude": 8663.94,
        "on_ground": false,
        "velocity": 244.07,
        "true_track": 163.97,
        "vertical_rate": 9.75,
        "geo_altitude": 9151.62,
        "squawk": "5127",
        "spi": false,
        "position_source": 0
      }
    },
    {
      "type": "Feature",
      "geometry": {
        "type": "Point",
        "coordinates": [
          7.0975,
          46.5031
        ]
      },
      "properties": {
        "icao24": "4d227f",
        "callsign": "RYR47GL",
        "origin_country": "Malta",
        "time_position": 1787344585,
        "last_contact": 1787344585,
        "baro_altitude": 9761.22,
        "on_ground": false,
        "velocity": 272.82,
        "true_track": 50.13,
        "vertical_rate": -4.88,
        "geo_altitude": 10073.64,
        "squawk": "1000",
        "spi": false,
        "position_source": 0
      }
    },
    {
      "type": "Feature",
      "geometry": {
        "type": "Point",
        "coordinates": [
          13.4363,
          41.138
        ]
      },
      "properties": {
        "icao24": "4d227a",
        "callsign": "RYR26TR",
        "origin_country": "Malta",
        "time_position": 1787344585,
        "last_contact": 1787344585,
        "baro_altitude": 10668,
        "on_ground": false,
        "velocity": 238.25,
        "true_track": 170.68,
        "vertical_rate": -0.33,
        "geo_altitude": 11231.88,
        "squawk": "7431",
        "spi": false,
        "position_source": 0
      }
    },
    {
      "type": "Feature",
      "geometry": {
        "type": "Point",
        "coordinates": [
          8.0684,
          42.4414
        ]
      },
      "properties": {
        "icao24": "4d226f",
        "callsign": "RYR3L",
        "origin_country": "Malta",
        "time_position": 1787344585,
        "last_contact": 1787344585,
        "baro_altitude": 10363.2,
        "on_ground": false,
        "velocity": 242.86,
        "true_track": 34.3,
        "vertical_rate": 0,
        "geo_altitude": 10896.6,
        "squawk": "1000",
        "spi": false,
        "position_source": 0
      }
    },
    {
      "type": "Feature",
      "geometry": {
        "type": "Point",
        "coordinates": [
          7.3583,
          43.5965
        ]
      },
      "properties": {
        "icao24": "4d2286",
        "callsign": "RYR55BJ",
        "origin_country": "Malta",
        "time_position": 1787344585,
        "last_contact": 1787344585,
        "baro_altitude": 10233.66,
        "on_ground": false,
        "velocity": 265.8,
        "true_track": 52.15,
        "vertical_rate": -6.18,
        "geo_altitude": 10728.96,
        "squawk": "1000",
        "spi": false,
        "position_source": 0
      }
    },
    {
      "type": "Feature",
      "geometry": {
        "type": "Point",
        "coordinates": [
          15.913,
          45.4657
        ]
      },
      "properties": {
        "icao24": "4d223f",
        "callsign": "RYR4GB",
        "origin_country": "Malta",
        "time_position": 1787344584,
        "last_contact": 1787344585,
        "baro_altitude": 11277.6,
        "on_ground": false,
        "velocity": 228.62,
        "true_track": 131.08,
        "vertical_rate": 0,
        "geo_altitude": 11780.52,
        "squawk": "4714",
        "spi": false,
        "position_source": 0
      }
    },
    {
      "type": "Feature",
      "geometry": {
        "type": "Point",
        "coordinates": [
          6.2369,
          46.0504
        ]
      },
      "properties": {
        "icao24": "3c55c3",
        "callsign": "EWG78RE",
        "origin_country": "Germany",
        "time_position": 1787344585,
        "last_contact": 1787344585,
        "baro_altitude": 10668,
        "on_ground": false,
        "velocity": 265.39,
        "true_track": 52.09,
        "vertical_rate": 0,
        "geo_altitude": 11026.14,
        "squawk": "3372",
        "spi": false,
        "position_source": 0
      }
    },
    {
      "type": "Feature",
      "geometry": {
        "type": "Point",
        "coordinates": [
          6.9716,
          45.4541
        ]
      },
      "properties": {
        "icao24": "4d2263",
        "callsign": "RYR437E",
        "origin_country": "Malta",
        "time_position": 1787344585,
        "last_contact": 1787344585,
        "baro_altitude": 11582.4,
        "on_ground": false,
        "velocity": 244.26,
        "true_track": 11.66,
        "vertical_rate": 0.33,
        "geo_altitude": 12009.12,
        "squawk": "5336",
        "spi": false,
        "position_source": 0
      }
    },
    {
      "type": "Feature",
      "geometry": {
        "type": "Point",
        "coordinates": [
          6.0413,
          46.2252
        ]
      },
      "properties": {
        "icao24": "300557",
        "callsign": "DLA6JL",
        "origin_country": "Italy",
        "time_position": 1787344585,
        "last_contact": 1787344585,
        "baro_altitude": 1653.54,
        "on_ground": false,
        "velocity": 104.83,
        "true_track": 348.97,
        "vertical_rate": 11.7,
        "geo_altitude": 1775.46,
        "squawk": "1000",
        "spi": false,
        "position_source": 0
      }
    },
    {
      "type": "Feature",
      "geometry": {
        "type": "Point",
        "coordinates": [
          8.7205,
          47.4458
        ]
      },
      "properties": {
        "icao24": "4b19fc",
        "callsign": "SWR7VB",
        "origin_country": "Switzerland",
        "time_position": 1787344584,
        "last_contact": 1787344585,
        "baro_altitude": 1082.04,
        "on_ground": false,
        "velocity": 70.96,
        "true_track": 276.66,
        "vertical_rate": -4.23,
        "geo_altitude": 1173.48,
        "squawk": "1000",
        "spi": false,
        "position_source": 0
      }
    },
    {
      "type": "Feature",
      "geometry": {
        "type": "Point",
        "coordinates": [
          13.6543,
          45.1695
        ]
      },
      "properties": {
        "icao24": "4cac54",
        "callsign": "RYR3KV",
        "origin_country": "Ireland",
        "time_position": 1787344585,
        "last_contact": 1787344585,
        "baro_altitude": 10972.8,
        "on_ground": false,
        "velocity": 229.54,
        "true_track": 315.27,
        "vertical_rate": 0.33,
        "geo_altitude": 11460.48,
        "squawk": "2023",
        "spi": false,
        "position_source": 0
      }
    },
    {
      "type": "Feature",
      "geometry": {
        "type": "Point",
        "coordinates": [
          15.2259,
          41.409
        ]
      },
      "properties": {
        "icao24": "04c15a",
        "callsign": "KQA117",
        "origin_country": "Kenya",
        "time_position": 1787344585,
        "last_contact": 1787344585,
        "baro_altitude": 11879.58,
        "on_ground": false,
        "velocity": 245.88,
        "true_track": 145.31,
        "vertical_rate": 0.33,
        "geo_altitude": 12489.18,
        "squawk": "0157",
        "spi": false,
        "position_source": 0
      }
    },
    {
      "type": "Feature",
      "geometry": {
        "type": "Point",
        "coordinates": [
          10.263,
          41.9104
        ]
      },
      "properties": {
        "icao24": "4d20db",
        "callsign": "AEZ2916",
        "origin_country": "Malta",
        "time_position": 1787344585,
        "last_contact": 1787344585,
        "baro_altitude": 8839.2,
        "on_ground": false,
        "velocity": 209.94,
        "true_track": 204.62,
        "vertical_rate": 0.33,
        "geo_altitude": 9319.26,
        "squawk": "7436",
        "spi": false,
        "position_source": 0
      }
    },
    {
      "type": "Feature",
      "geometry": {
        "type": "Point",
        "coordinates": [
          6.5499,
          41.7984
        ]
      },
      "properties": {
        "icao24": "4d20c0",
        "callsign": "WZZ63K",
        "origin_country": "Malta",
        "time_position": 1787344584,
        "last_contact": 1787344584,
        "baro_altitude": 10668,
        "on_ground": false,
        "velocity": 209.41,
        "true_track": 229.38,
        "vertical_rate": 0,
        "geo_altitude": 11239.5,
        "squawk": "1000",
        "spi": false,
        "position_source": 0
      }
    },
    {
      "type": "Feature",
      "geometry": {
        "type": "Point",
        "coordinates": [
          17.4602,
          40.4671
        ]
      },
      "properties": {
        "icao24": "4d20be",
        "callsign": "WMT7KN",
        "origin_country": "Malta",
        "time_position": 1787344585,
        "last_contact": 1787344585,
        "baro_altitude": 10965.18,
        "on_ground": false,
        "velocity": 226.29,
        "true_track": 288.56,
        "vertical_rate": 0,
        "geo_altitude": 11597.64,
        "squawk": "5077",
        "spi": false,
        "position_source": 0
      }
    },
    {
      "type": "Feature",
      "geometry": {
        "type": "Point",
        "coordinates": [
          16.8531,
          45.3542
        ]
      },
      "properties": {
        "icao24": "408356",
        "callsign": "EXS66Q",
        "origin_country": "United Kingdom",
        "time_position": 1787344585,
        "last_contact": 1787344585,
        "baro_altitude": 10957.56,
        "on_ground": false,
        "velocity": 227.39,
        "true_track": 313.99,
        "vertical_rate": 0,
        "geo_altitude": 11498.58,
        "squawk": "2071",
        "spi": false,
        "position_source": 0
      }
    },
    {
      "type": "Feature",
      "geometry": {
        "type": "Point",
        "coordinates": [
          10.4748,
          43.798
        ]
      },
      "properties": {
        "icao24": "408388",
        "callsign": "EZY607W",
        "origin_country": "United Kingdom",
        "time_position": 1787344571,
        "last_contact": 1787344571,
        "baro_altitude": 853.44,
        "on_ground": false,
        "velocity": 65.14,
        "true_track": 204.74,
        "vertical_rate": -3.9,
        "geo_altitude": 922.02,
        "squawk": "7305",
        "spi": false,
        "position_source": 0
      }
    },
    {
      "type": "Feature",
      "geometry": {
        "type": "Point",
        "coordinates": [
          12.2986,
          38.6004
        ]
      },
      "properties": {
        "icao24": "4d2129",
        "callsign": "MNS561",
        "origin_country": "Malta",
        "time_position": 1787344585,
        "last_contact": 1787344585,
        "baro_altitude": 11887.2,
        "on_ground": false,
        "velocity": 231.65,
        "true_track": 172.09,
        "vertical_rate": 0,
        "geo_altitude": 12519.66,
        "squawk": "2547",
        "spi": false,
        "position_source": 0
      }
    },
    {
      "type": "Feature",
      "geometry": {
        "type": "Point",
        "coordinates": [
          17.2738,
          44.8163
        ]
      },
      "properties": {
        "icao24": "451d85",
        "callsign": "ASL43N",
        "origin_country": "Bulgaria",
        "time_position": 1787344585,
        "last_contact": 1787344585,
        "baro_altitude": 10058.4,
        "on_ground": false,
        "velocity": 241.64,
        "true_track": 98.94,
        "vertical_rate": 0,
        "geo_altitude": 10607.04,
        "squawk": "2271",
        "spi": false,
        "position_source": 0
      }
    },
    {
      "type": "Feature",
      "geometry": {
        "type": "Point",
        "coordinates": [
          12.5266,
          42.4591
        ]
      },
      "properties": {
        "icao24": "4caab4",
        "callsign": "ITY1282",
        "origin_country": "Ireland",
        "time_position": 1787344585,
        "last_contact": 1787344585,
        "baro_altitude": 10363.2,
        "on_ground": false,
        "velocity": 218.42,
        "true_track": 320.16,
        "vertical_rate": 0.33,
        "geo_altitude": 10934.7,
        "squawk": "1000",
        "spi": false,
        "position_source": 0
      }
    },
    {
      "type": "Feature",
      "geometry": {
        "type": "Point",
        "coordinates": [
          17.0585,
          41.1416
        ]
      },
      "properties": {
        "icao24": "4d2159",
        "callsign": "BRD142",
        "origin_country": "Malta",
        "time_position": 1787344584,
        "last_contact": 1787344584,
        "baro_altitude": 12192,
        "on_ground": false,
        "velocity": 227.31,
        "true_track": 305.88,
        "vertical_rate": 0.65,
        "geo_altitude": 12816.84,
        "squawk": "5613",
        "spi": false,
        "position_source": 0
      }
    },
    {
      "type": "Feature",
      "geometry": {
        "type": "Point",
        "coordinates": [
          17.251,
          47.4275
        ]
      },
      "properties": {
        "icao24": "4c0176",
        "callsign": "ASL47F",
        "origin_country": "Serbia",
        "time_position": 1787344585,
        "last_contact": 1787344585,
        "baro_altitude": 4572,
        "on_ground": false,
        "velocity": 133.29,
        "true_track": 141.58,
        "vertical_rate": 0.65,
        "geo_altitude": 4747.26,
        "squawk": "1471",
        "spi": false,
        "position_source": 0
      }
    },
    {
      "type": "Feature",
      "geometry": {
        "type": "Point",
        "coordinates": [
          18.5575,
          44.6582
        ]
      },
      "properties": {
        "icao24": "4c0178",
        "callsign": "ASL48G",
        "origin_country": "Serbia",
        "time_position": 1787344583,
        "last_contact": 1787344585,
        "baro_altitude": 5181.6,
        "on_ground": false,
        "velocity": 148.27,
        "true_track": 73.26,
        "vertical_rate": 0.33,
        "geo_altitude": 5486.4,
        "squawk": "0222",
        "spi": false,
        "position_source": 0
      }
    },
    {
      "type": "Feature",
      "geometry": {
        "type": "Point",
        "coordinates": [
          10.2086,
          44.7695
        ]
      },
      "properties": {
        "icao24": "4d213e",
        "callsign": "WMT7M",
        "origin_country": "Malta",
        "time_position": 1787344585,
        "last_contact": 1787344585,
        "baro_altitude": 10965.18,
        "on_ground": false,
        "velocity": 269.34,
        "true_track": 60.35,
        "vertical_rate": 0,
        "geo_altitude": 11437.62,
        "squawk": "1000",
        "spi": false,
        "position_source": 0
      }
    },
    {
      "type": "Feature",
      "geometry": {
        "type": "Point",
        "coordinates": [
          10.0436,
          47.7388
        ]
      },
      "properties": {
        "icao24": "4b18b9",
        "callsign": "EDW48A",
        "origin_country": "Switzerland",
        "time_position": 1787344585,
        "last_contact": 1787344585,
        "baro_altitude": 7010.4,
        "on_ground": false,
        "velocity": 184.81,
        "true_track": 267.93,
        "vertical_rate": -9.75,
        "geo_altitude": 7239,
        "squawk": "1000",
        "spi": false,
        "position_source": 0
      }
    },
    {
      "type": "Feature",
      "geometry": {
        "type": "Point",
        "coordinates": [
          11.3434,
          46.6016
        ]
      },
      "properties": {
        "icao24": "4d207d",
        "callsign": "RYR3487",
        "origin_country": "Malta",
        "time_position": 1787344585,
        "last_contact": 1787344585,
        "baro_altitude": 10500.36,
        "on_ground": false,
        "velocity": 189.05,
        "true_track": 236.09,
        "vertical_rate": -4.88,
        "geo_altitude": 10866.12,
        "squawk": "1000",
        "spi": false,
        "position_source": 0
      }
    },
    {
      "type": "Feature",
      "geometry": {
        "type": "Point",
        "coordinates": [
          11.1172,
          44.5969
        ]
      },
      "properties": {
        "icao24": "4d2080",
        "callsign": "RYR51GK",
        "origin_country": "Malta",
        "time_position": 1787344585,
        "last_contact": 1787344585,
        "baro_altitude": 792.48,
        "on_ground": false,
        "velocity": 97.32,
        "true_track": 116.7,
        "vertical_rate": -4.88,
        "geo_altitude": 845.82,
        "squawk": "1000",
        "spi": false,
        "position_source": 0
      }
    },
    {
      "type": "Feature",
      "geometry": {
        "type": "Point",
        "coordinates": [
          9.4145,
          44.1454
        ]
      },
      "properties": {
        "icao24": "39e5c4",
        "callsign": "CRL958",
        "origin_country": "France",
        "time_position": 1787344585,
        "last_contact": 1787344585,
        "baro_altitude": 10668,
        "on_ground": false,
        "velocity": 269.56,
        "true_track": 124.66,
        "vertical_rate": 0,
        "geo_altitude": 11148.06,
        "squawk": "7672",
        "spi": false,
        "position_source": 0
      }
    },
    {
      "type": "Feature",
      "geometry": {
        "type": "Point",
        "coordinates": [
          11.1348,
          46.8013
        ]
      },
      "properties": {
        "icao24": "4b18ba",
        "callsign": "EDW439",
        "origin_country": "Switzerland",
        "time_position": 1787344585,
        "last_contact": 1787344585,
        "baro_altitude": 9144,
        "on_ground": false,
        "velocity": 224.72,
        "true_track": 321.32,
        "vertical_rate": -0.33,
        "geo_altitude": 9448.8,
        "squawk": "1000",
        "spi": false,
        "position_source": 0
      }
    },
    {
      "type": "Feature",
      "geometry": {
        "type": "Point",
        "coordinates": [
          11.6172,
          46.6735
        ]
      },
      "properties": {
        "icao24": "4b18f3",
        "callsign": "EDW349E",
        "origin_country": "Switzerland",
        "time_position": 1787344585,
        "last_contact": 1787344585,
        "baro_altitude": 8823.96,
        "on_ground": false,
        "velocity": 209.18,
        "true_track": 314.3,
        "vertical_rate": -7.48,
        "geo_altitude": 9144,
        "squawk": "2057",
        "spi": false,
        "position_source": 0
      }
    },
    {
      "type": "Feature",
      "geometry": {
        "type": "Point",
        "coordinates": [
          13.5141,
          39.3728
        ]
      },
      "properties": {
        "icao24": "4d2092",
        "callsign": "WMT2Q",
        "origin_country": "Malta",
        "time_position": 1787344585,
        "last_contact": 1787344585,
        "baro_altitude": 10058.4,
        "on_ground": false,
        "velocity": 230.89,
        "true_track": 156.63,
        "vertical_rate": 0,
        "geo_altitude": 10645.14,
        "squawk": "4353",
        "spi": false,
        "position_source": 0
      }
    },
    {
      "type": "Feature",
      "geometry": {
        "type": "Point",
        "coordinates": [
          18.757,
          39.5133
        ]
      },
      "properties": {
        "icao24": "4b18fe",
        "callsign": "EDW66",
        "origin_country": "Switzerland",
        "time_position": 1787344541,
        "last_contact": 1787344585,
        "baro_altitude": 10668,
        "on_ground": false,
        "velocity": 248.08,
        "true_track": 139.37,
        "vertical_rate": 0,
        "geo_altitude": 11277.6,
        "squawk": "3022",
        "spi": false,
        "position_source": 0
      }
    },
    {
      "type": "Feature",
      "geometry": {
        "type": "Point",
        "coordinates": [
          13.6316,
          41.5637
        ]
      },
      "properties": {
        "icao24": "71bf71",
        "callsign": "AAR562",
        "origin_country": "Republic of Korea",
        "time_position": 1787344585,
        "last_contact": 1787344585,
        "baro_altitude": 7155.18,
        "on_ground": false,
        "velocity": 222.26,
        "true_track": 97.85,
        "vertical_rate": 6.83,
        "geo_altitude": 7589.52,
        "squawk": null,
        "spi": false,
        "position_source": 0
      }
    },
    {
      "type": "Feature",
      "geometry": {
        "type": "Point",
        "coordinates": [
          8.5521,
          47.4635
        ]
      },
      "properties": {
        "icao24": "4b1939",
        "callsign": "CSW803",
        "origin_country": "Switzerland",
        "time_position": 1787344418,
        "last_contact": 1787344423,
        "baro_altitude": 396.24,
        "on_ground": true,
        "velocity": 0,
        "true_track": 5.62,
        "vertical_rate": null,
        "geo_altitude": null,
        "squawk": "1000",
        "spi": false,
        "position_source": 0
      }
    },
    {
      "type": "Feature",
      "geometry": {
        "type": "Point",
        "coordinates": [
          16.3379,
          42.235
        ]
      },
      "properties": {
        "icao24": "4b1950",
        "callsign": "SWR7MV",
        "origin_country": "Switzerland",
        "time_position": 1787344585,
        "last_contact": 1787344585,
        "baro_altitude": 10652.76,
        "on_ground": false,
        "velocity": 228.21,
        "true_track": 122.29,
        "vertical_rate": 0.33,
        "geo_altitude": 11254.74,
        "squawk": "3024",
        "spi": false,
        "position_source": 0
      }
    },
    {
      "type": "Feature",
      "geometry": {
        "type": "Point",
        "coordinates": [
          15.9414,
          43.5132
        ]
      },
      "properties": {
        "icao24": "4b193e",
        "callsign": "CSW615",
        "origin_country": "Switzerland",
        "time_position": 1787344585,
        "last_contact": 1787344585,
        "baro_altitude": 10370.82,
        "on_ground": false,
        "velocity": 228.74,
        "true_track": 302.98,
        "vertical_rate": -0.65,
        "geo_altitude": 10919.46,
        "squawk": "6530",
        "spi": false,
        "position_source": 0
      }
    },
    {
      "type": "Feature",
      "geometry": {
        "type": "Point",
        "coordinates": [
          8.5524,
          47.4608
        ]
      },
      "properties": {
        "icao24": "4b193a",
        "callsign": "CSW3PR",
        "origin_country": "Switzerland",
        "time_position": 1787344573,
        "last_contact": 1787344573,
        "baro_altitude": null,
        "on_ground": true,
        "velocity": 0,
        "true_track": 5.62,
        "vertical_rate": null,
        "geo_altitude": null,
        "squawk": "1000",
        "spi": false,
        "position_source": 0
      }
    },
    {
      "type": "Feature",
      "geometry": {
        "type": "Point",
        "coordinates": [
          8.9245,
          47.4361
        ]
      },
      "properties": {
        "icao24": "4b1942",
        "callsign": "CSW605",
        "origin_country": "Switzerland",
        "time_position": 1787344585,
        "last_contact": 1787344585,
        "baro_altitude": 1645.92,
        "on_ground": false,
        "velocity": 114.59,
        "true_track": 244.47,
        "vertical_rate": -4.23,
        "geo_altitude": 1752.6,
        "squawk": "1000",
        "spi": false,
        "position_source": 0
      }
    },
    {
      "type": "Feature",
      "geometry": {
        "type": "Point",
        "coordinates": [
          8.4735,
          46.0357
        ]
      },
      "properties": {
        "icao24": "4b194f",
        "callsign": "SWR40L",
        "origin_country": "Switzerland",
        "time_position": 1787344585,
        "last_contact": 1787344585,
        "baro_altitude": 10058.4,
        "on_ground": false,
        "velocity": 199.95,
        "true_track": 197.83,
        "vertical_rate": 0.33,
        "geo_altitude": 10424.16,
        "squawk": "1000",
        "spi": false,
        "position_source": 0
      }
    },
    {
      "type": "Feature",
      "geometry": {
        "type": "Point",
        "coordinates": [
          7.1661,
          47.7178
        ]
      },
      "properties": {
        "icao24": "4b194e",
        "callsign": "SWR5TV",
        "origin_country": "Switzerland",
        "time_position": 1787344585,
        "last_contact": 1787344585,
        "baro_altitude": 8092.44,
        "on_ground": false,
        "velocity": 221.88,
        "true_track": 110.49,
        "vertical_rate": -5.85,
        "geo_altitude": 8298.18,
        "squawk": "1000",
        "spi": false,
        "position_source": 0
      }
    },
    {
      "type": "Feature",
      "geometry": {
        "type": "Point",
        "coordinates": [
          12.2172,
          41.4214
        ]
      },
      "properties": {
        "icao24": "4d2007",
        "callsign": "WMT3ZJ",
        "origin_country": "Malta",
        "time_position": 1787344585,
        "last_contact": 1787344585,
        "baro_altitude": 4259.58,
        "on_ground": false,
        "velocity": 172.09,
        "true_track": 172.96,
        "vertical_rate": 11.38,
        "geo_altitude": 4518.66,
        "squawk": null,
        "spi": false,
        "position_source": 0
      }
    },
    {
      "type": "Feature",
      "geometry": {
        "type": "Point",
        "coordinates": [
          6.7917,
          43.151
        ]
      },
      "properties": {
        "icao24": "3c66e5",
        "callsign": "OCN7YP",
        "origin_country": "Germany",
        "time_position": 1787344585,
        "last_contact": 1787344585,
        "baro_altitude": 10972.8,
        "on_ground": false,
        "velocity": 255.04,
        "true_track": 46.06,
        "vertical_rate": 0,
        "geo_altitude": 11506.2,
        "squawk": "1000",
        "spi": false,
        "position_source": 0
      }
    },
    {
      "type": "Feature",
      "geometry": {
        "type": "Point",
        "coordinates": [
          11.7941,
          39.4926
        ]
      },
      "properties": {
        "icao24": "4692d4",
        "callsign": "AEE70D",
        "origin_country": "Greece",
        "time_position": 1787344584,
        "last_contact": 1787344584,
        "baro_altitude": 10972.8,
        "on_ground": false,
        "velocity": 227.29,
        "true_track": 275.19,
        "vertical_rate": 0,
        "geo_altitude": 11582.4,
        "squawk": null,
        "spi": false,
        "position_source": 0
      }
    },
    {
      "type": "Feature",
      "geometry": {
        "type": "Point",
        "coordinates": [
          15.7833,
          41.6497
        ]
      },
      "properties": {
        "icao24": "4d2035",
        "callsign": "KMM515",
        "origin_country": "Malta",
        "time_position": 1787344585,
        "last_contact": 1787344585,
        "baro_altitude": 11277.6,
        "on_ground": false,
        "velocity": 214.27,
        "true_track": 192.9,
        "vertical_rate": 0,
        "geo_altitude": 11887.2,
        "squawk": "7107",
        "spi": false,
        "position_source": 0
      }
    },
    {
      "type": "Feature",
      "geometry": {
        "type": "Point",
        "coordinates": [
          12.3304,
          38.8968
        ]
      },
      "properties": {
        "icao24": "4d2038",
        "callsign": "KMM454",
        "origin_country": "Malta",
        "time_position": 1787344585,
        "last_contact": 1787344585,
        "baro_altitude": 10965.18,
        "on_ground": false,
        "velocity": 219.19,
        "true_track": 340.25,
        "vertical_rate": 0.33,
        "geo_altitude": 11574.78,
        "squawk": "6574",
        "spi": false,
        "position_source": 0
      }
    },
    {
      "type": "Feature",
      "geometry": {
        "type": "Point",
        "coordinates": [
          7.1501,
          44.1871
        ]
      },
      "properties": {
        "icao24": "348208",
        "callsign": "VLG491D",
        "origin_country": "Spain",
        "time_position": 1787344585,
        "last_contact": 1787344585,
        "baro_altitude": 8846.82,
        "on_ground": false,
        "velocity": 190.41,
        "true_track": 234.68,
        "vertical_rate": 0.33,
        "geo_altitude": 9288.78,
        "squawk": "1000",
        "spi": false,
        "position_source": 0
      }
    },
    {
      "type": "Feature",
      "geometry": {
        "type": "Point",
        "coordinates": [
          15.958,
          40.9617
        ]
      },
      "properties": {
        "icao24": "348203",
        "callsign": "VLG8QA",
        "origin_country": "Spain",
        "time_position": 1787344582,
        "last_contact": 1787344585,
        "baro_altitude": 4396.74,
        "on_ground": false,
        "velocity": 186.51,
        "true_track": 93.16,
        "vertical_rate": -7.48,
        "geo_altitude": 4716.78,
        "squawk": "1000",
        "spi": false,
        "position_source": 0
      }
    },
    {
      "type": "Feature",
      "geometry": {
        "type": "Point",
        "coordinates": [
          7.4646,
          44.2679
        ]
      },
      "properties": {
        "icao24": "348204",
        "callsign": "VLG8RW",
        "origin_country": "Spain",
        "time_position": 1787344585,
        "last_contact": 1787344585,
        "baro_altitude": 10675.62,
        "on_ground": false,
        "velocity": 196.06,
        "true_track": 237.1,
        "vertical_rate": 0,
        "geo_altitude": 11170.92,
        "squawk": "1000",
        "spi": false,
        "position_source": 0
      }
    },
    {
      "type": "Feature",
      "geometry": {
        "type": "Point",
        "coordinates": [
          8.9443,
          45.4341
        ]
      },
      "properties": {
        "icao24": "4d2014",
        "callsign": "EWG8ND",
        "origin_country": "Malta",
        "time_position": 1787344585,
        "last_contact": 1787344585,
        "baro_altitude": 10363.2,
        "on_ground": false,
        "velocity": 246.99,
        "true_track": 5.38,
        "vertical_rate": 0,
        "geo_altitude": 10774.68,
        "squawk": "1000",
        "spi": false,
        "position_source": 0
      }
    },
    {
      "type": "Feature",
      "geometry": {
        "type": "Point",
        "coordinates": [
          10.9536,
          46.2748
        ]
      },
      "properties": {
        "icao24": "3c66a2",
        "callsign": "DLH33P",
        "origin_country": "Germany",
        "time_position": 1787344585,
        "last_contact": 1787344585,
        "baro_altitude": 10005.06,
        "on_ground": false,
        "velocity": 190.59,
        "true_track": 248.63,
        "vertical_rate": 4.88,
        "geo_altitude": 10378.44,
        "squawk": "1000",
        "spi": false,
        "position_source": 0
      }
    },
    {
      "type": "Feature",
      "geometry": {
        "type": "Point",
        "coordinates": [
          16.8934,
          44.9126
        ]
      },
      "properties": {
        "icao24": "3c66b5",
        "callsign": "OCN79D",
        "origin_country": "Germany",
        "time_position": 1787344584,
        "last_contact": 1787344585,
        "baro_altitude": 10972.8,
        "on_ground": false,
        "velocity": 225.69,
        "true_track": 308.99,
        "vertical_rate": 0,
        "geo_altitude": 11536.68,
        "squawk": "5511",
        "spi": false,
        "position_source": 0
      }
    },
    {
      "type": "Feature",
      "geometry": {
        "type": "Point",
        "coordinates": [
          14.3661,
          42.3862
        ]
      },
      "properties": {
        "icao24": "4d2021",
        "callsign": "WMT1RB",
        "origin_country": "Malta",
        "time_position": 1787344585,
        "last_contact": 1787344585,
        "baro_altitude": 10980.42,
        "on_ground": false,
        "velocity": 229.02,
        "true_track": 304.48,
        "vertical_rate": 0,
        "geo_altitude": 11574.78,
        "squawk": "5527",
        "spi": false,
        "position_source": 0
      }
    },
    {
      "type": "Feature",
      "geometry": {
        "type": "Point",
        "coordinates": [
          18.3791,
          41.5595
        ]
      },
      "properties": {
        "icao24": "4082cd",
        "callsign": "TOM5DB",
        "origin_country": "United Kingdom",
        "time_position": 1787344564,
        "last_contact": 1787344564,
        "baro_altitude": 10050.78,
        "on_ground": false,
        "velocity": 242.48,
        "true_track": 340.03,
        "vertical_rate": 7.15,
        "geo_altitude": 10637.52,
        "squawk": null,
        "spi": false,
        "position_source": 0
      }
    },
    {
      "type": "Feature",
      "geometry": {
        "type": "Point",
        "coordinates": [
          8.5609,
          47.4424
        ]
      },
      "properties": {
        "icao24": "4b17e3",
        "callsign": "SWR1AM",
        "origin_country": "Switzerland",
        "time_position": 1787344533,
        "last_contact": 1787344583,
        "baro_altitude": 396.24,
        "on_ground": true,
        "velocity": 0,
        "true_track": 244.69,
        "vertical_rate": null,
        "geo_altitude": null,
        "squawk": "2000",
        "spi": false,
        "position_source": 0
      }
    },
    {
      "type": "Feature",
      "geometry": {
        "type": "Point",
        "coordinates": [
          8.5669,
          47.445
        ]
      },
      "properties": {
        "icao24": "4b17fb",
        "callsign": "SWR",
        "origin_country": "Switzerland",
        "time_position": 1787344582,
        "last_contact": 1787344582,
        "baro_altitude": null,
        "on_ground": true,
        "velocity": 0,
        "true_track": 64.69,
        "vertical_rate": null,
        "geo_altitude": null,
        "squawk": "2000",
        "spi": false,
        "position_source": 0
      }
    },
    {
      "type": "Feature",
      "geometry": {
        "type": "Point",
        "coordinates": [
          8.5575,
          47.4518
        ]
      },
      "properties": {
        "icao24": "4b17fc",
        "callsign": "SWR1844",
        "origin_country": "Switzerland",
        "time_position": 1787344583,
        "last_contact": 1787344583,
        "baro_altitude": null,
        "on_ground": true,
        "velocity": 0,
        "true_track": 185.62,
        "vertical_rate": null,
        "geo_altitude": null,
        "squawk": "3037",
        "spi": false,
        "position_source": 0
      }
    },
    {
      "type": "Feature",
      "geometry": {
        "type": "Point",
        "coordinates": [
          8.5581,
          47.4517
        ]
      },
      "properties": {
        "icao24": "4b17fd",
        "callsign": "SWR2068",
        "origin_country": "Switzerland",
        "time_position": 1787344515,
        "last_contact": 1787344570,
        "baro_altitude": 396.24,
        "on_ground": true,
        "velocity": 0,
        "true_track": 185.62,
        "vertical_rate": null,
        "geo_altitude": null,
        "squawk": "2000",
        "spi": false,
        "position_source": 0
      }
    },
    {
      "type": "Feature",
      "geometry": {
        "type": "Point",
        "coordinates": [
          17.7746,
          45.1606
        ]
      },
      "properties": {
        "icao24": "458664",
        "callsign": "CAT754",
        "origin_country": "Denmark",
        "time_position": 1787344585,
        "last_contact": 1787344585,
        "baro_altitude": 11582.4,
        "on_ground": false,
        "velocity": 247.9,
        "true_track": 338.07,
        "vertical_rate": 0.33,
        "geo_altitude": 12153.9,
        "squawk": "6627",
        "spi": false,
        "position_source": 0
      }
    }
  ]
}