{
  "type": "FeatureCollection",
  "source": "opensky",
  "dataset": "aircraft_italy",
  "generated_at": "2026-08-15T10:32:55.874444+00:00",
  "opensky_time": 1786789974,
  "count": 918,
  "features": [
    {
      "type": "Feature",
      "geometry": {
        "type": "Point",
        "coordinates": [
          11.686,
          40.0972
        ]
      },
      "properties": {
        "icao24": "39de57",
        "callsign": "TVF85JA",
        "origin_country": "France",
        "time_position": 1786789974,
        "last_contact": 1786789974,
        "baro_altitude": 9753.6,
        "on_ground": false,
        "velocity": 236.99,
        "true_track": 334.27,
        "vertical_rate": 0,
        "geo_altitude": 10294.62,
        "squawk": "1211",
        "spi": false,
        "position_source": 0
      }
    },
    {
      "type": "Feature",
      "geometry": {
        "type": "Point",
        "coordinates": [
          7.2348,
          47.3149
        ]
      },
      "properties": {
        "icao24": "39de59",
        "callsign": "TVF83DW",
        "origin_country": "France",
        "time_position": 1786789974,
        "last_contact": 1786789974,
        "baro_altitude": 11590.02,
        "on_ground": false,
        "velocity": 221.24,
        "true_track": 269.07,
        "vertical_rate": -0.33,
        "geo_altitude": 12138.66,
        "squawk": "1000",
        "spi": false,
        "position_source": 0
      }
    },
    {
      "type": "Feature",
      "geometry": {
        "type": "Point",
        "coordinates": [
          8.696,
          45.1141
        ]
      },
      "properties": {
        "icao24": "39de42",
        "callsign": "TVF36AV",
        "origin_country": "France",
        "time_position": 1786789974,
        "last_contact": 1786789974,
        "baro_altitude": 11590.02,
        "on_ground": false,
        "velocity": 224.52,
        "true_track": 306.24,
        "vertical_rate": 0.33,
        "geo_altitude": 12146.28,
        "squawk": "6634",
        "spi": false,
        "position_source": 0
      }
    },
    {
      "type": "Feature",
      "geometry": {
        "type": "Point",
        "coordinates": [
          14.1993,
          41.7899
        ]
      },
      "properties": {
        "icao24": "4bc8c8",
        "callsign": "PGT52EY",
        "origin_country": "Turkey",
        "time_position": 1786789974,
        "last_contact": 1786789974,
        "baro_altitude": 9845.04,
        "on_ground": false,
        "velocity": 245,
        "true_track": 88.2,
        "vertical_rate": 4.88,
        "geo_altitude": 10370.82,
        "squawk": null,
        "spi": false,
        "position_source": 0
      }
    },
    {
      "type": "Feature",
      "geometry": {
        "type": "Point",
        "coordinates": [
          18.3341,
          45.5427
        ]
      },
      "properties": {
        "icao24": "4bc8c9",
        "callsign": "PGT357X",
        "origin_country": "Turkey",
        "time_position": 1786789974,
        "last_contact": 1786789974,
        "baro_altitude": 10675.62,
        "on_ground": false,
        "velocity": 245.53,
        "true_track": 121.03,
        "vertical_rate": 0,
        "geo_altitude": 11178.54,
        "squawk": "4631",
        "spi": false,
        "position_source": 0
      }
    },
    {
      "type": "Feature",
      "geometry": {
        "type": "Point",
        "coordinates": [
          15.245,
          46.0575
        ]
      },
      "properties": {
        "icao24": "511171",
        "callsign": "CFG4PK",
        "origin_country": "Estonia",
        "time_position": 1786789974,
        "last_contact": 1786789974,
        "baro_altitude": 10980.42,
        "on_ground": false,
        "velocity": 224.87,
        "true_track": 325.91,
        "vertical_rate": -0.33,
        "geo_altitude": 11498.58,
        "squawk": "2063",
        "spi": false,
        "position_source": 0
      }
    },
    {
      "type": "Feature",
      "geometry": {
        "type": "Point",
        "coordinates": [
          11.7588,
          47.5558
        ]
      },
      "properties": {
        "icao24": "51118a",
        "callsign": "MBU1MR",
        "origin_country": "Estonia",
        "time_position": 1786789974,
        "last_contact": 1786789974,
        "baro_altitude": 10363.2,
        "on_ground": false,
        "velocity": 243.4,
        "true_track": 181.33,
        "vertical_rate": 7.48,
        "geo_altitude": 10873.74,
        "squawk": "3633",
        "spi": false,
        "position_source": 0
      }
    },
    {
      "type": "Feature",
      "geometry": {
        "type": "Point",
        "coordinates": [
          14.9885,
          38.3549
        ]
      },
      "properties": {
        "icao24": "407a3e",
        "callsign": "AWC669",
        "origin_country": "United Kingdom",
        "time_position": 1786789974,
        "last_contact": 1786789974,
        "baro_altitude": 10668,
        "on_ground": false,
        "velocity": 249.39,
        "true_track": 128.38,
        "vertical_rate": 0.33,
        "geo_altitude": 11239.5,
        "squawk": "1454",
        "spi": false,
        "position_source": 0
      }
    },
    {
      "type": "Feature",
      "geometry": {
        "type": "Point",
        "coordinates": [
          8.5701,
          47.4576
        ]
      },
      "properties": {
        "icao24": "4bc8e1",
        "callsign": "PGT893P",
        "origin_country": "Turkey",
        "time_position": 1786789973,
        "last_contact": 1786789973,
        "baro_altitude": null,
        "on_ground": true,
        "velocity": 3.86,
        "true_track": 115.31,
        "vertical_rate": null,
        "geo_altitude": null,
        "squawk": "3006",
        "spi": false,
        "position_source": 0
      }
    },
    {
      "type": "Feature",
      "geometry": {
        "type": "Point",
        "coordinates": [
          8.4708,
          43.8306
        ]
      },
      "properties": {
        "icao24": "505dac",
        "callsign": "ELJ402",
        "origin_country": "Slovakia",
        "time_position": 1786789974,
        "last_contact": 1786789974,
        "baro_altitude": 9448.8,
        "on_ground": false,
        "velocity": 196.79,
        "true_track": 68.53,
        "vertical_rate": 10.08,
        "geo_altitude": 9966.96,
        "squawk": "1000",
        "spi": false,
        "position_source": 0
      }
    },
    {
      "type": "Feature",
      "geometry": {
        "type": "Point",
        "coordinates": [
          10.7333,
          43.7469
        ]
      },
      "properties": {
        "icao24": "46b82c",
        "callsign": "AEE855",
        "origin_country": "Greece",
        "time_position": 1786789974,
        "last_contact": 1786789974,
        "baro_altitude": 11239.5,
        "on_ground": false,
        "velocity": 245.6,
        "true_track": 119.63,
        "vertical_rate": 1.3,
        "geo_altitude": 11795.76,
        "squawk": "5710",
        "spi": false,
        "position_source": 0
      }
    },
    {
      "type": "Feature",
      "geometry": {
        "type": "Point",
        "coordinates": [
          13.7152,
          46.9036
        ]
      },
      "properties": {
        "icao24": "3c5eec",
        "callsign": "EWG6SB",
        "origin_country": "Germany",
        "time_position": 1786789974,
        "last_contact": 1786789974,
        "baro_altitude": 11590.02,
        "on_ground": false,
        "velocity": 219.95,
        "true_track": 341.31,
        "vertical_rate": 0,
        "geo_altitude": 12108.18,
        "squawk": "6067",
        "spi": false,
        "position_source": 0
      }
    },
    {
      "type": "Feature",
      "geometry": {
        "type": "Point",
        "coordinates": [
          10.4229,
          46.5729
        ]
      },
      "properties": {
        "icao24": "46b833",
        "callsign": "AEE61PG",
        "origin_country": "Greece",
        "time_position": 1786789974,
        "last_contact": 1786789974,
        "baro_altitude": 10668,
        "on_ground": false,
        "velocity": 243.82,
        "true_track": 131.49,
        "vertical_rate": 0,
        "geo_altitude": 11224.26,
        "squawk": "0661",
        "spi": false,
        "position_source": 0
      }
    },
    {
      "type": "Feature",
      "geometry": {
        "type": "Point",
        "coordinates": [
          15.3306,
          47.3583
        ]
      },
      "properties": {
        "icao24": "3ffc65",
        "callsign": "DMHLT",
        "origin_country": "Germany",
        "time_position": 1786789973,
        "last_contact": 1786789973,
        "baro_altitude": 1470.66,
        "on_ground": false,
        "velocity": 38.75,
        "true_track": 185.33,
        "vertical_rate": -0.33,
        "geo_altitude": 1592.58,
        "squawk": "7000",
        "spi": false,
        "position_source": 0
      }
    },
    {
      "type": "Feature",
      "geometry": {
        "type": "Point",
        "coordinates": [
          12.9176,
          45.485
        ]
      },
      "properties": {
        "icao24": "46b823",
        "callsign": "AEE3BR",
        "origin_country": "Greece",
        "time_position": 1786789974,
        "last_contact": 1786789974,
        "baro_altitude": 10668,
        "on_ground": false,
        "velocity": 244.58,
        "true_track": 136.88,
        "vertical_rate": 0,
        "geo_altitude": 11193.78,
        "squawk": "0112",
        "spi": false,
        "position_source": 0
      }
    },
    {
      "type": "Feature",
      "geometry": {
        "type": "Point",
        "coordinates": [
          8.3239,
          47.7085
        ]
      },
      "properties": {
        "icao24": "44022d",
        "callsign": "AUA137P",
        "origin_country": "Austria",
        "time_position": 1786789974,
        "last_contact": 1786789974,
        "baro_altitude": 1684.02,
        "on_ground": false,
        "velocity": 122.49,
        "true_track": 204.3,
        "vertical_rate": -5.85,
        "geo_altitude": 1866.9,
        "squawk": "1000",
        "spi": false,
        "position_source": 0
      }
    },
    {
      "type": "Feature",
      "geometry": {
        "type": "Point",
        "coordinates": [
          8.1424,
          41.2106
        ]
      },
      "properties": {
        "icao24": "343183",
        "callsign": "INI263",
        "origin_country": "Spain",
        "time_position": 1786789974,
        "last_contact": 1786789974,
        "baro_altitude": 6400.8,
        "on_ground": false,
        "velocity": 211.64,
        "true_track": 163.77,
        "vertical_rate": 0,
        "geo_altitude": 6789.42,
        "squawk": "7621",
        "spi": false,
        "position_source": 0
      }
    },
    {
      "type": "Feature",
      "geometry": {
        "type": "Point",
        "coordinates": [
          7.1927,
          41.69
        ]
      },
      "properties": {
        "icao24": "4aca83",
        "callsign": "NSZ2887",
        "origin_country": "Sweden",
        "time_position": 1786789974,
        "last_contact": 1786789974,
        "baro_altitude": 10972.8,
        "on_ground": false,
        "velocity": 239.22,
        "true_track": 36.87,
        "vertical_rate": 0,
        "geo_altitude": 11551.92,
        "squawk": "5305",
        "spi": false,
        "position_source": 0
      }
    },
    {
      "type": "Feature",
      "geometry": {
        "type": "Point",
        "coordinates": [
          11.0652,
          47.2619
        ]
      },
      "properties": {
        "icao24": "4aca89",
        "callsign": "NSZ2MP",
        "origin_country": "Sweden",
        "time_position": 1786789974,
        "last_contact": 1786789974,
        "baro_altitude": 10972.8,
        "on_ground": false,
        "velocity": 227.38,
        "true_track": 5.45,
        "vertical_rate": 0,
        "geo_altitude": 11513.82,
        "squawk": "1000",
        "spi": false,
        "position_source": 0
      }
    },
    {
      "type": "Feature",
      "geometry": {
        "type": "Point",
        "coordinates": [
          16.9424,
          45.2709
        ]
      },
      "properties": {
        "icao24": "4aca93",
        "callsign": "NSZ3280",
        "origin_country": "Sweden",
        "time_position": 1786789974,
        "last_contact": 1786789974,
        "baro_altitude": 10904.22,
        "on_ground": false,
        "velocity": 245.59,
        "true_track": 164.94,
        "vertical_rate": -3.58,
        "geo_altitude": 11430,
        "squawk": "7674",
        "spi": false,
        "position_source": 0
      }
    },
    {
      "type": "Feature",
      "geometry": {
        "type": "Point",
        "coordinates": [
          7.3955,
          47.2418
        ]
      },
      "properties": {
        "icao24": "3c5eee",
        "callsign": "EWG52VU",
        "origin_country": "Germany",
        "time_position": 1786789974,
        "last_contact": 1786789974,
        "baro_altitude": 11269.98,
        "on_ground": false,
        "velocity": 223.35,
        "true_track": 221.73,
        "vertical_rate": 0.33,
        "geo_altitude": 11795.76,
        "squawk": "2525",
        "spi": false,
        "position_source": 0
      }
    },
    {
      "type": "Feature",
      "geometry": {
        "type": "Point",
        "coordinates": [
          15.7791,
          45.3546
        ]
      },
      "properties": {
        "icao24": "4520ce",
        "callsign": "TFL25M",
        "origin_country": "Bulgaria",
        "time_position": 1786789974,
        "last_contact": 1786789974,
        "baro_altitude": 10972.8,
        "on_ground": false,
        "velocity": 229.11,
        "true_track": 324.6,
        "vertical_rate": 0,
        "geo_altitude": 11498.58,
        "squawk": "5531",
        "spi": false,
        "position_source": 0
      }
    },
    {
      "type": "Feature",
      "geometry": {
        "type": "Point",
        "coordinates": [
          16.7146,
          43.5195
        ]
      },
      "properties": {
        "icao24": "4400ec",
        "callsign": "EJU38DP",
        "origin_country": "Austria",
        "time_position": 1786789964,
        "last_contact": 1786789971,
        "baro_altitude": 10972.8,
        "on_ground": false,
        "velocity": 229.65,
        "true_track": 349.55,
        "vertical_rate": -0.33,
        "geo_altitude": 11506.2,
        "squawk": "1000",
        "spi": false,
        "position_source": 0
      }
    },
    {
      "type": "Feature",
      "geometry": {
        "type": "Point",
        "coordinates": [
          13.9303,
          43.5766
        ]
      },
      "properties": {
        "icao24": "471f9a",
        "callsign": "WZZ4KK",
        "origin_country": "Hungary",
        "time_position": 1786789974,
        "last_contact": 1786789974,
        "baro_altitude": 6019.8,
        "on_ground": false,
        "velocity": 177.59,
        "true_track": 271.99,
        "vertical_rate": -2.28,
        "geo_altitude": 6385.56,
        "squawk": "4131",
        "spi": false,
        "position_source": 0
      }
    },
    {
      "type": "Feature",
      "geometry": {
        "type": "Point",
        "coordinates": [
          13.3753,
          46.7062
        ]
      },
      "properties": {
        "icao24": "4520fb",
        "callsign": "GPX600",
        "origin_country": "Bulgaria",
        "time_position": 1786789974,
        "last_contact": 1786789974,
        "baro_altitude": 10363.2,
        "on_ground": false,
        "velocity": 213.41,
        "true_track": 312.26,
        "vertical_rate": 0,
        "geo_altitude": 10873.74,
        "squawk": "0530",
        "spi": false,
        "position_source": 0
      }
    },
    {
      "type": "Feature",
      "geometry": {
        "type": "Point",
        "coordinates": [
          10.8597,
          41.7174
        ]
      },
      "properties": {
        "icao24": "471f68",
        "callsign": "WMT1CE",
        "origin_country": "Hungary",
        "time_position": 1786789974,
        "last_contact": 1786789974,
        "baro_altitude": 11285.22,
        "on_ground": false,
        "velocity": 228.08,
        "true_track": 249.4,
        "vertical_rate": 0,
        "geo_altitude": 11856.72,
        "squawk": "4154",
        "spi": false,
        "position_source": 0
      }
    },
    {
      "type": "Feature",
      "geometry": {
        "type": "Point",
        "coordinates": [
          12.7657,
          44.1393
        ]
      },
      "properties": {
        "icao24": "471f71",
        "callsign": "WMT652",
        "origin_country": "Hungary",
        "time_position": 1786789974,
        "last_contact": 1786789974,
        "baro_altitude": 10668,
        "on_ground": false,
        "velocity": 236.03,
        "true_track": 82.61,
        "vertical_rate": -0.33,
        "geo_altitude": 11186.16,
        "squawk": "3741",
        "spi": false,
        "position_source": 0
      }
    },
    {
      "type": "Feature",
      "geometry": {
        "type": "Point",
        "coordinates": [
          11.1247,
          44.6045
        ]
      },
      "properties": {
        "icao24": "471f5d",
        "callsign": "WMT7340",
        "origin_country": "Hungary",
        "time_position": 1786789973,
        "last_contact": 1786789973,
        "baro_altitude": 731.52,
        "on_ground": false,
        "velocity": 89.61,
        "true_track": 177.37,
        "vertical_rate": -7.48,
        "geo_altitude": 845.82,
        "squawk": "1000",
        "spi": false,
        "position_source": 0
      }
    },
    {
      "type": "Feature",
      "geometry": {
        "type": "Point",
        "coordinates": [
          13.1847,
          46.8146
        ]
      },
      "properties": {
        "icao24": "471f55",
        "callsign": "WMT749",
        "origin_country": "Hungary",
        "time_position": 1786789974,
        "last_contact": 1786789974,
        "baro_altitude": 10363.2,
        "on_ground": false,
        "velocity": 227.41,
        "true_track": 269.22,
        "vertical_rate": 0.33,
        "geo_altitude": 10881.36,
        "squawk": "1000",
        "spi": false,
        "position_source": 0
      }
    },
    {
      "type": "Feature",
      "geometry": {
        "type": "Point",
        "coordinates": [
          11.7964,
          43.1875
        ]
      },
      "properties": {
        "icao24": "4400d0",
        "callsign": "TYW432",
        "origin_country": "Austria",
        "time_position": 1786789973,
        "last_contact": 1786789974,
        "baro_altitude": 11582.4,
        "on_ground": false,
        "velocity": 229.08,
        "true_track": 355.62,
        "vertical_rate": 0,
        "geo_altitude": 12169.14,
        "squawk": "4301",
        "spi": false,
        "position_source": 0
      }
    },
    {
      "type": "Feature",
      "geometry": {
        "type": "Point",
        "coordinates": [
          12.7204,
          47.2589
        ]
      },
      "properties": {
        "icao24": "801612",
        "callsign": "AIC162",
        "origin_country": "India",
        "time_position": 1786789974,
        "last_contact": 1786789974,
        "baro_altitude": 11277.6,
        "on_ground": false,
        "velocity": 258.23,
        "true_track": 141.71,
        "vertical_rate": 0,
        "geo_altitude": 11803.38,
        "squawk": "2263",
        "spi": false,
        "position_source": 0
      }
    },
    {
      "type": "Feature",
      "geometry": {
        "type": "Point",
        "coordinates": [
          17.791,
          40.6811
        ]
      },
      "properties": {
        "icao24": "5003c6",
        "callsign": "FTC55",
        "origin_country": "San Marino",
        "time_position": 1786789972,
        "last_contact": 1786789973,
        "baro_altitude": 11887.2,
        "on_ground": false,
        "velocity": 244.67,
        "true_track": 94.7,
        "vertical_rate": 0,
        "geo_altitude": 12466.32,
        "squawk": null,
        "spi": false,
        "position_source": 0
      }
    },
    {
      "type": "Feature",
      "geometry": {
        "type": "Point",
        "coordinates": [
          15.3244,
          47.4712
        ]
      },
      "properties": {
        "icao24": "471f01",
        "callsign": "WMT714",
        "origin_country": "Hungary",
        "time_position": 1786789974,
        "last_contact": 1786789974,
        "baro_altitude": 10683.24,
        "on_ground": false,
        "velocity": 231.52,
        "true_track": 120.44,
        "vertical_rate": 0,
        "geo_altitude": 11170.92,
        "squawk": "6437",
        "spi": false,
        "position_source": 0
      }
    },
    {
      "type": "Feature",
      "geometry": {
        "type": "Point",
        "coordinates": [
          10.3913,
          42.0862
        ]
      },
      "properties": {
        "icao24": "500374",
        "callsign": "T7GPM",
        "origin_country": "San Marino",
        "time_position": 1786789960,
        "last_contact": 1786789973,
        "baro_altitude": 3200.4,
        "on_ground": false,
        "velocity": 156.19,
        "true_track": 36.83,
        "vertical_rate": 0,
        "geo_altitude": 3398.52,
        "squawk": null,
        "spi": false,
        "position_source": 0
      }
    },
    {
      "type": "Feature",
      "geometry": {
        "type": "Point",
        "coordinates": [
          16.4099,
          44.4943
        ]
      },
      "properties": {
        "icao24": "407b55",
        "callsign": "WUK7JA",
        "origin_country": "United Kingdom",
        "time_position": 1786789973,
        "last_contact": 1786789973,
        "baro_altitude": 10972.8,
        "on_ground": false,
        "velocity": 225.91,
        "true_track": 315.65,
        "vertical_rate": 0,
        "geo_altitude": 11506.2,
        "squawk": "1360",
        "spi": false,
        "position_source": 0
      }
    },
    {
      "type": "Feature",
      "geometry": {
        "type": "Point",
        "coordinates": [
          12.3408,
          45.5011
        ]
      },
      "properties": {
        "icao24": "407b8e",
        "callsign": null,
        "origin_country": "United Kingdom",
        "time_position": 1786789903,
        "last_contact": 1786789903,
        "baro_altitude": null,
        "on_ground": true,
        "velocity": 0.9,
        "true_track": 272.81,
        "vertical_rate": null,
        "geo_altitude": null,
        "squawk": null,
        "spi": false,
        "position_source": 0
      }
    },
    {
      "type": "Feature",
      "geometry": {
        "type": "Point",
        "coordinates": [
          13.6148,
          36.6994
        ]
      },
      "properties": {
        "icao24": "3c4b45",
        "callsign": "EWG20T",
        "origin_country": "Germany",
        "time_position": 1786789973,
        "last_contact": 1786789973,
        "baro_altitude": 6903.72,
        "on_ground": false,
        "velocity": 207.76,
        "true_track": 324.07,
        "vertical_rate": 8.78,
        "geo_altitude": 7322.82,
        "squawk": "6571",
        "spi": false,
        "position_source": 0
      }
    },
    {
      "type": "Feature",
      "geometry": {
        "type": "Point",
        "coordinates": [
          6.2325,
          47.0106
        ]
      },
      "properties": {
        "icao24": "3c4b4b",
        "callsign": "EWG87Q",
        "origin_country": "Germany",
        "time_position": 1786789974,
        "last_contact": 1786789974,
        "baro_altitude": 11277.6,
        "on_ground": false,
        "velocity": 225.24,
        "true_track": 185.24,
        "vertical_rate": 0,
        "geo_altitude": 11826.24,
        "squawk": "4121",
        "spi": false,
        "position_source": 0
      }
    },
    {
      "type": "Feature",
      "geometry": {
        "type": "Point",
        "coordinates": [
          15.6563,
          46.5109
        ]
      },
      "properties": {
        "icao24": "506fc2",
        "callsign": "S5PGI",
        "origin_country": "Slovenia",
        "time_position": 1786789960,
        "last_contact": 1786789960,
        "baro_altitude": 510.54,
        "on_ground": false,
        "velocity": 50.92,
        "true_track": 161.75,
        "vertical_rate": -1.63,
        "geo_altitude": 617.22,
        "squawk": "3367",
        "spi": false,
        "position_source": 0
      }
    },
    {
      "type": "Feature",
      "geometry": {
        "type": "Point",
        "coordinates": [
          9.136,
          47.682
        ]
      },
      "properties": {
        "icao24": "440385",
        "callsign": "OECWI",
        "origin_country": "Austria",
        "time_position": 1786789935,
        "last_contact": 1786789935,
        "baro_altitude": null,
        "on_ground": true,
        "velocity": 0,
        "true_track": 33.75,
        "vertical_rate": null,
        "geo_altitude": null,
        "squawk": null,
        "spi": false,
        "position_source": 0
      }
    },
    {
      "type": "Feature",
      "geometry": {
        "type": "Point",
        "coordinates": [
          10.9655,
          47.4313
        ]
      },
      "properties": {
        "icao24": "3edb8e",
        "callsign": "DKYCK",
        "origin_country": "Germany",
        "time_position": 1786789974,
        "last_contact": 1786789974,
        "baro_altitude": 2994.66,
        "on_ground": false,
        "velocity": 38.94,
        "true_track": 46.61,
        "vertical_rate": -2.6,
        "geo_altitude": 3223.26,
        "squawk": "4453",
        "spi": false,
        "position_source": 0
      }
    },
    {
      "type": "Feature",
      "geometry": {
        "type": "Point",
        "coordinates": [
          11.9528,
          47.5984
        ]
      },
      "properties": {
        "icao24": "4aca0a",
        "callsign": "NSZ3740",
        "origin_country": "Sweden",
        "time_position": 1786789974,
        "last_contact": 1786789974,
        "baro_altitude": 9204.96,
        "on_ground": false,
        "velocity": 215.6,
        "true_track": 207.42,
        "vertical_rate": -4.88,
        "geo_altitude": 9685.02,
        "squawk": "1000",
        "spi": false,
        "position_source": 0
      }
    },
    {
      "type": "Feature",
      "geometry": {
        "type": "Point",
        "coordinates": [
          8.1475,
          47.2081
        ]
      },
      "properties": {
        "icao24": "4b51e2",
        "callsign": "HB3387",
        "origin_country": "Switzerland",
        "time_position": 1786789973,
        "last_contact": 1786789973,
        "baro_altitude": 1363.98,
        "on_ground": false,
        "velocity": 39.83,
        "true_track": 298.55,
        "vertical_rate": -0.33,
        "geo_altitude": 1493.52,
        "squawk": "7000",
        "spi": false,
        "position_source": 0
      }
    },
    {
      "type": "Feature",
      "geometry": {
        "type": "Point",
        "coordinates": [
          12.9881,
          45.6278
        ]
      },
      "properties": {
        "icao24": "505cd1",
        "callsign": "OMS370",
        "origin_country": "Slovakia",
        "time_position": 1786789974,
        "last_contact": 1786789974,
        "baro_altitude": 137.16,
        "on_ground": false,
        "velocity": 48.4,
        "true_track": 87.56,
        "vertical_rate": -0.33,
        "geo_altitude": 205.74,
        "squawk": "2000",
        "spi": false,
        "position_source": 0
      }
    },
    {
      "type": "Feature",
      "geometry": {
        "type": "Point",
        "coordinates": [
          7.9537,
          47.4922
        ]
      },
      "properties": {
        "icao24": "4b51d1",
        "callsign": "HB3370",
        "origin_country": "Switzerland",
        "time_position": 1786789973,
        "last_contact": 1786789973,
        "baro_altitude": 1341.12,
        "on_ground": false,
        "velocity": 26.58,
        "true_track": 222.65,
        "vertical_rate": -0.33,
        "geo_altitude": 1470.66,
        "squawk": "7000",
        "spi": false,
        "position_source": 0
      }
    },
    {
      "type": "Feature",
      "geometry": {
        "type": "Point",
        "coordinates": [
          9.3413,
          44.7952
        ]
      },
      "properties": {
        "icao24": "440358",
        "callsign": "FTY6",
        "origin_country": "Austria",
        "time_position": 1786789974,
        "last_contact": 1786789974,
        "baro_altitude": 7924.8,
        "on_ground": false,
        "velocity": 190.43,
        "true_track": 39.41,
        "vertical_rate": 0,
        "geo_altitude": 8359.14,
        "squawk": "1000",
        "spi": false,
        "position_source": 0
      }
    },
    {
      "type": "Feature",
      "geometry": {
        "type": "Point",
        "coordinates": [
          10.5887,
          45.6476
        ]
      },
      "properties": {
        "icao24": "471fa5",
        "callsign": "WMT6QH",
        "origin_country": "Hungary",
        "time_position": 1786789974,
        "last_contact": 1786789974,
        "baro_altitude": 8580.12,
        "on_ground": false,
        "velocity": 221.22,
        "true_track": 270.53,
        "vertical_rate": -5.2,
        "geo_altitude": 9060.18,
        "squawk": "7366",
        "spi": false,
        "position_source": 0
      }
    },
    {
      "type": "Feature",
      "geometry": {
        "type": "Point",
        "coordinates": [
          9.163,
          45.8018
        ]
      },
      "properties": {
        "icao24": "44034b",
        "callsign": "EJU62ZC",
        "origin_country": "Austria",
        "time_position": 1786789974,
        "last_contact": 1786789974,
        "baro_altitude": 3970.02,
        "on_ground": false,
        "velocity": 172.88,
        "true_track": 9.94,
        "vertical_rate": 21.78,
        "geo_altitude": 4213.86,
        "squawk": "0455",
        "spi": false,
        "position_source": 0
      }
    },
    {
      "type": "Feature",
      "geometry": {
        "type": "Point",
        "coordinates": [
          17.9277,
          47.1111
        ]
      },
      "properties": {
        "icao24": "4bb4e3",
        "callsign": "MGH657",
        "origin_country": "Turkey",
        "time_position": 1786789974,
        "last_contact": 1786789974,
        "baro_altitude": 11582.4,
        "on_ground": false,
        "velocity": 225.06,
        "true_track": 297.8,
        "vertical_rate": 0,
        "geo_altitude": 12077.7,
        "squawk": "5342",
        "spi": false,
        "position_source": 0
      }
    },
    {
      "type": "Feature",
      "geometry": {
        "type": "Point",
        "coordinates": [
          9.522,
          47.6736
        ]
      },
      "properties": {
        "icao24": "471fad",
        "callsign": "WZZ97TV",
        "origin_country": "Hungary",
        "time_position": 1786789835,
        "last_contact": 1786789835,
        "baro_altitude": null,
        "on_ground": true,
        "velocity": 5.14,
        "true_track": 59.06,
        "vertical_rate": null,
        "geo_altitude": null,
        "squawk": "6042",
        "spi": false,
        "position_source": 0
      }
    },
    {
      "type": "Feature",
      "geometry": {
        "type": "Point",
        "coordinates": [
          10.0596,
          47.2446
        ]
      },
      "properties": {
        "icao24": "505e93",
        "callsign": "OMFTS",
        "origin_country": "Slovakia",
        "time_position": 1786789974,
        "last_contact": 1786789974,
        "baro_altitude": 5509.26,
        "on_ground": false,
        "velocity": 171.52,
        "true_track": 83.11,
        "vertical_rate": -6.5,
        "geo_altitude": 5852.16,
        "squawk": "1000",
        "spi": false,
        "position_source": 0
      }
    },
    {
      "type": "Feature",
      "geometry": {
        "type": "Point",
        "coordinates": [
          11.4404,
          47.4581
        ]
      },
      "properties": {
        "icao24": "a0e40f",
        "callsign": "N1569C",
        "origin_country": "United States",
        "time_position": 1786789974,
        "last_contact": 1786789974,
        "baro_altitude": 8534.4,
        "on_ground": false,
        "velocity": 148.68,
        "true_track": 306.28,
        "vertical_rate": 0,
        "geo_altitude": 8968.74,
        "squawk": "6655",
        "spi": false,
        "position_source": 0
      }
    },
    {
      "type": "Feature",
      "geometry": {
        "type": "Point",
        "coordinates": [
          13.8684,
          43.2626
        ]
      },
      "properties": {
        "icao24": "4bc84b",
        "callsign": "PGT1149",
        "origin_country": "Turkey",
        "time_position": 1786789974,
        "last_contact": 1786789974,
        "baro_altitude": 10363.2,
        "on_ground": false,
        "velocity": 233.19,
        "true_track": 265.7,
        "vertical_rate": 0,
        "geo_altitude": 10888.98,
        "squawk": "7340",
        "spi": false,
        "position_source": 0
      }
    },
    {
      "type": "Feature",
      "geometry": {
        "type": "Point",
        "coordinates": [
          8.0772,
          45.6077
        ]
      },
      "properties": {
        "icao24": "4521b2",
        "callsign": "GPX700",
        "origin_country": "Bulgaria",
        "time_position": 1786789974,
        "last_contact": 1786789974,
        "baro_altitude": 9006.84,
        "on_ground": false,
        "velocity": 224.81,
        "true_track": 292.75,
        "vertical_rate": -4.55,
        "geo_altitude": null,
        "squawk": "7212",
        "spi": false,
        "position_source": 0
      }
    },
    {
      "type": "Feature",
      "geometry": {
        "type": "Point",
        "coordinates": [
          8.4018,
          47.5802
        ]
      },
      "properties": {
        "icao24": "4401d4",
        "callsign": "BOM1",
        "origin_country": "Austria",
        "time_position": 1786789974,
        "last_contact": 1786789974,
        "baro_altitude": 1165.86,
        "on_ground": false,
        "velocity": 95.7,
        "true_track": 136.52,
        "vertical_rate": -5.53,
        "geo_altitude": 1280.16,
        "squawk": "1000",
        "spi": false,
        "position_source": 0
      }
    },
    {
      "type": "Feature",
      "geometry": {
        "type": "Point",
        "coordinates": [
          7.4728,
          46.7177
        ]
      },
      "properties": {
        "icao24": "4b5224",
        "callsign": "HB3453",
        "origin_country": "Switzerland",
        "time_position": 1786789974,
        "last_contact": 1786789974,
        "baro_altitude": 1981.2,
        "on_ground": false,
        "velocity": 46.77,
        "true_track": 320.36,
        "vertical_rate": -0.33,
        "geo_altitude": 2156.46,
        "squawk": "7000",
        "spi": false,
        "position_source": 0
      }
    },
    {
      "type": "Feature",
      "geometry": {
        "type": "Point",
        "coordinates": [
          8.1396,
          44.0463
        ]
      },
      "properties": {
        "icao24": "a02aab",
        "callsign": "N11JJ",
        "origin_country": "United States",
        "time_position": 1786789973,
        "last_contact": 1786789973,
        "baro_altitude": 3200.4,
        "on_ground": false,
        "velocity": 70.17,
        "true_track": 143.05,
        "vertical_rate": 0.33,
        "geo_altitude": 3413.76,
        "squawk": "7000",
        "spi": false,
        "position_source": 0
      }
    },
    {
      "type": "Feature",
      "geometry": {
        "type": "Point",
        "coordinates": [
          12.1107,
          46.4289
        ]
      },
      "properties": {
        "icao24": "4401f7",
        "callsign": "EJU19EG",
        "origin_country": "Austria",
        "time_position": 1786789974,
        "last_contact": 1786789974,
        "baro_altitude": 9753.6,
        "on_ground": false,
        "velocity": 216.69,
        "true_track": 71.74,
        "vertical_rate": 0,
        "geo_altitude": 10271.76,
        "squawk": "1000",
        "spi": false,
        "position_source": 0
      }
    },
    {
      "type": "Feature",
      "geometry": {
        "type": "Point",
        "coordinates": [
          13.1892,
          38.5163
        ]
      },
      "properties": {
        "icao24": "5002d1",
        "callsign": "T7NTT",
        "origin_country": "San Marino",
        "time_position": 1786789850,
        "last_contact": 1786789850,
        "baro_altitude": 3192.78,
        "on_ground": false,
        "velocity": 153.39,
        "true_track": 145.94,
        "vertical_rate": -5.2,
        "geo_altitude": 3474.72,
        "squawk": "1000",
        "spi": false,
        "position_source": 0
      }
    },
    {
      "type": "Feature",
      "geometry": {
        "type": "Point",
        "coordinates": [
          10.4576,
          40.9682
        ]
      },
      "properties": {
        "icao24": "4bc881",
        "callsign": "PGT5BM",
        "origin_country": "Turkey",
        "time_position": 1786789974,
        "last_contact": 1786789974,
        "baro_altitude": 10668,
        "on_ground": false,
        "velocity": 230.31,
        "true_track": 253.39,
        "vertical_rate": 0,
        "geo_altitude": 11231.88,
        "squawk": null,
        "spi": false,
        "position_source": 0
      }
    },
    {
      "type": "Feature",
      "geometry": {
        "type": "Point",
        "coordinates": [
          16.0816,
          46.1949
        ]
      },
      "properties": {
        "icao24": "4bc882",
        "callsign": "PGT64N",
        "origin_country": "Turkey",
        "time_position": 1786789974,
        "last_contact": 1786789974,
        "baro_altitude": 10675.62,
        "on_ground": false,
        "velocity": 243.87,
        "true_track": 116.84,
        "vertical_rate": 0,
        "geo_altitude": 11193.78,
        "squawk": "6431",
        "spi": false,
        "position_source": 0
      }
    },
    {
      "type": "Feature",
      "geometry": {
        "type": "Point",
        "coordinates": [
          11.0983,
          37.819
        ]
      },
      "properties": {
        "icao24": "4bc889",
        "callsign": "PGT751",
        "origin_country": "Turkey",
        "time_position": 1786789974,
        "last_contact": 1786789974,
        "baro_altitude": 10363.2,
        "on_ground": false,
        "velocity": 233.08,
        "true_track": 244.23,
        "vertical_rate": 0,
        "geo_altitude": 10942.32,
        "squawk": "2346",
        "spi": false,
        "position_source": 0
      }
    },
    {
      "type": "Feature",
      "geometry": {
        "type": "Point",
        "coordinates": [
          18.3317,
          45.4719
        ]
      },
      "properties": {
        "icao24": "4bc893",
        "callsign": "PGT73G",
        "origin_country": "Turkey",
        "time_position": 1786789974,
        "last_contact": 1786789974,
        "baro_altitude": 10058.4,
        "on_ground": false,
        "velocity": 240.58,
        "true_track": 123.04,
        "vertical_rate": 0,
        "geo_altitude": 10553.7,
        "squawk": "7652",
        "spi": false,
        "position_source": 0
      }
    },
    {
      "type": "Feature",
      "geometry": {
        "type": "Point",
        "coordinates": [
          10.9996,
          47.0428
        ]
      },
      "properties": {
        "icao24": "4401b3",
        "callsign": "OEEKZ",
        "origin_country": "Austria",
        "time_position": 1786789973,
        "last_contact": 1786789974,
        "baro_altitude": 4846.32,
        "on_ground": false,
        "velocity": 142.93,
        "true_track": 58.54,
        "vertical_rate": 0,
        "geo_altitude": 5151.12,
        "squawk": "7000",
        "spi": false,
        "position_source": 0
      }
    },
    {
      "type": "Feature",
      "geometry": {
        "type": "Point",
        "coordinates": [
          7.4696,
          46.4729
        ]
      },
      "properties": {
        "icao24": "4b515d",
        "callsign": "HB3254",
        "origin_country": "Switzerland",
        "time_position": 1786789974,
        "last_contact": 1786789974,
        "baro_altitude": 2750.82,
        "on_ground": false,
        "velocity": 36.44,
        "true_track": 76.94,
        "vertical_rate": -0.33,
        "geo_altitude": 2964.18,
        "squawk": "7000",
        "spi": false,
        "position_source": 0
      }
    },
    {
      "type": "Feature",
      "geometry": {
        "type": "Point",
        "coordinates": [
          9.2516,
          47.3939
        ]
      },
      "properties": {
        "icao24": "4b5187",
        "callsign": "HB3296",
        "origin_country": "Switzerland",
        "time_position": 1786789974,
        "last_contact": 1786789974,
        "baro_altitude": 1965.96,
        "on_ground": false,
        "velocity": 35.36,
        "true_track": 8.37,
        "vertical_rate": -0.33,
        "geo_altitude": 2179.32,
        "squawk": "7000",
        "spi": false,
        "position_source": 0
      }
    },
    {
      "type": "Feature",
      "geometry": {
        "type": "Point",
        "coordinates": [
          9.2755,
          40.8513
        ]
      },
      "properties": {
        "icao24": "c058bb",
        "callsign": "ACA883",
        "origin_country": "Canada",
        "time_position": 1786789974,
        "last_contact": 1786789974,
        "baro_altitude": 11269.98,
        "on_ground": false,
        "velocity": 242.32,
        "true_track": 283.51,
        "vertical_rate": 0,
        "geo_altitude": 11871.96,
        "squawk": null,
        "spi": false,
        "position_source": 0
      }
    },
    {
      "type": "Feature",
      "geometry": {
        "type": "Point",
        "coordinates": [
          14.1442,
          46.8908
        ]
      },
      "properties": {
        "icao24": "452037",
        "callsign": "GPX5SA",
        "origin_country": "Bulgaria",
        "time_position": 1786789974,
        "last_contact": 1786789974,
        "baro_altitude": 10965.18,
        "on_ground": false,
        "velocity": 229.55,
        "true_track": 318.27,
        "vertical_rate": 0,
        "geo_altitude": null,
        "squawk": "2651",
        "spi": false,
        "position_source": 0
      }
    },
    {
      "type": "Feature",
      "geometry": {
        "type": "Point",
        "coordinates": [
          10.5951,
          47.5139
        ]
      },
      "properties": {
        "icao24": "440049",
        "callsign": "RK02",
        "origin_country": "Austria",
        "time_position": 1786789732,
        "last_contact": 1786789735,
        "baro_altitude": 1722.12,
        "on_ground": false,
        "velocity": 0.51,
        "true_track": 180,
        "vertical_rate": -2.93,
        "geo_altitude": 1897.38,
        "squawk": null,
        "spi": false,
        "position_source": 0
      }
    },
    {
      "type": "Feature",
      "geometry": {
        "type": "Point",
        "coordinates": [
          9.3643,
          47.7637
        ]
      },
      "properties": {
        "icao24": "3d47dc",
        "callsign": "DEZLS",
        "origin_country": "Germany",
        "time_position": 1786789893,
        "last_contact": 1786789966,
        "baro_altitude": 883.92,
        "on_ground": false,
        "velocity": 47.82,
        "true_track": 238.19,
        "vertical_rate": -0.33,
        "geo_altitude": null,
        "squawk": null,
        "spi": false,
        "position_source": 0
      }
    },
    {
      "type": "Feature",
      "geometry": {
        "type": "Point",
        "coordinates": [
          8.2322,
          45.6221
        ]
      },
      "properties": {
        "icao24": "440019",
        "callsign": "EJU12UB",
        "origin_country": "Austria",
        "time_position": 1786789974,
        "last_contact": 1786789974,
        "baro_altitude": 4953,
        "on_ground": false,
        "velocity": 173.68,
        "true_track": 307.18,
        "vertical_rate": 15.61,
        "geo_altitude": 5273.04,
        "squawk": "0466",
        "spi": false,
        "position_source": 0
      }
    },
    {
      "type": "Feature",
      "geometry": {
        "type": "Point",
        "coordinates": [
          14.5483,
          44.2583
        ]
      },
      "properties": {
        "icao24": "440005",
        "callsign": "EJU4623",
        "origin_country": "Austria",
        "time_position": 1786789973,
        "last_contact": 1786789974,
        "baro_altitude": 8801.1,
        "on_ground": false,
        "velocity": 220.55,
        "true_track": 125.51,
        "vertical_rate": -12.35,
        "geo_altitude": 9296.4,
        "squawk": "1000",
        "spi": false,
        "position_source": 0
      }
    },
    {
      "type": "Feature",
      "geometry": {
        "type": "Point",
        "coordinates": [
          18.9942,
          38.4737
        ]
      },
      "properties": {
        "icao24": "440031",
        "callsign": "EJU96XP",
        "origin_country": "Austria",
        "time_position": 1786789974,
        "last_contact": 1786789974,
        "baro_altitude": 10965.18,
        "on_ground": false,
        "velocity": 218.97,
        "true_track": 288.78,
        "vertical_rate": 0,
        "geo_altitude": 11490.96,
        "squawk": "2013",
        "spi": false,
        "position_source": 0
      }
    },
    {
      "type": "Feature",
      "geometry": {
        "type": "Point",
        "coordinates": [
          11.2877,
          43.7697
        ]
      },
      "properties": {
        "icao24": "44001f",
        "callsign": "EJU56MY",
        "origin_country": "Austria",
        "time_position": 1786789974,
        "last_contact": 1786789974,
        "baro_altitude": 10690.86,
        "on_ground": false,
        "velocity": 225.06,
        "true_track": 297.8,
        "vertical_rate": -4.23,
        "geo_altitude": 11239.5,
        "squawk": "2011",
        "spi": false,
        "position_source": 0
      }
    },
    {
      "type": "Feature",
      "geometry": {
        "type": "Point",
        "coordinates": [
          17.2911,
          40.6547
        ]
      },
      "properties": {
        "icao24": "8960fa",
        "callsign": "UAE6JL",
        "origin_country": "United Arab Emirates",
        "time_position": 1786789974,
        "last_contact": 1786789974,
        "baro_altitude": 12192,
        "on_ground": false,
        "velocity": 244.65,
        "true_track": 286.49,
        "vertical_rate": 0,
        "geo_altitude": 12771.12,
        "squawk": "5521",
        "spi": false,
        "position_source": 0
      }
    },
    {
      "type": "Feature",
      "geometry": {
        "type": "Point",
        "coordinates": [
          18.5072,
          47.2717
        ]
      },
      "properties": {
        "icao24": "471d6b",
        "callsign": "WZZ6NC",
        "origin_country": "Hungary",
        "time_position": 1786789974,
        "last_contact": 1786789974,
        "baro_altitude": 3688.08,
        "on_ground": false,
        "velocity": 160.47,
        "true_track": 43.57,
        "vertical_rate": -8.78,
        "geo_altitude": 3931.92,
        "squawk": "1000",
        "spi": false,
        "position_source": 0
      }
    },
    {
      "type": "Feature",
      "geometry": {
        "type": "Point",
        "coordinates": [
          13.6411,
          44.6022
        ]
      },
      "properties": {
        "icao24": "5001e5",
        "callsign": "MEA236",
        "origin_country": "San Marino",
        "time_position": 1786789974,
        "last_contact": 1786789974,
        "baro_altitude": 10050.78,
        "on_ground": false,
        "velocity": 246.41,
        "true_track": 116.94,
        "vertical_rate": 0,
        "geo_altitude": 10576.56,
        "squawk": "3751",
        "spi": false,
        "position_source": 0
      }
    },
    {
      "type": "Feature",
      "geometry": {
        "type": "Point",
        "coordinates": [
          11.4251,
          41.6331
        ]
      },
      "properties": {
        "icao24": "a6f04c",
        "callsign": "VJA546",
        "origin_country": "United States",
        "time_position": 1786789974,
        "last_contact": 1786789974,
        "baro_altitude": 13106.4,
        "on_ground": false,
        "velocity": 241.17,
        "true_track": 70.17,
        "vertical_rate": -0.33,
        "geo_altitude": 13708.38,
        "squawk": "1422",
        "spi": false,
        "position_source": 0
      }
    },
    {
      "type": "Feature",
      "geometry": {
        "type": "Point",
        "coordinates": [
          10.7889,
          43.1739
        ]
      },
      "properties": {
        "icao24": "471d62",
        "callsign": "WMT5JN",
        "origin_country": "Hungary",
        "time_position": 1786789974,
        "last_contact": 1786789974,
        "baro_altitude": 10972.8,
        "on_ground": false,
        "velocity": 227.1,
        "true_track": 27.38,
        "vertical_rate": 0,
        "geo_altitude": 11529.06,
        "squawk": "1000",
        "spi": false,
        "position_source": 0
      }
    },
    {
      "type": "Feature",
      "geometry": {
        "type": "Point",
        "coordinates": [
          16.3323,
          45.0837
        ]
      },
      "properties": {
        "icao24": "471d66",
        "callsign": "WZZ9573",
        "origin_country": "Hungary",
        "time_position": 1786789974,
        "last_contact": 1786789974,
        "baro_altitude": 9753.6,
        "on_ground": false,
        "velocity": 232.12,
        "true_track": 216.44,
        "vertical_rate": 0,
        "geo_altitude": 10256.52,
        "squawk": "1000",
        "spi": false,
        "position_source": 0
      }
    },
    {
      "type": "Feature",
      "geometry": {
        "type": "Point",
        "coordinates": [
          12.205,
          41.8662
        ]
      },
      "properties": {
        "icao24": "471d67",
        "callsign": "WZZ5061",
        "origin_country": "Hungary",
        "time_position": 1786789973,
        "last_contact": 1786789973,
        "baro_altitude": 304.8,
        "on_ground": false,
        "velocity": 67.85,
        "true_track": 162.8,
        "vertical_rate": -2.93,
        "geo_altitude": 381,
        "squawk": null,
        "spi": false,
        "position_source": 0
      }
    },
    {
      "type": "Feature",
      "geometry": {
        "type": "Point",
        "coordinates": [
          15.569,
          45.9267
        ]
      },
      "properties": {
        "icao24": "506fa1",
        "callsign": "S5PGE",
        "origin_country": "Slovenia",
        "time_position": 1786789973,
        "last_contact": 1786789974,
        "baro_altitude": 579.12,
        "on_ground": false,
        "velocity": 37.98,
        "true_track": 28.3,
        "vertical_rate": 5.85,
        "geo_altitude": 670.56,
        "squawk": null,
        "spi": false,
        "position_source": 0
      }
    },
    {
      "type": "Feature",
      "geometry": {
        "type": "Point",
        "coordinates": [
          12.1288,
          42.0293
        ]
      },
      "properties": {
        "icao24": "a2cb9e",
        "callsign": "UAL177",
        "origin_country": "United States",
        "time_position": 1786789974,
        "last_contact": 1786789974,
        "baro_altitude": 914.4,
        "on_ground": false,
        "velocity": 101.04,
        "true_track": 155,
        "vertical_rate": -0.33,
        "geo_altitude": 1021.08,
        "squawk": "1141",
        "spi": false,
        "position_source": 0
      }
    },
    {
      "type": "Feature",
      "geometry": {
        "type": "Point",
        "coordinates": [
          14.5162,
          46.2445
        ]
      },
      "properties": {
        "icao24": "505d23",
        "callsign": "OMCIA",
        "origin_country": "Slovakia",
        "time_position": 1786789974,
        "last_contact": 1786789974,
        "baro_altitude": 2712.72,
        "on_ground": false,
        "velocity": 76.28,
        "true_track": 49.65,
        "vertical_rate": 0,
        "geo_altitude": 2933.7,
        "squawk": "7005",
        "spi": false,
        "position_source": 0
      }
    },
    {
      "type": "Feature",
      "geometry": {
        "type": "Point",
        "coordinates": [
          15.4048,
          42.3849
        ]
      },
      "properties": {
        "icao24": "00c885",
        "callsign": "ZSKEV",
        "origin_country": "South Africa",
        "time_position": 1786789966,
        "last_contact": 1786789967,
        "baro_altitude": 8229.6,
        "on_ground": false,
        "velocity": 142.25,
        "true_track": 114.8,
        "vertical_rate": 0,
        "geo_altitude": 8694.42,
        "squawk": "7517",
        "spi": false,
        "position_source": 0
      }
    },
    {
      "type": "Feature",
      "geometry": {
        "type": "Point",
        "coordinates": [
          6.8276,
          40.9391
        ]
      },
      "properties": {
        "icao24": "89618a",
        "callsign": "UAE185",
        "origin_country": "United Arab Emirates",
        "time_position": 1786789974,
        "last_contact": 1786789974,
        "baro_altitude": 12192,
        "on_ground": false,
        "velocity": 238.43,
        "true_track": 274.58,
        "vertical_rate": 0,
        "geo_altitude": 12786.36,
        "squawk": "2015",
        "spi": false,
        "position_source": 0
      }
    },
    {
      "type": "Feature",
      "geometry": {
        "type": "Point",
        "coordinates": [
          16.9528,
          45.2341
        ]
      },
      "properties": {
        "icao24": "89616a",
        "callsign": "UAE220",
        "origin_country": "United Arab Emirates",
        "time_position": 1786789973,
        "last_contact": 1786789973,
        "baro_altitude": 11277.6,
        "on_ground": false,
        "velocity": 256.76,
        "true_track": 116.15,
        "vertical_rate": 0,
        "geo_altitude": 11795.76,
        "squawk": "2235",
        "spi": false,
        "position_source": 0
      }
    },
    {
      "type": "Feature",
      "geometry": {
        "type": "Point",
        "coordinates": [
          6.4701,
          45.8795
        ]
      },
      "properties": {
        "icao24": "4b5155",
        "callsign": "HB3246",
        "origin_country": "Switzerland",
        "time_position": 1786789974,
        "last_contact": 1786789974,
        "baro_altitude": 2994.66,
        "on_ground": false,
        "velocity": 35.48,
        "true_track": 209.54,
        "vertical_rate": -0.33,
        "geo_altitude": null,
        "squawk": "7000",
        "spi": false,
        "position_source": 0
      }
    },
    {
      "type": "Feature",
      "geometry": {
        "type": "Point",
        "coordinates": [
          7.5309,
          47.5998
        ]
      },
      "properties": {
        "icao24": "3849ff",
        "callsign": "M02",
        "origin_country": "France",
        "time_position": 1786789941,
        "last_contact": 1786789941,
        "baro_altitude": null,
        "on_ground": true,
        "velocity": 3.6,
        "true_track": 70.31,
        "vertical_rate": null,
        "geo_altitude": null,
        "squawk": null,
        "spi": false,
        "position_source": 0
      }
    },
    {
      "type": "Feature",
      "geometry": {
        "type": "Point",
        "coordinates": [
          8.8459,
          41.9024
        ]
      },
      "properties": {
        "icao24": "406909",
        "callsign": "EZY17MR",
        "origin_country": "United Kingdom",
        "time_position": 1786789974,
        "last_contact": 1786789974,
        "baro_altitude": 11582.4,
        "on_ground": false,
        "velocity": 222.27,
        "true_track": 328.15,
        "vertical_rate": 0,
        "geo_altitude": 12176.76,
        "squawk": null,
        "spi": false,
        "position_source": 0
      }
    },
    {
      "type": "Feature",
      "geometry": {
        "type": "Point",
        "coordinates": [
          6.0032,
          43.3967
        ]
      },
      "properties": {
        "icao24": "39dd49",
        "callsign": "CCM71BI",
        "origin_country": "France",
        "time_position": 1786789974,
        "last_contact": 1786789974,
        "baro_altitude": 3352.8,
        "on_ground": false,
        "velocity": 200.7,
        "true_track": 106.53,
        "vertical_rate": 0,
        "geo_altitude": 3604.26,
        "squawk": "1000",
        "spi": false,
        "position_source": 0
      }
    },
    {
      "type": "Feature",
      "geometry": {
        "type": "Point",
        "coordinates": [
          7.2016,
          43.6484
        ]
      },
      "properties": {
        "icao24": "39dd40",
        "callsign": "CCM42VO",
        "origin_country": "France",
        "time_position": 1786789973,
        "last_contact": 1786789974,
        "baro_altitude": null,
        "on_ground": true,
        "velocity": 3.34,
        "true_track": 227.81,
        "vertical_rate": null,
        "geo_altitude": null,
        "squawk": null,
        "spi": false,
        "position_source": 0
      }
    },
    {
      "type": "Feature",
      "geometry": {
        "type": "Point",
        "coordinates": [
          18.6203,
          44.6277
        ]
      },
      "properties": {
        "icao24": "452163",
        "callsign": "LZB432",
        "origin_country": "Bulgaria",
        "time_position": 1786789974,
        "last_contact": 1786789974,
        "baro_altitude": 10668,
        "on_ground": false,
        "velocity": 247.11,
        "true_track": 117.26,
        "vertical_rate": -0.33,
        "geo_altitude": 11170.92,
        "squawk": "0660",
        "spi": false,
        "position_source": 0
      }
    },
    {
      "type": "Feature",
      "geometry": {
        "type": "Point",
        "coordinates": [
          8.2138,
          42.0341
        ]
      },
      "properties": {
        "icao24": "452153",
        "callsign": "VOE53YZ",
        "origin_country": "Bulgaria",
        "time_position": 1786789974,
        "last_contact": 1786789974,
        "baro_altitude": 2628.9,
        "on_ground": false,
        "velocity": 151.27,
        "true_track": 114.3,
        "vertical_rate": -8.13,
        "geo_altitude": 2865.12,
        "squawk": "1000",
        "spi": false,
        "position_source": 0
      }
    },
    {
      "type": "Feature",
      "geometry": {
        "type": "Point",
        "coordinates": [
          6.6585,
          45.6275
        ]
      },
      "properties": {
        "icao24": "47878d",
        "callsign": "NOZ21B",
        "origin_country": "Norway",
        "time_position": 1786789974,
        "last_contact": 1786789974,
        "baro_altitude": 10668,
        "on_ground": false,
        "velocity": 239.65,
        "true_track": 3.45,
        "vertical_rate": 0,
        "geo_altitude": 11216.64,
        "squawk": "4070",
        "spi": false,
        "position_source": 0
      }
    },
    {
      "type": "Feature",
      "geometry": {
        "type": "Point",
        "coordinates": [
          7.302,
          45.9231
        ]
      },
      "properties": {
        "icao24": "440171",
        "callsign": "EJU37CZ",
        "origin_country": "Austria",
        "time_position": 1786789974,
        "last_contact": 1786789974,
        "baro_altitude": 11574.78,
        "on_ground": false,
        "velocity": 230.54,
        "true_track": 328.97,
        "vertical_rate": 0,
        "geo_altitude": 12138.66,
        "squawk": "1000",
        "spi": false,
        "position_source": 0
      }
    },
    {
      "type": "Feature",
      "geometry": {
        "type": "Point",
        "coordinates": [
          10.3801,
          44.4886
        ]
      },
      "properties": {
        "icao24": "440198",
        "callsign": "EJU64LG",
        "origin_country": "Austria",
        "time_position": 1786789974,
        "last_contact": 1786789974,
        "baro_altitude": 10668,
        "on_ground": false,
        "velocity": 234.88,
        "true_track": 140.24,
        "vertical_rate": 0.33,
        "geo_altitude": 11231.88,
        "squawk": "1000",
        "spi": false,
        "position_source": 0
      }
    },
    {
      "type": "Feature",
      "geometry": {
        "type": "Point",
        "coordinates": [
          8.0691,
          42.6781
        ]
      },
      "properties": {
        "icao24": "39dd58",
        "callsign": "CCM92RT",
        "origin_country": "France",
        "time_position": 1786789974,
        "last_contact": 1786789974,
        "baro_altitude": 3954.78,
        "on_ground": false,
        "velocity": 136.9,
        "true_track": 141.41,
        "vertical_rate": 0.33,
        "geo_altitude": 4213.86,
        "squawk": null,
        "spi": false,
        "position_source": 0
      }
    },
    {
      "type": "Feature",
      "geometry": {
        "type": "Point",
        "coordinates": [
          15.4952,
          44.3701
        ]
      },
      "properties": {
        "icao24": "45216e",
        "callsign": "GPX1BL",
        "origin_country": "Bulgaria",
        "time_position": 1786789973,
        "last_contact": 1786789973,
        "baro_altitude": 10370.82,
        "on_ground": false,
        "velocity": 216.51,
        "true_track": 301.2,
        "vertical_rate": 0.33,
        "geo_altitude": 10843.26,
        "squawk": "5606",
        "spi": false,
        "position_source": 0
      }
    },
    {
      "type": "Feature",
      "geometry": {
        "type": "Point",
        "coordinates": [
          8.031,
          42.9977
        ]
      },
      "properties": {
        "icao24": "39dd57",
        "callsign": "CCM23YD",
        "origin_country": "France",
        "time_position": 1786789974,
        "last_contact": 1786789974,
        "baro_altitude": 3657.6,
        "on_ground": false,
        "velocity": 127.28,
        "true_track": 306.45,
        "vertical_rate": 0.33,
        "geo_altitude": 3909.06,
        "squawk": null,
        "spi": false,
        "position_source": 0
      }
    },
    {
      "type": "Feature",
      "geometry": {
        "type": "Point",
        "coordinates": [
          8.7774,
          44.7718
        ]
      },
      "properties": {
        "icao24": "39dd59",
        "callsign": "CCM22ED",
        "origin_country": "France",
        "time_position": 1786789974,
        "last_contact": 1786789974,
        "baro_altitude": 3931.92,
        "on_ground": false,
        "velocity": 157.42,
        "true_track": 0.19,
        "vertical_rate": -5.85,
        "geo_altitude": 4175.76,
        "squawk": "1000",
        "spi": false,
        "position_source": 0
      }
    },
    {
      "type": "Feature",
      "geometry": {
        "type": "Point",
        "coordinates": [
          7.2074,
          43.6568
        ]
      },
      "properties": {
        "icao24": "39dd54",
        "callsign": "CCM94AB",
        "origin_country": "France",
        "time_position": 1786789749,
        "last_contact": 1786789749,
        "baro_altitude": null,
        "on_ground": true,
        "velocity": 4.89,
        "true_track": 281.25,
        "vertical_rate": null,
        "geo_altitude": null,
        "squawk": null,
        "spi": false,
        "position_source": 0
      }
    },
    {
      "type": "Feature",
      "geometry": {
        "type": "Point",
        "coordinates": [
          7.8487,
          43.0069
        ]
      },
      "properties": {
        "icao24": "39dd53",
        "callsign": "CCM42EF",
        "origin_country": "France",
        "time_position": 1786789974,
        "last_contact": 1786789974,
        "baro_altitude": 10363.2,
        "on_ground": false,
        "velocity": 223.66,
        "true_track": 330.66,
        "vertical_rate": 0,
        "geo_altitude": 10927.08,
        "squawk": "4726",
        "spi": false,
        "position_source": 0
      }
    },
    {
      "type": "Feature",
      "geometry": {
        "type": "Point",
        "coordinates": [
          8.7089,
          45.7427
        ]
      },
      "properties": {
        "icao24": "440191",
        "callsign": "EJU827X",
        "origin_country": "Austria",
        "time_position": 1786789974,
        "last_contact": 1786789974,
        "baro_altitude": 1562.1,
        "on_ground": false,
        "velocity": 123.69,
        "true_track": 315.67,
        "vertical_rate": 15.28,
        "geo_altitude": 1714.5,
        "squawk": "3753",
        "spi": false,
        "position_source": 0
      }
    },
    {
      "type": "Feature",
      "geometry": {
        "type": "Point",
        "coordinates": [
          16.6948,
          45.5572
        ]
      },
      "properties": {
        "icao24": "452169",
        "callsign": "MSC2970",
        "origin_country": "Bulgaria",
        "time_position": 1786789973,
        "last_contact": 1786789974,
        "baro_altitude": 9753.6,
        "on_ground": false,
        "velocity": 231.85,
        "true_track": 343.9,
        "vertical_rate": 0,
        "geo_altitude": 10248.9,
        "squawk": "2067",
        "spi": false,
        "position_source": 0
      }
    },
    {
      "type": "Feature",
      "geometry": {
        "type": "Point",
        "coordinates": [
          6.3814,
          46.2906
        ]
      },
      "properties": {
        "icao24": "471dbf",
        "callsign": "WZZ48",
        "origin_country": "Hungary",
        "time_position": 1786789974,
        "last_contact": 1786789974,
        "baro_altitude": 10972.8,
        "on_ground": false,
        "velocity": 241.27,
        "true_track": 51.49,
        "vertical_rate": 0,
        "geo_altitude": 11521.44,
        "squawk": "1000",
        "spi": false,
        "position_source": 0
      }
    },
    {
      "type": "Feature",
      "geometry": {
        "type": "Point",
        "coordinates": [
          6.7454,
          46.4393
        ]
      },
      "properties": {
        "icao24": "471dbd",
        "callsign": "WZZ9YC",
        "origin_country": "Hungary",
        "time_position": 1786789974,
        "last_contact": 1786789974,
        "baro_altitude": 10370.82,
        "on_ground": false,
        "velocity": 242.2,
        "true_track": 47.84,
        "vertical_rate": 0,
        "geo_altitude": 10919.46,
        "squawk": "1000",
        "spi": false,
        "position_source": 0
      }
    },
    {
      "type": "Feature",
      "geometry": {
        "type": "Point",
        "coordinates": [
          15.5818,
          45.4677
        ]
      },
      "properties": {
        "icao24": "471dba",
        "callsign": "WZZ5107",
        "origin_country": "Hungary",
        "time_position": 1786789973,
        "last_contact": 1786789974,
        "baro_altitude": 4640.58,
        "on_ground": false,
        "velocity": 170.05,
        "true_track": 222.43,
        "vertical_rate": -7.8,
        "geo_altitude": 4937.76,
        "squawk": "1000",
        "spi": false,
        "position_source": 0
      }
    },
    {
      "type": "Feature",
      "geometry": {
        "type": "Point",
        "coordinates": [
          14.5651,
          46.1685
        ]
      },
      "properties": {
        "icao24": "300a7c",
        "callsign": "DLH8AA",
        "origin_country": "Italy",
        "time_position": 1786789969,
        "last_contact": 1786789969,
        "baro_altitude": 769.62,
        "on_ground": false,
        "velocity": 76.86,
        "true_track": 306.56,
        "vertical_rate": -4.88,
        "geo_altitude": 914.4,
        "squawk": "1000",
        "spi": false,
        "position_source": 0
      }
    },
    {
      "type": "Feature",
      "geometry": {
        "type": "Point",
        "coordinates": [
          13.4044,
          46.6796
        ]
      },
      "properties": {
        "icao24": "300a7b",
        "callsign": "DLA7AM",
        "origin_country": "Italy",
        "time_position": 1786789974,
        "last_contact": 1786789974,
        "baro_altitude": 9448.8,
        "on_ground": false,
        "velocity": 243.6,
        "true_track": 148.56,
        "vertical_rate": 0.33,
        "geo_altitude": 9906,
        "squawk": "1000",
        "spi": false,
        "position_source": 0
      }
    },
    {
      "type": "Feature",
      "geometry": {
        "type": "Point",
        "coordinates": [
          14.8139,
          46.8912
        ]
      },
      "properties": {
        "icao24": "452113",
        "callsign": "CFG6AR",
        "origin_country": "Bulgaria",
        "time_position": 1786789973,
        "last_contact": 1786789974,
        "baro_altitude": 9753.6,
        "on_ground": false,
        "velocity": 230.83,
        "true_track": 308.94,
        "vertical_rate": 0,
        "geo_altitude": 10264.14,
        "squawk": "5502",
        "spi": false,
        "position_source": 0
      }
    },
    {
      "type": "Feature",
      "geometry": {
        "type": "Point",
        "coordinates": [
          7.5176,
          47.6109
        ]
      },
      "properties": {
        "icao24": "440159",
        "callsign": "EJU72HF",
        "origin_country": "Austria",
        "time_position": 1786789974,
        "last_contact": 1786789974,
        "baro_altitude": null,
        "on_ground": true,
        "velocity": 13.89,
        "true_track": 334.69,
        "vertical_rate": null,
        "geo_altitude": null,
        "squawk": null,
        "spi": false,
        "position_source": 0
      }
    },
    {
      "type": "Feature",
      "geometry": {
        "type": "Point",
        "coordinates": [
          12.8813,
          46.7191
        ]
      },
      "properties": {
        "icao24": "4bd8c8",
        "callsign": "TKJ40R",
        "origin_country": "Turkey",
        "time_position": 1786789973,
        "last_contact": 1786789973,
        "baro_altitude": 10058.4,
        "on_ground": false,
        "velocity": 237.04,
        "true_track": 117.96,
        "vertical_rate": 0,
        "geo_altitude": 10561.32,
        "squawk": "3061",
        "spi": false,
        "position_source": 0
      }
    },
    {
      "type": "Feature",
      "geometry": {
        "type": "Point",
        "coordinates": [
          11.7524,
          44.5149
        ]
      },
      "properties": {
        "icao24": "300a6c",
        "callsign": "IZZPE",
        "origin_country": "Italy",
        "time_position": 1786789974,
        "last_contact": 1786789974,
        "baro_altitude": 632.46,
        "on_ground": false,
        "velocity": 42.1,
        "true_track": 125.05,
        "vertical_rate": 4.55,
        "geo_altitude": 716.28,
        "squawk": null,
        "spi": false,
        "position_source": 0
      }
    },
    {
      "type": "Feature",
      "geometry": {
        "type": "Point",
        "coordinates": [
          12.0015,
          44.2257
        ]
      },
      "properties": {
        "icao24": "300a6d",
        "callsign": "IZZPC",
        "origin_country": "Italy",
        "time_position": 1786789974,
        "last_contact": 1786789974,
        "baro_altitude": 449.58,
        "on_ground": false,
        "velocity": 63.64,
        "true_track": 327.21,
        "vertical_rate": 0.98,
        "geo_altitude": 533.4,
        "squawk": "4574",
        "spi": false,
        "position_source": 0
      }
    },
    {
      "type": "Feature",
      "geometry": {
        "type": "Point",
        "coordinates": [
          11.5655,
          40.1294
        ]
      },
      "properties": {
        "icao24": "4bb2b0",
        "callsign": "THY8RF",
        "origin_country": "Turkey",
        "time_position": 1786789974,
        "last_contact": 1786789974,
        "baro_altitude": 10370.82,
        "on_ground": false,
        "velocity": 234.88,
        "true_track": 82.83,
        "vertical_rate": 0,
        "geo_altitude": 10934.7,
        "squawk": "1415",
        "spi": false,
        "position_source": 0
      }
    },
    {
      "type": "Feature",
      "geometry": {
        "type": "Point",
        "coordinates": [
          12.192,
          41.7681
        ]
      },
      "properties": {
        "icao24": "300a3a",
        "callsign": "ITY8739",
        "origin_country": "Italy",
        "time_position": 1786789974,
        "last_contact": 1786789974,
        "baro_altitude": 762,
        "on_ground": false,
        "velocity": 96.7,
        "true_track": 194.48,
        "vertical_rate": 8.13,
        "geo_altitude": 861.06,
        "squawk": null,
        "spi": false,
        "position_source": 0
      }
    },
    {
      "type": "Feature",
      "geometry": {
        "type": "Point",
        "coordinates": [
          11.1284,
          42.5605
        ]
      },
      "properties": {
        "icao24": "300a3b",
        "callsign": "ITY1174",
        "origin_country": "Italy",
        "time_position": 1786789974,
        "last_contact": 1786789974,
        "baro_altitude": 11574.78,
        "on_ground": false,
        "velocity": 225.33,
        "true_track": 312.87,
        "vertical_rate": -0.33,
        "geo_altitude": 12161.52,
        "squawk": "1000",
        "spi": false,
        "position_source": 0
      }
    },
    {
      "type": "Feature",
      "geometry": {
        "type": "Point",
        "coordinates": [
          13.3707,
          45.2924
        ]
      },
      "properties": {
        "icao24": "4bb1c5",
        "callsign": "THY2HG",
        "origin_country": "Turkey",
        "time_position": 1786789973,
        "last_contact": 1786789973,
        "baro_altitude": 10972.8,
        "on_ground": false,
        "velocity": 231.29,
        "true_track": 282.46,
        "vertical_rate": 0,
        "geo_altitude": 11490.96,
        "squawk": "2305",
        "spi": false,
        "position_source": 0
      }
    },
    {
      "type": "Feature",
      "geometry": {
        "type": "Point",
        "coordinates": [
          12.4043,
          39.1593
        ]
      },
      "properties": {
        "icao24": "34568d",
        "callsign": "VOE1DT",
        "origin_country": "Spain",
        "time_position": 1786789973,
        "last_contact": 1786789974,
        "baro_altitude": 7917.18,
        "on_ground": false,
        "velocity": 206.33,
        "true_track": 133.48,
        "vertical_rate": -11.7,
        "geo_altitude": 8404.86,
        "squawk": "1000",
        "spi": false,
        "position_source": 0
      }
    },
    {
      "type": "Feature",
      "geometry": {
        "type": "Point",
        "coordinates": [
          11.516,
          43.4471
        ]
      },
      "properties": {
        "icao24": "345659",
        "callsign": "VOE8XA",
        "origin_country": "Spain",
        "time_position": 1786789974,
        "last_contact": 1786789974,
        "baro_altitude": 11902.44,
        "on_ground": false,
        "velocity": 242.99,
        "true_track": 120.26,
        "vertical_rate": 0,
        "geo_altitude": 12458.7,
        "squawk": "0477",
        "spi": false,
        "position_source": 0
      }
    },
    {
      "type": "Feature",
      "geometry": {
        "type": "Point",
        "coordinates": [
          7.895,
          42.0811
        ]
      },
      "properties": {
        "icao24": "50018e",
        "callsign": "T7RCW",
        "origin_country": "San Marino",
        "time_position": 1786789974,
        "last_contact": 1786789974,
        "baro_altitude": 8229.6,
        "on_ground": false,
        "velocity": 238.15,
        "true_track": 167.52,
        "vertical_rate": 0,
        "geo_altitude": 8702.04,
        "squawk": "3347",
        "spi": false,
        "position_source": 0
      }
    },
    {
      "type": "Feature",
      "geometry": {
        "type": "Point",
        "coordinates": [
          12.2577,
          41.8553
        ]
      },
      "properties": {
        "icao24": "345642",
        "callsign": "VLG4HQ",
        "origin_country": "Spain",
        "time_position": 1786789821,
        "last_contact": 1786789821,
        "baro_altitude": 68.58,
        "on_ground": false,
        "velocity": 73.38,
        "true_track": 162.45,
        "vertical_rate": -3.25,
        "geo_altitude": 137.16,
        "squawk": "1412",
        "spi": false,
        "position_source": 0
      }
    },
    {
      "type": "Feature",
      "geometry": {
        "type": "Point",
        "coordinates": [
          9.3975,
          44.4716
        ]
      },
      "properties": {
        "icao24": "345617",
        "callsign": "LAV6342",
        "origin_country": "Spain",
        "time_position": 1786789974,
        "last_contact": 1786789974,
        "baro_altitude": 11887.2,
        "on_ground": false,
        "velocity": 231.68,
        "true_track": 206.22,
        "vertical_rate": 0.33,
        "geo_altitude": 12466.32,
        "squawk": "1000",
        "spi": false,
        "position_source": 0
      }
    },
    {
      "type": "Feature",
      "geometry": {
        "type": "Point",
        "coordinates": [
          8.6533,
          44.5587
        ]
      },
      "properties": {
        "icao24": "345614",
        "callsign": "VLG264A",
        "origin_country": "Spain",
        "time_position": 1786789974,
        "last_contact": 1786789974,
        "baro_altitude": 5440.68,
        "on_ground": false,
        "velocity": 175.42,
        "true_track": 352.42,
        "vertical_rate": -5.2,
        "geo_altitude": 5806.44,
        "squawk": "1000",
        "spi": false,
        "position_source": 0
      }
    },
    {
      "type": "Feature",
      "geometry": {
        "type": "Point",
        "coordinates": [
          8.6834,
          44.6949
        ]
      },
      "properties": {
        "icao24": "39dd03",
        "callsign": "TVF64SY",
        "origin_country": "France",
        "time_position": 1786789974,
        "last_contact": 1786789974,
        "baro_altitude": 11277.6,
        "on_ground": false,
        "velocity": 235.31,
        "true_track": 121.5,
        "vertical_rate": 0.33,
        "geo_altitude": 11841.48,
        "squawk": "0654",
        "spi": false,
        "position_source": 0
      }
    },
    {
      "type": "Feature",
      "geometry": {
        "type": "Point",
        "coordinates": [
          9.9289,
          45.8497
        ]
      },
      "properties": {
        "icao24": "39dd02",
        "callsign": "TVF73JT",
        "origin_country": "France",
        "time_position": 1786789974,
        "last_contact": 1786789974,
        "baro_altitude": 10972.8,
        "on_ground": false,
        "velocity": 224.41,
        "true_track": 280.43,
        "vertical_rate": -0.33,
        "geo_altitude": 11529.06,
        "squawk": "1000",
        "spi": false,
        "position_source": 0
      }
    },
    {
      "type": "Feature",
      "geometry": {
        "type": "Point",
        "coordinates": [
          16.6122,
          40.376
        ]
      },
      "properties": {
        "icao24": "39dd01",
        "callsign": "TVF33VV",
        "origin_country": "France",
        "time_position": 1786789973,
        "last_contact": 1786789973,
        "baro_altitude": 11574.78,
        "on_ground": false,
        "velocity": 222.25,
        "true_track": 306.34,
        "vertical_rate": 0,
        "geo_altitude": 12131.04,
        "squawk": "2031",
        "spi": false,
        "position_source": 0
      }
    },
    {
      "type": "Feature",
      "geometry": {
        "type": "Point",
        "coordinates": [
          12.7773,
          45.0383
        ]
      },
      "properties": {
        "icao24": "4bb267",
        "callsign": "THY9CH",
        "origin_country": "Turkey",
        "time_position": 1786789973,
        "last_contact": 1786789973,
        "baro_altitude": 10370.82,
        "on_ground": false,
        "velocity": 224.49,
        "true_track": 283.11,
        "vertical_rate": 0,
        "geo_altitude": 10888.98,
        "squawk": "3261",
        "spi": false,
        "position_source": 0
      }
    },
    {
      "type": "Feature",
      "geometry": {
        "type": "Point",
        "coordinates": [
          12.1908,
          45.153
        ]
      },
      "properties": {
        "icao24": "4bb261",
        "callsign": "THY9EX",
        "origin_country": "Turkey",
        "time_position": 1786789974,
        "last_contact": 1786789974,
        "baro_altitude": 2430.78,
        "on_ground": false,
        "velocity": 134.01,
        "true_track": 256.23,
        "vertical_rate": -2.28,
        "geo_altitude": 2621.28,
        "squawk": "2343",
        "spi": false,
        "position_source": 0
      }
    },
    {
      "type": "Feature",
      "geometry": {
        "type": "Point",
        "coordinates": [
          9.3992,
          46.6016
        ]
      },
      "properties": {
        "icao24": "4079d0",
        "callsign": "CFE19P",
        "origin_country": "United Kingdom",
        "time_position": 1786789974,
        "last_contact": 1786789974,
        "baro_altitude": 10972.8,
        "on_ground": false,
        "velocity": 231.56,
        "true_track": 298.39,
        "vertical_rate": 0,
        "geo_altitude": 11536.68,
        "squawk": "7517",
        "spi": false,
        "position_source": 0
      }
    },
    {
      "type": "Feature",
      "geometry": {
        "type": "Point",
        "coordinates": [
          14.8629,
          45.8968
        ]
      },
      "properties": {
        "icao24": "506cde",
        "callsign": "S5CSS",
        "origin_country": "Slovenia",
        "time_position": 1786789974,
        "last_contact": 1786789974,
        "baro_altitude": 4838.7,
        "on_ground": false,
        "velocity": 130.6,
        "true_track": 147.88,
        "vertical_rate": 10.08,
        "geo_altitude": 5143.5,
        "squawk": "1000",
        "spi": false,
        "position_source": 0
      }
    },
    {
      "type": "Feature",
      "geometry": {
        "type": "Point",
        "coordinates": [
          11.2292,
          45.2747
        ]
      },
      "properties": {
        "icao24": "738287",
        "callsign": "ISR356",
        "origin_country": "Israel",
        "time_position": 1786789974,
        "last_contact": 1786789974,
        "baro_altitude": 3421.38,
        "on_ground": false,
        "velocity": 178.18,
        "true_track": 101.83,
        "vertical_rate": 5.2,
        "geo_altitude": 3680.46,
        "squawk": "0244",
        "spi": false,
        "position_source": 0
      }
    },
    {
      "type": "Feature",
      "geometry": {
        "type": "Point",
        "coordinates": [
          18.6814,
          39.2338
        ]
      },
      "properties": {
        "icao24": "4bb272",
        "callsign": "THY662",
        "origin_country": "Turkey",
        "time_position": 1786789974,
        "last_contact": 1786789974,
        "baro_altitude": 10652.76,
        "on_ground": false,
        "velocity": 233.95,
        "true_track": 76.39,
        "vertical_rate": 0,
        "geo_altitude": 11170.92,
        "squawk": "6170",
        "spi": false,
        "position_source": 0
      }
    },
    {
      "type": "Feature",
      "geometry": {
        "type": "Point",
        "coordinates": [
          8.6151,
          41.0159
        ]
      },
      "properties": {
        "icao24": "4bb289",
        "callsign": "THY1UZ",
        "origin_country": "Turkey",
        "time_position": 1786789973,
        "last_contact": 1786789973,
        "baro_altitude": 10660.38,
        "on_ground": false,
        "velocity": 225.41,
        "true_track": 271.57,
        "vertical_rate": 0,
        "geo_altitude": 11247.12,
        "squawk": "4153",
        "spi": false,
        "position_source": 0
      }
    },
    {
      "type": "Feature",
      "geometry": {
        "type": "Point",
        "coordinates": [
          16.3663,
          38.6329
        ]
      },
      "properties": {
        "icao24": "4bb287",
        "callsign": "THY4BY",
        "origin_country": "Turkey",
        "time_position": 1786789974,
        "last_contact": 1786789974,
        "baro_altitude": 10668,
        "on_ground": false,
        "velocity": 234.42,
        "true_track": 71.45,
        "vertical_rate": 0.33,
        "geo_altitude": 11209.02,
        "squawk": "1240",
        "spi": false,
        "position_source": 0
      }
    },
    {
      "type": "Feature",
      "geometry": {
        "type": "Point",
        "coordinates": [
          16.7422,
          43.3693
        ]
      },
      "properties": {
        "icao24": "44cdc6",
        "callsign": "BEL7CM",
        "origin_country": "Belgium",
        "time_position": 1786789848,
        "last_contact": 1786789848,
        "baro_altitude": 11285.22,
        "on_ground": false,
        "velocity": 240.57,
        "true_track": 136.82,
        "vertical_rate": -0.33,
        "geo_altitude": 11826.24,
        "squawk": "0110",
        "spi": false,
        "position_source": 0
      }
    },
    {
      "type": "Feature",
      "geometry": {
        "type": "Point",
        "coordinates": [
          15.6969,
          43.5164
        ]
      },
      "properties": {
        "icao24": "89640a",
        "callsign": "ETD2G7",
        "origin_country": "United Arab Emirates",
        "time_position": 1786789965,
        "last_contact": 1786789973,
        "baro_altitude": 10965.18,
        "on_ground": false,
        "velocity": 244.52,
        "true_track": 299.91,
        "vertical_rate": 0,
        "geo_altitude": 11498.58,
        "squawk": "7733",
        "spi": false,
        "position_source": 0
      }
    },
    {
      "type": "Feature",
      "geometry": {
        "type": "Point",
        "coordinates": [
          13.4187,
          46.2406
        ]
      },
      "properties": {
        "icao24": "506ca9",
        "callsign": "S5BZT",
        "origin_country": "Slovenia",
        "time_position": 1786789974,
        "last_contact": 1786789974,
        "baro_altitude": 1432.56,
        "on_ground": false,
        "velocity": 65.75,
        "true_track": 110.14,
        "vertical_rate": 0.98,
        "geo_altitude": 1562.1,
        "squawk": "3356",
        "spi": false,
        "position_source": 0
      }
    },
    {
      "type": "Feature",
      "geometry": {
        "type": "Point",
        "coordinates": [
          8.3325,
          44.1143
        ]
      },
      "properties": {
        "icao24": "32006d",
        "callsign": "DRAG163",
        "origin_country": "Italy",
        "time_position": 1786789974,
        "last_contact": 1786789974,
        "baro_altitude": 426.72,
        "on_ground": false,
        "velocity": 72.39,
        "true_track": 45.29,
        "vertical_rate": -0.33,
        "geo_altitude": 510.54,
        "squawk": null,
        "spi": false,
        "position_source": 0
      }
    },
    {
      "type": "Feature",
      "geometry": {
        "type": "Point",
        "coordinates": [
          6.9297,
          43.3509
        ]
      },
      "properties": {
        "icao24": "346692",
        "callsign": "VLG69NN",
        "origin_country": "Spain",
        "time_position": 1786789974,
        "last_contact": 1786789974,
        "baro_altitude": 9243.06,
        "on_ground": false,
        "velocity": 226.73,
        "true_track": 51.73,
        "vertical_rate": -5.2,
        "geo_altitude": 9761.22,
        "squawk": "1000",
        "spi": false,
        "position_source": 0
      }
    },
    {
      "type": "Feature",
      "geometry": {
        "type": "Point",
        "coordinates": [
          10.3897,
          42.9111
        ]
      },
      "properties": {
        "icao24": "4925b0",
        "callsign": "JME680C",
        "origin_country": "Portugal",
        "time_position": 1786789974,
        "last_contact": 1786789974,
        "baro_altitude": 7010.4,
        "on_ground": false,
        "velocity": 131.73,
        "true_track": 178.66,
        "vertical_rate": 0,
        "geo_altitude": 7399.02,
        "squawk": null,
        "spi": false,
        "position_source": 0
      }
    },
    {
      "type": "Feature",
      "geometry": {
        "type": "Point",
        "coordinates": [
          12.5882,
          45.4798
        ]
      },
      "properties": {
        "icao24": "320074",
        "callsign": "VOLP519",
        "origin_country": "Italy",
        "time_position": 1786789974,
        "last_contact": 1786789974,
        "baro_altitude": 30.48,
        "on_ground": false,
        "velocity": 45.89,
        "true_track": 222.27,
        "vertical_rate": 1.3,
        "geo_altitude": 99.06,
        "squawk": "6252",
        "spi": false,
        "position_source": 0
      }
    },
    {
      "type": "Feature",
      "geometry": {
        "type": "Point",
        "coordinates": [
          18.6965,
          46.844
        ]
      },
      "properties": {
        "icao24": "896305",
        "callsign": "UAE42X",
        "origin_country": "United Arab Emirates",
        "time_position": 1786789974,
        "last_contact": 1786789974,
        "baro_altitude": 10972.8,
        "on_ground": false,
        "velocity": 243.52,
        "true_track": 319.88,
        "vertical_rate": 0,
        "geo_altitude": 11468.1,
        "squawk": "0523",
        "spi": false,
        "position_source": 0
      }
    },
    {
      "type": "Feature",
      "geometry": {
        "type": "Point",
        "coordinates": [
          11.3616,
          40.233
        ]
      },
      "properties": {
        "icao24": "346644",
        "callsign": "VOE1TA",
        "origin_country": "Spain",
        "time_position": 1786789974,
        "last_contact": 1786789974,
        "baro_altitude": 10965.18,
        "on_ground": false,
        "velocity": 225.42,
        "true_track": 349.61,
        "vertical_rate": 0.33,
        "geo_altitude": 11567.16,
        "squawk": "5160",
        "spi": false,
        "position_source": 0
      }
    },
    {
      "type": "Feature",
      "geometry": {
        "type": "Point",
        "coordinates": [
          13.2555,
          45.946
        ]
      },
      "properties": {
        "icao24": "406754",
        "callsign": "EZY37GY",
        "origin_country": "United Kingdom",
        "time_position": 1786789974,
        "last_contact": 1786789974,
        "baro_altitude": 10972.8,
        "on_ground": false,
        "velocity": 220.62,
        "true_track": 292.92,
        "vertical_rate": 0,
        "geo_altitude": 11498.58,
        "squawk": "0227",
        "spi": false,
        "position_source": 0
      }
    },
    {
      "type": "Feature",
      "geometry": {
        "type": "Point",
        "coordinates": [
          9.0735,
          39.0223
        ]
      },
      "properties": {
        "icao24": "32001b",
        "callsign": "GCI1886",
        "origin_country": "Italy",
        "time_position": 1786789972,
        "last_contact": 1786789973,
        "baro_altitude": 83.82,
        "on_ground": false,
        "velocity": 61.44,
        "true_track": 205.28,
        "vertical_rate": 0,
        "geo_altitude": 160.02,
        "squawk": null,
        "spi": false,
        "position_source": 0
      }
    },
    {
      "type": "Feature",
      "geometry": {
        "type": "Point",
        "coordinates": [
          7.523,
          43.1694
        ]
      },
      "properties": {
        "icao24": "34660d",
        "callsign": "VOE2545",
        "origin_country": "Spain",
        "time_position": 1786789974,
        "last_contact": 1786789974,
        "baro_altitude": 9944.1,
        "on_ground": false,
        "velocity": 225.45,
        "true_track": 317.87,
        "vertical_rate": 6.5,
        "geo_altitude": 10492.74,
        "squawk": "1000",
        "spi": false,
        "position_source": 0
      }
    },
    {
      "type": "Feature",
      "geometry": {
        "type": "Point",
        "coordinates": [
          10.3855,
          47.4234
        ]
      },
      "properties": {
        "icao24": "89639e",
        "callsign": "UAE8UW",
        "origin_country": "United Arab Emirates",
        "time_position": 1786789970,
        "last_contact": 1786789974,
        "baro_altitude": 11277.6,
        "on_ground": false,
        "velocity": 252.01,
        "true_track": 111.43,
        "vertical_rate": 0,
        "geo_altitude": 11803.38,
        "squawk": "5242",
        "spi": false,
        "position_source": 0
      }
    },
    {
      "type": "Feature",
      "geometry": {
        "type": "Point",
        "coordinates": [
          8.3458,
          44.9048
        ]
      },
      "properties": {
        "icao24": "4bb212",
        "callsign": "THY2CJ",
        "origin_country": "Turkey",
        "time_position": 1786789973,
        "last_contact": 1786789973,
        "baro_altitude": 10668,
        "on_ground": false,
        "velocity": 240.16,
        "true_track": 98.25,
        "vertical_rate": 0,
        "geo_altitude": 11231.88,
        "squawk": "0423",
        "spi": false,
        "position_source": 0
      }
    },
    {
      "type": "Feature",
      "geometry": {
        "type": "Point",
        "coordinates": [
          13.5992,
          47.7153
        ]
      },
      "properties": {
        "icao24": "4bb215",
        "callsign": "THY7WF",
        "origin_country": "Turkey",
        "time_position": 1786789974,
        "last_contact": 1786789974,
        "baro_altitude": 10683.24,
        "on_ground": false,
        "velocity": 237.36,
        "true_track": 125.21,
        "vertical_rate": 0,
        "geo_altitude": 11193.78,
        "squawk": "0116",
        "spi": false,
        "position_source": 0
      }
    },
    {
      "type": "Feature",
      "geometry": {
        "type": "Point",
        "coordinates": [
          16.2084,
          46.6148
        ]
      },
      "properties": {
        "icao24": "506e1a",
        "callsign": "S5DOG",
        "origin_country": "Slovenia",
        "time_position": 1786789968,
        "last_contact": 1786789974,
        "baro_altitude": 822.96,
        "on_ground": false,
        "velocity": 44.09,
        "true_track": 281.44,
        "vertical_rate": 0.33,
        "geo_altitude": 982.98,
        "squawk": "7000",
        "spi": false,
        "position_source": 0
      }
    },
    {
      "type": "Feature",
      "geometry": {
        "type": "Point",
        "coordinates": [
          9.7615,
          46.909
        ]
      },
      "properties": {
        "icao24": "489221",
        "callsign": "ENT9WA",
        "origin_country": "Poland",
        "time_position": 1786789974,
        "last_contact": 1786789974,
        "baro_altitude": 9753.6,
        "on_ground": false,
        "velocity": 235.15,
        "true_track": 311.19,
        "vertical_rate": 0,
        "geo_altitude": 10271.76,
        "squawk": "1000",
        "spi": false,
        "position_source": 0
      }
    },
    {
      "type": "Feature",
      "geometry": {
        "type": "Point",
        "coordinates": [
          14.032,
          46.5904
        ]
      },
      "properties": {
        "icao24": "8963d9",
        "callsign": "UAE9J",
        "origin_country": "United Arab Emirates",
        "time_position": 1786789974,
        "last_contact": 1786789974,
        "baro_altitude": 10972.8,
        "on_ground": false,
        "velocity": 244.25,
        "true_track": 311.24,
        "vertical_rate": 0,
        "geo_altitude": 11490.96,
        "squawk": "6631",
        "spi": false,
        "position_source": 0
      }
    },
    {
      "type": "Feature",
      "geometry": {
        "type": "Point",
        "coordinates": [
          16.1334,
          45.3445
        ]
      },
      "properties": {
        "icao24": "8963e6",
        "callsign": "UAE11M",
        "origin_country": "United Arab Emirates",
        "time_position": 1786789973,
        "last_contact": 1786789973,
        "baro_altitude": 12192,
        "on_ground": false,
        "velocity": 245.37,
        "true_track": 308.36,
        "vertical_rate": 0,
        "geo_altitude": 12725.4,
        "squawk": "6637",
        "spi": false,
        "position_source": 0
      }
    },
    {
      "type": "Feature",
      "geometry": {
        "type": "Point",
        "coordinates": [
          12.8643,
          45.3002
        ]
      },
      "properties": {
        "icao24": "8963e8",
        "callsign": "UAE73",
        "origin_country": "United Arab Emirates",
        "time_position": 1786789974,
        "last_contact": 1786789974,
        "baro_altitude": 12192,
        "on_ground": false,
        "velocity": 240.54,
        "true_track": 301.89,
        "vertical_rate": 0,
        "geo_altitude": 12733.02,
        "squawk": "6627",
        "spi": false,
        "position_source": 0
      }
    },
    {
      "type": "Feature",
      "geometry": {
        "type": "Point",
        "coordinates": [
          12.6953,
          35.8398
        ]
      },
      "properties": {
        "icao24": "3465d8",
        "callsign": "VOE1418",
        "origin_country": "Spain",
        "time_position": 1786789974,
        "last_contact": 1786789974,
        "baro_altitude": 2446.02,
        "on_ground": false,
        "velocity": 122.31,
        "true_track": 175.42,
        "vertical_rate": 0,
        "geo_altitude": 2651.76,
        "squawk": "0250",
        "spi": false,
        "position_source": 0
      }
    },
    {
      "type": "Feature",
      "geometry": {
        "type": "Point",
        "coordinates": [
          6.8603,
          47.0807
        ]
      },
      "properties": {
        "icao24": "4b1f40",
        "callsign": "SFS20",
        "origin_country": "Switzerland",
        "time_position": 1786789922,
        "last_contact": 1786789922,
        "baro_altitude": 1333.5,
        "on_ground": false,
        "velocity": 81.3,
        "true_track": 311.15,
        "vertical_rate": -3.58,
        "geo_altitude": 1455.42,
        "squawk": "7000",
        "spi": false,
        "position_source": 0
      }
    },
    {
      "type": "Feature",
      "geometry": {
        "type": "Point",
        "coordinates": [
          13.5856,
          47.7217
        ]
      },
      "properties": {
        "icao24": "4ac9fa",
        "callsign": "SAS4762",
        "origin_country": "Sweden",
        "time_position": 1786789974,
        "last_contact": 1786789974,
        "baro_altitude": 11590.02,
        "on_ground": false,
        "velocity": 224.54,
        "true_track": 337.08,
        "vertical_rate": -0.33,
        "geo_altitude": 12115.8,
        "squawk": "6052",
        "spi": false,
        "position_source": 0
      }
    },
    {
      "type": "Feature",
      "geometry": {
        "type": "Point",
        "coordinates": [
          6.2264,
          47.2075
        ]
      },
      "properties": {
        "icao24": "4d02ab",
        "callsign": "JFA34H",
        "origin_country": "Luxembourg",
        "time_position": 1786789973,
        "last_contact": 1786789974,
        "baro_altitude": 7924.8,
        "on_ground": false,
        "velocity": 142.03,
        "true_track": 358.55,
        "vertical_rate": 0,
        "geo_altitude": 8374.38,
        "squawk": "6766",
        "spi": false,
        "position_source": 0
      }
    },
    {
      "type": "Feature",
      "geometry": {
        "type": "Point",
        "coordinates": [
          16.7311,
          40.8896
        ]
      },
      "properties": {
        "icao24": "89647e",
        "callsign": "UAE1GP",
        "origin_country": "United Arab Emirates",
        "time_position": 1786789971,
        "last_contact": 1786789974,
        "baro_altitude": 12192,
        "on_ground": false,
        "velocity": 243.5,
        "true_track": 294.99,
        "vertical_rate": -0.33,
        "geo_altitude": 12755.88,
        "squawk": null,
        "spi": false,
        "position_source": 0
      }
    },
    {
      "type": "Feature",
      "geometry": {
        "type": "Point",
        "coordinates": [
          15.3736,
          41.8177
        ]
      },
      "properties": {
        "icao24": "4d02b3",
        "callsign": "JFA05H",
        "origin_country": "Luxembourg",
        "time_position": 1786789973,
        "last_contact": 1786789974,
        "baro_altitude": 11894.82,
        "on_ground": false,
        "velocity": 220.96,
        "true_track": 122.06,
        "vertical_rate": 0,
        "geo_altitude": 12466.32,
        "squawk": "5737",
        "spi": false,
        "position_source": 0
      }
    },
    {
      "type": "Feature",
      "geometry": {
        "type": "Point",
        "coordinates": [
          8.5878,
          45.08
        ]
      },
      "properties": {
        "icao24": "4d02b0",
        "callsign": "JFA29C",
        "origin_country": "Luxembourg",
        "time_position": 1786789974,
        "last_contact": 1786789974,
        "baro_altitude": 7010.4,
        "on_ground": false,
        "velocity": 135.72,
        "true_track": 209.77,
        "vertical_rate": 0,
        "geo_altitude": 7429.5,
        "squawk": "2777",
        "spi": false,
        "position_source": 0
      }
    },
    {
      "type": "Feature",
      "geometry": {
        "type": "Point",
        "coordinates": [
          7.3678,
          47.5253
        ]
      },
      "properties": {
        "icao24": "896497",
        "callsign": "MAC266A",
        "origin_country": "United Arab Emirates",
        "time_position": 1786789974,
        "last_contact": 1786789974,
        "baro_altitude": 1699.26,
        "on_ground": false,
        "velocity": 142.75,
        "true_track": 256.66,
        "vertical_rate": 13.66,
        "geo_altitude": 1859.28,
        "squawk": "6722",
        "spi": false,
        "position_source": 0
      }
    },
    {
      "type": "Feature",
      "geometry": {
        "type": "Point",
        "coordinates": [
          10.1699,
          47.4473
        ]
      },
      "properties": {
        "icao24": "3ec951",
        "callsign": "DKREV",
        "origin_country": "Germany",
        "time_position": 1786789974,
        "last_contact": 1786789974,
        "baro_altitude": 1996.44,
        "on_ground": false,
        "velocity": 39.67,
        "true_track": 133.42,
        "vertical_rate": -0.33,
        "geo_altitude": 2240.28,
        "squawk": "7000",
        "spi": false,
        "position_source": 0
      }
    },
    {
      "type": "Feature",
      "geometry": {
        "type": "Point",
        "coordinates": [
          11.3498,
          45.8938
        ]
      },
      "properties": {
        "icao24": "4d02ba",
        "callsign": "JFA96W",
        "origin_country": "Luxembourg",
        "time_position": 1786789974,
        "last_contact": 1786789974,
        "baro_altitude": 8839.2,
        "on_ground": false,
        "velocity": 213.87,
        "true_track": 318.22,
        "vertical_rate": 0,
        "geo_altitude": 9326.88,
        "squawk": "7370",
        "spi": false,
        "position_source": 0
      }
    },
    {
      "type": "Feature",
      "geometry": {
        "type": "Point",
        "coordinates": [
          8.8738,
          41.5026
        ]
      },
      "properties": {
        "icao24": "4d02c1",
        "callsign": "JFA83H",
        "origin_country": "Luxembourg",
        "time_position": 1786789848,
        "last_contact": 1786789848,
        "baro_altitude": 312.42,
        "on_ground": false,
        "velocity": 125.85,
        "true_track": 116.98,
        "vertical_rate": -7.48,
        "geo_altitude": 464.82,
        "squawk": null,
        "spi": false,
        "position_source": 0
      }
    },
    {
      "type": "Feature",
      "geometry": {
        "type": "Point",
        "coordinates": [
          9.7783,
          47.6171
        ]
      },
      "properties": {
        "icao24": "3e0fee",
        "callsign": "CHX45",
        "origin_country": "Germany",
        "time_position": 1786789974,
        "last_contact": 1786789974,
        "baro_altitude": 815.34,
        "on_ground": false,
        "velocity": 65.99,
        "true_track": 98.07,
        "vertical_rate": 0,
        "geo_altitude": 914.4,
        "squawk": "0020",
        "spi": false,
        "position_source": 0
      }
    },
    {
      "type": "Feature",
      "geometry": {
        "type": "Point",
        "coordinates": [
          9.1171,
          45.9145
        ]
      },
      "properties": {
        "icao24": "4d02a4",
        "callsign": "JFA01D",
        "origin_country": "Luxembourg",
        "time_position": 1786789974,
        "last_contact": 1786789974,
        "baro_altitude": 7315.2,
        "on_ground": false,
        "velocity": 128.28,
        "true_track": 326.95,
        "vertical_rate": 0,
        "geo_altitude": 7749.54,
        "squawk": "1000",
        "spi": false,
        "position_source": 0
      }
    },
    {
      "type": "Feature",
      "geometry": {
        "type": "Point",
        "coordinates": [
          7.3348,
          44.8914
        ]
      },
      "properties": {
        "icao24": "506d8e",
        "callsign": "UEE1",
        "origin_country": "Slovenia",
        "time_position": 1786789974,
        "last_contact": 1786789974,
        "baro_altitude": 9380.22,
        "on_ground": false,
        "velocity": 216.02,
        "true_track": 348.18,
        "vertical_rate": -3.9,
        "geo_altitude": 9875.52,
        "squawk": "1000",
        "spi": false,
        "position_source": 0
      }
    },
    {
      "type": "Feature",
      "geometry": {
        "type": "Point",
        "coordinates": [
          7.2199,
          47.7995
        ]
      },
      "properties": {
        "icao24": "896456",
        "callsign": "UAE25K",
        "origin_country": "United Arab Emirates",
        "time_position": 1786789974,
        "last_contact": 1786789974,
        "baro_altitude": 10728.96,
        "on_ground": false,
        "velocity": 255.4,
        "true_track": 123.5,
        "vertical_rate": 5.2,
        "geo_altitude": 11239.5,
        "squawk": "0653",
        "spi": false,
        "position_source": 0
      }
    },
    {
      "type": "Feature",
      "geometry": {
        "type": "Point",
        "coordinates": [
          18.9487,
          45.1125
        ]
      },
      "properties": {
        "icao24": "896462",
        "callsign": "ETD11K",
        "origin_country": "United Arab Emirates",
        "time_position": 1786789974,
        "last_contact": 1786789974,
        "baro_altitude": 11277.6,
        "on_ground": false,
        "velocity": 260.64,
        "true_track": 126.17,
        "vertical_rate": 0,
        "geo_altitude": 11780.52,
        "squawk": "2107",
        "spi": false,
        "position_source": 0
      }
    },
    {
      "type": "Feature",
      "geometry": {
        "type": "Point",
        "coordinates": [
          7.5049,
          43.5398
        ]
      },
      "properties": {
        "icao24": "4d02e2",
        "callsign": "JFA38H",
        "origin_country": "Luxembourg",
        "time_position": 1786789973,
        "last_contact": 1786789973,
        "baro_altitude": 10401.3,
        "on_ground": false,
        "velocity": 182.2,
        "true_track": 88.22,
        "vertical_rate": 8.45,
        "geo_altitude": 10942.32,
        "squawk": "3351",
        "spi": false,
        "position_source": 0
      }
    },
    {
      "type": "Feature",
      "geometry": {
        "type": "Point",
        "coordinates": [
          9.0072,
          44.4696
        ]
      },
      "properties": {
        "icao24": "a4b470",
        "callsign": "DAL297",
        "origin_country": "United States",
        "time_position": 1786789974,
        "last_contact": 1786789974,
        "baro_altitude": 10363.2,
        "on_ground": false,
        "velocity": 243.44,
        "true_track": 299.22,
        "vertical_rate": 0,
        "geo_altitude": 10911.84,
        "squawk": "2051",
        "spi": false,
        "position_source": 0
      }
    },
    {
      "type": "Feature",
      "geometry": {
        "type": "Point",
        "coordinates": [
          16.0443,
          41.932
        ]
      },
      "properties": {
        "icao24": "8964fc",
        "callsign": "ETD9XU",
        "origin_country": "United Arab Emirates",
        "time_position": 1786789973,
        "last_contact": 1786789974,
        "baro_altitude": 10660.38,
        "on_ground": false,
        "velocity": 263.51,
        "true_track": 138.56,
        "vertical_rate": 0.33,
        "geo_altitude": 11201.4,
        "squawk": "5255",
        "spi": false,
        "position_source": 0
      }
    },
    {
      "type": "Feature",
      "geometry": {
        "type": "Point",
        "coordinates": [
          9.2433,
          47.7192
        ]
      },
      "properties": {
        "icao24": "4bb061",
        "callsign": "THY5AZ",
        "origin_country": "Turkey",
        "time_position": 1786789973,
        "last_contact": 1786789973,
        "baro_altitude": 5052.06,
        "on_ground": false,
        "velocity": 183.78,
        "true_track": 267.91,
        "vertical_rate": -9.1,
        "geo_altitude": 5379.72,
        "squawk": "7546",
        "spi": false,
        "position_source": 0
      }
    },
    {
      "type": "Feature",
      "geometry": {
        "type": "Point",
        "coordinates": [
          13.1168,
          42.9656
        ]
      },
      "properties": {
        "icao24": "896621",
        "callsign": "UAE102",
        "origin_country": "United Arab Emirates",
        "time_position": 1786789974,
        "last_contact": 1786789974,
        "baro_altitude": 11887.2,
        "on_ground": false,
        "velocity": 261.36,
        "true_track": 132.93,
        "vertical_rate": 0,
        "geo_altitude": 12443.46,
        "squawk": "0432",
        "spi": false,
        "position_source": 0
      }
    },
    {
      "type": "Feature",
      "geometry": {
        "type": "Point",
        "coordinates": [
          16.2708,
          45.367
        ]
      },
      "properties": {
        "icao24": "4bb06f",
        "callsign": "THY9GY",
        "origin_country": "Turkey",
        "time_position": 1786789974,
        "last_contact": 1786789974,
        "baro_altitude": 3253.74,
        "on_ground": false,
        "velocity": 170.03,
        "true_track": 296.02,
        "vertical_rate": -0.65,
        "geo_altitude": 3482.34,
        "squawk": "4541",
        "spi": false,
        "position_source": 0
      }
    },
    {
      "type": "Feature",
      "geometry": {
        "type": "Point",
        "coordinates": [
          11.1151,
          45.2774
        ]
      },
      "properties": {
        "icao24": "484c51",
        "callsign": "KLM45K",
        "origin_country": "Kingdom of the Netherlands",
        "time_position": 1786789973,
        "last_contact": 1786789973,
        "baro_altitude": 5387.34,
        "on_ground": false,
        "velocity": 184.71,
        "true_track": 170.38,
        "vertical_rate": -5.85,
        "geo_altitude": 5730.24,
        "squawk": "1000",
        "spi": false,
        "position_source": 0
      }
    },
    {
      "type": "Feature",
      "geometry": {
        "type": "Point",
        "coordinates": [
          11.8468,
          44.6185
        ]
      },
      "properties": {
        "icao24": "3008be",
        "callsign": "IOZZP",
        "origin_country": "Italy",
        "time_position": 1786789974,
        "last_contact": 1786789974,
        "baro_altitude": 1158.24,
        "on_ground": false,
        "velocity": 51.78,
        "true_track": 229.03,
        "vertical_rate": 0,
        "geo_altitude": 1295.4,
        "squawk": "7000",
        "spi": false,
        "position_source": 0
      }
    },
    {
      "type": "Feature",
      "geometry": {
        "type": "Point",
        "coordinates": [
          18.1937,
          40.5352
        ]
      },
      "properties": {
        "icao24": "484c59",
        "callsign": "TRA6872",
        "origin_country": "Kingdom of the Netherlands",
        "time_position": 1786789969,
        "last_contact": 1786789969,
        "baro_altitude": 10972.8,
        "on_ground": false,
        "velocity": 228.46,
        "true_track": 333.09,
        "vertical_rate": 0,
        "geo_altitude": 11498.58,
        "squawk": "5506",
        "spi": false,
        "position_source": 0
      }
    },
    {
      "type": "Feature",
      "geometry": {
        "type": "Point",
        "coordinates": [
          13.1333,
          47.301
        ]
      },
      "properties": {
        "icao24": "a71488",
        "callsign": "N5551Q",
        "origin_country": "United States",
        "time_position": 1786789972,
        "last_contact": 1786789974,
        "baro_altitude": 2788.92,
        "on_ground": false,
        "velocity": 64.28,
        "true_track": 257.52,
        "vertical_rate": -0.98,
        "geo_altitude": 2994.66,
        "squawk": null,
        "spi": false,
        "position_source": 0
      }
    },
    {
      "type": "Feature",
      "geometry": {
        "type": "Point",
        "coordinates": [
          9.0424,
          47.1783
        ]
      },
      "properties": {
        "icao24": "3e7841",
        "callsign": "DKKSV",
        "origin_country": "Germany",
        "time_position": 1786789974,
        "last_contact": 1786789974,
        "baro_altitude": 563.88,
        "on_ground": false,
        "velocity": 37.1,
        "true_track": 225,
        "vertical_rate": 3.25,
        "geo_altitude": 678.18,
        "squawk": null,
        "spi": false,
        "position_source": 0
      }
    },
    {
      "type": "Feature",
      "geometry": {
        "type": "Point",
        "coordinates": [
          9.1783,
          47.0273
        ]
      },
      "properties": {
        "icao24": "3e7845",
        "callsign": "DKKSZ",
        "origin_country": "Germany",
        "time_position": 1786789974,
        "last_contact": 1786789974,
        "baro_altitude": 2606.04,
        "on_ground": false,
        "velocity": 36.03,
        "true_track": 136.74,
        "vertical_rate": 0,
        "geo_altitude": 2842.26,
        "squawk": "7000",
        "spi": false,
        "position_source": 0
      }
    },
    {
      "type": "Feature",
      "geometry": {
        "type": "Point",
        "coordinates": [
          11.1723,
          41.346
        ]
      },
      "properties": {
        "icao24": "346458",
        "callsign": "IBE08AL",
        "origin_country": "Spain",
        "time_position": 1786789974,
        "last_contact": 1786789974,
        "baro_altitude": 11582.4,
        "on_ground": false,
        "velocity": 236.4,
        "true_track": 81.11,
        "vertical_rate": 0,
        "geo_altitude": 12161.52,
        "squawk": "1445",
        "spi": false,
        "position_source": 0
      }
    },
    {
      "type": "Feature",
      "geometry": {
        "type": "Point",
        "coordinates": [
          7.2815,
          43.525
        ]
      },
      "properties": {
        "icao24": "506c45",
        "callsign": "FIX005",
        "origin_country": "Slovenia",
        "time_position": 1786789974,
        "last_contact": 1786789974,
        "baro_altitude": 2682.24,
        "on_ground": false,
        "velocity": 144.4,
        "true_track": 214.26,
        "vertical_rate": 11.38,
        "geo_altitude": 2910.84,
        "squawk": null,
        "spi": false,
        "position_source": 0
      }
    },
    {
      "type": "Feature",
      "geometry": {
        "type": "Point",
        "coordinates": [
          11.4128,
          43.9713
        ]
      },
      "properties": {
        "icao24": "3009b3",
        "callsign": "DLA9FF",
        "origin_country": "Italy",
        "time_position": 1786789973,
        "last_contact": 1786789973,
        "baro_altitude": 3261.36,
        "on_ground": false,
        "velocity": 177.64,
        "true_track": 209.68,
        "vertical_rate": -7.8,
        "geo_altitude": 3489.96,
        "squawk": "1000",
        "spi": false,
        "position_source": 0
      }
    },
    {
      "type": "Feature",
      "geometry": {
        "type": "Point",
        "coordinates": [
          14.4959,
          35.845
        ]
      },
      "properties": {
        "icao24": "48af10",
        "callsign": "LOT672",
        "origin_country": "Poland",
        "time_position": 1786789974,
        "last_contact": 1786789974,
        "baro_altitude": null,
        "on_ground": true,
        "velocity": 6.94,
        "true_track": 140.62,
        "vertical_rate": null,
        "geo_altitude": null,
        "squawk": null,
        "spi": false,
        "position_source": 0
      }
    },
    {
      "type": "Feature",
      "geometry": {
        "type": "Point",
        "coordinates": [
          18.2474,
          47.6015
        ]
      },
      "properties": {
        "icao24": "461f67",
        "callsign": "FIN8YL",
        "origin_country": "Finland",
        "time_position": 1786789974,
        "last_contact": 1786789974,
        "baro_altitude": 11277.6,
        "on_ground": false,
        "velocity": 226.12,
        "true_track": 22.19,
        "vertical_rate": 0,
        "geo_altitude": 11788.14,
        "squawk": "6112",
        "spi": false,
        "position_source": 0
      }
    },
    {
      "type": "Feature",
      "geometry": {
        "type": "Point",
        "coordinates": [
          17.9964,
          43.2864
        ]
      },
      "properties": {
        "icao24": "44cc43",
        "callsign": "BEL9VN",
        "origin_country": "Belgium",
        "time_position": 1786789973,
        "last_contact": 1786789973,
        "baro_altitude": 11582.4,
        "on_ground": false,
        "velocity": 224.25,
        "true_track": 317.23,
        "vertical_rate": 0,
        "geo_altitude": 12115.8,
        "squawk": "2004",
        "spi": false,
        "position_source": 0
      }
    },
    {
      "type": "Feature",
      "geometry": {
        "type": "Point",
        "coordinates": [
          15.8701,
          43.279
        ]
      },
      "properties": {
        "icao24": "44cc42",
        "callsign": "BEL6QG",
        "origin_country": "Belgium",
        "time_position": 1786789974,
        "last_contact": 1786789974,
        "baro_altitude": 11582.4,
        "on_ground": false,
        "velocity": 233.05,
        "true_track": 322.62,
        "vertical_rate": 0,
        "geo_altitude": 12131.04,
        "squawk": "6633",
        "spi": false,
        "position_source": 0
      }
    },
    {
      "type": "Feature",
      "geometry": {
        "type": "Point",
        "coordinates": [
          13.9336,
          45.9405
        ]
      },
      "properties": {
        "icao24": "89653a",
        "callsign": "ETD99P",
        "origin_country": "United Arab Emirates",
        "time_position": 1786789974,
        "last_contact": 1786789974,
        "baro_altitude": 11277.6,
        "on_ground": false,
        "velocity": 258.91,
        "true_track": 147.83,
        "vertical_rate": -0.65,
        "geo_altitude": 11826.24,
        "squawk": "6527",
        "spi": false,
        "position_source": 0
      }
    },
    {
      "type": "Feature",
      "geometry": {
        "type": "Point",
        "coordinates": [
          14.4664,
          35.8595
        ]
      },
      "properties": {
        "icao24": "461f59",
        "callsign": "OHLWR",
        "origin_country": "Finland",
        "time_position": 1786771765,
        "last_contact": 1786789971,
        "baro_altitude": null,
        "on_ground": true,
        "velocity": 0.13,
        "true_track": 323.44,
        "vertical_rate": null,
        "geo_altitude": null,
        "squawk": null,
        "spi": false,
        "position_source": 0
      }
    },
    {
      "type": "Feature",
      "geometry": {
        "type": "Point",
        "coordinates": [
          18.6326,
          39.8926
        ]
      },
      "properties": {
        "icao24": "4076ed",
        "callsign": "EXS5QD",
        "origin_country": "United Kingdom",
        "time_position": 1786789974,
        "last_contact": 1786789974,
        "baro_altitude": 10972.8,
        "on_ground": false,
        "velocity": 222.31,
        "true_track": 334.8,
        "vertical_rate": 0,
        "geo_altitude": 11506.2,
        "squawk": null,
        "spi": false,
        "position_source": 0
      }
    },
    {
      "type": "Feature",
      "geometry": {
        "type": "Point",
        "coordinates": [
          7.2109,
          43.6596
        ]
      },
      "properties": {
        "icao24": "4076da",
        "callsign": "EXS6MT",
        "origin_country": "United Kingdom",
        "time_position": 1786789929,
        "last_contact": 1786789974,
        "baro_altitude": null,
        "on_ground": true,
        "velocity": 7.2,
        "true_track": 225,
        "vertical_rate": null,
        "geo_altitude": null,
        "squawk": null,
        "spi": false,
        "position_source": 0
      }
    },
    {
      "type": "Feature",
      "geometry": {
        "type": "Point",
        "coordinates": [
          12.5595,
          44.339
        ]
      },
      "properties": {
        "icao24": "8964a0",
        "callsign": "UAE64P",
        "origin_country": "United Arab Emirates",
        "time_position": 1786789974,
        "last_contact": 1786789974,
        "baro_altitude": 11582.4,
        "on_ground": false,
        "velocity": 239.02,
        "true_track": 291.6,
        "vertical_rate": 0,
        "geo_altitude": 12123.42,
        "squawk": "5504",
        "spi": false,
        "position_source": 0
      }
    },
    {
      "type": "Feature",
      "geometry": {
        "type": "Point",
        "coordinates": [
          11.7764,
          47.1679
        ]
      },
      "properties": {
        "icao24": "8964a8",
        "callsign": "UAE56W",
        "origin_country": "United Arab Emirates",
        "time_position": 1786789974,
        "last_contact": 1786789974,
        "baro_altitude": 10972.8,
        "on_ground": false,
        "velocity": 242.46,
        "true_track": 301.46,
        "vertical_rate": 0,
        "geo_altitude": 11498.58,
        "squawk": "1000",
        "spi": false,
        "position_source": 0
      }
    },
    {
      "type": "Feature",
      "geometry": {
        "type": "Point",
        "coordinates": [
          13.2855,
          47.3738
        ]
      },
      "properties": {
        "icao24": "8964a6",
        "callsign": "UAE5WR",
        "origin_country": "United Arab Emirates",
        "time_position": 1786789974,
        "last_contact": 1786789974,
        "baro_altitude": 10058.4,
        "on_ground": false,
        "velocity": 257.45,
        "true_track": 122.52,
        "vertical_rate": 0,
        "geo_altitude": 10553.7,
        "squawk": "2257",
        "spi": false,
        "position_source": 0
      }
    },
    {
      "type": "Feature",
      "geometry": {
        "type": "Point",
        "coordinates": [
          13.6096,
          45.6208
        ]
      },
      "properties": {
        "icao24": "48adae",
        "callsign": "LOT4PM",
        "origin_country": "Poland",
        "time_position": 1786789974,
        "last_contact": 1786789974,
        "baro_altitude": 5974.08,
        "on_ground": false,
        "velocity": 194.56,
        "true_track": 59.84,
        "vertical_rate": 3.25,
        "geo_altitude": 6339.84,
        "squawk": "1000",
        "spi": false,
        "position_source": 0
      }
    },
    {
      "type": "Feature",
      "geometry": {
        "type": "Point",
        "coordinates": [
          6.6395,
          46.8926
        ]
      },
      "properties": {
        "icao24": "4b1bdd",
        "callsign": "HBKOJ",
        "origin_country": "Switzerland",
        "time_position": 1786789973,
        "last_contact": 1786789973,
        "baro_altitude": 1577.34,
        "on_ground": false,
        "velocity": 60.29,
        "true_track": 36.67,
        "vertical_rate": -0.33,
        "geo_altitude": 1729.74,
        "squawk": "5106",
        "spi": false,
        "position_source": 0
      }
    },
    {
      "type": "Feature",
      "geometry": {
        "type": "Point",
        "coordinates": [
          7.5312,
          47.5987
        ]
      },
      "properties": {
        "icao24": "3c48eb",
        "callsign": "LHX2396",
        "origin_country": "Germany",
        "time_position": 1786789799,
        "last_contact": 1786789806,
        "baro_altitude": null,
        "on_ground": true,
        "velocity": 0,
        "true_track": 33.75,
        "vertical_rate": null,
        "geo_altitude": null,
        "squawk": "1000",
        "spi": false,
        "position_source": 0
      }
    },
    {
      "type": "Feature",
      "geometry": {
        "type": "Point",
        "coordinates": [
          9.5834,
          45.777
        ]
      },
      "properties": {
        "icao24": "3c48ee",
        "callsign": "EWG33N",
        "origin_country": "Germany",
        "time_position": 1786789974,
        "last_contact": 1786789974,
        "baro_altitude": 11887.2,
        "on_ground": false,
        "velocity": 228.29,
        "true_track": 152.05,
        "vertical_rate": 0,
        "geo_altitude": 12420.6,
        "squawk": "2532",
        "spi": false,
        "position_source": 0
      }
    },
    {
      "type": "Feature",
      "geometry": {
        "type": "Point",
        "coordinates": [
          7.5006,
          45.7786
        ]
      },
      "properties": {
        "icao24": "49130f",
        "callsign": "NJE7JD",
        "origin_country": "Portugal",
        "time_position": 1786789974,
        "last_contact": 1786789974,
        "baro_altitude": 12192,
        "on_ground": false,
        "velocity": 208.8,
        "true_track": 327.68,
        "vertical_rate": 0,
        "geo_altitude": 12748.26,
        "squawk": "1000",
        "spi": false,
        "position_source": 0
      }
    },
    {
      "type": "Feature",
      "geometry": {
        "type": "Point",
        "coordinates": [
          8.4707,
          44.5539
        ]
      },
      "properties": {
        "icao24": "4b1bbc",
        "callsign": "HBKNC",
        "origin_country": "Switzerland",
        "time_position": 1786789970,
        "last_contact": 1786789973,
        "baro_altitude": 1196.34,
        "on_ground": false,
        "velocity": 52.14,
        "true_track": 239.13,
        "vertical_rate": -0.65,
        "geo_altitude": 1325.88,
        "squawk": null,
        "spi": false,
        "position_source": 0
      }
    },
    {
      "type": "Feature",
      "geometry": {
        "type": "Point",
        "coordinates": [
          8.7009,
          46.1015
        ]
      },
      "properties": {
        "icao24": "4b1bbf",
        "callsign": "HBKNF",
        "origin_country": "Switzerland",
        "time_position": 1786789973,
        "last_contact": 1786789974,
        "baro_altitude": 1432.56,
        "on_ground": false,
        "velocity": 40.76,
        "true_track": 184.34,
        "vertical_rate": 1.3,
        "geo_altitude": 1584.96,
        "squawk": null,
        "spi": false,
        "position_source": 0
      }
    },
    {
      "type": "Feature",
      "geometry": {
        "type": "Point",
        "coordinates": [
          9.7318,
          47.2819
        ]
      },
      "properties": {
        "icao24": "3e637a",
        "callsign": "DKCWG",
        "origin_country": "Germany",
        "time_position": 1786789974,
        "last_contact": 1786789974,
        "baro_altitude": 1645.92,
        "on_ground": false,
        "velocity": 34.74,
        "true_track": 152.68,
        "vertical_rate": -0.33,
        "geo_altitude": 1790.7,
        "squawk": "7000",
        "spi": false,
        "position_source": 0
      }
    },
    {
      "type": "Feature",
      "geometry": {
        "type": "Point",
        "coordinates": [
          14.2925,
          47.2246
        ]
      },
      "properties": {
        "icao24": "8965f5",
        "callsign": "ETD7EE",
        "origin_country": "United Arab Emirates",
        "time_position": 1786789973,
        "last_contact": 1786789973,
        "baro_altitude": 11277.6,
        "on_ground": false,
        "velocity": 255.95,
        "true_track": 121.1,
        "vertical_rate": 0,
        "geo_altitude": 11811,
        "squawk": "2223",
        "spi": false,
        "position_source": 0
      }
    },
    {
      "type": "Feature",
      "geometry": {
        "type": "Point",
        "coordinates": [
          7.2031,
          43.6527
        ]
      },
      "properties": {
        "icao24": "460cb6",
        "callsign": "FSF221A",
        "origin_country": "Finland",
        "time_position": 1786789906,
        "last_contact": 1786789974,
        "baro_altitude": null,
        "on_ground": true,
        "velocity": 0,
        "true_track": 140.62,
        "vertical_rate": null,
        "geo_altitude": null,
        "squawk": null,
        "spi": false,
        "position_source": 0
      }
    },
    {
      "type": "Feature",
      "geometry": {
        "type": "Point",
        "coordinates": [
          6.717,
          38.2343
        ]
      },
      "properties": {
        "icao24": "44ccc7",
        "callsign": "BEL4KE",
        "origin_country": "Belgium",
        "time_position": 1786789973,
        "last_contact": 1786789973,
        "baro_altitude": 10668,
        "on_ground": false,
        "velocity": 245.65,
        "true_track": 182.64,
        "vertical_rate": 0,
        "geo_altitude": 11231.88,
        "squawk": "0106",
        "spi": false,
        "position_source": 0
      }
    },
    {
      "type": "Feature",
      "geometry": {
        "type": "Point",
        "coordinates": [
          6.4321,
          38.2874
        ]
      },
      "properties": {
        "icao24": "44ccc4",
        "callsign": "BEL1FF",
        "origin_country": "Belgium",
        "time_position": 1786789945,
        "last_contact": 1786789963,
        "baro_altitude": 11277.6,
        "on_ground": false,
        "velocity": 244.47,
        "true_track": 175.9,
        "vertical_rate": 0,
        "geo_altitude": 11902.44,
        "squawk": "0111",
        "spi": false,
        "position_source": 0
      }
    },
    {
      "type": "Feature",
      "geometry": {
        "type": "Point",
        "coordinates": [
          9.3098,
          45.567
        ]
      },
      "properties": {
        "icao24": "461fbd",
        "callsign": "FSF543N",
        "origin_country": "Finland",
        "time_position": 1786789974,
        "last_contact": 1786789974,
        "baro_altitude": 6705.6,
        "on_ground": false,
        "velocity": 137.53,
        "true_track": 280.34,
        "vertical_rate": 0,
        "geo_altitude": 7101.84,
        "squawk": "7235",
        "spi": false,
        "position_source": 0
      }
    },
    {
      "type": "Feature",
      "geometry": {
        "type": "Point",
        "coordinates": [
          9.0306,
          44.2319
        ]
      },
      "properties": {
        "icao24": "461fa7",
        "callsign": "FIN98J",
        "origin_country": "Finland",
        "time_position": 1786789974,
        "last_contact": 1786789974,
        "baro_altitude": 10972.8,
        "on_ground": false,
        "velocity": 231.91,
        "true_track": 9.96,
        "vertical_rate": 0,
        "geo_altitude": 11521.44,
        "squawk": "0445",
        "spi": false,
        "position_source": 0
      }
    },
    {
      "type": "Feature",
      "geometry": {
        "type": "Point",
        "coordinates": [
          11.0108,
          47.3908
        ]
      },
      "properties": {
        "icao24": "3e75b5",
        "callsign": "DKJTT",
        "origin_country": "Germany",
        "time_position": 1786789974,
        "last_contact": 1786789974,
        "baro_altitude": 3246.12,
        "on_ground": false,
        "velocity": 39.74,
        "true_track": 248.75,
        "vertical_rate": -0.33,
        "geo_altitude": 3497.58,
        "squawk": "7000",
        "spi": false,
        "position_source": 0
      }
    },
    {
      "type": "Feature",
      "geometry": {
        "type": "Point",
        "coordinates": [
          11.7979,
          41.4809
        ]
      },
      "properties": {
        "icao24": "471a7e",
        "callsign": "FRF140",
        "origin_country": "Hungary",
        "time_position": 1786789974,
        "last_contact": 1786789974,
        "baro_altitude": 7620,
        "on_ground": false,
        "velocity": 131.47,
        "true_track": 188.1,
        "vertical_rate": 0,
        "geo_altitude": 8046.72,
        "squawk": "7607",
        "spi": false,
        "position_source": 0
      }
    },
    {
      "type": "Feature",
      "geometry": {
        "type": "Point",
        "coordinates": [
          13.8742,
          45.2023
        ]
      },
      "properties": {
        "icao24": "471a79",
        "callsign": "HAKAR",
        "origin_country": "Hungary",
        "time_position": 1786789974,
        "last_contact": 1786789974,
        "baro_altitude": 1775.46,
        "on_ground": false,
        "velocity": 141.35,
        "true_track": 173.52,
        "vertical_rate": -6.83,
        "geo_altitude": 1943.1,
        "squawk": "1000",
        "spi": false,
        "position_source": 0
      }
    },
    {
      "type": "Feature",
      "geometry": {
        "type": "Point",
        "coordinates": [
          17.489,
          43.7852
        ]
      },
      "properties": {
        "icao24": "896713",
        "callsign": "ETD7YQ",
        "origin_country": "United Arab Emirates",
        "time_position": 1786789971,
        "last_contact": 1786789971,
        "baro_altitude": 10972.8,
        "on_ground": false,
        "velocity": 225.22,
        "true_track": 316.2,
        "vertical_rate": 0,
        "geo_altitude": 11498.58,
        "squawk": "6636",
        "spi": false,
        "position_source": 0
      }
    },
    {
      "type": "Feature",
      "geometry": {
        "type": "Point",
        "coordinates": [
          12.5909,
          46.9299
        ]
      },
      "properties": {
        "icao24": "4b1c67",
        "callsign": "HBKTR",
        "origin_country": "Switzerland",
        "time_position": 1786789810,
        "last_contact": 1786789810,
        "baro_altitude": 3512.82,
        "on_ground": false,
        "velocity": 62.26,
        "true_track": 305.92,
        "vertical_rate": -0.33,
        "geo_altitude": 3764.28,
        "squawk": "7000",
        "spi": false,
        "position_source": 0
      }
    },
    {
      "type": "Feature",
      "geometry": {
        "type": "Point",
        "coordinates": [
          12.7293,
          42.4417
        ]
      },
      "properties": {
        "icao24": "40796a",
        "callsign": "TOM85T",
        "origin_country": "United Kingdom",
        "time_position": 1786789974,
        "last_contact": 1786789974,
        "baro_altitude": 10972.8,
        "on_ground": false,
        "velocity": 225.87,
        "true_track": 325.77,
        "vertical_rate": 0,
        "geo_altitude": 11529.06,
        "squawk": "1271",
        "spi": false,
        "position_source": 0
      }
    },
    {
      "type": "Feature",
      "geometry": {
        "type": "Point",
        "coordinates": [
          7.5721,
          45.3941
        ]
      },
      "properties": {
        "icao24": "345204",
        "callsign": "VLG1501",
        "origin_country": "Spain",
        "time_position": 1786789974,
        "last_contact": 1786789974,
        "baro_altitude": 10058.4,
        "on_ground": false,
        "velocity": 215.71,
        "true_track": 120.85,
        "vertical_rate": 0,
        "geo_altitude": 10584.18,
        "squawk": "1000",
        "spi": false,
        "position_source": 0
      }
    },
    {
      "type": "Feature",
      "geometry": {
        "type": "Point",
        "coordinates": [
          13.7211,
          47.6563
        ]
      },
      "properties": {
        "icao24": "748020",
        "callsign": "MEA248",
        "origin_country": "Lebanon",
        "time_position": 1786789973,
        "last_contact": 1786789974,
        "baro_altitude": 10050.78,
        "on_ground": false,
        "velocity": 243.94,
        "true_track": 125.3,
        "vertical_rate": 0,
        "geo_altitude": 10553.7,
        "squawk": "7712",
        "spi": false,
        "position_source": 0
      }
    },
    {
      "type": "Feature",
      "geometry": {
        "type": "Point",
        "coordinates": [
          6.6305,
          47.793
        ]
      },
      "properties": {
        "icao24": "4d00d8",
        "callsign": "LGL21CB",
        "origin_country": "Luxembourg",
        "time_position": 1786789974,
        "last_contact": 1786789974,
        "baro_altitude": 7010.4,
        "on_ground": false,
        "velocity": 180.73,
        "true_track": 177.55,
        "vertical_rate": -0.33,
        "geo_altitude": 7429.5,
        "squawk": "1000",
        "spi": false,
        "position_source": 0
      }
    },
    {
      "type": "Feature",
      "geometry": {
        "type": "Point",
        "coordinates": [
          8.7198,
          45.6213
        ]
      },
      "properties": {
        "icao24": "4d00ca",
        "callsign": "LGL93BM",
        "origin_country": "Luxembourg",
        "time_position": 1786789974,
        "last_contact": 1786789974,
        "baro_altitude": null,
        "on_ground": true,
        "velocity": 0,
        "true_track": 171.56,
        "vertical_rate": null,
        "geo_altitude": null,
        "squawk": "1000",
        "spi": false,
        "position_source": 0
      }
    },
    {
      "type": "Feature",
      "geometry": {
        "type": "Point",
        "coordinates": [
          14.9554,
          43.3315
        ]
      },
      "properties": {
        "icao24": "4d00f1",
        "callsign": "LGL213",
        "origin_country": "Luxembourg",
        "time_position": 1786789974,
        "last_contact": 1786789974,
        "baro_altitude": 11277.6,
        "on_ground": false,
        "velocity": 234.68,
        "true_track": 141.5,
        "vertical_rate": 0,
        "geo_altitude": 11803.38,
        "squawk": "3507",
        "spi": false,
        "position_source": 0
      }
    },
    {
      "type": "Feature",
      "geometry": {
        "type": "Point",
        "coordinates": [
          9.5769,
          47.7252
        ]
      },
      "properties": {
        "icao24": "89409e",
        "callsign": "GFA018",
        "origin_country": "Bahrain",
        "time_position": 1786789974,
        "last_contact": 1786789974,
        "baro_altitude": 10066.02,
        "on_ground": false,
        "velocity": 243.95,
        "true_track": 96.66,
        "vertical_rate": 0,
        "geo_altitude": 10591.8,
        "squawk": "0657",
        "spi": false,
        "position_source": 0
      }
    },
    {
      "type": "Feature",
      "geometry": {
        "type": "Point",
        "coordinates": [
          8.7289,
          46.0966
        ]
      },
      "properties": {
        "icao24": "4b1bc5",
        "callsign": "HBKNL",
        "origin_country": "Switzerland",
        "time_position": 1786789974,
        "last_contact": 1786789974,
        "baro_altitude": 1135.38,
        "on_ground": false,
        "velocity": 55.75,
        "true_track": 48.37,
        "vertical_rate": -4.55,
        "geo_altitude": 1264.92,
        "squawk": "2000",
        "spi": false,
        "position_source": 0
      }
    },
    {
      "type": "Feature",
      "geometry": {
        "type": "Point",
        "coordinates": [
          8.6095,
          44.3652
        ]
      },
      "properties": {
        "icao24": "4b1bc6",
        "callsign": "HBKNM",
        "origin_country": "Switzerland",
        "time_position": 1786789967,
        "last_contact": 1786789972,
        "baro_altitude": 304.8,
        "on_ground": false,
        "velocity": 47.54,
        "true_track": 54.25,
        "vertical_rate": 0.33,
        "geo_altitude": 373.38,
        "squawk": null,
        "spi": false,
        "position_source": 0
      }
    },
    {
      "type": "Feature",
      "geometry": {
        "type": "Point",
        "coordinates": [
          14.2969,
          43.8962
        ]
      },
      "properties": {
        "icao24": "491221",
        "callsign": "NJE239A",
        "origin_country": "Portugal",
        "time_position": 1786789974,
        "last_contact": 1786789974,
        "baro_altitude": 12192,
        "on_ground": false,
        "velocity": 204.52,
        "true_track": 311.23,
        "vertical_rate": 0,
        "geo_altitude": 12740.64,
        "squawk": "2044",
        "spi": false,
        "position_source": 0
      }
    },
    {
      "type": "Feature",
      "geometry": {
        "type": "Point",
        "coordinates": [
          11.0656,
          47.2093
        ]
      },
      "properties": {
        "icao24": "899081",
        "callsign": "EVA088",
        "origin_country": "Taiwan",
        "time_position": 1786789974,
        "last_contact": 1786789974,
        "baro_altitude": 8839.2,
        "on_ground": false,
        "velocity": 263.32,
        "true_track": 102.87,
        "vertical_rate": 0,
        "geo_altitude": 9319.26,
        "squawk": "0673",
        "spi": false,
        "position_source": 0
      }
    },
    {
      "type": "Feature",
      "geometry": {
        "type": "Point",
        "coordinates": [
          9.8864,
          45.5646
        ]
      },
      "properties": {
        "icao24": "89907b",
        "callsign": "EVA096",
        "origin_country": "Taiwan",
        "time_position": 1786789974,
        "last_contact": 1786789974,
        "baro_altitude": 6477,
        "on_ground": false,
        "velocity": 211.85,
        "true_track": 96.69,
        "vertical_rate": 9.1,
        "geo_altitude": 6850.38,
        "squawk": "0475",
        "spi": false,
        "position_source": 0
      }
    },
    {
      "type": "Feature",
      "geometry": {
        "type": "Point",
        "coordinates": [
          7.1972,
          43.6468
        ]
      },
      "properties": {
        "icao24": "49d3ce",
        "callsign": "TIE265J",
        "origin_country": "Czech Republic",
        "time_position": 1786789974,
        "last_contact": 1786789974,
        "baro_altitude": 60.96,
        "on_ground": false,
        "velocity": 60.39,
        "true_track": 45,
        "vertical_rate": -3.25,
        "geo_altitude": 129.54,
        "squawk": "1000",
        "spi": false,
        "position_source": 0
      }
    },
    {
      "type": "Feature",
      "geometry": {
        "type": "Point",
        "coordinates": [
          10.1902,
          41.6345
        ]
      },
      "properties": {
        "icao24": "3cc158",
        "callsign": "VJH387",
        "origin_country": "Germany",
        "time_position": 1786789974,
        "last_contact": 1786789974,
        "baro_altitude": 12496.8,
        "on_ground": false,
        "velocity": 216.82,
        "true_track": 225.58,
        "vertical_rate": -0.33,
        "geo_altitude": 13083.54,
        "squawk": "1000",
        "spi": false,
        "position_source": 0
      }
    },
    {
      "type": "Feature",
      "geometry": {
        "type": "Point",
        "coordinates": [
          15.742,
          44.6997
        ]
      },
      "properties": {
        "icao24": "4ca4ec",
        "callsign": "RYR39UX",
        "origin_country": "Ireland",
        "time_position": 1786789973,
        "last_contact": 1786789973,
        "baro_altitude": 10972.8,
        "on_ground": false,
        "velocity": 224,
        "true_track": 321.34,
        "vertical_rate": 0,
        "geo_altitude": 11468.1,
        "squawk": "7740",
        "spi": false,
        "position_source": 0
      }
    },
    {
      "type": "Feature",
      "geometry": {
        "type": "Point",
        "coordinates": [
          8.5729,
          47.4539
        ]
      },
      "properties": {
        "icao24": "3cc146",
        "callsign": "PTN62E",
        "origin_country": "Germany",
        "time_position": 1786789967,
        "last_contact": 1786789967,
        "baro_altitude": null,
        "on_ground": true,
        "velocity": 0,
        "true_track": 185.62,
        "vertical_rate": null,
        "geo_altitude": null,
        "squawk": "1000",
        "spi": false,
        "position_source": 0
      }
    },
    {
      "type": "Feature",
      "geometry": {
        "type": "Point",
        "coordinates": [
          14.6934,
          47.368
        ]
      },
      "properties": {
        "icao24": "4409ac",
        "callsign": "OECRG",
        "origin_country": "Austria",
        "time_position": 1786789921,
        "last_contact": 1786789943,
        "baro_altitude": 2811.78,
        "on_ground": false,
        "velocity": 48.11,
        "true_track": 24.65,
        "vertical_rate": -0.33,
        "geo_altitude": null,
        "squawk": "7000",
        "spi": false,
        "position_source": 0
      }
    },
    {
      "type": "Feature",
      "geometry": {
        "type": "Point",
        "coordinates": [
          8.5556,
          47.4514
        ]
      },
      "properties": {
        "icao24": "502db4",
        "callsign": "SWR4WG",
        "origin_country": "Latvia",
        "time_position": 1786789967,
        "last_contact": 1786789971,
        "baro_altitude": 396.24,
        "on_ground": true,
        "velocity": 11.83,
        "true_track": 334.69,
        "vertical_rate": null,
        "geo_altitude": null,
        "squawk": "3011",
        "spi": false,
        "position_source": 0
      }
    },
    {
      "type": "Feature",
      "geometry": {
        "type": "Point",
        "coordinates": [
          9.0874,
          46.8002
        ]
      },
      "properties": {
        "icao24": "502db3",
        "callsign": "BTI4VP",
        "origin_country": "Latvia",
        "time_position": 1786789974,
        "last_contact": 1786789974,
        "baro_altitude": 11582.4,
        "on_ground": false,
        "velocity": 232.6,
        "true_track": 26.68,
        "vertical_rate": 0,
        "geo_altitude": 12123.42,
        "squawk": "7527",
        "spi": false,
        "position_source": 0
      }
    },
    {
      "type": "Feature",
      "geometry": {
        "type": "Point",
        "coordinates": [
          11.6653,
          40.9222
        ]
      },
      "properties": {
        "icao24": "4ca569",
        "callsign": "RYR43PX",
        "origin_country": "Ireland",
        "time_position": 1786789974,
        "last_contact": 1786789974,
        "baro_altitude": 10972.8,
        "on_ground": false,
        "velocity": 228.04,
        "true_track": 349.6,
        "vertical_rate": 0,
        "geo_altitude": 11529.06,
        "squawk": "5141",
        "spi": false,
        "position_source": 0
      }
    },
    {
      "type": "Feature",
      "geometry": {
        "type": "Point",
        "coordinates": [
          7.9713,
          45.1245
        ]
      },
      "properties": {
        "icao24": "49d570",
        "callsign": "DFC9GL",
        "origin_country": "Czech Republic",
        "time_position": 1786789973,
        "last_contact": 1786789973,
        "baro_altitude": 6103.62,
        "on_ground": false,
        "velocity": 159.41,
        "true_track": 187.79,
        "vertical_rate": 13,
        "geo_altitude": 6461.76,
        "squawk": "0453",
        "spi": false,
        "position_source": 0
      }
    },
    {
      "type": "Feature",
      "geometry": {
        "type": "Point",
        "coordinates": [
          10.8514,
          45.8521
        ]
      },
      "properties": {
        "icao24": "4ca56b",
        "callsign": "RYR9858",
        "origin_country": "Ireland",
        "time_position": 1786789973,
        "last_contact": 1786789973,
        "baro_altitude": 9060.18,
        "on_ground": false,
        "velocity": 244.59,
        "true_track": 85.54,
        "vertical_rate": 4.55,
        "geo_altitude": 9540.24,
        "squawk": "0441",
        "spi": false,
        "position_source": 0
      }
    },
    {
      "type": "Feature",
      "geometry": {
        "type": "Point",
        "coordinates": [
          6.8094,
          46.4036
        ]
      },
      "properties": {
        "icao24": "a7db72",
        "callsign": "N605SR",
        "origin_country": "United States",
        "time_position": 1786789973,
        "last_contact": 1786789973,
        "baro_altitude": 5334,
        "on_ground": false,
        "velocity": 100.18,
        "true_track": 330.8,
        "vertical_rate": 0,
        "geo_altitude": 5646.42,
        "squawk": "4506",
        "spi": false,
        "position_source": 0
      }
    },
    {
      "type": "Feature",
      "geometry": {
        "type": "Point",
        "coordinates": [
          10.319,
          47.3999
        ]
      },
      "properties": {
        "icao24": "4ba9f9",
        "callsign": "THY6419",
        "origin_country": "Turkey",
        "time_position": 1786789974,
        "last_contact": 1786789974,
        "baro_altitude": 6195.06,
        "on_ground": false,
        "velocity": 218.12,
        "true_track": 90,
        "vertical_rate": 4.55,
        "geo_altitude": 6560.82,
        "squawk": "3046",
        "spi": false,
        "position_source": 0
      }
    },
    {
      "type": "Feature",
      "geometry": {
        "type": "Point",
        "coordinates": [
          6.2445,
          47.2421
        ]
      },
      "properties": {
        "icao24": "44d1c2",
        "callsign": "JAF3LV",
        "origin_country": "Belgium",
        "time_position": 1786789973,
        "last_contact": 1786789974,
        "baro_altitude": 11582.4,
        "on_ground": false,
        "velocity": 234.17,
        "true_track": 358.36,
        "vertical_rate": 0.33,
        "geo_altitude": 12108.18,
        "squawk": "1000",
        "spi": false,
        "position_source": 0
      }
    },
    {
      "type": "Feature",
      "geometry": {
        "type": "Point",
        "coordinates": [
          8.7279,
          45.611
        ]
      },
      "properties": {
        "icao24": "781641",
        "callsign": "CCA968",
        "origin_country": "China",
        "time_position": 1786789973,
        "last_contact": 1786789973,
        "baro_altitude": null,
        "on_ground": true,
        "velocity": 5.4,
        "true_track": 78.75,
        "vertical_rate": null,
        "geo_altitude": null,
        "squawk": "0427",
        "spi": false,
        "position_source": 0
      }
    },
    {
      "type": "Feature",
      "geometry": {
        "type": "Point",
        "coordinates": [
          14.2995,
          41.4375
        ]
      },
      "properties": {
        "icao24": "502d5c",
        "callsign": "BTI6B5",
        "origin_country": "Latvia",
        "time_position": 1786789974,
        "last_contact": 1786789974,
        "baro_altitude": 6522.72,
        "on_ground": false,
        "velocity": 179.12,
        "true_track": 132.67,
        "vertical_rate": -4.55,
        "geo_altitude": 6926.58,
        "squawk": "1000",
        "spi": false,
        "position_source": 0
      }
    },
    {
      "type": "Feature",
      "geometry": {
        "type": "Point",
        "coordinates": [
          8.7596,
          45.4971
        ]
      },
      "properties": {
        "icao24": "06a30a",
        "callsign": "QTR8163",
        "origin_country": "Qatar",
        "time_position": 1786789974,
        "last_contact": 1786789974,
        "baro_altitude": 861.06,
        "on_ground": false,
        "velocity": 89.59,
        "true_track": 349.08,
        "vertical_rate": -4.88,
        "geo_altitude": 982.98,
        "squawk": "1161",
        "spi": false,
        "position_source": 0
      }
    },
    {
      "type": "Feature",
      "geometry": {
        "type": "Point",
        "coordinates": [
          10.8717,
          46.8597
        ]
      },
      "properties": {
        "icao24": "49d414",
        "callsign": "TVS4PN",
        "origin_country": "Czech Republic",
        "time_position": 1786789974,
        "last_contact": 1786789974,
        "baro_altitude": 10668,
        "on_ground": false,
        "velocity": 228.81,
        "true_track": 224.73,
        "vertical_rate": 0,
        "geo_altitude": 11193.78,
        "squawk": "1000",
        "spi": false,
        "position_source": 0
      }
    },
    {
      "type": "Feature",
      "geometry": {
        "type": "Point",
        "coordinates": [
          15.4061,
          40.2901
        ]
      },
      "properties": {
        "icao24": "502ccd",
        "callsign": "BTI8XQ",
        "origin_country": "Latvia",
        "time_position": 1786789974,
        "last_contact": 1786789974,
        "baro_altitude": 11277.6,
        "on_ground": false,
        "velocity": 225.56,
        "true_track": 177.39,
        "vertical_rate": 0,
        "geo_altitude": 11841.48,
        "squawk": "2220",
        "spi": false,
        "position_source": 0
      }
    },
    {
      "type": "Feature",
      "geometry": {
        "type": "Point",
        "coordinates": [
          8.1794,
          47.3304
        ]
      },
      "properties": {
        "icao24": "502ce7",
        "callsign": "SWR3CT",
        "origin_country": "Latvia",
        "time_position": 1786789974,
        "last_contact": 1786789974,
        "baro_altitude": 3268.98,
        "on_ground": false,
        "velocity": 155.99,
        "true_track": 243.35,
        "vertical_rate": 6.83,
        "geo_altitude": 3497.58,
        "squawk": "3013",
        "spi": false,
        "position_source": 0
      }
    },
    {
      "type": "Feature",
      "geometry": {
        "type": "Point",
        "coordinates": [
          14.4071,
          41.1959
        ]
      },
      "properties": {
        "icao24": "49d423",
        "callsign": "TVS2700",
        "origin_country": "Czech Republic",
        "time_position": 1786789973,
        "last_contact": 1786789974,
        "baro_altitude": 3345.18,
        "on_ground": false,
        "velocity": 138.08,
        "true_track": 232.87,
        "vertical_rate": 0.65,
        "geo_altitude": 3581.4,
        "squawk": "1000",
        "spi": false,
        "position_source": 0
      }
    },
    {
      "type": "Feature",
      "geometry": {
        "type": "Point",
        "coordinates": [
          18.2748,
          47.2822
        ]
      },
      "properties": {
        "icao24": "49d41e",
        "callsign": "TVQ6172",
        "origin_country": "Czech Republic",
        "time_position": 1786789974,
        "last_contact": 1786789974,
        "baro_altitude": 7391.4,
        "on_ground": false,
        "velocity": 209.94,
        "true_track": 141.87,
        "vertical_rate": 8.45,
        "geo_altitude": 7772.4,
        "squawk": "4415",
        "spi": false,
        "position_source": 0
      }
    },
    {
      "type": "Feature",
      "geometry": {
        "type": "Point",
        "coordinates": [
          17.12,
          45.4027
        ]
      },
      "properties": {
        "icao24": "49d44a",
        "callsign": "DFC72D",
        "origin_country": "Czech Republic",
        "time_position": 1786789974,
        "last_contact": 1786789974,
        "baro_altitude": 12496.8,
        "on_ground": false,
        "velocity": 221.99,
        "true_track": 155.93,
        "vertical_rate": -0.33,
        "geo_altitude": 13022.58,
        "squawk": "4442",
        "spi": false,
        "position_source": 0
      }
    },
    {
      "type": "Feature",
      "geometry": {
        "type": "Point",
        "coordinates": [
          18.9673,
          44.6986
        ]
      },
      "properties": {
        "icao24": "502d7c",
        "callsign": "ASL51N",
        "origin_country": "Latvia",
        "time_position": 1786789973,
        "last_contact": 1786789973,
        "baro_altitude": 6347.46,
        "on_ground": false,
        "velocity": 213.17,
        "true_track": 70.25,
        "vertical_rate": -14.96,
        "geo_altitude": 6781.8,
        "squawk": "0456",
        "spi": false,
        "position_source": 0
      }
    },
    {
      "type": "Feature",
      "geometry": {
        "type": "Point",
        "coordinates": [
          10.4404,
          47.3145
        ]
      },
      "properties": {
        "icao24": "4863db",
        "callsign": "KLC34T",
        "origin_country": "Kingdom of the Netherlands",
        "time_position": 1786789973,
        "last_contact": 1786789973,
        "baro_altitude": 12192,
        "on_ground": false,
        "velocity": 227.72,
        "true_track": 315,
        "vertical_rate": 0,
        "geo_altitude": 12717.78,
        "squawk": "1000",
        "spi": false,
        "position_source": 0
      }
    },
    {
      "type": "Feature",
      "geometry": {
        "type": "Point",
        "coordinates": [
          16.9842,
          47.7422
        ]
      },
      "properties": {
        "icao24": "405bfe",
        "callsign": "BAW276",
        "origin_country": "United Kingdom",
        "time_position": 1786789974,
        "last_contact": 1786789974,
        "baro_altitude": 11582.4,
        "on_ground": false,
        "velocity": 242.17,
        "true_track": 294.61,
        "vertical_rate": 0,
        "geo_altitude": 12085.32,
        "squawk": "3230",
        "spi": false,
        "position_source": 0
      }
    },
    {
      "type": "Feature",
      "geometry": {
        "type": "Point",
        "coordinates": [
          16.0858,
          38.7375
        ]
      },
      "properties": {
        "icao24": "06a2b6",
        "callsign": "QTR18F",
        "origin_country": "Qatar",
        "time_position": 1786789974,
        "last_contact": 1786789974,
        "baro_altitude": 9753.6,
        "on_ground": false,
        "velocity": 249.06,
        "true_track": 291.32,
        "vertical_rate": 0,
        "geo_altitude": 10279.38,
        "squawk": "2102",
        "spi": false,
        "position_source": 0
      }
    },
    {
      "type": "Feature",
      "geometry": {
        "type": "Point",
        "coordinates": [
          12.2253,
          41.8182
        ]
      },
      "properties": {
        "icao24": "c078ac",
        "callsign": "TSC308",
        "origin_country": "Canada",
        "time_position": 1786789809,
        "last_contact": 1786789811,
        "baro_altitude": 22.86,
        "on_ground": false,
        "velocity": 69.14,
        "true_track": 162.24,
        "vertical_rate": -3.25,
        "geo_altitude": 91.44,
        "squawk": "5207",
        "spi": false,
        "position_source": 0
      }
    },
    {
      "type": "Feature",
      "geometry": {
        "type": "Point",
        "coordinates": [
          13.0662,
          47.1631
        ]
      },
      "properties": {
        "icao24": "407fc1",
        "callsign": "WUK2BY",
        "origin_country": "United Kingdom",
        "time_position": 1786789974,
        "last_contact": 1786789974,
        "baro_altitude": 10370.82,
        "on_ground": false,
        "velocity": 231.68,
        "true_track": 310.59,
        "vertical_rate": 0,
        "geo_altitude": 10896.6,
        "squawk": "5604",
        "spi": false,
        "position_source": 0
      }
    },
    {
      "type": "Feature",
      "geometry": {
        "type": "Point",
        "coordinates": [
          11.2261,
          47.4222
        ]
      },
      "properties": {
        "icao24": "3e6c83",
        "callsign": "DKGHF",
        "origin_country": "Germany",
        "time_position": 1786789974,
        "last_contact": 1786789974,
        "baro_altitude": 2872.74,
        "on_ground": false,
        "velocity": 49,
        "true_track": 265.79,
        "vertical_rate": -0.33,
        "geo_altitude": 3093.72,
        "squawk": "7000",
        "spi": false,
        "position_source": 0
      }
    },
    {
      "type": "Feature",
      "geometry": {
        "type": "Point",
        "coordinates": [
          7.5336,
          46.9194
        ]
      },
      "properties": {
        "icao24": "4b32fd",
        "callsign": "RGA03",
        "origin_country": "Switzerland",
        "time_position": 1786789974,
        "last_contact": 1786789974,
        "baro_altitude": 754.38,
        "on_ground": false,
        "velocity": 50.77,
        "true_track": 70.46,
        "vertical_rate": 1.95,
        "geo_altitude": 861.06,
        "squawk": null,
        "spi": false,
        "position_source": 0
      }
    },
    {
      "type": "Feature",
      "geometry": {
        "type": "Point",
        "coordinates": [
          8.517,
          44.7435
        ]
      },
      "properties": {
        "icao24": "39bda1",
        "callsign": "AFR1085",
        "origin_country": "France",
        "time_position": 1786789974,
        "last_contact": 1786789974,
        "baro_altitude": 10363.2,
        "on_ground": false,
        "velocity": 232.86,
        "true_track": 322.27,
        "vertical_rate": 0,
        "geo_altitude": 10896.6,
        "squawk": "6164",
        "spi": false,
        "position_source": 0
      }
    },
    {
      "type": "Feature",
      "geometry": {
        "type": "Point",
        "coordinates": [
          7.73,
          47.5718
        ]
      },
      "properties": {
        "icao24": "39bda7",
        "callsign": "AFR17GJ",
        "origin_country": "France",
        "time_position": 1786789974,
        "last_contact": 1786789974,
        "baro_altitude": 11277.6,
        "on_ground": false,
        "velocity": 231.72,
        "true_track": 123.87,
        "vertical_rate": 0,
        "geo_altitude": 11818.62,
        "squawk": "1000",
        "spi": false,
        "position_source": 0
      }
    },
    {
      "type": "Feature",
      "geometry": {
        "type": "Point",
        "coordinates": [
          8.4076,
          44.9577
        ]
      },
      "properties": {
        "icao24": "4ca2c0",
        "callsign": "RYR838P",
        "origin_country": "Ireland",
        "time_position": 1786789974,
        "last_contact": 1786789974,
        "baro_altitude": 10972.8,
        "on_ground": false,
        "velocity": 227.41,
        "true_track": 318.48,
        "vertical_rate": 0,
        "geo_altitude": 11513.82,
        "squawk": "3744",
        "spi": false,
        "position_source": 0
      }
    },
    {
      "type": "Feature",
      "geometry": {
        "type": "Point",
        "coordinates": [
          6.0328,
          43.5521
        ]
      },
      "properties": {
        "icao24": "4ca2ab",
        "callsign": "RYR52SU",
        "origin_country": "Ireland",
        "time_position": 1786789974,
        "last_contact": 1786789974,
        "baro_altitude": 11277.6,
        "on_ground": false,
        "velocity": 225.27,
        "true_track": 238.16,
        "vertical_rate": 0,
        "geo_altitude": 11841.48,
        "squawk": "1000",
        "spi": false,
        "position_source": 0
      }
    },
    {
      "type": "Feature",
      "geometry": {
        "type": "Point",
        "coordinates": [
          18.1104,
          40.1947
        ]
      },
      "properties": {
        "icao24": "48b206",
        "callsign": "IGA610",
        "origin_country": "Poland",
        "time_position": 1786789974,
        "last_contact": 1786789974,
        "baro_altitude": 11285.22,
        "on_ground": false,
        "velocity": 247.26,
        "true_track": 142.44,
        "vertical_rate": 0,
        "geo_altitude": 11803.38,
        "squawk": "0255",
        "spi": false,
        "position_source": 0
      }
    },
    {
      "type": "Feature",
      "geometry": {
        "type": "Point",
        "coordinates": [
          18.9377,
          46.9053
        ]
      },
      "properties": {
        "icao24": "3d5ec6",
        "callsign": "DFIDI",
        "origin_country": "Germany",
        "time_position": 1786789974,
        "last_contact": 1786789974,
        "baro_altitude": 2727.96,
        "on_ground": false,
        "velocity": 67.8,
        "true_track": 348.18,
        "vertical_rate": 5.2,
        "geo_altitude": 2903.22,
        "squawk": null,
        "spi": false,
        "position_source": 0
      }
    },
    {
      "type": "Feature",
      "geometry": {
        "type": "Point",
        "coordinates": [
          7.8792,
          43.8398
        ]
      },
      "properties": {
        "icao24": "406d4e",
        "callsign": "CFE88D",
        "origin_country": "United Kingdom",
        "time_position": 1786789973,
        "last_contact": 1786789974,
        "baro_altitude": 5158.74,
        "on_ground": false,
        "velocity": 182.98,
        "true_track": 48.65,
        "vertical_rate": 13.33,
        "geo_altitude": 5494.02,
        "squawk": null,
        "spi": false,
        "position_source": 0
      }
    },
    {
      "type": "Feature",
      "geometry": {
        "type": "Point",
        "coordinates": [
          8.5954,
          46.9256
        ]
      },
      "properties": {
        "icao24": "4b330a",
        "callsign": "RGA08",
        "origin_country": "Switzerland",
        "time_position": 1786789973,
        "last_contact": 1786789973,
        "baro_altitude": 1104.9,
        "on_ground": false,
        "velocity": 68.3,
        "true_track": 157.88,
        "vertical_rate": -1.95,
        "geo_altitude": 1219.2,
        "squawk": null,
        "spi": false,
        "position_source": 0
      }
    },
    {
      "type": "Feature",
      "geometry": {
        "type": "Point",
        "coordinates": [
          8.2266,
          47.037
        ]
      },
      "properties": {
        "icao24": "4b3305",
        "callsign": "RGA10",
        "origin_country": "Switzerland",
        "time_position": 1786789973,
        "last_contact": 1786789974,
        "baro_altitude": 876.3,
        "on_ground": false,
        "velocity": 65.53,
        "true_track": 67.86,
        "vertical_rate": -3.58,
        "geo_altitude": 975.36,
        "squawk": null,
        "spi": false,
        "position_source": 0
      }
    },
    {
      "type": "Feature",
      "geometry": {
        "type": "Point",
        "coordinates": [
          8.9255,
          46.1315
        ]
      },
      "properties": {
        "icao24": "4b3309",
        "callsign": "RGA06",
        "origin_country": "Switzerland",
        "time_position": 1786789973,
        "last_contact": 1786789973,
        "baro_altitude": 792.48,
        "on_ground": false,
        "velocity": 75.86,
        "true_track": 337.26,
        "vertical_rate": -6.83,
        "geo_altitude": 891.54,
        "squawk": null,
        "spi": false,
        "position_source": 0
      }
    },
    {
      "type": "Feature",
      "geometry": {
        "type": "Point",
        "coordinates": [
          15.1063,
          46.047
        ]
      },
      "properties": {
        "icao24": "4ba948",
        "callsign": "THY6",
        "origin_country": "Turkey",
        "time_position": 1786789974,
        "last_contact": 1786789974,
        "baro_altitude": 10668,
        "on_ground": false,
        "velocity": 253.53,
        "true_track": 116.51,
        "vertical_rate": 0,
        "geo_altitude": 11178.54,
        "squawk": "2233",
        "spi": false,
        "position_source": 0
      }
    },
    {
      "type": "Feature",
      "geometry": {
        "type": "Point",
        "coordinates": [
          7.2117,
          46.6204
        ]
      },
      "properties": {
        "icao24": "4b330b",
        "callsign": null,
        "origin_country": "Switzerland",
        "time_position": 1786789970,
        "last_contact": 1786789970,
        "baro_altitude": 1623.06,
        "on_ground": false,
        "velocity": 2.12,
        "true_track": 165.96,
        "vertical_rate": 0.98,
        "geo_altitude": 1767.84,
        "squawk": null,
        "spi": false,
        "position_source": 0
      }
    },
    {
      "type": "Feature",
      "geometry": {
        "type": "Point",
        "coordinates": [
          18.6078,
          47.403
        ]
      },
      "properties": {
        "icao24": "8990ee",
        "callsign": "CAL5685",
        "origin_country": "Taiwan",
        "time_position": 1786789974,
        "last_contact": 1786789974,
        "baro_altitude": 10972.8,
        "on_ground": false,
        "velocity": 246.29,
        "true_track": 293.51,
        "vertical_rate": 0,
        "geo_altitude": 11468.1,
        "squawk": "0316",
        "spi": false,
        "position_source": 0
      }
    },
    {
      "type": "Feature",
      "geometry": {
        "type": "Point",
        "coordinates": [
          18.4557,
          47.6977
        ]
      },
      "properties": {
        "icao24": "8990ec",
        "callsign": "CAL062",
        "origin_country": "Taiwan",
        "time_position": 1786789974,
        "last_contact": 1786789974,
        "baro_altitude": 10668,
        "on_ground": false,
        "velocity": 255.88,
        "true_track": 115.48,
        "vertical_rate": 0,
        "geo_altitude": 11155.68,
        "squawk": "7642",
        "spi": false,
        "position_source": 0
      }
    },
    {
      "type": "Feature",
      "geometry": {
        "type": "Point",
        "coordinates": [
          14.3201,
          46.0105
        ]
      },
      "properties": {
        "icao24": "49d343",
        "callsign": "OKVIZ",
        "origin_country": "Czech Republic",
        "time_position": 1786789973,
        "last_contact": 1786789973,
        "baro_altitude": 1188.72,
        "on_ground": false,
        "velocity": 88.04,
        "true_track": 44.05,
        "vertical_rate": -1.63,
        "geo_altitude": 1310.64,
        "squawk": "0017",
        "spi": false,
        "position_source": 0
      }
    },
    {
      "type": "Feature",
      "geometry": {
        "type": "Point",
        "coordinates": [
          11.4208,
          45.8233
        ]
      },
      "properties": {
        "icao24": "401240",
        "callsign": "EFW75J",
        "origin_country": "United Kingdom",
        "time_position": 1786789974,
        "last_contact": 1786789974,
        "baro_altitude": 10972.8,
        "on_ground": false,
        "velocity": 224.63,
        "true_track": 304.93,
        "vertical_rate": 0,
        "geo_altitude": 11498.58,
        "squawk": "7214",
        "spi": false,
        "position_source": 0
      }
    },
    {
      "type": "Feature",
      "geometry": {
        "type": "Point",
        "coordinates": [
          7.598,
          43.0719
        ]
      },
      "properties": {
        "icao24": "48e9d7",
        "callsign": "HEY02P",
        "origin_country": "Poland",
        "time_position": 1786789974,
        "last_contact": 1786789974,
        "baro_altitude": 12192,
        "on_ground": false,
        "velocity": 201.79,
        "true_track": 332.52,
        "vertical_rate": 0.33,
        "geo_altitude": 12748.26,
        "squawk": "4063",
        "spi": false,
        "position_source": 0
      }
    },
    {
      "type": "Feature",
      "geometry": {
        "type": "Point",
        "coordinates": [
          17.4619,
          47.5649
        ]
      },
      "properties": {
        "icao24": "49d38f",
        "callsign": "AAO14",
        "origin_country": "Czech Republic",
        "time_position": 1786789974,
        "last_contact": 1786789974,
        "baro_altitude": 10363.2,
        "on_ground": false,
        "velocity": 195.03,
        "true_track": 318.74,
        "vertical_rate": 0,
        "geo_altitude": 10835.64,
        "squawk": "4533",
        "spi": false,
        "position_source": 0
      }
    },
    {
      "type": "Feature",
      "geometry": {
        "type": "Point",
        "coordinates": [
          8.7226,
          45.6235
        ]
      },
      "properties": {
        "icao24": "31d79b",
        "callsign": "BCU1",
        "origin_country": "Italy",
        "time_position": 1786789958,
        "last_contact": 1786789958,
        "baro_altitude": null,
        "on_ground": true,
        "velocity": 5.14,
        "true_track": 351.56,
        "vertical_rate": null,
        "geo_altitude": null,
        "squawk": null,
        "spi": false,
        "position_source": 0
      }
    },
    {
      "type": "Feature",
      "geometry": {
        "type": "Point",
        "coordinates": [
          18.2457,
          43.5764
        ]
      },
      "properties": {
        "icao24": "74482f",
        "callsign": "RJA117",
        "origin_country": "Jordan",
        "time_position": 1786789974,
        "last_contact": 1786789974,
        "baro_altitude": 10363.2,
        "on_ground": false,
        "velocity": 229.39,
        "true_track": 295.93,
        "vertical_rate": 0,
        "geo_altitude": 10873.74,
        "squawk": "5615",
        "spi": false,
        "position_source": 0
      }
    },
    {
      "type": "Feature",
      "geometry": {
        "type": "Point",
        "coordinates": [
          14.1071,
          36.183
        ]
      },
      "properties": {
        "icao24": "406e66",
        "callsign": "EZY34RN",
        "origin_country": "United Kingdom",
        "time_position": 1786789973,
        "last_contact": 1786789974,
        "baro_altitude": 3749.04,
        "on_ground": false,
        "velocity": 177.16,
        "true_track": 321.37,
        "vertical_rate": 11.38,
        "geo_altitude": 4023.36,
        "squawk": "6575",
        "spi": false,
        "position_source": 0
      }
    },
    {
      "type": "Feature",
      "geometry": {
        "type": "Point",
        "coordinates": [
          10.7105,
          42.6915
        ]
      },
      "properties": {
        "icao24": "405b65",
        "callsign": "EZY48ED",
        "origin_country": "United Kingdom",
        "time_position": 1786789974,
        "last_contact": 1786789974,
        "baro_altitude": 8237.22,
        "on_ground": false,
        "velocity": 210.34,
        "true_track": 121.4,
        "vertical_rate": -4.88,
        "geo_altitude": 8717.28,
        "squawk": "2706",
        "spi": false,
        "position_source": 0
      }
    },
    {
      "type": "Feature",
      "geometry": {
        "type": "Point",
        "coordinates": [
          12.467,
          37.2452
        ]
      },
      "properties": {
        "icao24": "3424d4",
        "callsign": "VLG7HH",
        "origin_country": "Spain",
        "time_position": 1786789973,
        "last_contact": 1786789974,
        "baro_altitude": 9448.8,
        "on_ground": false,
        "velocity": 226.69,
        "true_track": 133.62,
        "vertical_rate": 0,
        "geo_altitude": 9989.82,
        "squawk": "0204",
        "spi": false,
        "position_source": 0
      }
    },
    {
      "type": "Feature",
      "geometry": {
        "type": "Point",
        "coordinates": [
          7.5632,
          44.8192
        ]
      },
      "properties": {
        "icao24": "a8886d",
        "callsign": "UAL126",
        "origin_country": "United States",
        "time_position": 1786789974,
        "last_contact": 1786789974,
        "baro_altitude": 11590.02,
        "on_ground": false,
        "velocity": 244.11,
        "true_track": 134.23,
        "vertical_rate": 0,
        "geo_altitude": 12161.52,
        "squawk": "2260",
        "spi": false,
        "position_source": 0
      }
    },
    {
      "type": "Feature",
      "geometry": {
        "type": "Point",
        "coordinates": [
          8.7222,
          45.623
        ]
      },
      "properties": {
        "icao24": "31d7ac",
        "callsign": "MIKE3",
        "origin_country": "Italy",
        "time_position": 1786789906,
        "last_contact": 1786789906,
        "baro_altitude": null,
        "on_ground": true,
        "velocity": 4.89,
        "true_track": 216.56,
        "vertical_rate": null,
        "geo_altitude": null,
        "squawk": null,
        "spi": false,
        "position_source": 0
      }
    },
    {
      "type": "Feature",
      "geometry": {
        "type": "Point",
        "coordinates": [
          6.1998,
          46.7589
        ]
      },
      "properties": {
        "icao24": "503e82",
        "callsign": "EWG1E",
        "origin_country": "Lithuania",
        "time_position": 1786789973,
        "last_contact": 1786789973,
        "baro_altitude": 11285.22,
        "on_ground": false,
        "velocity": 227.41,
        "true_track": 180.78,
        "vertical_rate": 0,
        "geo_altitude": 11856.72,
        "squawk": "1114",
        "spi": false,
        "position_source": 0
      }
    },
    {
      "type": "Feature",
      "geometry": {
        "type": "Point",
        "coordinates": [
          12.1801,
          43.6899
        ]
      },
      "properties": {
        "icao24": "4ca244",
        "callsign": "RYR8XK",
        "origin_country": "Ireland",
        "time_position": 1786789974,
        "last_contact": 1786789974,
        "baro_altitude": 8770.62,
        "on_ground": false,
        "velocity": 241.53,
        "true_track": 155.73,
        "vertical_rate": 7.15,
        "geo_altitude": 9243.06,
        "squawk": "1000",
        "spi": false,
        "position_source": 0
      }
    },
    {
      "type": "Feature",
      "geometry": {
        "type": "Point",
        "coordinates": [
          12.5924,
          41.3389
        ]
      },
      "properties": {
        "icao24": "4ca217",
        "callsign": "EIN45N",
        "origin_country": "Ireland",
        "time_position": 1786789974,
        "last_contact": 1786789974,
        "baro_altitude": 8679.18,
        "on_ground": false,
        "velocity": 229.87,
        "true_track": 295.59,
        "vertical_rate": 6.18,
        "geo_altitude": 9174.48,
        "squawk": null,
        "spi": false,
        "position_source": 0
      }
    },
    {
      "type": "Feature",
      "geometry": {
        "type": "Point",
        "coordinates": [
          10.8551,
          45.4238
        ]
      },
      "properties": {
        "icao24": "44093e",
        "callsign": "EJU18AD",
        "origin_country": "Austria",
        "time_position": 1786789974,
        "last_contact": 1786789974,
        "baro_altitude": 11277.6,
        "on_ground": false,
        "velocity": 234.5,
        "true_track": 152.14,
        "vertical_rate": 0,
        "geo_altitude": 11833.86,
        "squawk": "1000",
        "spi": false,
        "position_source": 0
      }
    },
    {
      "type": "Feature",
      "geometry": {
        "type": "Point",
        "coordinates": [
          11.0926,
          39.4767
        ]
      },
      "properties": {
        "icao24": "49d261",
        "callsign": "OKPVN",
        "origin_country": "Czech Republic",
        "time_position": 1786789969,
        "last_contact": 1786789969,
        "baro_altitude": 8534.4,
        "on_ground": false,
        "velocity": 138.22,
        "true_track": 96.41,
        "vertical_rate": 0,
        "geo_altitude": 9029.7,
        "squawk": "1456",
        "spi": false,
        "position_source": 0
      }
    },
    {
      "type": "Feature",
      "geometry": {
        "type": "Point",
        "coordinates": [
          7.2543,
          45.8888
        ]
      },
      "properties": {
        "icao24": "4ca295",
        "callsign": "EIN4TH",
        "origin_country": "Ireland",
        "time_position": 1786789974,
        "last_contact": 1786789974,
        "baro_altitude": 10972.8,
        "on_ground": false,
        "velocity": 232.77,
        "true_track": 325.08,
        "vertical_rate": -0.33,
        "geo_altitude": 11536.68,
        "squawk": "5770",
        "spi": false,
        "position_source": 0
      }
    },
    {
      "type": "Feature",
      "geometry": {
        "type": "Point",
        "coordinates": [
          11.4315,
          39.1005
        ]
      },
      "properties": {
        "icao24": "4ca24d",
        "callsign": "RYR4VE",
        "origin_country": "Ireland",
        "time_position": 1786789974,
        "last_contact": 1786789974,
        "baro_altitude": 8846.82,
        "on_ground": false,
        "velocity": 235.03,
        "true_track": 324.08,
        "vertical_rate": 5.2,
        "geo_altitude": 9326.88,
        "squawk": "0211",
        "spi": false,
        "position_source": 0
      }
    },
    {
      "type": "Feature",
      "geometry": {
        "type": "Point",
        "coordinates": [
          13.0664,
          46.8438
        ]
      },
      "properties": {
        "icao24": "49d287",
        "callsign": "EWG42N",
        "origin_country": "Czech Republic",
        "time_position": 1786789974,
        "last_contact": 1786789974,
        "baro_altitude": 7757.16,
        "on_ground": false,
        "velocity": 196.17,
        "true_track": 151.15,
        "vertical_rate": -5.2,
        "geo_altitude": 8183.88,
        "squawk": "1000",
        "spi": false,
        "position_source": 0
      }
    },
    {
      "type": "Feature",
      "geometry": {
        "type": "Point",
        "coordinates": [
          14.4951,
          35.8483
        ]
      },
      "properties": {
        "icao24": "503d47",
        "callsign": "KMM624",
        "origin_country": "Lithuania",
        "time_position": 1786789972,
        "last_contact": 1786789972,
        "baro_altitude": null,
        "on_ground": true,
        "velocity": 0,
        "true_track": 0,
        "vertical_rate": null,
        "geo_altitude": null,
        "squawk": "1256",
        "spi": false,
        "position_source": 0
      }
    },
    {
      "type": "Feature",
      "geometry": {
        "type": "Point",
        "coordinates": [
          10.8285,
          40.0376
        ]
      },
      "properties": {
        "icao24": "4405b2",
        "callsign": "LDX15",
        "origin_country": "Austria",
        "time_position": 1786789974,
        "last_contact": 1786789974,
        "baro_altitude": 9723.12,
        "on_ground": false,
        "velocity": 237.65,
        "true_track": 254.43,
        "vertical_rate": -7.8,
        "geo_altitude": 10264.14,
        "squawk": "4144",
        "spi": false,
        "position_source": 0
      }
    },
    {
      "type": "Feature",
      "geometry": {
        "type": "Point",
        "coordinates": [
          6.6593,
          40.7503
        ]
      },
      "properties": {
        "icao24": "39ceb8",
        "callsign": "TVF6883",
        "origin_country": "France",
        "time_position": 1786789974,
        "last_contact": 1786789974,
        "baro_altitude": 11582.4,
        "on_ground": false,
        "velocity": 224.26,
        "true_track": 331.2,
        "vertical_rate": 0,
        "geo_altitude": 12176.76,
        "squawk": "1000",
        "spi": false,
        "position_source": 0
      }
    },
    {
      "type": "Feature",
      "geometry": {
        "type": "Point",
        "coordinates": [
          9.7859,
          42.9838
        ]
      },
      "properties": {
        "icao24": "39ceb9",
        "callsign": "TVF83VJ",
        "origin_country": "France",
        "time_position": 1786789973,
        "last_contact": 1786789973,
        "baro_altitude": 11582.4,
        "on_ground": false,
        "velocity": 221.1,
        "true_track": 290.71,
        "vertical_rate": 0,
        "geo_altitude": 12153.9,
        "squawk": "2046",
        "spi": false,
        "position_source": 0
      }
    },
    {
      "type": "Feature",
      "geometry": {
        "type": "Point",
        "coordinates": [
          17.7709,
          37.6361
        ]
      },
      "properties": {
        "icao24": "39ceb1",
        "callsign": "TVF40MZ",
        "origin_country": "France",
        "time_position": 1786789973,
        "last_contact": 1786789973,
        "baro_altitude": 11277.6,
        "on_ground": false,
        "velocity": 242.51,
        "true_track": 143.11,
        "vertical_rate": 0,
        "geo_altitude": 11833.86,
        "squawk": "7556",
        "spi": false,
        "position_source": 0
      }
    },
    {
      "type": "Feature",
      "geometry": {
        "type": "Point",
        "coordinates": [
          9.5953,
          42.2863
        ]
      },
      "properties": {
        "icao24": "39ceab",
        "callsign": "TVF83LP",
        "origin_country": "France",
        "time_position": 1786789939,
        "last_contact": 1786789939,
        "baro_altitude": 1531.62,
        "on_ground": false,
        "velocity": 120.01,
        "true_track": 350.38,
        "vertical_rate": -2.28,
        "geo_altitude": 1828.8,
        "squawk": "1000",
        "spi": false,
        "position_source": 0
      }
    },
    {
      "type": "Feature",
      "geometry": {
        "type": "Point",
        "coordinates": [
          10.3127,
          37.8214
        ]
      },
      "properties": {
        "icao24": "39cea8",
        "callsign": "TVF8284",
        "origin_country": "France",
        "time_position": 1786789973,
        "last_contact": 1786789973,
        "baro_altitude": 6027.42,
        "on_ground": false,
        "velocity": 198.7,
        "true_track": 175.4,
        "vertical_rate": -9.75,
        "geo_altitude": 6416.04,
        "squawk": "7620",
        "spi": false,
        "position_source": 0
      }
    },
    {
      "type": "Feature",
      "geometry": {
        "type": "Point",
        "coordinates": [
          10.5307,
          47.7003
        ]
      },
      "properties": {
        "icao24": "3d166e",
        "callsign": "DEGTA",
        "origin_country": "Germany",
        "time_position": 1786789958,
        "last_contact": 1786789964,
        "baro_altitude": 906.78,
        "on_ground": false,
        "velocity": 36.93,
        "true_track": 71.31,
        "vertical_rate": -0.33,
        "geo_altitude": 1036.32,
        "squawk": "7000",
        "spi": false,
        "position_source": 0
      }
    },
    {
      "type": "Feature",
      "geometry": {
        "type": "Point",
        "coordinates": [
          10.1191,
          41.4309
        ]
      },
      "properties": {
        "icao24": "407e6f",
        "callsign": "VXS4",
        "origin_country": "United Kingdom",
        "time_position": 1786789974,
        "last_contact": 1786789974,
        "baro_altitude": 12496.8,
        "on_ground": false,
        "velocity": 245.93,
        "true_track": 173.51,
        "vertical_rate": 0,
        "geo_altitude": 13114.02,
        "squawk": "5237",
        "spi": false,
        "position_source": 0
      }
    },
    {
      "type": "Feature",
      "geometry": {
        "type": "Point",
        "coordinates": [
          16.8977,
          43.3019
        ]
      },
      "properties": {
        "icao24": "406b49",
        "callsign": "VIR317",
        "origin_country": "United Kingdom",
        "time_position": 1786789972,
        "last_contact": 1786789973,
        "baro_altitude": 11574.78,
        "on_ground": false,
        "velocity": 247.67,
        "true_track": 307.49,
        "vertical_rate": -0.33,
        "geo_altitude": 12131.04,
        "squawk": "2073",
        "spi": false,
        "position_source": 0
      }
    },
    {
      "type": "Feature",
      "geometry": {
        "type": "Point",
        "coordinates": [
          17.4421,
          41.6549
        ]
      },
      "properties": {
        "icao24": "407e45",
        "callsign": "EXS29Y",
        "origin_country": "United Kingdom",
        "time_position": 1786789969,
        "last_contact": 1786789969,
        "baro_altitude": 10972.8,
        "on_ground": false,
        "velocity": 227.87,
        "true_track": 331.7,
        "vertical_rate": 0,
        "geo_altitude": 11536.68,
        "squawk": null,
        "spi": false,
        "position_source": 0
      }
    },
    {
      "type": "Feature",
      "geometry": {
        "type": "Point",
        "coordinates": [
          16.5137,
          47.5314
        ]
      },
      "properties": {
        "icao24": "440659",
        "callsign": "OEFVI",
        "origin_country": "Austria",
        "time_position": 1786789974,
        "last_contact": 1786789974,
        "baro_altitude": 1165.86,
        "on_ground": false,
        "velocity": 94.75,
        "true_track": 325.62,
        "vertical_rate": -1.95,
        "geo_altitude": 1303.02,
        "squawk": "4232",
        "spi": false,
        "position_source": 0
      }
    },
    {
      "type": "Feature",
      "geometry": {
        "type": "Point",
        "coordinates": [
          7.6974,
          47.0617
        ]
      },
      "properties": {
        "icao24": "44064a",
        "callsign": "EJU71NE",
        "origin_country": "Austria",
        "time_position": 1786789973,
        "last_contact": 1786789974,
        "baro_altitude": 10668,
        "on_ground": false,
        "velocity": 221.51,
        "true_track": 144.83,
        "vertical_rate": 0,
        "geo_altitude": 11186.16,
        "squawk": "1000",
        "spi": false,
        "position_source": 0
      }
    },
    {
      "type": "Feature",
      "geometry": {
        "type": "Point",
        "coordinates": [
          18.3328,
          45.3355
        ]
      },
      "properties": {
        "icao24": "440666",
        "callsign": "AUA71",
        "origin_country": "Austria",
        "time_position": 1786789974,
        "last_contact": 1786789974,
        "baro_altitude": 10660.38,
        "on_ground": false,
        "velocity": 236.77,
        "true_track": 157.11,
        "vertical_rate": 0,
        "geo_altitude": 11148.06,
        "squawk": "7147",
        "spi": false,
        "position_source": 0
      }
    },
    {
      "type": "Feature",
      "geometry": {
        "type": "Point",
        "coordinates": [
          12.16,
          44.5616
        ]
      },
      "properties": {
        "icao24": "44065b",
        "callsign": "AUA358",
        "origin_country": "Austria",
        "time_position": 1786789974,
        "last_contact": 1786789974,
        "baro_altitude": 10363.2,
        "on_ground": false,
        "velocity": 237.59,
        "true_track": 39.38,
        "vertical_rate": 0,
        "geo_altitude": 10888.98,
        "squawk": "1000",
        "spi": false,
        "position_source": 0
      }
    },
    {
      "type": "Feature",
      "geometry": {
        "type": "Point",
        "coordinates": [
          7.6809,
          46.5716
        ]
      },
      "properties": {
        "icao24": "4b4443",
        "callsign": "HBZWD",
        "origin_country": "Switzerland",
        "time_position": 1786789974,
        "last_contact": 1786789974,
        "baro_altitude": 2788.92,
        "on_ground": false,
        "velocity": 55.15,
        "true_track": 342.07,
        "vertical_rate": -2.6,
        "geo_altitude": 2994.66,
        "squawk": null,
        "spi": false,
        "position_source": 0
      }
    },
    {
      "type": "Feature",
      "geometry": {
        "type": "Point",
        "coordinates": [
          9.3828,
          47.2543
        ]
      },
      "properties": {
        "icao24": "4b442a",
        "callsign": "HBZVE",
        "origin_country": "Switzerland",
        "time_position": 1786789794,
        "last_contact": 1786789794,
        "baro_altitude": 1524,
        "on_ground": false,
        "velocity": 24.45,
        "true_track": 278.47,
        "vertical_rate": -1.63,
        "geo_altitude": 1676.4,
        "squawk": "7000",
        "spi": false,
        "position_source": 0
      }
    },
    {
      "type": "Feature",
      "geometry": {
        "type": "Point",
        "coordinates": [
          18.1722,
          47.6073
        ]
      },
      "properties": {
        "icao24": "440604",
        "callsign": "AUA80M",
        "origin_country": "Austria",
        "time_position": 1786789974,
        "last_contact": 1786789974,
        "baro_altitude": 7475.22,
        "on_ground": false,
        "velocity": 245.7,
        "true_track": 287.3,
        "vertical_rate": -16.26,
        "geo_altitude": 7909.56,
        "squawk": "2652",
        "spi": false,
        "position_source": 0
      }
    },
    {
      "type": "Feature",
      "geometry": {
        "type": "Point",
        "coordinates": [
          6.9241,
          46.3868
        ]
      },
      "properties": {
        "icao24": "4b4434",
        "callsign": "HBZVO",
        "origin_country": "Switzerland",
        "time_position": 1786789747,
        "last_contact": 1786789747,
        "baro_altitude": 373.38,
        "on_ground": false,
        "velocity": 11.73,
        "true_track": 322.13,
        "vertical_rate": -3.25,
        "geo_altitude": 449.58,
        "squawk": "4217",
        "spi": false,
        "position_source": 0
      }
    },
    {
      "type": "Feature",
      "geometry": {
        "type": "Point",
        "coordinates": [
          15.3302,
          45.0402
        ]
      },
      "properties": {
        "icao24": "48c1a6",
        "callsign": "RYR829J",
        "origin_country": "Poland",
        "time_position": 1786789972,
        "last_contact": 1786789973,
        "baro_altitude": 10972.8,
        "on_ground": false,
        "velocity": 225.33,
        "true_track": 318.89,
        "vertical_rate": 0,
        "geo_altitude": 11490.96,
        "squawk": "5637",
        "spi": false,
        "position_source": 0
      }
    },
    {
      "type": "Feature",
      "geometry": {
        "type": "Point",
        "coordinates": [
          8.7229,
          45.6416
        ]
      },
      "properties": {
        "icao24": "440625",
        "callsign": "EJU9043",
        "origin_country": "Austria",
        "time_position": 1786789942,
        "last_contact": 1786789942,
        "baro_altitude": null,
        "on_ground": true,
        "velocity": 8.23,
        "true_track": 348.75,
        "vertical_rate": null,
        "geo_altitude": null,
        "squawk": "1000",
        "spi": false,
        "position_source": 0
      }
    },
    {
      "type": "Feature",
      "geometry": {
        "type": "Point",
        "coordinates": [
          7.9367,
          37.6515
        ]
      },
      "properties": {
        "icao24": "44061b",
        "callsign": "EJU6018",
        "origin_country": "Austria",
        "time_position": 1786789818,
        "last_contact": 1786789818,
        "baro_altitude": 11277.6,
        "on_ground": false,
        "velocity": 215.73,
        "true_track": 245.64,
        "vertical_rate": 0,
        "geo_altitude": 11887.2,
        "squawk": "1264",
        "spi": false,
        "position_source": 0
      }
    },
    {
      "type": "Feature",
      "geometry": {
        "type": "Point",
        "coordinates": [
          14.5871,
          42.226
        ]
      },
      "properties": {
        "icao24": "06a071",
        "callsign": "QTR97U",
        "origin_country": "Qatar",
        "time_position": 1786789973,
        "last_contact": 1786789973,
        "baro_altitude": 9753.6,
        "on_ground": false,
        "velocity": 246.33,
        "true_track": 301.33,
        "vertical_rate": 0,
        "geo_altitude": 10256.52,
        "squawk": "4155",
        "spi": false,
        "position_source": 0
      }
    },
    {
      "type": "Feature",
      "geometry": {
        "type": "Point",
        "coordinates": [
          7.1027,
          46.0333
        ]
      },
      "properties": {
        "icao24": "4b4488",
        "callsign": "HBZYU",
        "origin_country": "Switzerland",
        "time_position": 1786789974,
        "last_contact": 1786789974,
        "baro_altitude": 2705.1,
        "on_ground": false,
        "velocity": 35.47,
        "true_track": 336.04,
        "vertical_rate": -1.63,
        "geo_altitude": 2933.7,
        "squawk": null,
        "spi": false,
        "position_source": 0
      }
    },
    {
      "type": "Feature",
      "geometry": {
        "type": "Point",
        "coordinates": [
          14.6207,
          37.8745
        ]
      },
      "properties": {
        "icao24": "06a079",
        "callsign": "QTR46M",
        "origin_country": "Qatar",
        "time_position": 1786789973,
        "last_contact": 1786789973,
        "baro_altitude": 10972.8,
        "on_ground": false,
        "velocity": 238.51,
        "true_track": 267.03,
        "vertical_rate": -0.33,
        "geo_altitude": 11551.92,
        "squawk": "5533",
        "spi": false,
        "position_source": 0
      }
    },
    {
      "type": "Feature",
      "geometry": {
        "type": "Point",
        "coordinates": [
          14.0094,
          46.5379
        ]
      },
      "properties": {
        "icao24": "3949e3",
        "callsign": "AFR218",
        "origin_country": "France",
        "time_position": 1786789974,
        "last_contact": 1786789974,
        "baro_altitude": 10668,
        "on_ground": false,
        "velocity": 255.78,
        "true_track": 110.73,
        "vertical_rate": 0,
        "geo_altitude": 11178.54,
        "squawk": "0655",
        "spi": false,
        "position_source": 0
      }
    },
    {
      "type": "Feature",
      "geometry": {
        "type": "Point",
        "coordinates": [
          12.6009,
          45.2338
        ]
      },
      "properties": {
        "icao24": "39cf13",
        "callsign": "AFR828",
        "origin_country": "France",
        "time_position": 1786789974,
        "last_contact": 1786789974,
        "baro_altitude": 11277.6,
        "on_ground": false,
        "velocity": 259.37,
        "true_track": 125.39,
        "vertical_rate": 0,
        "geo_altitude": 11795.76,
        "squawk": "0237",
        "spi": false,
        "position_source": 0
      }
    },
    {
      "type": "Feature",
      "geometry": {
        "type": "Point",
        "coordinates": [
          12.6882,
          41.106
        ]
      },
      "properties": {
        "icao24": "39bc27",
        "callsign": "FHPBH",
        "origin_country": "France",
        "time_position": 1786789974,
        "last_contact": 1786789974,
        "baro_altitude": 304.8,
        "on_ground": false,
        "velocity": 70.6,
        "true_track": 136.77,
        "vertical_rate": -0.33,
        "geo_altitude": 388.62,
        "squawk": null,
        "spi": false,
        "position_source": 0
      }
    },
    {
      "type": "Feature",
      "geometry": {
        "type": "Point",
        "coordinates": [
          18.6248,
          40.2067
        ]
      },
      "properties": {
        "icao24": "4010dd",
        "callsign": "EFW5QL",
        "origin_country": "United Kingdom",
        "time_position": 1786789973,
        "last_contact": 1786789973,
        "baro_altitude": 10668,
        "on_ground": false,
        "velocity": 243.6,
        "true_track": 149.26,
        "vertical_rate": 0.33,
        "geo_altitude": 11155.68,
        "squawk": "3453",
        "spi": false,
        "position_source": 0
      }
    },
    {
      "type": "Feature",
      "geometry": {
        "type": "Point",
        "coordinates": [
          8.649,
          46.9843
        ]
      },
      "properties": {
        "icao24": "407f35",
        "callsign": "EZY43DX",
        "origin_country": "United Kingdom",
        "time_position": 1786789974,
        "last_contact": 1786789974,
        "baro_altitude": 11590.02,
        "on_ground": false,
        "velocity": 227.95,
        "true_track": 294.25,
        "vertical_rate": 0,
        "geo_altitude": 12138.66,
        "squawk": "7523",
        "spi": false,
        "position_source": 0
      }
    },
    {
      "type": "Feature",
      "geometry": {
        "type": "Point",
        "coordinates": [
          7.316,
          40.2567
        ]
      },
      "properties": {
        "icao24": "407f96",
        "callsign": "TOM519",
        "origin_country": "United Kingdom",
        "time_position": 1786789974,
        "last_contact": 1786789974,
        "baro_altitude": 11582.4,
        "on_ground": false,
        "velocity": 228.02,
        "true_track": 334.19,
        "vertical_rate": 0,
        "geo_altitude": 12184.38,
        "squawk": "6132",
        "spi": false,
        "position_source": 0
      }
    },
    {
      "type": "Feature",
      "geometry": {
        "type": "Point",
        "coordinates": [
          14.1335,
          42.4926
        ]
      },
      "properties": {
        "icao24": "44079a",
        "callsign": "EJU54XT",
        "origin_country": "Austria",
        "time_position": 1786789973,
        "last_contact": 1786789973,
        "baro_altitude": 10980.42,
        "on_ground": false,
        "velocity": 226.78,
        "true_track": 305.02,
        "vertical_rate": 0,
        "geo_altitude": 11521.44,
        "squawk": "2007",
        "spi": false,
        "position_source": 0
      }
    },
    {
      "type": "Feature",
      "geometry": {
        "type": "Point",
        "coordinates": [
          8.7172,
          45.6264
        ]
      },
      "properties": {
        "icao24": "c0582b",
        "callsign": "ACA895",
        "origin_country": "Canada",
        "time_position": 1786789974,
        "last_contact": 1786789974,
        "baro_altitude": null,
        "on_ground": true,
        "velocity": 0.9,
        "true_track": 78.75,
        "vertical_rate": null,
        "geo_altitude": null,
        "squawk": null,
        "spi": false,
        "position_source": 0
      }
    },
    {
      "type": "Feature",
      "geometry": {
        "type": "Point",
        "coordinates": [
          14.9306,
          44.022
        ]
      },
      "properties": {
        "icao24": "406ade",
        "callsign": "EXS45RA",
        "origin_country": "United Kingdom",
        "time_position": 1786789973,
        "last_contact": 1786789974,
        "baro_altitude": 7863.84,
        "on_ground": false,
        "velocity": 223.89,
        "true_track": 127.34,
        "vertical_rate": -12.03,
        "geo_altitude": 8313.42,
        "squawk": "5225",
        "spi": false,
        "position_source": 0
      }
    },
    {
      "type": "Feature",
      "geometry": {
        "type": "Point",
        "coordinates": [
          10.6434,
          45.2265
        ]
      },
      "properties": {
        "icao24": "406ae8",
        "callsign": "TOM1DT",
        "origin_country": "United Kingdom",
        "time_position": 1786789974,
        "last_contact": 1786789974,
        "baro_altitude": 1402.08,
        "on_ground": false,
        "velocity": 109.57,
        "true_track": 47.09,
        "vertical_rate": -6.5,
        "geo_altitude": 1546.86,
        "squawk": "5222",
        "spi": false,
        "position_source": 0
      }
    },
    {
      "type": "Feature",
      "geometry": {
        "type": "Point",
        "coordinates": [
          7.6686,
          45.7306
        ]
      },
      "properties": {
        "icao24": "406ae2",
        "callsign": "EFW337J",
        "origin_country": "United Kingdom",
        "time_position": 1786789974,
        "last_contact": 1786789974,
        "baro_altitude": 10706.1,
        "on_ground": false,
        "velocity": 236.29,
        "true_track": 340.14,
        "vertical_rate": 6.18,
        "geo_altitude": 11269.98,
        "squawk": "5713",
        "spi": false,
        "position_source": 0
      }
    },
    {
      "type": "Feature",
      "geometry": {
        "type": "Point",
        "coordinates": [
          8.5531,
          47.4696
        ]
      },
      "properties": {
        "icao24": "3e353e",
        "callsign": "FSE1C",
        "origin_country": "Germany",
        "time_position": 1786789974,
        "last_contact": 1786789974,
        "baro_altitude": null,
        "on_ground": true,
        "velocity": 30.35,
        "true_track": 137.81,
        "vertical_rate": null,
        "geo_altitude": null,
        "squawk": "1000",
        "spi": false,
        "position_source": 0
      }
    },
    {
      "type": "Feature",
      "geometry": {
        "type": "Point",
        "coordinates": [
          8.4605,
          45.5696
        ]
      },
      "properties": {
        "icao24": "4bb973",
        "callsign": "TCNKS",
        "origin_country": "Turkey",
        "time_position": 1786789974,
        "last_contact": 1786789974,
        "baro_altitude": 12192,
        "on_ground": false,
        "velocity": 243.66,
        "true_track": 286.56,
        "vertical_rate": 0,
        "geo_altitude": 12771.12,
        "squawk": "7346",
        "spi": false,
        "position_source": 0
      }
    },
    {
      "type": "Feature",
      "geometry": {
        "type": "Point",
        "coordinates": [
          8.1532,
          46.7337
        ]
      },
      "properties": {
        "icao24": "48c2ac",
        "callsign": "RYR29EN",
        "origin_country": "Poland",
        "time_position": 1786789974,
        "last_contact": 1786789974,
        "baro_altitude": 11445.24,
        "on_ground": false,
        "velocity": 239.85,
        "true_track": 56.11,
        "vertical_rate": 5.85,
        "geo_altitude": 11993.88,
        "squawk": "1000",
        "spi": false,
        "position_source": 0
      }
    },
    {
      "type": "Feature",
      "geometry": {
        "type": "Point",
        "coordinates": [
          12.2874,
          46.2102
        ]
      },
      "properties": {
        "icao24": "48c2b9",
        "callsign": "RYR94DX",
        "origin_country": "Poland",
        "time_position": 1786789974,
        "last_contact": 1786789974,
        "baro_altitude": 6850.38,
        "on_ground": false,
        "velocity": 209.94,
        "true_track": 23.24,
        "vertical_rate": 10.73,
        "geo_altitude": 7239,
        "squawk": "0262",
        "spi": false,
        "position_source": 0
      }
    },
    {
      "type": "Feature",
      "geometry": {
        "type": "Point",
        "coordinates": [
          13.3508,
          38.4795
        ]
      },
      "properties": {
        "icao24": "48c2b3",
        "callsign": "RYR4C",
        "origin_country": "Poland",
        "time_position": 1786789974,
        "last_contact": 1786789974,
        "baro_altitude": 3048,
        "on_ground": false,
        "velocity": 150.5,
        "true_track": 246.85,
        "vertical_rate": 0,
        "geo_altitude": 3276.6,
        "squawk": "1000",
        "spi": false,
        "position_source": 0
      }
    },
    {
      "type": "Feature",
      "geometry": {
        "type": "Point",
        "coordinates": [
          7.7135,
          46.7158
        ]
      },
      "properties": {
        "icao24": "4b302d",
        "callsign": "HBSGJ",
        "origin_country": "Switzerland",
        "time_position": 1786789974,
        "last_contact": 1786789974,
        "baro_altitude": 1889.76,
        "on_ground": false,
        "velocity": 74.47,
        "true_track": 300.28,
        "vertical_rate": -1.95,
        "geo_altitude": 2057.4,
        "squawk": "2253",
        "spi": false,
        "position_source": 0
      }
    },
    {
      "type": "Feature",
      "geometry": {
        "type": "Point",
        "coordinates": [
          17.1075,
          47.02
        ]
      },
      "properties": {
        "icao24": "48c2a2",
        "callsign": "RYR59BK",
        "origin_country": "Poland",
        "time_position": 1786789974,
        "last_contact": 1786789974,
        "baro_altitude": 8648.7,
        "on_ground": false,
        "velocity": 235.75,
        "true_track": 254.69,
        "vertical_rate": 5.2,
        "geo_altitude": 9090.66,
        "squawk": "4254",
        "spi": false,
        "position_source": 0
      }
    },
    {
      "type": "Feature",
      "geometry": {
        "type": "Point",
        "coordinates": [
          18.9753,
          47.6378
        ]
      },
      "properties": {
        "icao24": "48c2a1",
        "callsign": "RYR1QW",
        "origin_country": "Poland",
        "time_position": 1786789974,
        "last_contact": 1786789974,
        "baro_altitude": 1432.56,
        "on_ground": false,
        "velocity": 91.71,
        "true_track": 166.04,
        "vertical_rate": -2.28,
        "geo_altitude": 1577.34,
        "squawk": "2003",
        "spi": false,
        "position_source": 0
      }
    },
    {
      "type": "Feature",
      "geometry": {
        "type": "Point",
        "coordinates": [
          6.6965,
          41.3531
        ]
      },
      "properties": {
        "icao24": "45ab4d",
        "callsign": "JTD390",
        "origin_country": "Denmark",
        "time_position": 1786789974,
        "last_contact": 1786789974,
        "baro_altitude": 10363.2,
        "on_ground": false,
        "velocity": 240.79,
        "true_track": 51.24,
        "vertical_rate": 0,
        "geo_altitude": 10904.22,
        "squawk": "5346",
        "spi": false,
        "position_source": 0
      }
    },
    {
      "type": "Feature",
      "geometry": {
        "type": "Point",
        "coordinates": [
          11.5156,
          47.1322
        ]
      },
      "properties": {
        "icao24": "45ab24",
        "callsign": "SAS69P",
        "origin_country": "Denmark",
        "time_position": 1786789974,
        "last_contact": 1786789974,
        "baro_altitude": 11277.6,
        "on_ground": false,
        "velocity": 239.23,
        "true_track": 183.82,
        "vertical_rate": 0,
        "geo_altitude": 11803.38,
        "squawk": "0734",
        "spi": false,
        "position_source": 0
      }
    },
    {
      "type": "Feature",
      "geometry": {
        "type": "Point",
        "coordinates": [
          16.2151,
          47.5714
        ]
      },
      "properties": {
        "icao24": "3d27d1",
        "callsign": "DENIF",
        "origin_country": "Germany",
        "time_position": 1786789974,
        "last_contact": 1786789974,
        "baro_altitude": 967.74,
        "on_ground": false,
        "velocity": 47.66,
        "true_track": 212.66,
        "vertical_rate": -0.33,
        "geo_altitude": 1066.8,
        "squawk": "7000",
        "spi": false,
        "position_source": 0
      }
    },
    {
      "type": "Feature",
      "geometry": {
        "type": "Point",
        "coordinates": [
          6.6173,
          46.5516
        ]
      },
      "properties": {
        "icao24": "46316e",
        "callsign": "FSF660S",
        "origin_country": "Finland",
        "time_position": 1786789973,
        "last_contact": 1786789973,
        "baro_altitude": 617.22,
        "on_ground": false,
        "velocity": 43.32,
        "true_track": 184.09,
        "vertical_rate": -4.88,
        "geo_altitude": 708.66,
        "squawk": "7114",
        "spi": false,
        "position_source": 0
      }
    },
    {
      "type": "Feature",
      "geometry": {
        "type": "Point",
        "coordinates": [
          17.301,
          43.9569
        ]
      },
      "properties": {
        "icao24": "48c124",
        "callsign": "RYR3YV",
        "origin_country": "Poland",
        "time_position": 1786789974,
        "last_contact": 1786789974,
        "baro_altitude": 11582.4,
        "on_ground": false,
        "velocity": 225.33,
        "true_track": 0,
        "vertical_rate": -0.33,
        "geo_altitude": 12115.8,
        "squawk": "1000",
        "spi": false,
        "position_source": 0
      }
    },
    {
      "type": "Feature",
      "geometry": {
        "type": "Point",
        "coordinates": [
          16.4208,
          40.6935
        ]
      },
      "properties": {
        "icao24": "4bda47",
        "callsign": "TCVRG",
        "origin_country": "Turkey",
        "time_position": 1786789974,
        "last_contact": 1786789974,
        "baro_altitude": 11887.2,
        "on_ground": false,
        "velocity": 238.01,
        "true_track": 124.34,
        "vertical_rate": 0.33,
        "geo_altitude": 12466.32,
        "squawk": "3734",
        "spi": false,
        "position_source": 0
      }
    },
    {
      "type": "Feature",
      "geometry": {
        "type": "Point",
        "coordinates": [
          8.4193,
          43.401
        ]
      },
      "properties": {
        "icao24": "440488",
        "callsign": "EJU58VL",
        "origin_country": "Austria",
        "time_position": 1786789974,
        "last_contact": 1786789974,
        "baro_altitude": 10660.38,
        "on_ground": false,
        "velocity": 224.43,
        "true_track": 220.44,
        "vertical_rate": 0,
        "geo_altitude": 11216.64,
        "squawk": "1000",
        "spi": false,
        "position_source": 0
      }
    },
    {
      "type": "Feature",
      "geometry": {
        "type": "Point",
        "coordinates": [
          6.2306,
          42.8945
        ]
      },
      "properties": {
        "icao24": "3444cb",
        "callsign": "VLG287Y",
        "origin_country": "Spain",
        "time_position": 1786789974,
        "last_contact": 1786789974,
        "baro_altitude": 10972.8,
        "on_ground": false,
        "velocity": 232.91,
        "true_track": 49.84,
        "vertical_rate": 0,
        "geo_altitude": 11551.92,
        "squawk": "1000",
        "spi": false,
        "position_source": 0
      }
    },
    {
      "type": "Feature",
      "geometry": {
        "type": "Point",
        "coordinates": [
          7.2883,
          45.3121
        ]
      },
      "properties": {
        "icao24": "44047d",
        "callsign": "EJU19NQ",
        "origin_country": "Austria",
        "time_position": 1786789974,
        "last_contact": 1786789974,
        "baro_altitude": 10972.8,
        "on_ground": false,
        "velocity": 232.94,
        "true_track": 324.8,
        "vertical_rate": 0,
        "geo_altitude": 11536.68,
        "squawk": "1000",
        "spi": false,
        "position_source": 0
      }
    },
    {
      "type": "Feature",
      "geometry": {
        "type": "Point",
        "coordinates": [
          12.9652,
          47.6534
        ]
      },
      "properties": {
        "icao24": "3feb90",
        "callsign": "DMWBR",
        "origin_country": "Germany",
        "time_position": 1786789972,
        "last_contact": 1786789973,
        "baro_altitude": 2103.12,
        "on_ground": false,
        "velocity": 34.58,
        "true_track": 313.19,
        "vertical_rate": -0.33,
        "geo_altitude": 2247.9,
        "squawk": "7000",
        "spi": false,
        "position_source": 0
      }
    },
    {
      "type": "Feature",
      "geometry": {
        "type": "Point",
        "coordinates": [
          10.2896,
          41.6484
        ]
      },
      "properties": {
        "icao24": "3444c8",
        "callsign": "VOE80DP",
        "origin_country": "Spain",
        "time_position": 1786789974,
        "last_contact": 1786789974,
        "baro_altitude": 6400.8,
        "on_ground": false,
        "velocity": 172.71,
        "true_track": 193.08,
        "vertical_rate": 0,
        "geo_altitude": 6804.66,
        "squawk": "5154",
        "spi": false,
        "position_source": 0
      }
    },
    {
      "type": "Feature",
      "geometry": {
        "type": "Point",
        "coordinates": [
          11.5481,
          46.5262
        ]
      },
      "properties": {
        "icao24": "3d2700",
        "callsign": "DENAE",
        "origin_country": "Germany",
        "time_position": 1786789965,
        "last_contact": 1786789973,
        "baro_altitude": 2552.7,
        "on_ground": false,
        "velocity": 65.46,
        "true_track": 203.14,
        "vertical_rate": 0,
        "geo_altitude": 2750.82,
        "squawk": null,
        "spi": false,
        "position_source": 0
      }
    },
    {
      "type": "Feature",
      "geometry": {
        "type": "Point",
        "coordinates": [
          9.0473,
          47.7025
        ]
      },
      "properties": {
        "icao24": "3d148d",
        "callsign": "DEGAN",
        "origin_country": "Germany",
        "time_position": 1786789974,
        "last_contact": 1786789974,
        "baro_altitude": 883.92,
        "on_ground": false,
        "velocity": 56.16,
        "true_track": 245.08,
        "vertical_rate": -0.33,
        "geo_altitude": null,
        "squawk": "4250",
        "spi": false,
        "position_source": 0
      }
    },
    {
      "type": "Feature",
      "geometry": {
        "type": "Point",
        "coordinates": [
          7.0569,
          47.494
        ]
      },
      "properties": {
        "icao24": "06a1d2",
        "callsign": "QQE246",
        "origin_country": "Qatar",
        "time_position": 1786789974,
        "last_contact": 1786789974,
        "baro_altitude": 8183.88,
        "on_ground": false,
        "velocity": 213.14,
        "true_track": 289.31,
        "vertical_rate": 8.45,
        "geo_altitude": 8633.46,
        "squawk": "3016",
        "spi": false,
        "position_source": 0
      }
    },
    {
      "type": "Feature",
      "geometry": {
        "type": "Point",
        "coordinates": [
          7.2031,
          43.6472
        ]
      },
      "properties": {
        "icao24": "a8c88f",
        "callsign": "UAL273",
        "origin_country": "United States",
        "time_position": 1786789972,
        "last_contact": 1786789972,
        "baro_altitude": null,
        "on_ground": true,
        "velocity": 0,
        "true_track": 42.19,
        "vertical_rate": null,
        "geo_altitude": null,
        "squawk": null,
        "spi": false,
        "position_source": 0
      }
    },
    {
      "type": "Feature",
      "geometry": {
        "type": "Point",
        "coordinates": [
          16.4224,
          42.1436
        ]
      },
      "properties": {
        "icao24": "44042f",
        "callsign": "EJU41HU",
        "origin_country": "Austria",
        "time_position": 1786789974,
        "last_contact": 1786789974,
        "baro_altitude": 10675.62,
        "on_ground": false,
        "velocity": 244.12,
        "true_track": 120.94,
        "vertical_rate": 0,
        "geo_altitude": 11209.02,
        "squawk": "0402",
        "spi": false,
        "position_source": 0
      }
    },
    {
      "type": "Feature",
      "geometry": {
        "type": "Point",
        "coordinates": [
          12.0121,
          45.6944
        ]
      },
      "properties": {
        "icao24": "440428",
        "callsign": "OEFFL",
        "origin_country": "Austria",
        "time_position": 1786789974,
        "last_contact": 1786789974,
        "baro_altitude": 4617.72,
        "on_ground": false,
        "velocity": 85.4,
        "true_track": 90,
        "vertical_rate": 0,
        "geo_altitude": 4907.28,
        "squawk": "4210",
        "spi": false,
        "position_source": 0
      }
    },
    {
      "type": "Feature",
      "geometry": {
        "type": "Point",
        "coordinates": [
          18.3884,
          43.8637
        ]
      },
      "properties": {
        "icao24": "4bb847",
        "callsign": "PGT203L",
        "origin_country": "Turkey",
        "time_position": 1786789972,
        "last_contact": 1786789973,
        "baro_altitude": 10668,
        "on_ground": false,
        "velocity": 240.68,
        "true_track": 132.49,
        "vertical_rate": 0.33,
        "geo_altitude": 11170.92,
        "squawk": "7663",
        "spi": false,
        "position_source": 0
      }
    },
    {
      "type": "Feature",
      "geometry": {
        "type": "Point",
        "coordinates": [
          18.9231,
          46.7642
        ]
      },
      "properties": {
        "icao24": "4bb856",
        "callsign": "PGT1196",
        "origin_country": "Turkey",
        "time_position": 1786789974,
        "last_contact": 1786789974,
        "baro_altitude": 11582.4,
        "on_ground": false,
        "velocity": 228.11,
        "true_track": 298.41,
        "vertical_rate": 0,
        "geo_altitude": 12085.32,
        "squawk": "3222",
        "spi": false,
        "position_source": 0
      }
    },
    {
      "type": "Feature",
      "geometry": {
        "type": "Point",
        "coordinates": [
          16.066,
          43.3995
        ]
      },
      "properties": {
        "icao24": "46a5e3",
        "callsign": "SEH5DH",
        "origin_country": "Greece",
        "time_position": 1786789972,
        "last_contact": 1786789974,
        "baro_altitude": 11277.6,
        "on_ground": false,
        "velocity": 238.29,
        "true_track": 126.57,
        "vertical_rate": 0,
        "geo_altitude": 11811,
        "squawk": "0231",
        "spi": false,
        "position_source": 0
      }
    },
    {
      "type": "Feature",
      "geometry": {
        "type": "Point",
        "coordinates": [
          11.5626,
          40.9723
        ]
      },
      "properties": {
        "icao24": "4402f1",
        "callsign": "EJU573R",
        "origin_country": "Austria",
        "time_position": 1786789974,
        "last_contact": 1786789974,
        "baro_altitude": 11292.84,
        "on_ground": false,
        "velocity": 245.98,
        "true_track": 161.72,
        "vertical_rate": 0,
        "geo_altitude": 11871.96,
        "squawk": "1000",
        "spi": false,
        "position_source": 0
      }
    },
    {
      "type": "Feature",
      "geometry": {
        "type": "Point",
        "coordinates": [
          18.505,
          47.2704
        ]
      },
      "properties": {
        "icao24": "4bb865",
        "callsign": "PGT62FJ",
        "origin_country": "Turkey",
        "time_position": 1786789974,
        "last_contact": 1786789974,
        "baro_altitude": 11582.4,
        "on_ground": false,
        "velocity": 225.82,
        "true_track": 305.36,
        "vertical_rate": 0,
        "geo_altitude": 12092.94,
        "squawk": "6051",
        "spi": false,
        "position_source": 0
      }
    },
    {
      "type": "Feature",
      "geometry": {
        "type": "Point",
        "coordinates": [
          9.621,
          45.6186
        ]
      },
      "properties": {
        "icao24": "4bb862",
        "callsign": "PGT43WU",
        "origin_country": "Turkey",
        "time_position": 1786789974,
        "last_contact": 1786789974,
        "baro_altitude": 10972.8,
        "on_ground": false,
        "velocity": 228.69,
        "true_track": 277.24,
        "vertical_rate": -0.33,
        "geo_altitude": 11513.82,
        "squawk": "3271",
        "spi": false,
        "position_source": 0
      }
    },
    {
      "type": "Feature",
      "geometry": {
        "type": "Point",
        "coordinates": [
          11.3959,
          44.5617
        ]
      },
      "properties": {
        "icao24": "4bb863",
        "callsign": "PGT835Z",
        "origin_country": "Turkey",
        "time_position": 1786789974,
        "last_contact": 1786789974,
        "baro_altitude": 10972.8,
        "on_ground": false,
        "velocity": 229.23,
        "true_track": 283.1,
        "vertical_rate": 0,
        "geo_altitude": 11513.82,
        "squawk": "3263",
        "spi": false,
        "position_source": 0
      }
    },
    {
      "type": "Feature",
      "geometry": {
        "type": "Point",
        "coordinates": [
          14.3446,
          45.1992
        ]
      },
      "properties": {
        "icao24": "504e88",
        "callsign": "SEU492",
        "origin_country": "Republic of Moldova",
        "time_position": 1786789974,
        "last_contact": 1786789974,
        "baro_altitude": 11887.2,
        "on_ground": false,
        "velocity": 234.72,
        "true_track": 67.99,
        "vertical_rate": 0,
        "geo_altitude": 12435.84,
        "squawk": "1000",
        "spi": false,
        "position_source": 0
      }
    },
    {
      "type": "Feature",
      "geometry": {
        "type": "Point",
        "coordinates": [
          12.1184,
          47.5565
        ]
      },
      "properties": {
        "icao24": "4402e1",
        "callsign": "OE7168",
        "origin_country": "Austria",
        "time_position": 1786789923,
        "last_contact": 1786789923,
        "baro_altitude": 525.78,
        "on_ground": false,
        "velocity": 31.08,
        "true_track": 335.56,
        "vertical_rate": -2.6,
        "geo_altitude": 601.98,
        "squawk": "7000",
        "spi": false,
        "position_source": 0
      }
    },
    {
      "type": "Feature",
      "geometry": {
        "type": "Point",
        "coordinates": [
          15.6162,
          40.5785
        ]
      },
      "properties": {
        "icao24": "46b8b5",
        "callsign": "AEE699",
        "origin_country": "Greece",
        "time_position": 1786789973,
        "last_contact": 1786789974,
        "baro_altitude": 11887.2,
        "on_ground": false,
        "velocity": 238.41,
        "true_track": 115.29,
        "vertical_rate": 0,
        "geo_altitude": 12473.94,
        "squawk": "1201",
        "spi": false,
        "position_source": 0
      }
    },
    {
      "type": "Feature",
      "geometry": {
        "type": "Point",
        "coordinates": [
          15.6774,
          43.1763
        ]
      },
      "properties": {
        "icao24": "46b8b3",
        "callsign": "AEE5ZH",
        "origin_country": "Greece",
        "time_position": 1786789972,
        "last_contact": 1786789974,
        "baro_altitude": 11277.6,
        "on_ground": false,
        "velocity": 238.35,
        "true_track": 136.49,
        "vertical_rate": 0,
        "geo_altitude": 11826.24,
        "squawk": "3004",
        "spi": false,
        "position_source": 0
      }
    },
    {
      "type": "Feature",
      "geometry": {
        "type": "Point",
        "coordinates": [
          12.1313,
          42.1113
        ]
      },
      "properties": {
        "icao24": "c079d5",
        "callsign": "WJA24",
        "origin_country": "Canada",
        "time_position": 1786789974,
        "last_contact": 1786789974,
        "baro_altitude": 1927.86,
        "on_ground": false,
        "velocity": 145.74,
        "true_track": 155.61,
        "vertical_rate": -11.38,
        "geo_altitude": 2110.74,
        "squawk": "2275",
        "spi": false,
        "position_source": 0
      }
    },
    {
      "type": "Feature",
      "geometry": {
        "type": "Point",
        "coordinates": [
          14.1191,
          46.2492
        ]
      },
      "properties": {
        "icao24": "46b8aa",
        "callsign": "AEE831",
        "origin_country": "Greece",
        "time_position": 1786789974,
        "last_contact": 1786789974,
        "baro_altitude": 11269.98,
        "on_ground": false,
        "velocity": 237.64,
        "true_track": 136.67,
        "vertical_rate": 0,
        "geo_altitude": 11803.38,
        "squawk": "6427",
        "spi": false,
        "position_source": 0
      }
    },
    {
      "type": "Feature",
      "geometry": {
        "type": "Point",
        "coordinates": [
          15.1005,
          46.1065
        ]
      },
      "properties": {
        "icao24": "46b8af",
        "callsign": "AEE825",
        "origin_country": "Greece",
        "time_position": 1786789974,
        "last_contact": 1786789974,
        "baro_altitude": 11277.6,
        "on_ground": false,
        "velocity": 235.89,
        "true_track": 152.04,
        "vertical_rate": 0,
        "geo_altitude": 11803.38,
        "squawk": "5561",
        "spi": false,
        "position_source": 0
      }
    },
    {
      "type": "Feature",
      "geometry": {
        "type": "Point",
        "coordinates": [
          9.6292,
          39.4296
        ]
      },
      "properties": {
        "icao24": "06a10c",
        "callsign": "QTR83R",
        "origin_country": "Qatar",
        "time_position": 1786789974,
        "last_contact": 1786789974,
        "baro_altitude": 12496.8,
        "on_ground": false,
        "velocity": 234.52,
        "true_track": 282.54,
        "vertical_rate": 0,
        "geo_altitude": 13121.64,
        "squawk": "2042",
        "spi": false,
        "position_source": 0
      }
    },
    {
      "type": "Feature",
      "geometry": {
        "type": "Point",
        "coordinates": [
          16.1025,
          46.1164
        ]
      },
      "properties": {
        "icao24": "06a128",
        "callsign": "QTR120",
        "origin_country": "Qatar",
        "time_position": 1786789974,
        "last_contact": 1786789974,
        "baro_altitude": 11277.6,
        "on_ground": false,
        "velocity": 258.42,
        "true_track": 120.91,
        "vertical_rate": 0,
        "geo_altitude": 11795.76,
        "squawk": "2711",
        "spi": false,
        "position_source": 0
      }
    },
    {
      "type": "Feature",
      "geometry": {
        "type": "Point",
        "coordinates": [
          16.9736,
          44.2765
        ]
      },
      "properties": {
        "icao24": "06a124",
        "callsign": "QTR87Q",
        "origin_country": "Qatar",
        "time_position": 1786789973,
        "last_contact": 1786789973,
        "baro_altitude": 11277.6,
        "on_ground": false,
        "velocity": 258.5,
        "true_track": 132.58,
        "vertical_rate": 0,
        "geo_altitude": 11803.38,
        "squawk": "2206",
        "spi": false,
        "position_source": 0
      }
    },
    {
      "type": "Feature",
      "geometry": {
        "type": "Point",
        "coordinates": [
          17.8103,
          37.2514
        ]
      },
      "properties": {
        "icao24": "06a123",
        "callsign": "QTR778",
        "origin_country": "Qatar",
        "time_position": 1786789973,
        "last_contact": 1786789973,
        "baro_altitude": 11887.2,
        "on_ground": false,
        "velocity": 270.58,
        "true_track": 132.3,
        "vertical_rate": 0,
        "geo_altitude": 12481.56,
        "squawk": "3366",
        "spi": false,
        "position_source": 0
      }
    },
    {
      "type": "Feature",
      "geometry": {
        "type": "Point",
        "coordinates": [
          17.3867,
          38.2443
        ]
      },
      "properties": {
        "icao24": "06a12d",
        "callsign": "QTR93V",
        "origin_country": "Qatar",
        "time_position": 1786789974,
        "last_contact": 1786789974,
        "baro_altitude": 10363.2,
        "on_ground": false,
        "velocity": 248.15,
        "true_track": 302.9,
        "vertical_rate": 0,
        "geo_altitude": 10881.36,
        "squawk": "5534",
        "spi": false,
        "position_source": 0
      }
    },
    {
      "type": "Feature",
      "geometry": {
        "type": "Point",
        "coordinates": [
          12.5287,
          45.7243
        ]
      },
      "properties": {
        "icao24": "407d5c",
        "callsign": "WUK6J",
        "origin_country": "United Kingdom",
        "time_position": 1786789973,
        "last_contact": 1786789973,
        "baro_altitude": 10972.8,
        "on_ground": false,
        "velocity": 224.09,
        "true_track": 305.19,
        "vertical_rate": 0,
        "geo_altitude": 11513.82,
        "squawk": "7241",
        "spi": false,
        "position_source": 0
      }
    },
    {
      "type": "Feature",
      "geometry": {
        "type": "Point",
        "coordinates": [
          16.1001,
          44.8347
        ]
      },
      "properties": {
        "icao24": "06a149",
        "callsign": "QTR54E",
        "origin_country": "Qatar",
        "time_position": 1786789973,
        "last_contact": 1786789974,
        "baro_altitude": 12192,
        "on_ground": false,
        "velocity": 244.18,
        "true_track": 284.27,
        "vertical_rate": -0.33,
        "geo_altitude": 12717.78,
        "squawk": "3274",
        "spi": false,
        "position_source": 0
      }
    },
    {
      "type": "Feature",
      "geometry": {
        "type": "Point",
        "coordinates": [
          16.195,
          41.3183
        ]
      },
      "properties": {
        "icao24": "468d07",
        "callsign": "SEH3XP",
        "origin_country": "Greece",
        "time_position": 1786789974,
        "last_contact": 1786789974,
        "baro_altitude": 11277.6,
        "on_ground": false,
        "velocity": 235.44,
        "true_track": 124.32,
        "vertical_rate": 0,
        "geo_altitude": 11849.1,
        "squawk": "0472",
        "spi": false,
        "position_source": 0
      }
    },
    {
      "type": "Feature",
      "geometry": {
        "type": "Point",
        "coordinates": [
          10.7076,
          39.8994
        ]
      },
      "properties": {
        "icao24": "06a13b",
        "callsign": "QTR80C",
        "origin_country": "Qatar",
        "time_position": 1786789974,
        "last_contact": 1786789974,
        "baro_altitude": 10668,
        "on_ground": false,
        "velocity": 244.46,
        "true_track": 285,
        "vertical_rate": 0,
        "geo_altitude": 11231.88,
        "squawk": "5537",
        "spi": false,
        "position_source": 0
      }
    },
    {
      "type": "Feature",
      "geometry": {
        "type": "Point",
        "coordinates": [
          13.5737,
          47.4771
        ]
      },
      "properties": {
        "icao24": "48c22c",
        "callsign": "RYR7FV",
        "origin_country": "Poland",
        "time_position": 1786789974,
        "last_contact": 1786789974,
        "baro_altitude": 11277.6,
        "on_ground": false,
        "velocity": 228.86,
        "true_track": 41.54,
        "vertical_rate": 0,
        "geo_altitude": 11795.76,
        "squawk": "1000",
        "spi": false,
        "position_source": 0
      }
    },
    {
      "type": "Feature",
      "geometry": {
        "type": "Point",
        "coordinates": [
          10.4388,
          36.0813
        ]
      },
      "properties": {
        "icao24": "406a92",
        "callsign": "EZY69RJ",
        "origin_country": "United Kingdom",
        "time_position": 1786789666,
        "last_contact": 1786789667,
        "baro_altitude": null,
        "on_ground": true,
        "velocity": 0,
        "true_track": 30.94,
        "vertical_rate": null,
        "geo_altitude": null,
        "squawk": "2732",
        "spi": false,
        "position_source": 0
      }
    },
    {
      "type": "Feature",
      "geometry": {
        "type": "Point",
        "coordinates": [
          14.455,
          36.4656
        ]
      },
      "properties": {
        "icao24": "48c229",
        "callsign": "RYR4ZT",
        "origin_country": "Poland",
        "time_position": 1786789974,
        "last_contact": 1786789974,
        "baro_altitude": 3063.24,
        "on_ground": false,
        "velocity": 177.7,
        "true_track": 2.82,
        "vertical_rate": 2.93,
        "geo_altitude": 3284.22,
        "squawk": "6561",
        "spi": false,
        "position_source": 0
      }
    },
    {
      "type": "Feature",
      "geometry": {
        "type": "Point",
        "coordinates": [
          17.791,
          44.8839
        ]
      },
      "properties": {
        "icao24": "406a91",
        "callsign": "EZY26QC",
        "origin_country": "United Kingdom",
        "time_position": 1786789973,
        "last_contact": 1786789973,
        "baro_altitude": 11277.6,
        "on_ground": false,
        "velocity": 245.61,
        "true_track": 131.6,
        "vertical_rate": 0,
        "geo_altitude": 11803.38,
        "squawk": "1174",
        "spi": false,
        "position_source": 0
      }
    },
    {
      "type": "Feature",
      "geometry": {
        "type": "Point",
        "coordinates": [
          16.6808,
          47.7202
        ]
      },
      "properties": {
        "icao24": "48c221",
        "callsign": "RYR38MM",
        "origin_country": "Poland",
        "time_position": 1786789974,
        "last_contact": 1786789974,
        "baro_altitude": 5875.02,
        "on_ground": false,
        "velocity": 204.8,
        "true_track": 254.71,
        "vertical_rate": 12.03,
        "geo_altitude": 6210.3,
        "squawk": "1000",
        "spi": false,
        "position_source": 0
      }
    },
    {
      "type": "Feature",
      "geometry": {
        "type": "Point",
        "coordinates": [
          12.4708,
          42.8829
        ]
      },
      "properties": {
        "icao24": "48c210",
        "callsign": "SPRRR",
        "origin_country": "Poland",
        "time_position": 1786789974,
        "last_contact": 1786789974,
        "baro_altitude": 9144,
        "on_ground": false,
        "velocity": 160.57,
        "true_track": 42.53,
        "vertical_rate": 0,
        "geo_altitude": 9631.68,
        "squawk": "1245",
        "spi": false,
        "position_source": 0
      }
    },
    {
      "type": "Feature",
      "geometry": {
        "type": "Point",
        "coordinates": [
          9.3007,
          39.9417
        ]
      },
      "properties": {
        "icao24": "440570",
        "callsign": "PEV565",
        "origin_country": "Austria",
        "time_position": 1786789974,
        "last_contact": 1786789974,
        "baro_altitude": 6164.58,
        "on_ground": false,
        "velocity": 211.51,
        "true_track": 17.55,
        "vertical_rate": 5.2,
        "geo_altitude": 6583.68,
        "squawk": null,
        "spi": false,
        "position_source": 0
      }
    },
    {
      "type": "Feature",
      "geometry": {
        "type": "Point",
        "coordinates": [
          8.9183,
          45.8501
        ]
      },
      "properties": {
        "icao24": "440592",
        "callsign": "GAC746H",
        "origin_country": "Austria",
        "time_position": 1786789974,
        "last_contact": 1786789974,
        "baro_altitude": 10088.88,
        "on_ground": false,
        "velocity": 182.21,
        "true_track": 355.3,
        "vertical_rate": -4.55,
        "geo_altitude": 10614.66,
        "squawk": "1000",
        "spi": false,
        "position_source": 0
      }
    },
    {
      "type": "Feature",
      "geometry": {
        "type": "Point",
        "coordinates": [
          12.4466,
          47.7421
        ]
      },
      "properties": {
        "icao24": "3ffcd6",
        "callsign": "DMYIH",
        "origin_country": "Germany",
        "time_position": 1786789743,
        "last_contact": 1786789743,
        "baro_altitude": 883.92,
        "on_ground": false,
        "velocity": 75.04,
        "true_track": 231.4,
        "vertical_rate": -8.45,
        "geo_altitude": 967.74,
        "squawk": "7000",
        "spi": false,
        "position_source": 0
      }
    },
    {
      "type": "Feature",
      "geometry": {
        "type": "Point",
        "coordinates": [
          10.3345,
          44.9618
        ]
      },
      "properties": {
        "icao24": "440556",
        "callsign": "LDX300C",
        "origin_country": "Austria",
        "time_position": 1786789842,
        "last_contact": 1786789842,
        "baro_altitude": 731.52,
        "on_ground": false,
        "velocity": 86.75,
        "true_track": 146.12,
        "vertical_rate": -5.2,
        "geo_altitude": 853.44,
        "squawk": "1000",
        "spi": false,
        "position_source": 0
      }
    },
    {
      "type": "Feature",
      "geometry": {
        "type": "Point",
        "coordinates": [
          13.9021,
          47.2171
        ]
      },
      "properties": {
        "icao24": "440549",
        "callsign": "AUA425X",
        "origin_country": "Austria",
        "time_position": 1786789974,
        "last_contact": 1786789974,
        "baro_altitude": 9852.66,
        "on_ground": false,
        "velocity": 231.96,
        "true_track": 227.61,
        "vertical_rate": 5.53,
        "geo_altitude": 10340.34,
        "squawk": "1000",
        "spi": false,
        "position_source": 0
      }
    },
    {
      "type": "Feature",
      "geometry": {
        "type": "Point",
        "coordinates": [
          15.5377,
          41.4368
        ]
      },
      "properties": {
        "icao24": "44053e",
        "callsign": "OEFRA",
        "origin_country": "Austria",
        "time_position": 1786789770,
        "last_contact": 1786789770,
        "baro_altitude": null,
        "on_ground": true,
        "velocity": 10.8,
        "true_track": 109.69,
        "vertical_rate": null,
        "geo_altitude": null,
        "squawk": null,
        "spi": false,
        "position_source": 0
      }
    },
    {
      "type": "Feature",
      "geometry": {
        "type": "Point",
        "coordinates": [
          18.3134,
          44.4314
        ]
      },
      "properties": {
        "icao24": "47a0bf",
        "callsign": "NSZ3292",
        "origin_country": "Norway",
        "time_position": 1786789974,
        "last_contact": 1786789974,
        "baro_altitude": 11277.6,
        "on_ground": false,
        "velocity": 244.1,
        "true_track": 153.33,
        "vertical_rate": 0,
        "geo_altitude": 11795.76,
        "squawk": "4532",
        "spi": false,
        "position_source": 0
      }
    },
    {
      "type": "Feature",
      "geometry": {
        "type": "Point",
        "coordinates": [
          14.2657,
          36.0168
        ]
      },
      "properties": {
        "icao24": "3d3999",
        "callsign": "DEUBH",
        "origin_country": "Germany",
        "time_position": 1786789973,
        "last_contact": 1786789973,
        "baro_altitude": 457.2,
        "on_ground": false,
        "velocity": 50.42,
        "true_track": 90.58,
        "vertical_rate": -1.63,
        "geo_altitude": 525.78,
        "squawk": "3606",
        "spi": false,
        "position_source": 0
      }
    },
    {
      "type": "Feature",
      "geometry": {
        "type": "Point",
        "coordinates": [
          12.2498,
          46.0365
        ]
      },
      "properties": {
        "icao24": "06a0dd",
        "callsign": "QTR8813",
        "origin_country": "Qatar",
        "time_position": 1786789974,
        "last_contact": 1786789974,
        "baro_altitude": 10058.4,
        "on_ground": false,
        "velocity": 262.66,
        "true_track": 135.63,
        "vertical_rate": 0,
        "geo_altitude": 10553.7,
        "squawk": "0224",
        "spi": false,
        "position_source": 0
      }
    },
    {
      "type": "Feature",
      "geometry": {
        "type": "Point",
        "coordinates": [
          18.7116,
          41.1107
        ]
      },
      "properties": {
        "icao24": "06a0fd",
        "callsign": "QTR099",
        "origin_country": "Qatar",
        "time_position": 1786789916,
        "last_contact": 1786789917,
        "baro_altitude": 12192,
        "on_ground": false,
        "velocity": 244.97,
        "true_track": 318.75,
        "vertical_rate": 0,
        "geo_altitude": 12748.26,
        "squawk": "7737",
        "spi": false,
        "position_source": 0
      }
    },
    {
      "type": "Feature",
      "geometry": {
        "type": "Point",
        "coordinates": [
          15.4437,
          46.9948
        ]
      },
      "properties": {
        "icao24": "4403e6",
        "callsign": "AOJ69Y",
        "origin_country": "Austria",
        "time_position": 1786789965,
        "last_contact": 1786789970,
        "baro_altitude": 297.18,
        "on_ground": true,
        "velocity": 0,
        "true_track": 348.75,
        "vertical_rate": null,
        "geo_altitude": null,
        "squawk": "1341",
        "spi": false,
        "position_source": 0
      }
    },
    {
      "type": "Feature",
      "geometry": {
        "type": "Point",
        "coordinates": [
          9.9097,
          40.4232
        ]
      },
      "properties": {
        "icao24": "5004e2",
        "callsign": "MEA244",
        "origin_country": "San Marino",
        "time_position": 1786789974,
        "last_contact": 1786789974,
        "baro_altitude": 10652.76,
        "on_ground": false,
        "velocity": 245.3,
        "true_track": 102.23,
        "vertical_rate": 0,
        "geo_altitude": 11239.5,
        "squawk": "1421",
        "spi": false,
        "position_source": 0
      }
    },
    {
      "type": "Feature",
      "geometry": {
        "type": "Point",
        "coordinates": [
          12.1691,
          38.6558
        ]
      },
      "properties": {
        "icao24": "4403bb",
        "callsign": "EJU34UG",
        "origin_country": "Austria",
        "time_position": 1786789961,
        "last_contact": 1786789961,
        "baro_altitude": 6560.82,
        "on_ground": false,
        "velocity": 201.6,
        "true_track": 305.76,
        "vertical_rate": 9.1,
        "geo_altitude": null,
        "squawk": null,
        "spi": false,
        "position_source": 0
      }
    },
    {
      "type": "Feature",
      "geometry": {
        "type": "Point",
        "coordinates": [
          6.6032,
          45.265
        ]
      },
      "properties": {
        "icao24": "3ce078",
        "callsign": "LUA412T",
        "origin_country": "Germany",
        "time_position": 1786789974,
        "last_contact": 1786789974,
        "baro_altitude": 7284.72,
        "on_ground": false,
        "velocity": 208.29,
        "true_track": 354.47,
        "vertical_rate": -6.83,
        "geo_altitude": 7673.34,
        "squawk": "1000",
        "spi": false,
        "position_source": 0
      }
    },
    {
      "type": "Feature",
      "geometry": {
        "type": "Point",
        "coordinates": [
          12.2414,
          47.559
        ]
      },
      "properties": {
        "icao24": "4403dd",
        "callsign": "HELI3",
        "origin_country": "Austria",
        "time_position": 1786789964,
        "last_contact": 1786789969,
        "baro_altitude": null,
        "on_ground": true,
        "velocity": 0,
        "true_track": 157.5,
        "vertical_rate": null,
        "geo_altitude": null,
        "squawk": "7000",
        "spi": false,
        "position_source": 0
      }
    },
    {
      "type": "Feature",
      "geometry": {
        "type": "Point",
        "coordinates": [
          8.567,
          47.4558
        ]
      },
      "properties": {
        "icao24": "4b1812",
        "callsign": "SWR5AM",
        "origin_country": "Switzerland",
        "time_position": 1786789971,
        "last_contact": 1786789971,
        "baro_altitude": null,
        "on_ground": true,
        "velocity": 6.17,
        "true_track": 95.62,
        "vertical_rate": null,
        "geo_altitude": null,
        "squawk": "3002",
        "spi": false,
        "position_source": 0
      }
    },
    {
      "type": "Feature",
      "geometry": {
        "type": "Point",
        "coordinates": [
          8.4583,
          47.4525
        ]
      },
      "properties": {
        "icao24": "4b1804",
        "callsign": "SWR3BP",
        "origin_country": "Switzerland",
        "time_position": 1786789974,
        "last_contact": 1786789974,
        "baro_altitude": 1463.04,
        "on_ground": false,
        "velocity": 80.2,
        "true_track": 214.81,
        "vertical_rate": 10.73,
        "geo_altitude": 1600.2,
        "squawk": "1000",
        "spi": false,
        "position_source": 0
      }
    },
    {
      "type": "Feature",
      "geometry": {
        "type": "Point",
        "coordinates": [
          8.3828,
          45.6547
        ]
      },
      "properties": {
        "icao24": "399579",
        "callsign": "FHFLZ",
        "origin_country": "France",
        "time_position": 1786789972,
        "last_contact": 1786789972,
        "baro_altitude": 541.02,
        "on_ground": false,
        "velocity": 61.39,
        "true_track": 94.33,
        "vertical_rate": 0.65,
        "geo_altitude": 609.6,
        "squawk": null,
        "spi": false,
        "position_source": 0
      }
    },
    {
      "type": "Feature",
      "geometry": {
        "type": "Point",
        "coordinates": [
          15.5867,
          43.7784
        ]
      },
      "properties": {
        "icao24": "4b1805",
        "callsign": "SWR955M",
        "origin_country": "Switzerland",
        "time_position": 1786789972,
        "last_contact": 1786789974,
        "baro_altitude": 11887.2,
        "on_ground": false,
        "velocity": 227.92,
        "true_track": 108.56,
        "vertical_rate": 0,
        "geo_altitude": 12435.84,
        "squawk": "5736",
        "spi": false,
        "position_source": 0
      }
    },
    {
      "type": "Feature",
      "geometry": {
        "type": "Point",
        "coordinates": [
          16.4014,
          42.8472
        ]
      },
      "properties": {
        "icao24": "4b1809",
        "callsign": "SWR9DZ",
        "origin_country": "Switzerland",
        "time_position": 1786789818,
        "last_contact": 1786789818,
        "baro_altitude": 10668,
        "on_ground": false,
        "velocity": 238.17,
        "true_track": 145.38,
        "vertical_rate": 0,
        "geo_altitude": 11186.16,
        "squawk": "1000",
        "spi": false,
        "position_source": 0
      }
    },
    {
      "type": "Feature",
      "geometry": {
        "type": "Point",
        "coordinates": [
          8.3226,
          47.6345
        ]
      },
      "properties": {
        "icao24": "4b1802",
        "callsign": "SWR241D",
        "origin_country": "Switzerland",
        "time_position": 1786789973,
        "last_contact": 1786789973,
        "baro_altitude": 1737.36,
        "on_ground": false,
        "velocity": 111.77,
        "true_track": 125.45,
        "vertical_rate": -4.55,
        "geo_altitude": 1897.38,
        "squawk": "1000",
        "spi": false,
        "position_source": 0
      }
    },
    {
      "type": "Feature",
      "geometry": {
        "type": "Point",
        "coordinates": [
          8.7341,
          45.6091
        ]
      },
      "properties": {
        "icao24": "4952ca",
        "callsign": "TAP823",
        "origin_country": "Portugal",
        "time_position": 1786789973,
        "last_contact": 1786789973,
        "baro_altitude": null,
        "on_ground": true,
        "velocity": 9.77,
        "true_track": 351.56,
        "vertical_rate": null,
        "geo_altitude": null,
        "squawk": "3750",
        "spi": false,
        "position_source": 0
      }
    },
    {
      "type": "Feature",
      "geometry": {
        "type": "Point",
        "coordinates": [
          11.322,
          44.5304
        ]
      },
      "properties": {
        "icao24": "4952cb",
        "callsign": "TAP869",
        "origin_country": "Portugal",
        "time_position": 1786789974,
        "last_contact": 1786789974,
        "baro_altitude": 426.72,
        "on_ground": false,
        "velocity": 82.25,
        "true_track": 68.73,
        "vertical_rate": 8.13,
        "geo_altitude": 502.92,
        "squawk": null,
        "spi": false,
        "position_source": 0
      }
    },
    {
      "type": "Feature",
      "geometry": {
        "type": "Point",
        "coordinates": [
          12.9681,
          41.9709
        ]
      },
      "properties": {
        "icao24": "440daa",
        "callsign": "BAG014",
        "origin_country": "Austria",
        "time_position": 1786789974,
        "last_contact": 1786789974,
        "baro_altitude": 7924.8,
        "on_ground": false,
        "velocity": 127.54,
        "true_track": 251.42,
        "vertical_rate": 0,
        "geo_altitude": 8389.62,
        "squawk": null,
        "spi": false,
        "position_source": 0
      }
    },
    {
      "type": "Feature",
      "geometry": {
        "type": "Point",
        "coordinates": [
          6.1688,
          46.2787
        ]
      },
      "properties": {
        "icao24": "4b180b",
        "callsign": "SWR2373",
        "origin_country": "Switzerland",
        "time_position": 1786789973,
        "last_contact": 1786789973,
        "baro_altitude": 632.46,
        "on_ground": false,
        "velocity": 74.22,
        "true_track": 226.12,
        "vertical_rate": -3.9,
        "geo_altitude": 731.52,
        "squawk": "1000",
        "spi": false,
        "position_source": 0
      }
    },
    {
      "type": "Feature",
      "geometry": {
        "type": "Point",
        "coordinates": [
          13.7743,
          46.6941
        ]
      },
      "properties": {
        "icao24": "3c6663",
        "callsign": "DLH5EK",
        "origin_country": "Germany",
        "time_position": 1786789974,
        "last_contact": 1786789974,
        "baro_altitude": 8770.62,
        "on_ground": false,
        "velocity": 233.45,
        "true_track": 341.76,
        "vertical_rate": 4.23,
        "geo_altitude": 9227.82,
        "squawk": "1000",
        "spi": false,
        "position_source": 0
      }
    },
    {
      "type": "Feature",
      "geometry": {
        "type": "Point",
        "coordinates": [
          12.3035,
          40.4037
        ]
      },
      "properties": {
        "icao24": "7101e2",
        "callsign": "SVA7142",
        "origin_country": "Saudi Arabia",
        "time_position": 1786789974,
        "last_contact": 1786789974,
        "baro_altitude": 11582.4,
        "on_ground": false,
        "velocity": 226.07,
        "true_track": 279.03,
        "vertical_rate": 0.33,
        "geo_altitude": 12169.14,
        "squawk": "2043",
        "spi": false,
        "position_source": 0
      }
    },
    {
      "type": "Feature",
      "geometry": {
        "type": "Point",
        "coordinates": [
          9.8675,
          41.1237
        ]
      },
      "properties": {
        "icao24": "3c666b",
        "callsign": "DLH2676",
        "origin_country": "Germany",
        "time_position": 1786789972,
        "last_contact": 1786789973,
        "baro_altitude": 4739.64,
        "on_ground": false,
        "velocity": 193.93,
        "true_track": 212.76,
        "vertical_rate": -5.2,
        "geo_altitude": 5052.06,
        "squawk": "4617",
        "spi": false,
        "position_source": 0
      }
    },
    {
      "type": "Feature",
      "geometry": {
        "type": "Point",
        "coordinates": [
          11.8892,
          44.1069
        ]
      },
      "properties": {
        "icao24": "3c667a",
        "callsign": "DLH323",
        "origin_country": "Germany",
        "time_position": 1786789974,
        "last_contact": 1786789974,
        "baro_altitude": 10759.44,
        "on_ground": false,
        "velocity": 231.04,
        "true_track": 348.44,
        "vertical_rate": 3.9,
        "geo_altitude": 11262.36,
        "squawk": "1000",
        "spi": false,
        "position_source": 0
      }
    },
    {
      "type": "Feature",
      "geometry": {
        "type": "Point",
        "coordinates": [
          9.0483,
          47.1733
        ]
      },
      "properties": {
        "icao24": "4b4bd6",
        "callsign": "HB1839",
        "origin_country": "Switzerland",
        "time_position": 1786789973,
        "last_contact": 1786789973,
        "baro_altitude": 655.32,
        "on_ground": false,
        "velocity": 30.14,
        "true_track": 242.56,
        "vertical_rate": -1.63,
        "geo_altitude": 769.62,
        "squawk": "7000",
        "spi": false,
        "position_source": 0
      }
    },
    {
      "type": "Feature",
      "geometry": {
        "type": "Point",
        "coordinates": [
          8.5497,
          47.462
        ]
      },
      "properties": {
        "icao24": "4b187d",
        "callsign": "SWR146",
        "origin_country": "Switzerland",
        "time_position": 1786789973,
        "last_contact": 1786789973,
        "baro_altitude": null,
        "on_ground": true,
        "velocity": 0,
        "true_track": 334.69,
        "vertical_rate": null,
        "geo_altitude": null,
        "squawk": "3064",
        "spi": false,
        "position_source": 0
      }
    },
    {
      "type": "Feature",
      "geometry": {
        "type": "Point",
        "coordinates": [
          11.4158,
          47.2664
        ]
      },
      "properties": {
        "icao24": "4b187e",
        "callsign": "SWR252B",
        "origin_country": "Switzerland",
        "time_position": 1786789974,
        "last_contact": 1786789974,
        "baro_altitude": 8740.14,
        "on_ground": false,
        "velocity": 252.85,
        "true_track": 105.34,
        "vertical_rate": 6.18,
        "geo_altitude": 9212.58,
        "squawk": "3001",
        "spi": false,
        "position_source": 0
      }
    },
    {
      "type": "Feature",
      "geometry": {
        "type": "Point",
        "coordinates": [
          15.4163,
          44.2054
        ]
      },
      "properties": {
        "icao24": "3c65d0",
        "callsign": "DLH3FP",
        "origin_country": "Germany",
        "time_position": 1786789973,
        "last_contact": 1786789974,
        "baro_altitude": 11269.98,
        "on_ground": false,
        "velocity": 242.09,
        "true_track": 148.91,
        "vertical_rate": 0,
        "geo_altitude": 11803.38,
        "squawk": "2255",
        "spi": false,
        "position_source": 0
      }
    },
    {
      "type": "Feature",
      "geometry": {
        "type": "Point",
        "coordinates": [
          15.3872,
          47.5107
        ]
      },
      "properties": {
        "icao24": "3ff044",
        "callsign": "DMABN",
        "origin_country": "Germany",
        "time_position": 1786789673,
        "last_contact": 1786789682,
        "baro_altitude": 1112.52,
        "on_ground": false,
        "velocity": 52,
        "true_track": 177.73,
        "vertical_rate": -7.15,
        "geo_altitude": 1219.2,
        "squawk": "7000",
        "spi": false,
        "position_source": 0
      }
    },
    {
      "type": "Feature",
      "geometry": {
        "type": "Point",
        "coordinates": [
          11.5351,
          47.748
        ]
      },
      "properties": {
        "icao24": "3ff036",
        "callsign": "DMZSL",
        "origin_country": "Germany",
        "time_position": 1786789974,
        "last_contact": 1786789974,
        "baro_altitude": 1706.88,
        "on_ground": false,
        "velocity": 66.14,
        "true_track": 8.95,
        "vertical_rate": -1.95,
        "geo_altitude": 1828.8,
        "squawk": "7000",
        "spi": false,
        "position_source": 0
      }
    },
    {
      "type": "Feature",
      "geometry": {
        "type": "Point",
        "coordinates": [
          15.1348,
          43.7805
        ]
      },
      "properties": {
        "icao24": "716ff8",
        "callsign": "RXI402",
        "origin_country": "Saudi Arabia",
        "time_position": 1786789949,
        "last_contact": 1786789952,
        "baro_altitude": 10668,
        "on_ground": false,
        "velocity": 262.65,
        "true_track": 139.29,
        "vertical_rate": -0.33,
        "geo_altitude": 11201.4,
        "squawk": "7536",
        "spi": false,
        "position_source": 0
      }
    },
    {
      "type": "Feature",
      "geometry": {
        "type": "Point",
        "coordinates": [
          7.2255,
          43.7905
        ]
      },
      "properties": {
        "icao24": "3b7b8a",
        "callsign": "DRAGO06",
        "origin_country": "France",
        "time_position": 1786789974,
        "last_contact": 1786789974,
        "baro_altitude": 662.94,
        "on_ground": false,
        "velocity": 59.29,
        "true_track": 164.4,
        "vertical_rate": 0.33,
        "geo_altitude": 754.38,
        "squawk": null,
        "spi": false,
        "position_source": 0
      }
    },
    {
      "type": "Feature",
      "geometry": {
        "type": "Point",
        "coordinates": [
          15.1603,
          43.7011
        ]
      },
      "properties": {
        "icao24": "51603f",
        "callsign": "MNE329",
        "origin_country": "Montenegro",
        "time_position": 1786789974,
        "last_contact": 1786789974,
        "baro_altitude": 11887.2,
        "on_ground": false,
        "velocity": 237.66,
        "true_track": 116.62,
        "vertical_rate": 0,
        "geo_altitude": 12451.08,
        "squawk": "0277",
        "spi": false,
        "position_source": 0
      }
    },
    {
      "type": "Feature",
      "geometry": {
        "type": "Point",
        "coordinates": [
          18.6458,
          44.7784
        ]
      },
      "properties": {
        "icao24": "516097",
        "callsign": "MNE343",
        "origin_country": "Montenegro",
        "time_position": 1786789973,
        "last_contact": 1786789974,
        "baro_altitude": 10660.38,
        "on_ground": false,
        "velocity": 238.72,
        "true_track": 169.32,
        "vertical_rate": 0,
        "geo_altitude": 11163.3,
        "squawk": "1426",
        "spi": false,
        "position_source": 0
      }
    },
    {
      "type": "Feature",
      "geometry": {
        "type": "Point",
        "coordinates": [
          8.9173,
          42.5481
        ]
      },
      "properties": {
        "icao24": "3b7b84",
        "callsign": "DRAGO2B",
        "origin_country": "France",
        "time_position": 1786789973,
        "last_contact": 1786789973,
        "baro_altitude": 883.92,
        "on_ground": false,
        "velocity": 48.68,
        "true_track": 54.46,
        "vertical_rate": 4.88,
        "geo_altitude": 975.36,
        "squawk": null,
        "spi": false,
        "position_source": 0
      }
    },
    {
      "type": "Feature",
      "geometry": {
        "type": "Point",
        "coordinates": [
          6.9668,
          46.4373
        ]
      },
      "properties": {
        "icao24": "495306",
        "callsign": "TAP93ZR",
        "origin_country": "Portugal",
        "time_position": 1786789974,
        "last_contact": 1786789974,
        "baro_altitude": 7688.58,
        "on_ground": false,
        "velocity": 234.85,
        "true_track": 51.85,
        "vertical_rate": -5.2,
        "geo_altitude": 8138.16,
        "squawk": "1000",
        "spi": false,
        "position_source": 0
      }
    },
    {
      "type": "Feature",
      "geometry": {
        "type": "Point",
        "coordinates": [
          8.7567,
          47.3767
        ]
      },
      "properties": {
        "icao24": "4b4c52",
        "callsign": "HB1963",
        "origin_country": "Switzerland",
        "time_position": 1786789959,
        "last_contact": 1786789960,
        "baro_altitude": 502.92,
        "on_ground": false,
        "velocity": 0.51,
        "true_track": 270,
        "vertical_rate": -0.33,
        "geo_altitude": 579.12,
        "squawk": "7000",
        "spi": false,
        "position_source": 0
      }
    },
    {
      "type": "Feature",
      "geometry": {
        "type": "Point",
        "coordinates": [
          6.0087,
          47.7956
        ]
      },
      "properties": {
        "icao24": "408086",
        "callsign": "TOM3CW",
        "origin_country": "United Kingdom",
        "time_position": 1786789974,
        "last_contact": 1786789974,
        "baro_altitude": 11582.4,
        "on_ground": false,
        "velocity": 225.01,
        "true_track": 303.91,
        "vertical_rate": 0,
        "geo_altitude": 12123.42,
        "squawk": "2754",
        "spi": false,
        "position_source": 0
      }
    },
    {
      "type": "Feature",
      "geometry": {
        "type": "Point",
        "coordinates": [
          8.3046,
          47.2617
        ]
      },
      "properties": {
        "icao24": "4b4c65",
        "callsign": "HB1982",
        "origin_country": "Switzerland",
        "time_position": 1786789973,
        "last_contact": 1786789973,
        "baro_altitude": 693.42,
        "on_ground": false,
        "velocity": 31.73,
        "true_track": 340.1,
        "vertical_rate": -0.33,
        "geo_altitude": 784.86,
        "squawk": "7000",
        "spi": false,
        "position_source": 0
      }
    },
    {
      "type": "Feature",
      "geometry": {
        "type": "Point",
        "coordinates": [
          6.7932,
          43.8509
        ]
      },
      "properties": {
        "icao24": "440cbf",
        "callsign": "EJU52PB",
        "origin_country": "Austria",
        "time_position": 1786789973,
        "last_contact": 1786789973,
        "baro_altitude": 11018.52,
        "on_ground": false,
        "velocity": 226.48,
        "true_track": 237.43,
        "vertical_rate": 5.2,
        "geo_altitude": 11590.02,
        "squawk": "4056",
        "spi": false,
        "position_source": 0
      }
    },
    {
      "type": "Feature",
      "geometry": {
        "type": "Point",
        "coordinates": [
          9.0038,
          44.423
        ]
      },
      "properties": {
        "icao24": "3c670c",
        "callsign": "DLH505",
        "origin_country": "Germany",
        "time_position": 1786789974,
        "last_contact": 1786789974,
        "baro_altitude": 11582.4,
        "on_ground": false,
        "velocity": 254.88,
        "true_track": 37.7,
        "vertical_rate": 0,
        "geo_altitude": 12138.66,
        "squawk": "1000",
        "spi": false,
        "position_source": 0
      }
    },
    {
      "type": "Feature",
      "geometry": {
        "type": "Point",
        "coordinates": [
          8.559,
          47.4584
        ]
      },
      "properties": {
        "icao24": "3c658d",
        "callsign": "DLH1EN",
        "origin_country": "Germany",
        "time_position": 1786789968,
        "last_contact": 1786789973,
        "baro_altitude": 403.86,
        "on_ground": true,
        "velocity": 0,
        "true_track": 196.88,
        "vertical_rate": null,
        "geo_altitude": null,
        "squawk": "1000",
        "spi": false,
        "position_source": 0
      }
    },
    {
      "type": "Feature",
      "geometry": {
        "type": "Point",
        "coordinates": [
          9.9276,
          39.0677
        ]
      },
      "properties": {
        "icao24": "02a1a5",
        "callsign": "LBT2613",
        "origin_country": "Tunisia",
        "time_position": 1786789974,
        "last_contact": 1786789974,
        "baro_altitude": 11269.98,
        "on_ground": false,
        "velocity": 236.7,
        "true_track": 178.75,
        "vertical_rate": -0.33,
        "geo_altitude": 11887.2,
        "squawk": "2537",
        "spi": false,
        "position_source": 0
      }
    },
    {
      "type": "Feature",
      "geometry": {
        "type": "Point",
        "coordinates": [
          9.0218,
          40.7397
        ]
      },
      "properties": {
        "icao24": "02a1a3",
        "callsign": "LBT214",
        "origin_country": "Tunisia",
        "time_position": 1786789974,
        "last_contact": 1786789974,
        "baro_altitude": 10965.18,
        "on_ground": false,
        "velocity": 228.36,
        "true_track": 345.12,
        "vertical_rate": 0,
        "geo_altitude": 11529.06,
        "squawk": "6155",
        "spi": false,
        "position_source": 0
      }
    },
    {
      "type": "Feature",
      "geometry": {
        "type": "Point",
        "coordinates": [
          16.4078,
          38.5308
        ]
      },
      "properties": {
        "icao24": "02a1a4",
        "callsign": "LBT641",
        "origin_country": "Tunisia",
        "time_position": 1786789974,
        "last_contact": 1786789974,
        "baro_altitude": 10363.2,
        "on_ground": false,
        "velocity": 227.22,
        "true_track": 282.02,
        "vertical_rate": -0.33,
        "geo_altitude": 10904.22,
        "squawk": null,
        "spi": false,
        "position_source": 0
      }
    },
    {
      "type": "Feature",
      "geometry": {
        "type": "Point",
        "coordinates": [
          12.3008,
          40.7141
        ]
      },
      "properties": {
        "icao24": "02a1a1",
        "callsign": "LBT2422",
        "origin_country": "Tunisia",
        "time_position": 1786789974,
        "last_contact": 1786789974,
        "baro_altitude": 10980.42,
        "on_ground": false,
        "velocity": 229.96,
        "true_track": 9.4,
        "vertical_rate": 0,
        "geo_altitude": 11544.3,
        "squawk": "6141",
        "spi": false,
        "position_source": 0
      }
    },
    {
      "type": "Feature",
      "geometry": {
        "type": "Point",
        "coordinates": [
          12.5128,
          44.2037
        ]
      },
      "properties": {
        "icao24": "39d310",
        "callsign": "TVF40YE",
        "origin_country": "France",
        "time_position": 1786789974,
        "last_contact": 1786789974,
        "baro_altitude": 11277.6,
        "on_ground": false,
        "velocity": 221.95,
        "true_track": 307.56,
        "vertical_rate": 0,
        "geo_altitude": 11811,
        "squawk": "3701",
        "spi": false,
        "position_source": 0
      }
    },
    {
      "type": "Feature",
      "geometry": {
        "type": "Point",
        "coordinates": [
          9.9331,
          43.8863
        ]
      },
      "properties": {
        "icao24": "39d30c",
        "callsign": "TVF93FW",
        "origin_country": "France",
        "time_position": 1786789974,
        "last_contact": 1786789974,
        "baro_altitude": 11582.4,
        "on_ground": false,
        "velocity": 220.74,
        "true_track": 304.17,
        "vertical_rate": 0,
        "geo_altitude": 12153.9,
        "squawk": "2077",
        "spi": false,
        "position_source": 0
      }
    },
    {
      "type": "Feature",
      "geometry": {
        "type": "Point",
        "coordinates": [
          14.1033,
          41.7115
        ]
      },
      "properties": {
        "icao24": "39d30a",
        "callsign": "TVF55MP",
        "origin_country": "France",
        "time_position": 1786789974,
        "last_contact": 1786789974,
        "baro_altitude": 11582.4,
        "on_ground": false,
        "velocity": 226.24,
        "true_track": 292.6,
        "vertical_rate": 0,
        "geo_altitude": 12138.66,
        "squawk": "2040",
        "spi": false,
        "position_source": 0
      }
    },
    {
      "type": "Feature",
      "geometry": {
        "type": "Point",
        "coordinates": [
          17.2206,
          43.953
        ]
      },
      "properties": {
        "icao24": "4690e4",
        "callsign": "AEE28",
        "origin_country": "Greece",
        "time_position": 1786789973,
        "last_contact": 1786789973,
        "baro_altitude": 11269.98,
        "on_ground": false,
        "velocity": 240.68,
        "true_track": 140.12,
        "vertical_rate": 0,
        "geo_altitude": 11795.76,
        "squawk": "6406",
        "spi": false,
        "position_source": 0
      }
    },
    {
      "type": "Feature",
      "geometry": {
        "type": "Point",
        "coordinates": [
          8.5581,
          47.4608
        ]
      },
      "properties": {
        "icao24": "4b5da6",
        "callsign": "TE25",
        "origin_country": "Switzerland",
        "time_position": 1786789871,
        "last_contact": 1786789974,
        "baro_altitude": null,
        "on_ground": true,
        "velocity": 2.57,
        "true_track": 261.56,
        "vertical_rate": null,
        "geo_altitude": null,
        "squawk": null,
        "spi": false,
        "position_source": 0
      }
    },
    {
      "type": "Feature",
      "geometry": {
        "type": "Point",
        "coordinates": [
          8.5579,
          47.4515
        ]
      },
      "properties": {
        "icao24": "4b5da5",
        "callsign": "TE24",
        "origin_country": "Switzerland",
        "time_position": 1786789970,
        "last_contact": 1786789972,
        "baro_altitude": null,
        "on_ground": true,
        "velocity": 0.19,
        "true_track": 315,
        "vertical_rate": null,
        "geo_altitude": null,
        "squawk": null,
        "spi": false,
        "position_source": 0
      }
    },
    {
      "type": "Feature",
      "geometry": {
        "type": "Point",
        "coordinates": [
          8.5596,
          47.4543
        ]
      },
      "properties": {
        "icao24": "4b5da8",
        "callsign": "ATL778",
        "origin_country": "Switzerland",
        "time_position": 1786789692,
        "last_contact": 1786789692,
        "baro_altitude": null,
        "on_ground": true,
        "velocity": 5.4,
        "true_track": 146.25,
        "vertical_rate": null,
        "geo_altitude": null,
        "squawk": null,
        "spi": false,
        "position_source": 0
      }
    },
    {
      "type": "Feature",
      "geometry": {
        "type": "Point",
        "coordinates": [
          8.8991,
          47.7107
        ]
      },
      "properties": {
        "icao24": "3c787a",
        "callsign": "CFG5ZY",
        "origin_country": "Germany",
        "time_position": 1786789974,
        "last_contact": 1786789974,
        "baro_altitude": 3139.44,
        "on_ground": false,
        "velocity": 158.53,
        "true_track": 268.14,
        "vertical_rate": -8.45,
        "geo_altitude": 3383.28,
        "squawk": "1000",
        "spi": false,
        "position_source": 0
      }
    },
    {
      "type": "Feature",
      "geometry": {
        "type": "Point",
        "coordinates": [
          9.4909,
          47.45
        ]
      },
      "properties": {
        "icao24": "ab9a5b",
        "callsign": "FDX9076",
        "origin_country": "United States",
        "time_position": 1786789974,
        "last_contact": 1786789974,
        "baro_altitude": 9448.8,
        "on_ground": false,
        "velocity": 259.69,
        "true_track": 110.77,
        "vertical_rate": 0,
        "geo_altitude": 9936.48,
        "squawk": "0667",
        "spi": false,
        "position_source": 0
      }
    },
    {
      "type": "Feature",
      "geometry": {
        "type": "Point",
        "coordinates": [
          18.3606,
          46.3212
        ]
      },
      "properties": {
        "icao24": "4a2aac",
        "callsign": "DNA405",
        "origin_country": "Romania",
        "time_position": 1786789974,
        "last_contact": 1786789974,
        "baro_altitude": 10370.82,
        "on_ground": false,
        "velocity": 235.94,
        "true_track": 263.87,
        "vertical_rate": 0,
        "geo_altitude": 10866.12,
        "squawk": "1000",
        "spi": false,
        "position_source": 0
      }
    },
    {
      "type": "Feature",
      "geometry": {
        "type": "Point",
        "coordinates": [
          9.2807,
          45.4363
        ]
      },
      "properties": {
        "icao24": "39e693",
        "callsign": "AFR34UL",
        "origin_country": "France",
        "time_position": 1786789969,
        "last_contact": 1786789969,
        "baro_altitude": null,
        "on_ground": true,
        "velocity": 11.83,
        "true_track": 174.38,
        "vertical_rate": null,
        "geo_altitude": null,
        "squawk": null,
        "spi": false,
        "position_source": 0
      }
    },
    {
      "type": "Feature",
      "geometry": {
        "type": "Point",
        "coordinates": [
          8.5599,
          47.4513
        ]
      },
      "properties": {
        "icao24": "4b5db2",
        "callsign": "RTT16",
        "origin_country": "Switzerland",
        "time_position": 1786789678,
        "last_contact": 1786789680,
        "baro_altitude": null,
        "on_ground": true,
        "velocity": 0.19,
        "true_track": 191.25,
        "vertical_rate": null,
        "geo_altitude": null,
        "squawk": null,
        "spi": false,
        "position_source": 0
      }
    },
    {
      "type": "Feature",
      "geometry": {
        "type": "Point",
        "coordinates": [
          7.2152,
          43.6646
        ]
      },
      "properties": {
        "icao24": "3c64a1",
        "callsign": "DLH99H",
        "origin_country": "Germany",
        "time_position": 1786789974,
        "last_contact": 1786789974,
        "baro_altitude": null,
        "on_ground": true,
        "velocity": 1.8,
        "true_track": 309.38,
        "vertical_rate": null,
        "geo_altitude": null,
        "squawk": "1000",
        "spi": false,
        "position_source": 0
      }
    },
    {
      "type": "Feature",
      "geometry": {
        "type": "Point",
        "coordinates": [
          18.0084,
          46.0936
        ]
      },
      "properties": {
        "icao24": "3c64a7",
        "callsign": "DLH680",
        "origin_country": "Germany",
        "time_position": 1786789974,
        "last_contact": 1786789974,
        "baro_altitude": 10660.38,
        "on_ground": false,
        "velocity": 238.93,
        "true_track": 130.72,
        "vertical_rate": -0.33,
        "geo_altitude": 11155.68,
        "squawk": "6030",
        "spi": false,
        "position_source": 0
      }
    },
    {
      "type": "Feature",
      "geometry": {
        "type": "Point",
        "coordinates": [
          6.3532,
          40.1327
        ]
      },
      "properties": {
        "icao24": "0a0049",
        "callsign": "DAH1156",
        "origin_country": "Algeria",
        "time_position": 1786789974,
        "last_contact": 1786789974,
        "baro_altitude": 10972.8,
        "on_ground": false,
        "velocity": 236.32,
        "true_track": 345.63,
        "vertical_rate": 0.33,
        "geo_altitude": 11551.92,
        "squawk": null,
        "spi": false,
        "position_source": 0
      }
    },
    {
      "type": "Feature",
      "geometry": {
        "type": "Point",
        "coordinates": [
          17.7298,
          38.9841
        ]
      },
      "properties": {
        "icao24": "0a008f",
        "callsign": "DAH3024",
        "origin_country": "Algeria",
        "time_position": 1786789973,
        "last_contact": 1786789973,
        "baro_altitude": 10668,
        "on_ground": false,
        "velocity": 240.3,
        "true_track": 72.3,
        "vertical_rate": 0,
        "geo_altitude": 11178.54,
        "squawk": "0203",
        "spi": false,
        "position_source": 0
      }
    },
    {
      "type": "Feature",
      "geometry": {
        "type": "Point",
        "coordinates": [
          14.8078,
          44.331
        ]
      },
      "properties": {
        "icao24": "3995ce",
        "callsign": "FYG53HF",
        "origin_country": "France",
        "time_position": 1786789974,
        "last_contact": 1786789974,
        "baro_altitude": 11917.68,
        "on_ground": false,
        "velocity": 163.93,
        "true_track": 311.95,
        "vertical_rate": 5.2,
        "geo_altitude": 12435.84,
        "squawk": "1000",
        "spi": false,
        "position_source": 0
      }
    },
    {
      "type": "Feature",
      "geometry": {
        "type": "Point",
        "coordinates": [
          10.3825,
          42.8848
        ]
      },
      "properties": {
        "icao24": "c01c52",
        "callsign": "ACA904",
        "origin_country": "Canada",
        "time_position": 1786789974,
        "last_contact": 1786789974,
        "baro_altitude": 8618.22,
        "on_ground": false,
        "velocity": 241.28,
        "true_track": 130.24,
        "vertical_rate": -5.53,
        "geo_altitude": 9105.9,
        "squawk": "1140",
        "spi": false,
        "position_source": 0
      }
    },
    {
      "type": "Feature",
      "geometry": {
        "type": "Point",
        "coordinates": [
          10.2252,
          38.7112
        ]
      },
      "properties": {
        "icao24": "02a1ae",
        "callsign": "LBT167",
        "origin_country": "Tunisia",
        "time_position": 1786789971,
        "last_contact": 1786789971,
        "baro_altitude": 10683.24,
        "on_ground": false,
        "velocity": 234.17,
        "true_track": 175.84,
        "vertical_rate": -4.88,
        "geo_altitude": 11285.22,
        "squawk": "3754",
        "spi": false,
        "position_source": 0
      }
    },
    {
      "type": "Feature",
      "geometry": {
        "type": "Point",
        "coordinates": [
          7.7401,
          45.3944
        ]
      },
      "properties": {
        "icao24": "02a1ac",
        "callsign": "LBT730",
        "origin_country": "Tunisia",
        "time_position": 1786789974,
        "last_contact": 1786789974,
        "baro_altitude": 11582.4,
        "on_ground": false,
        "velocity": 228.86,
        "true_track": 316.18,
        "vertical_rate": 0,
        "geo_altitude": 12146.28,
        "squawk": "1000",
        "spi": false,
        "position_source": 0
      }
    },
    {
      "type": "Feature",
      "geometry": {
        "type": "Point",
        "coordinates": [
          6.4607,
          39.6487
        ]
      },
      "properties": {
        "icao24": "0a0079",
        "callsign": "DAH1150",
        "origin_country": "Algeria",
        "time_position": 1786789973,
        "last_contact": 1786789974,
        "baro_altitude": 10972.8,
        "on_ground": false,
        "velocity": 239.92,
        "true_track": 343.43,
        "vertical_rate": 0,
        "geo_altitude": 11544.3,
        "squawk": null,
        "spi": false,
        "position_source": 0
      }
    },
    {
      "type": "Feature",
      "geometry": {
        "type": "Point",
        "coordinates": [
          12.853,
          40.4303
        ]
      },
      "properties": {
        "icao24": "02a1b3",
        "callsign": "LBT2368",
        "origin_country": "Tunisia",
        "time_position": 1786789974,
        "last_contact": 1786789974,
        "baro_altitude": 10972.8,
        "on_ground": false,
        "velocity": 228.46,
        "true_track": 15.95,
        "vertical_rate": 0,
        "geo_altitude": 11521.44,
        "squawk": "6171",
        "spi": false,
        "position_source": 0
      }
    },
    {
      "type": "Feature",
      "geometry": {
        "type": "Point",
        "coordinates": [
          10.6065,
          41.0787
        ]
      },
      "properties": {
        "icao24": "02a1b0",
        "callsign": "LBT2609",
        "origin_country": "Tunisia",
        "time_position": 1786789974,
        "last_contact": 1786789974,
        "baro_altitude": 11285.22,
        "on_ground": false,
        "velocity": 239.21,
        "true_track": 168.71,
        "vertical_rate": 0,
        "geo_altitude": 11864.34,
        "squawk": "0121",
        "spi": false,
        "position_source": 0
      }
    },
    {
      "type": "Feature",
      "geometry": {
        "type": "Point",
        "coordinates": [
          11.1206,
          37.1483
        ]
      },
      "properties": {
        "icao24": "0a0084",
        "callsign": "DAH3016",
        "origin_country": "Algeria",
        "time_position": 1786789974,
        "last_contact": 1786789974,
        "baro_altitude": 11887.2,
        "on_ground": false,
        "velocity": 261.19,
        "true_track": 82.19,
        "vertical_rate": 0,
        "geo_altitude": 12550.14,
        "squawk": "4213",
        "spi": false,
        "position_source": 0
      }
    },
    {
      "type": "Feature",
      "geometry": {
        "type": "Point",
        "coordinates": [
          10.5075,
          43.7043
        ]
      },
      "properties": {
        "icao24": "494143",
        "callsign": "NJE521D",
        "origin_country": "Portugal",
        "time_position": 1786789974,
        "last_contact": 1786789974,
        "baro_altitude": 12192,
        "on_ground": false,
        "velocity": 214.26,
        "true_track": 8.42,
        "vertical_rate": 0,
        "geo_altitude": 12755.88,
        "squawk": "3731",
        "spi": false,
        "position_source": 0
      }
    },
    {
      "type": "Feature",
      "geometry": {
        "type": "Point",
        "coordinates": [
          8.5994,
          47.5646
        ]
      },
      "properties": {
        "icao24": "49410f",
        "callsign": "NJE733Q",
        "origin_country": "Portugal",
        "time_position": 1786789974,
        "last_contact": 1786789974,
        "baro_altitude": 13106.4,
        "on_ground": false,
        "velocity": 211.16,
        "true_track": 20.69,
        "vertical_rate": 0,
        "geo_altitude": 13655.04,
        "squawk": "1000",
        "spi": false,
        "position_source": 0
      }
    },
    {
      "type": "Feature",
      "geometry": {
        "type": "Point",
        "coordinates": [
          11.5069,
          41.8545
        ]
      },
      "properties": {
        "icao24": "4080e1",
        "callsign": "BAW547",
        "origin_country": "United Kingdom",
        "time_position": 1786789974,
        "last_contact": 1786789974,
        "baro_altitude": 5173.98,
        "on_ground": false,
        "velocity": 194.99,
        "true_track": 308.9,
        "vertical_rate": 12.35,
        "geo_altitude": 5509.26,
        "squawk": null,
        "spi": false,
        "position_source": 0
      }
    },
    {
      "type": "Feature",
      "geometry": {
        "type": "Point",
        "coordinates": [
          8.1049,
          47.6383
        ]
      },
      "properties": {
        "icao24": "494104",
        "callsign": "NJE144Q",
        "origin_country": "Portugal",
        "time_position": 1786789974,
        "last_contact": 1786789974,
        "baro_altitude": 1973.58,
        "on_ground": false,
        "velocity": 116.14,
        "true_track": 47.33,
        "vertical_rate": -5.2,
        "geo_altitude": 2148.84,
        "squawk": "1000",
        "spi": false,
        "position_source": 0
      }
    },
    {
      "type": "Feature",
      "geometry": {
        "type": "Point",
        "coordinates": [
          7.4462,
          42.8306
        ]
      },
      "properties": {
        "icao24": "494102",
        "callsign": "NJE517V",
        "origin_country": "Portugal",
        "time_position": 1786789974,
        "last_contact": 1786789974,
        "baro_altitude": 9959.34,
        "on_ground": false,
        "velocity": 187.71,
        "true_track": 98.35,
        "vertical_rate": 10.08,
        "geo_altitude": 10500.36,
        "squawk": "3352",
        "spi": false,
        "position_source": 0
      }
    },
    {
      "type": "Feature",
      "geometry": {
        "type": "Point",
        "coordinates": [
          6.6172,
          46.5419
        ]
      },
      "properties": {
        "icao24": "4b28e3",
        "callsign": "HBPMP",
        "origin_country": "Switzerland",
        "time_position": 1786789974,
        "last_contact": 1786789974,
        "baro_altitude": null,
        "on_ground": true,
        "velocity": 3.34,
        "true_track": 255.94,
        "vertical_rate": null,
        "geo_altitude": null,
        "squawk": null,
        "spi": false,
        "position_source": 0
      }
    },
    {
      "type": "Feature",
      "geometry": {
        "type": "Point",
        "coordinates": [
          11.1331,
          46.6072
        ]
      },
      "properties": {
        "icao24": "4b15d8",
        "callsign": "EDW76",
        "origin_country": "Switzerland",
        "time_position": 1786789974,
        "last_contact": 1786789974,
        "baro_altitude": 9441.18,
        "on_ground": false,
        "velocity": 252.84,
        "true_track": 134.26,
        "vertical_rate": 2.6,
        "geo_altitude": 9936.48,
        "squawk": "3023",
        "spi": false,
        "position_source": 0
      }
    },
    {
      "type": "Feature",
      "geometry": {
        "type": "Point",
        "coordinates": [
          14.4893,
          35.8515
        ]
      },
      "properties": {
        "icao24": "408183",
        "callsign": "EZY52RV",
        "origin_country": "United Kingdom",
        "time_position": 1786789972,
        "last_contact": 1786789972,
        "baro_altitude": null,
        "on_ground": true,
        "velocity": 0,
        "true_track": 45,
        "vertical_rate": null,
        "geo_altitude": null,
        "squawk": null,
        "spi": false,
        "position_source": 0
      }
    },
    {
      "type": "Feature",
      "geometry": {
        "type": "Point",
        "coordinates": [
          9.6294,
          38.7699
        ]
      },
      "properties": {
        "icao24": "408184",
        "callsign": "EZY92XM",
        "origin_country": "United Kingdom",
        "time_position": 1786789974,
        "last_contact": 1786789974,
        "baro_altitude": 10980.42,
        "on_ground": false,
        "velocity": 231.83,
        "true_track": 346.4,
        "vertical_rate": 0,
        "geo_altitude": 11582.4,
        "squawk": "6135",
        "spi": false,
        "position_source": 0
      }
    },
    {
      "type": "Feature",
      "geometry": {
        "type": "Point",
        "coordinates": [
          14.4698,
          41.2506
        ]
      },
      "properties": {
        "icao24": "408181",
        "callsign": "EZY74NZ",
        "origin_country": "United Kingdom",
        "time_position": 1786789735,
        "last_contact": 1786789735,
        "baro_altitude": 3284.22,
        "on_ground": false,
        "velocity": 149.4,
        "true_track": 138.35,
        "vertical_rate": -3.25,
        "geo_altitude": 3520.44,
        "squawk": "2234",
        "spi": false,
        "position_source": 0
      }
    },
    {
      "type": "Feature",
      "geometry": {
        "type": "Point",
        "coordinates": [
          13.5722,
          46.7954
        ]
      },
      "properties": {
        "icao24": "3c6641",
        "callsign": "DLH1454",
        "origin_country": "Germany",
        "time_position": 1786789974,
        "last_contact": 1786789974,
        "baro_altitude": 10675.62,
        "on_ground": false,
        "velocity": 244.45,
        "true_track": 134.83,
        "vertical_rate": 0,
        "geo_altitude": 11132.82,
        "squawk": "6420",
        "spi": false,
        "position_source": 0
      }
    },
    {
      "type": "Feature",
      "geometry": {
        "type": "Point",
        "coordinates": [
          12.7934,
          47.4455
        ]
      },
      "properties": {
        "icao24": "3c7982",
        "callsign": "CFG068",
        "origin_country": "Germany",
        "time_position": 1786789974,
        "last_contact": 1786789974,
        "baro_altitude": 10660.38,
        "on_ground": false,
        "velocity": 240.16,
        "true_track": 136.39,
        "vertical_rate": 0,
        "geo_altitude": 11186.16,
        "squawk": "5651",
        "spi": false,
        "position_source": 0
      }
    },
    {
      "type": "Feature",
      "geometry": {
        "type": "Point",
        "coordinates": [
          15.1937,
          42.8789
        ]
      },
      "properties": {
        "icao24": "3c6653",
        "callsign": "DLH5CF",
        "origin_country": "Germany",
        "time_position": 1786789974,
        "last_contact": 1786789974,
        "baro_altitude": 10972.8,
        "on_ground": false,
        "velocity": 225.21,
        "true_track": 344.09,
        "vertical_rate": 0,
        "geo_altitude": 11513.82,
        "squawk": "1000",
        "spi": false,
        "position_source": 0
      }
    },
    {
      "type": "Feature",
      "geometry": {
        "type": "Point",
        "coordinates": [
          8.2377,
          47.4291
        ]
      },
      "properties": {
        "icao24": "4b4b5a",
        "callsign": "HB1715",
        "origin_country": "Switzerland",
        "time_position": 1786789974,
        "last_contact": 1786789974,
        "baro_altitude": 1188.72,
        "on_ground": false,
        "velocity": 25.33,
        "true_track": 156.04,
        "vertical_rate": -0.33,
        "geo_altitude": 1310.64,
        "squawk": "7000",
        "spi": false,
        "position_source": 0
      }
    },
    {
      "type": "Feature",
      "geometry": {
        "type": "Point",
        "coordinates": [
          16.9586,
          39.5944
        ]
      },
      "properties": {
        "icao24": "39d304",
        "callsign": "TVF18NK",
        "origin_country": "France",
        "time_position": 1786789974,
        "last_contact": 1786789974,
        "baro_altitude": 11887.2,
        "on_ground": false,
        "velocity": 237.71,
        "true_track": 123.35,
        "vertical_rate": 0.33,
        "geo_altitude": 12443.46,
        "squawk": "0437",
        "spi": false,
        "position_source": 0
      }
    },
    {
      "type": "Feature",
      "geometry": {
        "type": "Point",
        "coordinates": [
          8.574,
          47.4577
        ]
      },
      "properties": {
        "icao24": "44b430",
        "callsign": "PGC24B",
        "origin_country": "Belgium",
        "time_position": 1786789713,
        "last_contact": 1786789719,
        "baro_altitude": 411.48,
        "on_ground": true,
        "velocity": 0,
        "true_track": 90,
        "vertical_rate": null,
        "geo_altitude": null,
        "squawk": "1000",
        "spi": false,
        "position_source": 0
      }
    },
    {
      "type": "Feature",
      "geometry": {
        "type": "Point",
        "coordinates": [
          6.9926,
          46.4379
        ]
      },
      "properties": {
        "icao24": "4b4b98",
        "callsign": "HB1777",
        "origin_country": "Switzerland",
        "time_position": 1786789974,
        "last_contact": 1786789974,
        "baro_altitude": 2887.98,
        "on_ground": false,
        "velocity": 30.98,
        "true_track": 125.54,
        "vertical_rate": -0.33,
        "geo_altitude": null,
        "squawk": "7000",
        "spi": false,
        "position_source": 0
      }
    },
    {
      "type": "Feature",
      "geometry": {
        "type": "Point",
        "coordinates": [
          6.4732,
          40.9458
        ]
      },
      "properties": {
        "icao24": "7103d8",
        "callsign": "SVA021",
        "origin_country": "Saudi Arabia",
        "time_position": 1786789974,
        "last_contact": 1786789974,
        "baro_altitude": 10058.4,
        "on_ground": false,
        "velocity": 256.26,
        "true_track": 275.3,
        "vertical_rate": 0,
        "geo_altitude": 10614.66,
        "squawk": "6632",
        "spi": false,
        "position_source": 0
      }
    },
    {
      "type": "Feature",
      "geometry": {
        "type": "Point",
        "coordinates": [
          8.5497,
          47.462
        ]
      },
      "properties": {
        "icao24": "4b5d9f",
        "callsign": "ALT777",
        "origin_country": "Switzerland",
        "time_position": 1786789973,
        "last_contact": 1786789974,
        "baro_altitude": null,
        "on_ground": true,
        "velocity": 0,
        "true_track": 241.88,
        "vertical_rate": null,
        "geo_altitude": null,
        "squawk": null,
        "spi": false,
        "position_source": 0
      }
    },
    {
      "type": "Feature",
      "geometry": {
        "type": "Point",
        "coordinates": [
          8.5635,
          47.4462
        ]
      },
      "properties": {
        "icao24": "4b5d9c",
        "callsign": "TE782",
        "origin_country": "Switzerland",
        "time_position": 1786789950,
        "last_contact": 1786789950,
        "baro_altitude": null,
        "on_ground": true,
        "velocity": 7.72,
        "true_track": 157.5,
        "vertical_rate": null,
        "geo_altitude": null,
        "squawk": null,
        "spi": false,
        "position_source": 0
      }
    },
    {
      "type": "Feature",
      "geometry": {
        "type": "Point",
        "coordinates": [
          8.5623,
          47.4411
        ]
      },
      "properties": {
        "icao24": "4b5d9a",
        "callsign": "ATL783",
        "origin_country": "Switzerland",
        "time_position": 1786789814,
        "last_contact": 1786789814,
        "baro_altitude": null,
        "on_ground": true,
        "velocity": 2.31,
        "true_track": 250.31,
        "vertical_rate": null,
        "geo_altitude": null,
        "squawk": null,
        "spi": false,
        "position_source": 0
      }
    },
    {
      "type": "Feature",
      "geometry": {
        "type": "Point",
        "coordinates": [
          13.0948,
          38.7198
        ]
      },
      "properties": {
        "icao24": "3c6486",
        "callsign": "DLH9VT",
        "origin_country": "Germany",
        "time_position": 1786789974,
        "last_contact": 1786789974,
        "baro_altitude": 5463.54,
        "on_ground": false,
        "velocity": 198.85,
        "true_track": 54.58,
        "vertical_rate": 7.15,
        "geo_altitude": 5760.72,
        "squawk": null,
        "spi": false,
        "position_source": 0
      }
    },
    {
      "type": "Feature",
      "geometry": {
        "type": "Point",
        "coordinates": [
          11.8659,
          47.5813
        ]
      },
      "properties": {
        "icao24": "3c6498",
        "callsign": "DLH1920",
        "origin_country": "Germany",
        "time_position": 1786789974,
        "last_contact": 1786789974,
        "baro_altitude": 5577.84,
        "on_ground": false,
        "velocity": 214.53,
        "true_track": 180.55,
        "vertical_rate": 5.2,
        "geo_altitude": 5913.12,
        "squawk": "1000",
        "spi": false,
        "position_source": 0
      }
    },
    {
      "type": "Feature",
      "geometry": {
        "type": "Point",
        "coordinates": [
          9.4598,
          47.3852
        ]
      },
      "properties": {
        "icao24": "4b1617",
        "callsign": "SWR5YV",
        "origin_country": "Switzerland",
        "time_position": 1786789974,
        "last_contact": 1786789974,
        "baro_altitude": 6271.26,
        "on_ground": false,
        "velocity": 210.5,
        "true_track": 88.32,
        "vertical_rate": 6.5,
        "geo_altitude": 6652.26,
        "squawk": "1000",
        "spi": false,
        "position_source": 0
      }
    },
    {
      "type": "Feature",
      "geometry": {
        "type": "Point",
        "coordinates": [
          8.5606,
          47.4593
        ]
      },
      "properties": {
        "icao24": "3c6424",
        "callsign": "CFG7RF",
        "origin_country": "Germany",
        "time_position": 1786789965,
        "last_contact": 1786789973,
        "baro_altitude": 403.86,
        "on_ground": true,
        "velocity": 0,
        "true_track": 275.62,
        "vertical_rate": null,
        "geo_altitude": null,
        "squawk": "5506",
        "spi": false,
        "position_source": 0
      }
    },
    {
      "type": "Feature",
      "geometry": {
        "type": "Point",
        "coordinates": [
          14.2514,
          47.7121
        ]
      },
      "properties": {
        "icao24": "3c6429",
        "callsign": "CFG8FL",
        "origin_country": "Germany",
        "time_position": 1786789974,
        "last_contact": 1786789974,
        "baro_altitude": 10972.8,
        "on_ground": false,
        "velocity": 229.91,
        "true_track": 302.48,
        "vertical_rate": 0,
        "geo_altitude": 11475.72,
        "squawk": "1740",
        "spi": false,
        "position_source": 0
      }
    },
    {
      "type": "Feature",
      "geometry": {
        "type": "Point",
        "coordinates": [
          12.4859,
          46.5683
        ]
      },
      "properties": {
        "icao24": "48b9e9",
        "callsign": "SPOPK",
        "origin_country": "Poland",
        "time_position": 1786789973,
        "last_contact": 1786789973,
        "baro_altitude": 5646.42,
        "on_ground": false,
        "velocity": 74.85,
        "true_track": 289.68,
        "vertical_rate": -1.3,
        "geo_altitude": 5981.7,
        "squawk": "4216",
        "spi": false,
        "position_source": 0
      }
    },
    {
      "type": "Feature",
      "geometry": {
        "type": "Point",
        "coordinates": [
          12.0966,
          47.6327
        ]
      },
      "properties": {
        "icao24": "3c6433",
        "callsign": "CFG3TC",
        "origin_country": "Germany",
        "time_position": 1786789974,
        "last_contact": 1786789974,
        "baro_altitude": 10668,
        "on_ground": false,
        "velocity": 237.5,
        "true_track": 137.99,
        "vertical_rate": 0,
        "geo_altitude": 11178.54,
        "squawk": "5541",
        "spi": false,
        "position_source": 0
      }
    },
    {
      "type": "Feature",
      "geometry": {
        "type": "Point",
        "coordinates": [
          8.5561,
          47.4552
        ]
      },
      "properties": {
        "icao24": "4b161b",
        "callsign": "SWR56Z",
        "origin_country": "Switzerland",
        "time_position": 1786789938,
        "last_contact": 1786789971,
        "baro_altitude": 403.86,
        "on_ground": true,
        "velocity": 0,
        "true_track": 95.62,
        "vertical_rate": null,
        "geo_altitude": null,
        "squawk": "1000",
        "spi": false,
        "position_source": 0
      }
    },
    {
      "type": "Feature",
      "geometry": {
        "type": "Point",
        "coordinates": [
          7.5233,
          47.6026
        ]
      },
      "properties": {
        "icao24": "4b2959",
        "callsign": "HBPRD",
        "origin_country": "Switzerland",
        "time_position": 1786789974,
        "last_contact": 1786789974,
        "baro_altitude": null,
        "on_ground": true,
        "velocity": 8.75,
        "true_track": 334.69,
        "vertical_rate": null,
        "geo_altitude": null,
        "squawk": null,
        "spi": false,
        "position_source": 0
      }
    },
    {
      "type": "Feature",
      "geometry": {
        "type": "Point",
        "coordinates": [
          7.6623,
          47.5668
        ]
      },
      "properties": {
        "icao24": "4b293f",
        "callsign": "HBPQD",
        "origin_country": "Switzerland",
        "time_position": 1786789974,
        "last_contact": 1786789974,
        "baro_altitude": 1028.7,
        "on_ground": false,
        "velocity": 50.93,
        "true_track": 90,
        "vertical_rate": 1.3,
        "geo_altitude": 1120.14,
        "squawk": null,
        "spi": false,
        "position_source": 0
      }
    },
    {
      "type": "Feature",
      "geometry": {
        "type": "Point",
        "coordinates": [
          14.4185,
          39.5219
        ]
      },
      "properties": {
        "icao24": "424838",
        "callsign": "VPCDP",
        "origin_country": "United Kingdom",
        "time_position": 1786789973,
        "last_contact": 1786789973,
        "baro_altitude": 13098.78,
        "on_ground": false,
        "velocity": 227.75,
        "true_track": 299.05,
        "vertical_rate": 0,
        "geo_altitude": 13746.48,
        "squawk": "2030",
        "spi": false,
        "position_source": 0
      }
    },
    {
      "type": "Feature",
      "geometry": {
        "type": "Point",
        "coordinates": [
          8.5518,
          47.4569
        ]
      },
      "properties": {
        "icao24": "4b1698",
        "callsign": "SWR8EM",
        "origin_country": "Switzerland",
        "time_position": 1786789974,
        "last_contact": 1786789974,
        "baro_altitude": null,
        "on_ground": true,
        "velocity": 1.03,
        "true_track": 334.69,
        "vertical_rate": null,
        "geo_altitude": null,
        "squawk": "3063",
        "spi": false,
        "position_source": 0
      }
    },
    {
      "type": "Feature",
      "geometry": {
        "type": "Point",
        "coordinates": [
          18.7048,
          38.6726
        ]
      },
      "properties": {
        "icao24": "48449e",
        "callsign": "GJW21SJ",
        "origin_country": "Kingdom of the Netherlands",
        "time_position": 1786789973,
        "last_contact": 1786789974,
        "baro_altitude": 10066.02,
        "on_ground": false,
        "velocity": 246.41,
        "true_track": 123.59,
        "vertical_rate": 0,
        "geo_altitude": 10561.32,
        "squawk": "1266",
        "spi": false,
        "position_source": 0
      }
    },
    {
      "type": "Feature",
      "geometry": {
        "type": "Point",
        "coordinates": [
          11.7363,
          41.6659
        ]
      },
      "properties": {
        "icao24": "495145",
        "callsign": "TAP832",
        "origin_country": "Portugal",
        "time_position": 1786789974,
        "last_contact": 1786789974,
        "baro_altitude": 4038.6,
        "on_ground": false,
        "velocity": 161.49,
        "true_track": 69.49,
        "vertical_rate": -4.55,
        "geo_altitude": 4312.92,
        "squawk": "1000",
        "spi": false,
        "position_source": 0
      }
    },
    {
      "type": "Feature",
      "geometry": {
        "type": "Point",
        "coordinates": [
          11.117,
          40.5471
        ]
      },
      "properties": {
        "icao24": "440c34",
        "callsign": "EJU35LZ",
        "origin_country": "Austria",
        "time_position": 1786789974,
        "last_contact": 1786789974,
        "baro_altitude": 11262.36,
        "on_ground": false,
        "velocity": 222.37,
        "true_track": 268.01,
        "vertical_rate": 0,
        "geo_altitude": 11841.48,
        "squawk": null,
        "spi": false,
        "position_source": 0
      }
    },
    {
      "type": "Feature",
      "geometry": {
        "type": "Point",
        "coordinates": [
          7.8262,
          41.8218
        ]
      },
      "properties": {
        "icao24": "400804",
        "callsign": "BAW592",
        "origin_country": "United Kingdom",
        "time_position": 1786789974,
        "last_contact": 1786789974,
        "baro_altitude": 8229.6,
        "on_ground": false,
        "velocity": 220.5,
        "true_track": 158.94,
        "vertical_rate": 0.33,
        "geo_altitude": 8702.04,
        "squawk": "2221",
        "spi": false,
        "position_source": 0
      }
    },
    {
      "type": "Feature",
      "geometry": {
        "type": "Point",
        "coordinates": [
          15.9077,
          40.5597
        ]
      },
      "properties": {
        "icao24": "3cfc54",
        "callsign": "MCK202",
        "origin_country": "Germany",
        "time_position": 1786789974,
        "last_contact": 1786789974,
        "baro_altitude": 8580.12,
        "on_ground": false,
        "velocity": 220.48,
        "true_track": 255.54,
        "vertical_rate": -12.68,
        "geo_altitude": 9037.32,
        "squawk": "5513",
        "spi": false,
        "position_source": 0
      }
    },
    {
      "type": "Feature",
      "geometry": {
        "type": "Point",
        "coordinates": [
          15.2228,
          42.375
        ]
      },
      "properties": {
        "icao24": "4b027f",
        "callsign": "EZS61QV",
        "origin_country": "Switzerland",
        "time_position": 1786789973,
        "last_contact": 1786789973,
        "baro_altitude": 11574.78,
        "on_ground": false,
        "velocity": 222.86,
        "true_track": 306.55,
        "vertical_rate": 0,
        "geo_altitude": 12123.42,
        "squawk": "2036",
        "spi": false,
        "position_source": 0
      }
    },
    {
      "type": "Feature",
      "geometry": {
        "type": "Point",
        "coordinates": [
          7.5276,
          47.6015
        ]
      },
      "properties": {
        "icao24": "4b0281",
        "callsign": "EZS1251",
        "origin_country": "Switzerland",
        "time_position": 1786789970,
        "last_contact": 1786789970,
        "baro_altitude": null,
        "on_ground": true,
        "velocity": 0,
        "true_track": 154.69,
        "vertical_rate": null,
        "geo_altitude": null,
        "squawk": null,
        "spi": false,
        "position_source": 0
      }
    },
    {
      "type": "Feature",
      "geometry": {
        "type": "Point",
        "coordinates": [
          8.1419,
          44.5122
        ]
      },
      "properties": {
        "icao24": "4b0280",
        "callsign": "EZS49KR",
        "origin_country": "Switzerland",
        "time_position": 1786789974,
        "last_contact": 1786789974,
        "baro_altitude": 8229.6,
        "on_ground": false,
        "velocity": 251.46,
        "true_track": 131.52,
        "vertical_rate": 0.33,
        "geo_altitude": 8694.42,
        "squawk": "1000",
        "spi": false,
        "position_source": 0
      }
    },
    {
      "type": "Feature",
      "geometry": {
        "type": "Point",
        "coordinates": [
          16.6817,
          44.3869
        ]
      },
      "properties": {
        "icao24": "4246be",
        "callsign": "AHY036",
        "origin_country": "United Kingdom",
        "time_position": 1786789973,
        "last_contact": 1786789974,
        "baro_altitude": 11285.22,
        "on_ground": false,
        "velocity": 239.77,
        "true_track": 105.56,
        "vertical_rate": 0,
        "geo_altitude": 11811,
        "squawk": "1142",
        "spi": false,
        "position_source": 0
      }
    },
    {
      "type": "Feature",
      "geometry": {
        "type": "Point",
        "coordinates": [
          8.5678,
          47.455
        ]
      },
      "properties": {
        "icao24": "4b0293",
        "callsign": "SWR2LB",
        "origin_country": "Switzerland",
        "time_position": 1786789927,
        "last_contact": 1786789973,
        "baro_altitude": 403.86,
        "on_ground": true,
        "velocity": 0,
        "true_track": 129.38,
        "vertical_rate": null,
        "geo_altitude": null,
        "squawk": "3071",
        "spi": false,
        "position_source": 0
      }
    },
    {
      "type": "Feature",
      "geometry": {
        "type": "Point",
        "coordinates": [
          7.6745,
          47.3598
        ]
      },
      "properties": {
        "icao24": "a89234",
        "callsign": "UAL53",
        "origin_country": "United States",
        "time_position": 1786789974,
        "last_contact": 1786789974,
        "baro_altitude": 6019.8,
        "on_ground": false,
        "velocity": 221.1,
        "true_track": 278.56,
        "vertical_rate": 11.05,
        "geo_altitude": 6347.46,
        "squawk": "3050",
        "spi": false,
        "position_source": 0
      }
    },
    {
      "type": "Feature",
      "geometry": {
        "type": "Point",
        "coordinates": [
          6.813,
          47.4771
        ]
      },
      "properties": {
        "icao24": "a054b7",
        "callsign": "N120LL",
        "origin_country": "United States",
        "time_position": 1786789698,
        "last_contact": 1786789698,
        "baro_altitude": 487.68,
        "on_ground": false,
        "velocity": 35.33,
        "true_track": 73.94,
        "vertical_rate": -2.6,
        "geo_altitude": 556.26,
        "squawk": "7000",
        "spi": false,
        "position_source": 0
      }
    },
    {
      "type": "Feature",
      "geometry": {
        "type": "Point",
        "coordinates": [
          11.6789,
          46.2774
        ]
      },
      "properties": {
        "icao24": "3c6522",
        "callsign": "LHX1906",
        "origin_country": "Germany",
        "time_position": 1786789973,
        "last_contact": 1786789973,
        "baro_altitude": 10668,
        "on_ground": false,
        "velocity": 246.05,
        "true_track": 175.8,
        "vertical_rate": 0.33,
        "geo_altitude": 11209.02,
        "squawk": "1000",
        "spi": false,
        "position_source": 0
      }
    },
    {
      "type": "Feature",
      "geometry": {
        "type": "Point",
        "coordinates": [
          8.607,
          47.52
        ]
      },
      "properties": {
        "icao24": "3c6521",
        "callsign": "LHX06V",
        "origin_country": "Germany",
        "time_position": 1786789974,
        "last_contact": 1786789974,
        "baro_altitude": 10363.2,
        "on_ground": false,
        "velocity": 229.49,
        "true_track": 245.22,
        "vertical_rate": 2.6,
        "geo_altitude": 10896.6,
        "squawk": "1000",
        "spi": false,
        "position_source": 0
      }
    },
    {
      "type": "Feature",
      "geometry": {
        "type": "Point",
        "coordinates": [
          8.559,
          47.4489
        ]
      },
      "properties": {
        "icao24": "4b5d90",
        "callsign": "URSULA21",
        "origin_country": "Switzerland",
        "time_position": 1786789968,
        "last_contact": 1786789968,
        "baro_altitude": null,
        "on_ground": true,
        "velocity": 7.72,
        "true_track": 323.44,
        "vertical_rate": null,
        "geo_altitude": null,
        "squawk": "3060",
        "spi": false,
        "position_source": 0
      }
    },
    {
      "type": "Feature",
      "geometry": {
        "type": "Point",
        "coordinates": [
          7.0407,
          43.4307
        ]
      },
      "properties": {
        "icao24": "40097e",
        "callsign": "BAW328",
        "origin_country": "United Kingdom",
        "time_position": 1786789974,
        "last_contact": 1786789974,
        "baro_altitude": 1325.88,
        "on_ground": false,
        "velocity": 126.4,
        "true_track": 103.41,
        "vertical_rate": -5.2,
        "geo_altitude": 1478.28,
        "squawk": "6350",
        "spi": false,
        "position_source": 0
      }
    },
    {
      "type": "Feature",
      "geometry": {
        "type": "Point",
        "coordinates": [
          14.9961,
          44.1919
        ]
      },
      "properties": {
        "icao24": "40097d",
        "callsign": "BAW947L",
        "origin_country": "United Kingdom",
        "time_position": 1786789974,
        "last_contact": 1786789974,
        "baro_altitude": 8389.62,
        "on_ground": false,
        "velocity": 226.68,
        "true_track": 307.62,
        "vertical_rate": 5.53,
        "geo_altitude": 8839.2,
        "squawk": "5677",
        "spi": false,
        "position_source": 0
      }
    },
    {
      "type": "Feature",
      "geometry": {
        "type": "Point",
        "coordinates": [
          8.6542,
          47.6342
        ]
      },
      "properties": {
        "icao24": "3e065f",
        "callsign": "DHTPN",
        "origin_country": "Germany",
        "time_position": 1786789974,
        "last_contact": 1786789974,
        "baro_altitude": 1036.32,
        "on_ground": false,
        "velocity": 76.35,
        "true_track": 290.51,
        "vertical_rate": 0,
        "geo_altitude": 1150.62,
        "squawk": "4252",
        "spi": false,
        "position_source": 0
      }
    },
    {
      "type": "Feature",
      "geometry": {
        "type": "Point",
        "coordinates": [
          10.9278,
          47.7819
        ]
      },
      "properties": {
        "icao24": "440ca1",
        "callsign": "BAG11",
        "origin_country": "Austria",
        "time_position": 1786789974,
        "last_contact": 1786789974,
        "baro_altitude": 5486.4,
        "on_ground": false,
        "velocity": 127.76,
        "true_track": 267,
        "vertical_rate": 0,
        "geo_altitude": 5814.06,
        "squawk": "6674",
        "spi": false,
        "position_source": 0
      }
    },
    {
      "type": "Feature",
      "geometry": {
        "type": "Point",
        "coordinates": [
          10.1254,
          47.7406
        ]
      },
      "properties": {
        "icao24": "408040",
        "callsign": "TOM82J",
        "origin_country": "United Kingdom",
        "time_position": 1786789974,
        "last_contact": 1786789974,
        "baro_altitude": 9753.6,
        "on_ground": false,
        "velocity": 221.35,
        "true_track": 268,
        "vertical_rate": 0,
        "geo_altitude": 10241.28,
        "squawk": "6663",
        "spi": false,
        "position_source": 0
      }
    },
    {
      "type": "Feature",
      "geometry": {
        "type": "Point",
        "coordinates": [
          9.3668,
          46.9352
        ]
      },
      "properties": {
        "icao24": "392af9",
        "callsign": "AFR44PT",
        "origin_country": "France",
        "time_position": 1786789974,
        "last_contact": 1786789974,
        "baro_altitude": 10668,
        "on_ground": false,
        "velocity": 241.79,
        "true_track": 122.13,
        "vertical_rate": 0.33,
        "geo_altitude": 11209.02,
        "squawk": "0671",
        "spi": false,
        "position_source": 0
      }
    },
    {
      "type": "Feature",
      "geometry": {
        "type": "Point",
        "coordinates": [
          7.9995,
          47.0185
        ]
      },
      "properties": {
        "icao24": "4b2858",
        "callsign": "HBPHG",
        "origin_country": "Switzerland",
        "time_position": 1786789973,
        "last_contact": 1786789973,
        "baro_altitude": 2034.54,
        "on_ground": false,
        "velocity": 63.79,
        "true_track": 89.54,
        "vertical_rate": -1.3,
        "geo_altitude": 2164.08,
        "squawk": "7000",
        "spi": false,
        "position_source": 0
      }
    },
    {
      "type": "Feature",
      "geometry": {
        "type": "Point",
        "coordinates": [
          7.2037,
          46.2315
        ]
      },
      "properties": {
        "icao24": "7105ae",
        "callsign": "SVA127",
        "origin_country": "Saudi Arabia",
        "time_position": 1786789974,
        "last_contact": 1786789974,
        "baro_altitude": 11574.78,
        "on_ground": false,
        "velocity": 247.85,
        "true_track": 300.29,
        "vertical_rate": -0.65,
        "geo_altitude": 12138.66,
        "squawk": "1000",
        "spi": false,
        "position_source": 0
      }
    },
    {
      "type": "Feature",
      "geometry": {
        "type": "Point",
        "coordinates": [
          18.4417,
          46.3052
        ]
      },
      "properties": {
        "icao24": "4baace",
        "callsign": "THY6ZG",
        "origin_country": "Turkey",
        "time_position": 1786789974,
        "last_contact": 1786789974,
        "baro_altitude": 8534.4,
        "on_ground": false,
        "velocity": 224.31,
        "true_track": 275.53,
        "vertical_rate": 0,
        "geo_altitude": 8961.12,
        "squawk": "1000",
        "spi": false,
        "position_source": 0
      }
    },
    {
      "type": "Feature",
      "geometry": {
        "type": "Point",
        "coordinates": [
          8.544,
          44.782
        ]
      },
      "properties": {
        "icao24": "4ca9c3",
        "callsign": "RYR296X",
        "origin_country": "Ireland",
        "time_position": 1786789973,
        "last_contact": 1786789973,
        "baro_altitude": 10972.8,
        "on_ground": false,
        "velocity": 222.97,
        "true_track": 320.62,
        "vertical_rate": 0,
        "geo_altitude": 11521.44,
        "squawk": "1222",
        "spi": false,
        "position_source": 0
      }
    },
    {
      "type": "Feature",
      "geometry": {
        "type": "Point",
        "coordinates": [
          10.2607,
          42.9971
        ]
      },
      "properties": {
        "icao24": "4ca9bd",
        "callsign": "ITY1839",
        "origin_country": "Ireland",
        "time_position": 1786789973,
        "last_contact": 1786789974,
        "baro_altitude": 11292.84,
        "on_ground": false,
        "velocity": 224.73,
        "true_track": 340.2,
        "vertical_rate": -10.4,
        "geo_altitude": 11879.58,
        "squawk": "3765",
        "spi": false,
        "position_source": 0
      }
    },
    {
      "type": "Feature",
      "geometry": {
        "type": "Point",
        "coordinates": [
          10.6863,
          36.1468
        ]
      },
      "properties": {
        "icao24": "0a00e4",
        "callsign": "DAH4665",
        "origin_country": "Algeria",
        "time_position": 1786789974,
        "last_contact": 1786789974,
        "baro_altitude": 10972.8,
        "on_ground": false,
        "velocity": 222.63,
        "true_track": 278.5,
        "vertical_rate": 0,
        "geo_altitude": 11605.26,
        "squawk": "2070",
        "spi": false,
        "position_source": 0
      }
    },
    {
      "type": "Feature",
      "geometry": {
        "type": "Point",
        "coordinates": [
          8.5679,
          47.456
        ]
      },
      "properties": {
        "icao24": "4b5c65",
        "callsign": "ORION1",
        "origin_country": "Switzerland",
        "time_position": 1786789951,
        "last_contact": 1786789956,
        "baro_altitude": null,
        "on_ground": true,
        "velocity": 0,
        "true_track": 298.12,
        "vertical_rate": null,
        "geo_altitude": null,
        "squawk": null,
        "spi": false,
        "position_source": 0
      }
    },
    {
      "type": "Feature",
      "geometry": {
        "type": "Point",
        "coordinates": [
          8.7182,
          45.6214
        ]
      },
      "properties": {
        "icao24": "4ca9e7",
        "callsign": "NOS6211",
        "origin_country": "Ireland",
        "time_position": 1786789900,
        "last_contact": 1786789909,
        "baro_altitude": null,
        "on_ground": true,
        "velocity": 0,
        "true_track": 255.94,
        "vertical_rate": null,
        "geo_altitude": null,
        "squawk": "0410",
        "spi": false,
        "position_source": 0
      }
    },
    {
      "type": "Feature",
      "geometry": {
        "type": "Point",
        "coordinates": [
          14.9304,
          46.7475
        ]
      },
      "properties": {
        "icao24": "440bd1",
        "callsign": "OEKFJ",
        "origin_country": "Austria",
        "time_position": 1786789973,
        "last_contact": 1786789973,
        "baro_altitude": 2712.72,
        "on_ground": false,
        "velocity": 63.44,
        "true_track": 239.28,
        "vertical_rate": 0,
        "geo_altitude": 2903.22,
        "squawk": "1000",
        "spi": false,
        "position_source": 0
      }
    },
    {
      "type": "Feature",
      "geometry": {
        "type": "Point",
        "coordinates": [
          12.6961,
          41.1044
        ]
      },
      "properties": {
        "icao24": "aaffa2",
        "callsign": "AAL781",
        "origin_country": "United States",
        "time_position": 1786789974,
        "last_contact": 1786789974,
        "baro_altitude": 8907.78,
        "on_ground": false,
        "velocity": 260.12,
        "true_track": 314.12,
        "vertical_rate": 6.5,
        "geo_altitude": 9418.32,
        "squawk": null,
        "spi": false,
        "position_source": 0
      }
    },
    {
      "type": "Feature",
      "geometry": {
        "type": "Point",
        "coordinates": [
          17.7201,
          41.6046
        ]
      },
      "properties": {
        "icao24": "4854cb",
        "callsign": "TRA86P",
        "origin_country": "Kingdom of the Netherlands",
        "time_position": 1786789947,
        "last_contact": 1786789948,
        "baro_altitude": 10972.8,
        "on_ground": false,
        "velocity": 226.63,
        "true_track": 334.02,
        "vertical_rate": 0,
        "geo_altitude": 11490.96,
        "squawk": null,
        "spi": false,
        "position_source": 0
      }
    },
    {
      "type": "Feature",
      "geometry": {
        "type": "Point",
        "coordinates": [
          11.5178,
          37.9432
        ]
      },
      "properties": {
        "icao24": "4bab2e",
        "callsign": "THY3422",
        "origin_country": "Turkey",
        "time_position": 1786789973,
        "last_contact": 1786789974,
        "baro_altitude": 10972.8,
        "on_ground": false,
        "velocity": 220.23,
        "true_track": 262.08,
        "vertical_rate": 0,
        "geo_altitude": 11567.16,
        "squawk": "2336",
        "spi": false,
        "position_source": 0
      }
    },
    {
      "type": "Feature",
      "geometry": {
        "type": "Point",
        "coordinates": [
          9.278,
          45.4546
        ]
      },
      "properties": {
        "icao24": "4ca8ff",
        "callsign": "ITY424",
        "origin_country": "Ireland",
        "time_position": 1786789974,
        "last_contact": 1786789974,
        "baro_altitude": null,
        "on_ground": true,
        "velocity": 7.46,
        "true_track": 258.75,
        "vertical_rate": null,
        "geo_altitude": null,
        "squawk": null,
        "spi": false,
        "position_source": 0
      }
    },
    {
      "type": "Feature",
      "geometry": {
        "type": "Point",
        "coordinates": [
          8.0092,
          47.5822
        ]
      },
      "properties": {
        "icao24": "490d0b",
        "callsign": "NJE407F",
        "origin_country": "Portugal",
        "time_position": 1786789974,
        "last_contact": 1786789974,
        "baro_altitude": 3223.26,
        "on_ground": false,
        "velocity": 148.48,
        "true_track": 50.91,
        "vertical_rate": -7.15,
        "geo_altitude": 3451.86,
        "squawk": "1000",
        "spi": false,
        "position_source": 0
      }
    },
    {
      "type": "Feature",
      "geometry": {
        "type": "Point",
        "coordinates": [
          17.8944,
          43.2934
        ]
      },
      "properties": {
        "icao24": "490d10",
        "callsign": "NJE605N",
        "origin_country": "Portugal",
        "time_position": 1786789899,
        "last_contact": 1786789899,
        "baro_altitude": 8039.1,
        "on_ground": false,
        "velocity": 241.3,
        "true_track": 160.44,
        "vertical_rate": -0.33,
        "geo_altitude": 8656.32,
        "squawk": "4472",
        "spi": false,
        "position_source": 0
      }
    },
    {
      "type": "Feature",
      "geometry": {
        "type": "Point",
        "coordinates": [
          8.3899,
          39.6751
        ]
      },
      "properties": {
        "icao24": "490d07",
        "callsign": "NJE087B",
        "origin_country": "Portugal",
        "time_position": 1786789974,
        "last_contact": 1786789974,
        "baro_altitude": 12496.8,
        "on_ground": false,
        "velocity": 212.12,
        "true_track": 274.59,
        "vertical_rate": -0.33,
        "geo_altitude": 13144.5,
        "squawk": "5522",
        "spi": false,
        "position_source": 0
      }
    },
    {
      "type": "Feature",
      "geometry": {
        "type": "Point",
        "coordinates": [
          15.0919,
          43.7736
        ]
      },
      "properties": {
        "icao24": "490d05",
        "callsign": "NJE858R",
        "origin_country": "Portugal",
        "time_position": 1786789973,
        "last_contact": 1786789974,
        "baro_altitude": 13106.4,
        "on_ground": false,
        "velocity": 231.23,
        "true_track": 310.85,
        "vertical_rate": -0.33,
        "geo_altitude": 13693.14,
        "squawk": "5514",
        "spi": false,
        "position_source": 0
      }
    },
    {
      "type": "Feature",
      "geometry": {
        "type": "Point",
        "coordinates": [
          7.2072,
          43.6596
        ]
      },
      "properties": {
        "icao24": "4867c3",
        "callsign": "KLM38E",
        "origin_country": "Kingdom of the Netherlands",
        "time_position": 1786789970,
        "last_contact": 1786789970,
        "baro_altitude": null,
        "on_ground": true,
        "velocity": 0,
        "true_track": 281.25,
        "vertical_rate": null,
        "geo_altitude": null,
        "squawk": null,
        "spi": false,
        "position_source": 0
      }
    },
    {
      "type": "Feature",
      "geometry": {
        "type": "Point",
        "coordinates": [
          11.3836,
          46.7533
        ]
      },
      "properties": {
        "icao24": "3c0d0c",
        "callsign": "TUI3FG",
        "origin_country": "Germany",
        "time_position": 1786789973,
        "last_contact": 1786789973,
        "baro_altitude": 11582.4,
        "on_ground": false,
        "velocity": 223.96,
        "true_track": 327.95,
        "vertical_rate": 0,
        "geo_altitude": 12138.66,
        "squawk": "3724",
        "spi": false,
        "position_source": 0
      }
    },
    {
      "type": "Feature",
      "geometry": {
        "type": "Point",
        "coordinates": [
          7.351,
          43.6707
        ]
      },
      "properties": {
        "icao24": "4d4027",
        "callsign": "3AMAC",
        "origin_country": "Monaco",
        "time_position": 1786789974,
        "last_contact": 1786789974,
        "baro_altitude": 137.16,
        "on_ground": false,
        "velocity": 59.7,
        "true_track": 227.1,
        "vertical_rate": 0.33,
        "geo_altitude": 213.36,
        "squawk": null,
        "spi": false,
        "position_source": 0
      }
    },
    {
      "type": "Feature",
      "geometry": {
        "type": "Point",
        "coordinates": [
          7.2279,
          43.5823
        ]
      },
      "properties": {
        "icao24": "4d4020",
        "callsign": "3AMAX",
        "origin_country": "Monaco",
        "time_position": 1786789974,
        "last_contact": 1786789974,
        "baro_altitude": 167.64,
        "on_ground": false,
        "velocity": 59.48,
        "true_track": 229.56,
        "vertical_rate": 0.33,
        "geo_altitude": 236.22,
        "squawk": null,
        "spi": false,
        "position_source": 0
      }
    },
    {
      "type": "Feature",
      "geometry": {
        "type": "Point",
        "coordinates": [
          7.3182,
          45.0807
        ]
      },
      "properties": {
        "icao24": "4ca97c",
        "callsign": "RYR9QX",
        "origin_country": "Ireland",
        "time_position": 1786789974,
        "last_contact": 1786789974,
        "baro_altitude": 11277.6,
        "on_ground": false,
        "velocity": 236.46,
        "true_track": 135.53,
        "vertical_rate": 0,
        "geo_altitude": 11841.48,
        "squawk": "1150",
        "spi": false,
        "position_source": 0
      }
    },
    {
      "type": "Feature",
      "geometry": {
        "type": "Point",
        "coordinates": [
          9.9919,
          47.7195
        ]
      },
      "properties": {
        "icao24": "486804",
        "callsign": "KLM1631",
        "origin_country": "Kingdom of the Netherlands",
        "time_position": 1786789974,
        "last_contact": 1786789974,
        "baro_altitude": 10995.66,
        "on_ground": false,
        "velocity": 228.45,
        "true_track": 150.9,
        "vertical_rate": -3.58,
        "geo_altitude": 11521.44,
        "squawk": "1000",
        "spi": false,
        "position_source": 0
      }
    },
    {
      "type": "Feature",
      "geometry": {
        "type": "Point",
        "coordinates": [
          15.1823,
          43.9808
        ]
      },
      "properties": {
        "icao24": "3c0ca3",
        "callsign": "TUI7GM",
        "origin_country": "Germany",
        "time_position": 1786789969,
        "last_contact": 1786789974,
        "baro_altitude": 11582.4,
        "on_ground": false,
        "velocity": 234.43,
        "true_track": 317.13,
        "vertical_rate": 0,
        "geo_altitude": 12115.8,
        "squawk": "7743",
        "spi": false,
        "position_source": 0
      }
    },
    {
      "type": "Feature",
      "geometry": {
        "type": "Point",
        "coordinates": [
          18.7774,
          35.5541
        ]
      },
      "properties": {
        "icao24": "4bab26",
        "callsign": "THY640",
        "origin_country": "Turkey",
        "time_position": 1786789973,
        "last_contact": 1786789974,
        "baro_altitude": 10668,
        "on_ground": false,
        "velocity": 249.72,
        "true_track": 71.38,
        "vertical_rate": 0,
        "geo_altitude": 11224.26,
        "squawk": null,
        "spi": false,
        "position_source": 0
      }
    },
    {
      "type": "Feature",
      "geometry": {
        "type": "Point",
        "coordinates": [
          11.9482,
          38.6862
        ]
      },
      "properties": {
        "icao24": "4ca8f5",
        "callsign": "ITY1830",
        "origin_country": "Ireland",
        "time_position": 1786789962,
        "last_contact": 1786789964,
        "baro_altitude": 10370.82,
        "on_ground": false,
        "velocity": 237.85,
        "true_track": 357.77,
        "vertical_rate": 0,
        "geo_altitude": 10927.08,
        "squawk": "3761",
        "spi": false,
        "position_source": 0
      }
    },
    {
      "type": "Feature",
      "geometry": {
        "type": "Point",
        "coordinates": [
          14.9267,
          38.3991
        ]
      },
      "properties": {
        "icao24": "4ca8d9",
        "callsign": "RYR2QK",
        "origin_country": "Ireland",
        "time_position": 1786789973,
        "last_contact": 1786789974,
        "baro_altitude": 10972.8,
        "on_ground": false,
        "velocity": 229.68,
        "true_track": 8.11,
        "vertical_rate": 0,
        "geo_altitude": 11536.68,
        "squawk": "6566",
        "spi": false,
        "position_source": 0
      }
    },
    {
      "type": "Feature",
      "geometry": {
        "type": "Point",
        "coordinates": [
          6.4872,
          46.5756
        ]
      },
      "properties": {
        "icao24": "4b25ea",
        "callsign": "HBOJI",
        "origin_country": "Switzerland",
        "time_position": 1786789974,
        "last_contact": 1786789974,
        "baro_altitude": 1150.62,
        "on_ground": false,
        "velocity": 54.8,
        "true_track": 50.33,
        "vertical_rate": 0,
        "geo_altitude": 1280.16,
        "squawk": "5105",
        "spi": false,
        "position_source": 0
      }
    },
    {
      "type": "Feature",
      "geometry": {
        "type": "Point",
        "coordinates": [
          10.6011,
          47.3307
        ]
      },
      "properties": {
        "icao24": "ab8b7f",
        "callsign": "FDX5172",
        "origin_country": "United States",
        "time_position": 1786789974,
        "last_contact": 1786789974,
        "baro_altitude": 10058.4,
        "on_ground": false,
        "velocity": 252.27,
        "true_track": 105.74,
        "vertical_rate": 0,
        "geo_altitude": 10561.32,
        "squawk": "0675",
        "spi": false,
        "position_source": 0
      }
    },
    {
      "type": "Feature",
      "geometry": {
        "type": "Point",
        "coordinates": [
          9.5845,
          47.5774
        ]
      },
      "properties": {
        "icao24": "3f2401",
        "callsign": "DLZNT",
        "origin_country": "Germany",
        "time_position": 1786789974,
        "last_contact": 1786789974,
        "baro_altitude": 647.7,
        "on_ground": false,
        "velocity": 16.34,
        "true_track": 298.18,
        "vertical_rate": 0.98,
        "geo_altitude": 739.14,
        "squawk": "7000",
        "spi": false,
        "position_source": 0
      }
    },
    {
      "type": "Feature",
      "geometry": {
        "type": "Point",
        "coordinates": [
          17.9714,
          40.7264
        ]
      },
      "properties": {
        "icao24": "4baa87",
        "callsign": "THY3KT",
        "origin_country": "Turkey",
        "time_position": 1786789974,
        "last_contact": 1786789974,
        "baro_altitude": 9151.62,
        "on_ground": false,
        "velocity": 236.05,
        "true_track": 243.32,
        "vertical_rate": 0.33,
        "geo_altitude": 9624.06,
        "squawk": null,
        "spi": false,
        "position_source": 0
      }
    },
    {
      "type": "Feature",
      "geometry": {
        "type": "Point",
        "coordinates": [
          16.7618,
          41.8689
        ]
      },
      "properties": {
        "icao24": "3c7426",
        "callsign": "TUI6DT",
        "origin_country": "Germany",
        "time_position": 1786789974,
        "last_contact": 1786789974,
        "baro_altitude": 11582.4,
        "on_ground": false,
        "velocity": 228.72,
        "true_track": 310.71,
        "vertical_rate": 0,
        "geo_altitude": 12146.28,
        "squawk": null,
        "spi": false,
        "position_source": 0
      }
    },
    {
      "type": "Feature",
      "geometry": {
        "type": "Point",
        "coordinates": [
          17.818,
          44.8141
        ]
      },
      "properties": {
        "icao24": "4868ba",
        "callsign": "TRA96K",
        "origin_country": "Kingdom of the Netherlands",
        "time_position": 1786789972,
        "last_contact": 1786789974,
        "baro_altitude": 10972.8,
        "on_ground": false,
        "velocity": 230.35,
        "true_track": 316.54,
        "vertical_rate": -0.33,
        "geo_altitude": 11490.96,
        "squawk": "2074",
        "spi": false,
        "position_source": 0
      }
    },
    {
      "type": "Feature",
      "geometry": {
        "type": "Point",
        "coordinates": [
          12.2396,
          41.8014
        ]
      },
      "properties": {
        "icao24": "4ca90a",
        "callsign": "ITY9742",
        "origin_country": "Ireland",
        "time_position": 1786789974,
        "last_contact": 1786789974,
        "baro_altitude": 121.92,
        "on_ground": false,
        "velocity": 79.9,
        "true_track": 250.05,
        "vertical_rate": 11.7,
        "geo_altitude": 175.26,
        "squawk": null,
        "spi": false,
        "position_source": 0
      }
    },
    {
      "type": "Feature",
      "geometry": {
        "type": "Point",
        "coordinates": [
          8.3578,
          46.5145
        ]
      },
      "properties": {
        "icao24": "4ca912",
        "callsign": "RYR6VL",
        "origin_country": "Ireland",
        "time_position": 1786789974,
        "last_contact": 1786789974,
        "baro_altitude": 8877.3,
        "on_ground": false,
        "velocity": 238.38,
        "true_track": 152.49,
        "vertical_rate": -4.88,
        "geo_altitude": 9364.98,
        "squawk": "6372",
        "spi": false,
        "position_source": 0
      }
    },
    {
      "type": "Feature",
      "geometry": {
        "type": "Point",
        "coordinates": [
          14.435,
          46.7371
        ]
      },
      "properties": {
        "icao24": "3c618b",
        "callsign": "TUI3MC",
        "origin_country": "Germany",
        "time_position": 1786789974,
        "last_contact": 1786789974,
        "baro_altitude": 11582.4,
        "on_ground": false,
        "velocity": 226.09,
        "true_track": 327.83,
        "vertical_rate": 0,
        "geo_altitude": 12100.56,
        "squawk": "2023",
        "spi": false,
        "position_source": 0
      }
    },
    {
      "type": "Feature",
      "geometry": {
        "type": "Point",
        "coordinates": [
          6.9564,
          45.9706
        ]
      },
      "properties": {
        "icao24": "501e45",
        "callsign": "JSY2F",
        "origin_country": "Croatia",
        "time_position": 1786789974,
        "last_contact": 1786789974,
        "baro_altitude": 6027.42,
        "on_ground": false,
        "velocity": 184.19,
        "true_track": 310.81,
        "vertical_rate": -6.5,
        "geo_altitude": 6377.94,
        "squawk": "1000",
        "spi": false,
        "position_source": 0
      }
    },
    {
      "type": "Feature",
      "geometry": {
        "type": "Point",
        "coordinates": [
          8.0252,
          47.0741
        ]
      },
      "properties": {
        "icao24": "4485b2",
        "callsign": "OOAMR",
        "origin_country": "Belgium",
        "time_position": 1786789974,
        "last_contact": 1786789974,
        "baro_altitude": 12496.8,
        "on_ground": false,
        "velocity": 217.31,
        "true_track": 155.38,
        "vertical_rate": 0,
        "geo_altitude": 13045.44,
        "squawk": "1000",
        "spi": false,
        "position_source": 0
      }
    },
    {
      "type": "Feature",
      "geometry": {
        "type": "Point",
        "coordinates": [
          13.0755,
          43.583
        ]
      },
      "properties": {
        "icao24": "4ca84e",
        "callsign": "RYR9XH",
        "origin_country": "Ireland",
        "time_position": 1786789973,
        "last_contact": 1786789973,
        "baro_altitude": 10363.2,
        "on_ground": false,
        "velocity": 226.47,
        "true_track": 307.34,
        "vertical_rate": 0,
        "geo_altitude": 10881.36,
        "squawk": "4446",
        "spi": false,
        "position_source": 0
      }
    },
    {
      "type": "Feature",
      "geometry": {
        "type": "Point",
        "coordinates": [
          13.2215,
          37.1316
        ]
      },
      "properties": {
        "icao24": "4ca855",
        "callsign": "RYR159L",
        "origin_country": "Ireland",
        "time_position": 1786789974,
        "last_contact": 1786789974,
        "baro_altitude": 9204.96,
        "on_ground": false,
        "velocity": 237.79,
        "true_track": 323.8,
        "vertical_rate": 7.48,
        "geo_altitude": 9715.5,
        "squawk": "6563",
        "spi": false,
        "position_source": 0
      }
    },
    {
      "type": "Feature",
      "geometry": {
        "type": "Point",
        "coordinates": [
          12.4881,
          46.8794
        ]
      },
      "properties": {
        "icao24": "4bbd07",
        "callsign": "TKJ90U",
        "origin_country": "Turkey",
        "time_position": 1786789973,
        "last_contact": 1786789973,
        "baro_altitude": 10668,
        "on_ground": false,
        "velocity": 240.24,
        "true_track": 110.3,
        "vertical_rate": 0,
        "geo_altitude": 11186.16,
        "squawk": "2246",
        "spi": false,
        "position_source": 0
      }
    },
    {
      "type": "Feature",
      "geometry": {
        "type": "Point",
        "coordinates": [
          15.6341,
          45.0979
        ]
      },
      "properties": {
        "icao24": "501dd0",
        "callsign": "CTN2449",
        "origin_country": "Croatia",
        "time_position": 1786789974,
        "last_contact": 1786789974,
        "baro_altitude": 6400.8,
        "on_ground": false,
        "velocity": 149.15,
        "true_track": 157.06,
        "vertical_rate": 0,
        "geo_altitude": 6789.42,
        "squawk": "1000",
        "spi": false,
        "position_source": 0
      }
    },
    {
      "type": "Feature",
      "geometry": {
        "type": "Point",
        "coordinates": [
          15.7524,
          39.8631
        ]
      },
      "properties": {
        "icao24": "4ca7b6",
        "callsign": "RYR5856",
        "origin_country": "Ireland",
        "time_position": 1786789974,
        "last_contact": 1786789974,
        "baro_altitude": 10058.4,
        "on_ground": false,
        "velocity": 234.1,
        "true_track": 328.02,
        "vertical_rate": 6.83,
        "geo_altitude": 10576.56,
        "squawk": null,
        "spi": false,
        "position_source": 0
      }
    },
    {
      "type": "Feature",
      "geometry": {
        "type": "Point",
        "coordinates": [
          12.7473,
          39.1
        ]
      },
      "properties": {
        "icao24": "4ca7b7",
        "callsign": "RYR76CW",
        "origin_country": "Ireland",
        "time_position": 1786789974,
        "last_contact": 1786789974,
        "baro_altitude": 6096,
        "on_ground": false,
        "velocity": 226.15,
        "true_track": 146.13,
        "vertical_rate": -17.56,
        "geo_altitude": 6492.24,
        "squawk": "5162",
        "spi": false,
        "position_source": 0
      }
    },
    {
      "type": "Feature",
      "geometry": {
        "type": "Point",
        "coordinates": [
          9.6171,
          45.5036
        ]
      },
      "properties": {
        "icao24": "4ca7b3",
        "callsign": "RYR68JT",
        "origin_country": "Ireland",
        "time_position": 1786789974,
        "last_contact": 1786789974,
        "baro_altitude": 2971.8,
        "on_ground": false,
        "velocity": 149.55,
        "true_track": 152.99,
        "vertical_rate": 16.91,
        "geo_altitude": 3185.16,
        "squawk": "3752",
        "spi": false,
        "position_source": 0
      }
    },
    {
      "type": "Feature",
      "geometry": {
        "type": "Point",
        "coordinates": [
          18.8381,
          47.4585
        ]
      },
      "properties": {
        "icao24": "49d5a8",
        "callsign": "NTF570F",
        "origin_country": "Czech Republic",
        "time_position": 1786789974,
        "last_contact": 1786789974,
        "baro_altitude": 2392.68,
        "on_ground": false,
        "velocity": 119.23,
        "true_track": 21.25,
        "vertical_rate": -5.85,
        "geo_altitude": 2575.56,
        "squawk": "1000",
        "spi": false,
        "position_source": 0
      }
    },
    {
      "type": "Feature",
      "geometry": {
        "type": "Point",
        "coordinates": [
          14.2962,
          46.2848
        ]
      },
      "properties": {
        "icao24": "501d1d",
        "callsign": "CTN461",
        "origin_country": "Croatia",
        "time_position": 1786789974,
        "last_contact": 1786789974,
        "baro_altitude": 7665.72,
        "on_ground": false,
        "velocity": 213.71,
        "true_track": 121.82,
        "vertical_rate": -11.7,
        "geo_altitude": 8092.44,
        "squawk": "1000",
        "spi": false,
        "position_source": 0
      }
    },
    {
      "type": "Feature",
      "geometry": {
        "type": "Point",
        "coordinates": [
          10.2267,
          44.5987
        ]
      },
      "properties": {
        "icao24": "49d5d7",
        "callsign": "ATJ251",
        "origin_country": "Czech Republic",
        "time_position": 1786789974,
        "last_contact": 1786789974,
        "baro_altitude": 12192,
        "on_ground": false,
        "velocity": 230.06,
        "true_track": 306.82,
        "vertical_rate": -0.33,
        "geo_altitude": 12755.88,
        "squawk": "2045",
        "spi": false,
        "position_source": 0
      }
    },
    {
      "type": "Feature",
      "geometry": {
        "type": "Point",
        "coordinates": [
          9.0808,
          42.7677
        ]
      },
      "properties": {
        "icao24": "43c5e1",
        "callsign": "RRR4204",
        "origin_country": "United Kingdom",
        "time_position": 1786789974,
        "last_contact": 1786789974,
        "baro_altitude": 9441.18,
        "on_ground": false,
        "velocity": 213.74,
        "true_track": 123.61,
        "vertical_rate": 0,
        "geo_altitude": 9966.96,
        "squawk": "3367",
        "spi": false,
        "position_source": 0
      }
    },
    {
      "type": "Feature",
      "geometry": {
        "type": "Point",
        "coordinates": [
          10.457,
          37.127
        ]
      },
      "properties": {
        "icao24": "02a194",
        "callsign": "TAR283",
        "origin_country": "Tunisia",
        "time_position": 1786789973,
        "last_contact": 1786789974,
        "baro_altitude": 1409.7,
        "on_ground": false,
        "velocity": 141.41,
        "true_track": 164.6,
        "vertical_rate": -8.13,
        "geo_altitude": 1592.58,
        "squawk": "4312",
        "spi": false,
        "position_source": 0
      }
    },
    {
      "type": "Feature",
      "geometry": {
        "type": "Point",
        "coordinates": [
          6.9876,
          41.2528
        ]
      },
      "properties": {
        "icao24": "02a192",
        "callsign": "TAR875",
        "origin_country": "Tunisia",
        "time_position": 1786789974,
        "last_contact": 1786789974,
        "baro_altitude": 11269.98,
        "on_ground": false,
        "velocity": 231.06,
        "true_track": 173.22,
        "vertical_rate": 0,
        "geo_altitude": 11849.1,
        "squawk": "5775",
        "spi": false,
        "position_source": 0
      }
    },
    {
      "type": "Feature",
      "geometry": {
        "type": "Point",
        "coordinates": [
          13.2123,
          38.2373
        ]
      },
      "properties": {
        "icao24": "4ca809",
        "callsign": "RYR4749",
        "origin_country": "Ireland",
        "time_position": 1786789973,
        "last_contact": 1786789973,
        "baro_altitude": 609.6,
        "on_ground": false,
        "velocity": 97.25,
        "true_track": 158.59,
        "vertical_rate": -3.58,
        "geo_altitude": 731.52,
        "squawk": null,
        "spi": false,
        "position_source": 0
      }
    },
    {
      "type": "Feature",
      "geometry": {
        "type": "Point",
        "coordinates": [
          10.0541,
          41.757
        ]
      },
      "properties": {
        "icao24": "3ce997",
        "callsign": "PTN39R",
        "origin_country": "Germany",
        "time_position": 1786789973,
        "last_contact": 1786789973,
        "baro_altitude": 7620,
        "on_ground": false,
        "velocity": 215.06,
        "true_track": 172.02,
        "vertical_rate": 0,
        "geo_altitude": 8061.96,
        "squawk": "5765",
        "spi": false,
        "position_source": 0
      }
    },
    {
      "type": "Feature",
      "geometry": {
        "type": "Point",
        "coordinates": [
          10.2515,
          45.5916
        ]
      },
      "properties": {
        "icao24": "4ca836",
        "callsign": "EIN543",
        "origin_country": "Ireland",
        "time_position": 1786789974,
        "last_contact": 1786789974,
        "baro_altitude": 10972.8,
        "on_ground": false,
        "velocity": 230.74,
        "true_track": 43.19,
        "vertical_rate": -0.33,
        "geo_altitude": 11521.44,
        "squawk": "0463",
        "spi": false,
        "position_source": 0
      }
    },
    {
      "type": "Feature",
      "geometry": {
        "type": "Point",
        "coordinates": [
          10.7379,
          47.1336
        ]
      },
      "properties": {
        "icao24": "44c06b",
        "callsign": "PGC23F",
        "origin_country": "Belgium",
        "time_position": 1786789974,
        "last_contact": 1786789974,
        "baro_altitude": 8229.6,
        "on_ground": false,
        "velocity": 140.2,
        "true_track": 93.58,
        "vertical_rate": 0,
        "geo_altitude": 8702.04,
        "squawk": "5751",
        "spi": false,
        "position_source": 0
      }
    },
    {
      "type": "Feature",
      "geometry": {
        "type": "Point",
        "coordinates": [
          13.8082,
          37.2522
        ]
      },
      "properties": {
        "icao24": "a641f1",
        "callsign": "LXJ502",
        "origin_country": "United States",
        "time_position": 1786789974,
        "last_contact": 1786789974,
        "baro_altitude": 8534.4,
        "on_ground": false,
        "velocity": 210.84,
        "true_track": 309.55,
        "vertical_rate": 13.66,
        "geo_altitude": 9014.46,
        "squawk": "1210",
        "spi": false,
        "position_source": 0
      }
    },
    {
      "type": "Feature",
      "geometry": {
        "type": "Point",
        "coordinates": [
          11.4286,
          44.4661
        ]
      },
      "properties": {
        "icao24": "4ca80b",
        "callsign": "RYR81PR",
        "origin_country": "Ireland",
        "time_position": 1786789974,
        "last_contact": 1786789974,
        "baro_altitude": 8884.92,
        "on_ground": false,
        "velocity": 215.36,
        "true_track": 295.77,
        "vertical_rate": -5.2,
        "geo_altitude": 9364.98,
        "squawk": "1000",
        "spi": false,
        "position_source": 0
      }
    },
    {
      "type": "Feature",
      "geometry": {
        "type": "Point",
        "coordinates": [
          6.9103,
          46.1459
        ]
      },
      "properties": {
        "icao24": "44c061",
        "callsign": "PGC69E",
        "origin_country": "Belgium",
        "time_position": 1786789928,
        "last_contact": 1786789965,
        "baro_altitude": 2811.78,
        "on_ground": false,
        "velocity": 96.42,
        "true_track": 97.05,
        "vertical_rate": -4.88,
        "geo_altitude": 3032.76,
        "squawk": null,
        "spi": false,
        "position_source": 0
      }
    },
    {
      "type": "Feature",
      "geometry": {
        "type": "Point",
        "coordinates": [
          9.1581,
          41.4894
        ]
      },
      "properties": {
        "icao24": "44c062",
        "callsign": "PGC83K",
        "origin_country": "Belgium",
        "time_position": 1786789832,
        "last_contact": 1786789832,
        "baro_altitude": 922.02,
        "on_ground": false,
        "velocity": 91.75,
        "true_track": 146.67,
        "vertical_rate": -3.25,
        "geo_altitude": 1676.4,
        "squawk": "1000",
        "spi": false,
        "position_source": 0
      }
    },
    {
      "type": "Feature",
      "geometry": {
        "type": "Point",
        "coordinates": [
          15.9099,
          44.797
        ]
      },
      "properties": {
        "icao24": "4bcde7",
        "callsign": "SXS6VQ",
        "origin_country": "Turkey",
        "time_position": 1786789974,
        "last_contact": 1786789974,
        "baro_altitude": 11582.4,
        "on_ground": false,
        "velocity": 222.47,
        "true_track": 283.78,
        "vertical_rate": 0.33,
        "geo_altitude": 12108.18,
        "squawk": "6532",
        "spi": false,
        "position_source": 0
      }
    },
    {
      "type": "Feature",
      "geometry": {
        "type": "Point",
        "coordinates": [
          13.4858,
          41.4635
        ]
      },
      "properties": {
        "icao24": "4ca758",
        "callsign": "ITY1612",
        "origin_country": "Ireland",
        "time_position": 1786789974,
        "last_contact": 1786789974,
        "baro_altitude": 6736.08,
        "on_ground": false,
        "velocity": 224.41,
        "true_track": 280.43,
        "vertical_rate": -13,
        "geo_altitude": 7170.42,
        "squawk": null,
        "spi": false,
        "position_source": 0
      }
    },
    {
      "type": "Feature",
      "geometry": {
        "type": "Point",
        "coordinates": [
          14.3466,
          37.9262
        ]
      },
      "properties": {
        "icao24": "4b111c",
        "callsign": "HBGMM",
        "origin_country": "Switzerland",
        "time_position": 1786789969,
        "last_contact": 1786789970,
        "baro_altitude": 2438.4,
        "on_ground": false,
        "velocity": 82.15,
        "true_track": 205.6,
        "vertical_rate": 0,
        "geo_altitude": 2636.52,
        "squawk": null,
        "spi": false,
        "position_source": 0
      }
    },
    {
      "type": "Feature",
      "geometry": {
        "type": "Point",
        "coordinates": [
          17.3342,
          43.7105
        ]
      },
      "properties": {
        "icao24": "48664a",
        "callsign": "CND2U",
        "origin_country": "Kingdom of the Netherlands",
        "time_position": 1786789974,
        "last_contact": 1786789974,
        "baro_altitude": 11582.4,
        "on_ground": false,
        "velocity": 228.86,
        "true_track": 326.27,
        "vertical_rate": 0,
        "geo_altitude": 12115.8,
        "squawk": "7736",
        "spi": false,
        "position_source": 0
      }
    },
    {
      "type": "Feature",
      "geometry": {
        "type": "Point",
        "coordinates": [
          11.1794,
          41.2541
        ]
      },
      "properties": {
        "icao24": "4ca766",
        "callsign": "RYR88TM",
        "origin_country": "Ireland",
        "time_position": 1786789974,
        "last_contact": 1786789974,
        "baro_altitude": 8100.06,
        "on_ground": false,
        "velocity": 215.48,
        "true_track": 246.8,
        "vertical_rate": 2.93,
        "geo_altitude": 8557.26,
        "squawk": null,
        "spi": false,
        "position_source": 0
      }
    },
    {
      "type": "Feature",
      "geometry": {
        "type": "Point",
        "coordinates": [
          8.243,
          44.8278
        ]
      },
      "properties": {
        "icao24": "4ca738",
        "callsign": "RYR910",
        "origin_country": "Ireland",
        "time_position": 1786789974,
        "last_contact": 1786789974,
        "baro_altitude": 6103.62,
        "on_ground": false,
        "velocity": 207.43,
        "true_track": 143.47,
        "vertical_rate": 12.35,
        "geo_altitude": 6461.76,
        "squawk": "4626",
        "spi": false,
        "position_source": 0
      }
    },
    {
      "type": "Feature",
      "geometry": {
        "type": "Point",
        "coordinates": [
          10.546,
          47.6301
        ]
      },
      "properties": {
        "icao24": "3d3e71",
        "callsign": "DEVWZ",
        "origin_country": "Germany",
        "time_position": 1786789974,
        "last_contact": 1786789974,
        "baro_altitude": 1234.44,
        "on_ground": false,
        "velocity": 54.53,
        "true_track": 296.32,
        "vertical_rate": 2.28,
        "geo_altitude": 1348.74,
        "squawk": "4453",
        "spi": false,
        "position_source": 0
      }
    },
    {
      "type": "Feature",
      "geometry": {
        "type": "Point",
        "coordinates": [
          15.2724,
          41.1218
        ]
      },
      "properties": {
        "icao24": "4ca730",
        "callsign": "ITY1624",
        "origin_country": "Ireland",
        "time_position": 1786789974,
        "last_contact": 1786789974,
        "baro_altitude": 9761.22,
        "on_ground": false,
        "velocity": 233.38,
        "true_track": 280.54,
        "vertical_rate": 0,
        "geo_altitude": 10279.38,
        "squawk": null,
        "spi": false,
        "position_source": 0
      }
    },
    {
      "type": "Feature",
      "geometry": {
        "type": "Point",
        "coordinates": [
          8.6946,
          41.4794
        ]
      },
      "properties": {
        "icao24": "4ca73f",
        "callsign": "RYR86EW",
        "origin_country": "Ireland",
        "time_position": 1786789974,
        "last_contact": 1786789974,
        "baro_altitude": 4381.5,
        "on_ground": false,
        "velocity": 205.3,
        "true_track": 181.15,
        "vertical_rate": -13.66,
        "geo_altitude": 4678.68,
        "squawk": "1000",
        "spi": false,
        "position_source": 0
      }
    },
    {
      "type": "Feature",
      "geometry": {
        "type": "Point",
        "coordinates": [
          18.7696,
          45.3547
        ]
      },
      "properties": {
        "icao24": "4bcde5",
        "callsign": "SXS8CB",
        "origin_country": "Turkey",
        "time_position": 1786789973,
        "last_contact": 1786789973,
        "baro_altitude": 11582.4,
        "on_ground": false,
        "velocity": 220,
        "true_track": 297.88,
        "vertical_rate": 0,
        "geo_altitude": 12092.94,
        "squawk": "3247",
        "spi": false,
        "position_source": 0
      }
    },
    {
      "type": "Feature",
      "geometry": {
        "type": "Point",
        "coordinates": [
          7.1295,
          44.0308
        ]
      },
      "properties": {
        "icao24": "4ca740",
        "callsign": "RYR205A",
        "origin_country": "Ireland",
        "time_position": 1786789974,
        "last_contact": 1786789974,
        "baro_altitude": 11277.6,
        "on_ground": false,
        "velocity": 223.99,
        "true_track": 233.5,
        "vertical_rate": 0,
        "geo_altitude": 11849.1,
        "squawk": "3654",
        "spi": false,
        "position_source": 0
      }
    },
    {
      "type": "Feature",
      "geometry": {
        "type": "Point",
        "coordinates": [
          13.083,
          46.6273
        ]
      },
      "properties": {
        "icao24": "4bcdfa",
        "callsign": "SXS4UA",
        "origin_country": "Turkey",
        "time_position": 1786789974,
        "last_contact": 1786789974,
        "baro_altitude": 11277.6,
        "on_ground": false,
        "velocity": 235.72,
        "true_track": 126.57,
        "vertical_rate": 0,
        "geo_altitude": 11795.76,
        "squawk": "4714",
        "spi": false,
        "position_source": 0
      }
    },
    {
      "type": "Feature",
      "geometry": {
        "type": "Point",
        "coordinates": [
          9.5107,
          47.6745
        ]
      },
      "properties": {
        "icao24": "3f22cc",
        "callsign": "DLZBW",
        "origin_country": "Germany",
        "time_position": 1786789957,
        "last_contact": 1786789969,
        "baro_altitude": 388.62,
        "on_ground": false,
        "velocity": 0,
        "true_track": 0,
        "vertical_rate": 0,
        "geo_altitude": 464.82,
        "squawk": "7000",
        "spi": false,
        "position_source": 0
      }
    },
    {
      "type": "Feature",
      "geometry": {
        "type": "Point",
        "coordinates": [
          13.0555,
          47.0545
        ]
      },
      "properties": {
        "icao24": "4ca6a6",
        "callsign": "RYR15BH",
        "origin_country": "Ireland",
        "time_position": 1786789974,
        "last_contact": 1786789974,
        "baro_altitude": 10744.2,
        "on_ground": false,
        "velocity": 231.61,
        "true_track": 42.3,
        "vertical_rate": 6.18,
        "geo_altitude": 11247.12,
        "squawk": "0261",
        "spi": false,
        "position_source": 0
      }
    },
    {
      "type": "Feature",
      "geometry": {
        "type": "Point",
        "coordinates": [
          10.4189,
          47.2899
        ]
      },
      "properties": {
        "icao24": "4ca6a4",
        "callsign": "RYR3DV",
        "origin_country": "Ireland",
        "time_position": 1786789973,
        "last_contact": 1786789973,
        "baro_altitude": 11277.6,
        "on_ground": false,
        "velocity": 230.58,
        "true_track": 142.8,
        "vertical_rate": 0,
        "geo_altitude": 11803.38,
        "squawk": "0101",
        "spi": false,
        "position_source": 0
      }
    },
    {
      "type": "Feature",
      "geometry": {
        "type": "Point",
        "coordinates": [
          11.1454,
          42.8757
        ]
      },
      "properties": {
        "icao24": "02a262",
        "callsign": "TAR472",
        "origin_country": "Tunisia",
        "time_position": 1786789973,
        "last_contact": 1786789973,
        "baro_altitude": 10972.8,
        "on_ground": false,
        "velocity": 230.7,
        "true_track": 14.07,
        "vertical_rate": 0,
        "geo_altitude": 11536.68,
        "squawk": "6160",
        "spi": false,
        "position_source": 0
      }
    },
    {
      "type": "Feature",
      "geometry": {
        "type": "Point",
        "coordinates": [
          10.4161,
          36.8318
        ]
      },
      "properties": {
        "icao24": "02a260",
        "callsign": "TAR753",
        "origin_country": "Tunisia",
        "time_position": 1786789702,
        "last_contact": 1786789702,
        "baro_altitude": 601.98,
        "on_ground": false,
        "velocity": 108.06,
        "true_track": 196.88,
        "vertical_rate": -0.65,
        "geo_altitude": 701.04,
        "squawk": "1274",
        "spi": false,
        "position_source": 0
      }
    },
    {
      "type": "Feature",
      "geometry": {
        "type": "Point",
        "coordinates": [
          7.6398,
          46.7408
        ]
      },
      "properties": {
        "icao24": "4b36db",
        "callsign": "HBUUD",
        "origin_country": "Switzerland",
        "time_position": 1786789973,
        "last_contact": 1786789973,
        "baro_altitude": 1043.94,
        "on_ground": false,
        "velocity": 41.48,
        "true_track": 330.26,
        "vertical_rate": -0.98,
        "geo_altitude": 1150.62,
        "squawk": null,
        "spi": false,
        "position_source": 0
      }
    },
    {
      "type": "Feature",
      "geometry": {
        "type": "Point",
        "coordinates": [
          13.8178,
          47.4922
        ]
      },
      "properties": {
        "icao24": "4bce43",
        "callsign": "SXS4TM",
        "origin_country": "Turkey",
        "time_position": 1786789973,
        "last_contact": 1786789973,
        "baro_altitude": 11277.6,
        "on_ground": false,
        "velocity": 241.06,
        "true_track": 130.93,
        "vertical_rate": -0.33,
        "geo_altitude": 11803.38,
        "squawk": "7666",
        "spi": false,
        "position_source": 0
      }
    },
    {
      "type": "Feature",
      "geometry": {
        "type": "Point",
        "coordinates": [
          12.9826,
          45.2698
        ]
      },
      "properties": {
        "icao24": "ae29fc",
        "callsign": "VM205",
        "origin_country": "United States",
        "time_position": 1786789974,
        "last_contact": 1786789974,
        "baro_altitude": 7620,
        "on_ground": false,
        "velocity": 146.55,
        "true_track": 124.42,
        "vertical_rate": 0,
        "geo_altitude": 8054.34,
        "squawk": "1000",
        "spi": false,
        "position_source": 0
      }
    },
    {
      "type": "Feature",
      "geometry": {
        "type": "Point",
        "coordinates": [
          8.9734,
          44.389
        ]
      },
      "properties": {
        "icao24": "49d4cf",
        "callsign": "QAV30E",
        "origin_country": "Czech Republic",
        "time_position": 1786789974,
        "last_contact": 1786789974,
        "baro_altitude": 13106.4,
        "on_ground": false,
        "velocity": 219.24,
        "true_track": 1.61,
        "vertical_rate": 0,
        "geo_altitude": 13685.52,
        "squawk": "1000",
        "spi": false,
        "position_source": 0
      }
    },
    {
      "type": "Feature",
      "geometry": {
        "type": "Point",
        "coordinates": [
          10.6847,
          47.0994
        ]
      },
      "properties": {
        "icao24": "405ee1",
        "callsign": "BAW690",
        "origin_country": "United Kingdom",
        "time_position": 1786789974,
        "last_contact": 1786789974,
        "baro_altitude": 10675.62,
        "on_ground": false,
        "velocity": 243.46,
        "true_track": 140.66,
        "vertical_rate": 20.81,
        "geo_altitude": 11209.02,
        "squawk": "7570",
        "spi": false,
        "position_source": 0
      }
    },
    {
      "type": "Feature",
      "geometry": {
        "type": "Point",
        "coordinates": [
          18.8006,
          44.8011
        ]
      },
      "properties": {
        "icao24": "48ea4d",
        "callsign": "RYR8441",
        "origin_country": "Poland",
        "time_position": 1786789974,
        "last_contact": 1786789974,
        "baro_altitude": 11277.6,
        "on_ground": false,
        "velocity": 241.95,
        "true_track": 165.34,
        "vertical_rate": 0,
        "geo_altitude": 11788.14,
        "squawk": "4524",
        "spi": false,
        "position_source": 0
      }
    },
    {
      "type": "Feature",
      "geometry": {
        "type": "Point",
        "coordinates": [
          9.791,
          45.7228
        ]
      },
      "properties": {
        "icao24": "48ea4e",
        "callsign": "RYR42UP",
        "origin_country": "Poland",
        "time_position": 1786789974,
        "last_contact": 1786789974,
        "baro_altitude": 3238.5,
        "on_ground": false,
        "velocity": 150.23,
        "true_track": 179.22,
        "vertical_rate": -8.45,
        "geo_altitude": 3482.34,
        "squawk": "1000",
        "spi": false,
        "position_source": 0
      }
    },
    {
      "type": "Feature",
      "geometry": {
        "type": "Point",
        "coordinates": [
          16.8087,
          38.5649
        ]
      },
      "properties": {
        "icao24": "43c6f3",
        "callsign": "RRR2300",
        "origin_country": "United Kingdom",
        "time_position": 1786789973,
        "last_contact": 1786789973,
        "baro_altitude": 10972.8,
        "on_ground": false,
        "velocity": 235.44,
        "true_track": 311.46,
        "vertical_rate": 0,
        "geo_altitude": 11513.82,
        "squawk": "7065",
        "spi": false,
        "position_source": 0
      }
    },
    {
      "type": "Feature",
      "geometry": {
        "type": "Point",
        "coordinates": [
          11.8956,
          41.6344
        ]
      },
      "properties": {
        "icao24": "ab79ca",
        "callsign": "AAL719",
        "origin_country": "United States",
        "time_position": 1786789974,
        "last_contact": 1786789974,
        "baro_altitude": 2682.24,
        "on_ground": false,
        "velocity": 158.22,
        "true_track": 286.43,
        "vertical_rate": 6.5,
        "geo_altitude": 2895.6,
        "squawk": null,
        "spi": false,
        "position_source": 0
      }
    },
    {
      "type": "Feature",
      "geometry": {
        "type": "Point",
        "coordinates": [
          13.1604,
          47.6772
        ]
      },
      "properties": {
        "icao24": "4bcdae",
        "callsign": "SXS2KC",
        "origin_country": "Turkey",
        "time_position": 1786789973,
        "last_contact": 1786789974,
        "baro_altitude": 5928.36,
        "on_ground": false,
        "velocity": 201.36,
        "true_track": 320.49,
        "vertical_rate": -10.08,
        "geo_altitude": 6294.12,
        "squawk": "5357",
        "spi": false,
        "position_source": 0
      }
    },
    {
      "type": "Feature",
      "geometry": {
        "type": "Point",
        "coordinates": [
          17.3249,
          47.7847
        ]
      },
      "properties": {
        "icao24": "484132",
        "callsign": "KLM64A",
        "origin_country": "Kingdom of the Netherlands",
        "time_position": 1786789974,
        "last_contact": 1786789974,
        "baro_altitude": 9113.52,
        "on_ground": false,
        "velocity": 245.98,
        "true_track": 287.9,
        "vertical_rate": 7.15,
        "geo_altitude": 9563.1,
        "squawk": "1000",
        "spi": false,
        "position_source": 0
      }
    },
    {
      "type": "Feature",
      "geometry": {
        "type": "Point",
        "coordinates": [
          9.7864,
          46.613
        ]
      },
      "properties": {
        "icao24": "49d617",
        "callsign": "ATJ261",
        "origin_country": "Czech Republic",
        "time_position": 1786789974,
        "last_contact": 1786789974,
        "baro_altitude": 13716,
        "on_ground": false,
        "velocity": 245.7,
        "true_track": 127.09,
        "vertical_rate": -0.33,
        "geo_altitude": 14279.88,
        "squawk": "7316",
        "spi": false,
        "position_source": 0
      }
    },
    {
      "type": "Feature",
      "geometry": {
        "type": "Point",
        "coordinates": [
          11.6815,
          43.2534
        ]
      },
      "properties": {
        "icao24": "4ca702",
        "callsign": "RYR9CU",
        "origin_country": "Ireland",
        "time_position": 1786789973,
        "last_contact": 1786789973,
        "baro_altitude": 11277.6,
        "on_ground": false,
        "velocity": 240.06,
        "true_track": 165.61,
        "vertical_rate": 0,
        "geo_altitude": 11833.86,
        "squawk": "0135",
        "spi": false,
        "position_source": 0
      }
    },
    {
      "type": "Feature",
      "geometry": {
        "type": "Point",
        "coordinates": [
          16.4514,
          45.243
        ]
      },
      "properties": {
        "icao24": "49d623",
        "callsign": "OKLCZ",
        "origin_country": "Czech Republic",
        "time_position": 1786789974,
        "last_contact": 1786789974,
        "baro_altitude": 9144,
        "on_ground": false,
        "velocity": 143.27,
        "true_track": 350.91,
        "vertical_rate": 0,
        "geo_altitude": 9593.58,
        "squawk": "3663",
        "spi": false,
        "position_source": 0
      }
    },
    {
      "type": "Feature",
      "geometry": {
        "type": "Point",
        "coordinates": [
          17.799,
          40.7157
        ]
      },
      "properties": {
        "icao24": "49d62d",
        "callsign": "AAN181",
        "origin_country": "Czech Republic",
        "time_position": 1786789974,
        "last_contact": 1786789974,
        "baro_altitude": 13106.4,
        "on_ground": false,
        "velocity": 205.67,
        "true_track": 305.12,
        "vertical_rate": 0,
        "geo_altitude": 13685.52,
        "squawk": null,
        "spi": false,
        "position_source": 0
      }
    },
    {
      "type": "Feature",
      "geometry": {
        "type": "Point",
        "coordinates": [
          8.5716,
          43.4097
        ]
      },
      "properties": {
        "icao24": "a40460",
        "callsign": "N358V",
        "origin_country": "United States",
        "time_position": 1786789974,
        "last_contact": 1786789974,
        "baro_altitude": 13060.68,
        "on_ground": false,
        "velocity": 248.73,
        "true_track": 297.47,
        "vertical_rate": 2.6,
        "geo_altitude": 13662.66,
        "squawk": "4013",
        "spi": false,
        "position_source": 0
      }
    },
    {
      "type": "Feature",
      "geometry": {
        "type": "Point",
        "coordinates": [
          15.8713,
          47.1454
        ]
      },
      "properties": {
        "icao24": "4bccb0",
        "callsign": "SXS4WY",
        "origin_country": "Turkey",
        "time_position": 1786789974,
        "last_contact": 1786789974,
        "baro_altitude": 11582.4,
        "on_ground": false,
        "velocity": 229.22,
        "true_track": 300.48,
        "vertical_rate": 0,
        "geo_altitude": 12092.94,
        "squawk": "3270",
        "spi": false,
        "position_source": 0
      }
    },
    {
      "type": "Feature",
      "geometry": {
        "type": "Point",
        "coordinates": [
          11.9369,
          40.086
        ]
      },
      "properties": {
        "icao24": "405f11",
        "callsign": "EZY93EJ",
        "origin_country": "United Kingdom",
        "time_position": 1786789974,
        "last_contact": 1786789974,
        "baro_altitude": 10980.42,
        "on_ground": false,
        "velocity": 223.04,
        "true_track": 341.86,
        "vertical_rate": 0,
        "geo_altitude": 11544.3,
        "squawk": "6562",
        "spi": false,
        "position_source": 0
      }
    },
    {
      "type": "Feature",
      "geometry": {
        "type": "Point",
        "coordinates": [
          12.9999,
          46.7187
        ]
      },
      "properties": {
        "icao24": "486746",
        "callsign": "PHAWK",
        "origin_country": "Kingdom of the Netherlands",
        "time_position": 1786789971,
        "last_contact": 1786789971,
        "baro_altitude": 3566.16,
        "on_ground": false,
        "velocity": 47.8,
        "true_track": 325.97,
        "vertical_rate": 0.33,
        "geo_altitude": 3787.14,
        "squawk": "7002",
        "spi": false,
        "position_source": 0
      }
    },
    {
      "type": "Feature",
      "geometry": {
        "type": "Point",
        "coordinates": [
          15.6452,
          43.2263
        ]
      },
      "properties": {
        "icao24": "49d690",
        "callsign": "ECC652",
        "origin_country": "Czech Republic",
        "time_position": 1786789962,
        "last_contact": 1786789962,
        "baro_altitude": 11582.4,
        "on_ground": false,
        "velocity": 234.54,
        "true_track": 246.47,
        "vertical_rate": -0.33,
        "geo_altitude": 12138.66,
        "squawk": "7344",
        "spi": false,
        "position_source": 0
      }
    },
    {
      "type": "Feature",
      "geometry": {
        "type": "Point",
        "coordinates": [
          14.6496,
          42.1325
        ]
      },
      "properties": {
        "icao24": "3b77e7",
        "callsign": "CTM2088",
        "origin_country": "France",
        "time_position": 1786789974,
        "last_contact": 1786789974,
        "baro_altitude": 6705.6,
        "on_ground": false,
        "velocity": 166.82,
        "true_track": 302.66,
        "vertical_rate": 0,
        "geo_altitude": 7094.22,
        "squawk": null,
        "spi": false,
        "position_source": 0
      }
    },
    {
      "type": "Feature",
      "geometry": {
        "type": "Point",
        "coordinates": [
          8.5896,
          45.6443
        ]
      },
      "properties": {
        "icao24": "02a181",
        "callsign": "TAR757",
        "origin_country": "Tunisia",
        "time_position": 1786789974,
        "last_contact": 1786789974,
        "baro_altitude": 3268.98,
        "on_ground": false,
        "velocity": 149.56,
        "true_track": 205.68,
        "vertical_rate": 7.15,
        "geo_altitude": 3497.58,
        "squawk": "3757",
        "spi": false,
        "position_source": 0
      }
    },
    {
      "type": "Feature",
      "geometry": {
        "type": "Point",
        "coordinates": [
          14.8826,
          46.3377
        ]
      },
      "properties": {
        "icao24": "4bce0b",
        "callsign": "SXS4GQ",
        "origin_country": "Turkey",
        "time_position": 1786789974,
        "last_contact": 1786789974,
        "baro_altitude": 11582.4,
        "on_ground": false,
        "velocity": 230.34,
        "true_track": 302.41,
        "vertical_rate": 0,
        "geo_altitude": 12115.8,
        "squawk": "3273",
        "spi": false,
        "position_source": 0
      }
    },
    {
      "type": "Feature",
      "geometry": {
        "type": "Point",
        "coordinates": [
          15.7589,
          45.9379
        ]
      },
      "properties": {
        "icao24": "4bce15",
        "callsign": "SXS5MB",
        "origin_country": "Turkey",
        "time_position": 1786789974,
        "last_contact": 1786789974,
        "baro_altitude": 11582.4,
        "on_ground": false,
        "velocity": 217.16,
        "true_track": 311.73,
        "vertical_rate": 0,
        "geo_altitude": 12100.56,
        "squawk": "5343",
        "spi": false,
        "position_source": 0
      }
    },
    {
      "type": "Feature",
      "geometry": {
        "type": "Point",
        "coordinates": [
          13.5189,
          42.8009
        ]
      },
      "properties": {
        "icao24": "46866b",
        "callsign": "AEZ2226",
        "origin_country": "Greece",
        "time_position": 1786789974,
        "last_contact": 1786789974,
        "baro_altitude": 9753.6,
        "on_ground": false,
        "velocity": 226.32,
        "true_track": 304.63,
        "vertical_rate": 0,
        "geo_altitude": 10279.38,
        "squawk": "0016",
        "spi": false,
        "position_source": 0
      }
    },
    {
      "type": "Feature",
      "geometry": {
        "type": "Point",
        "coordinates": [
          12.4388,
          45.4165
        ]
      },
      "properties": {
        "icao24": "300804",
        "callsign": "ITAIL",
        "origin_country": "Italy",
        "time_position": 1786789969,
        "last_contact": 1786789972,
        "baro_altitude": 457.2,
        "on_ground": false,
        "velocity": 30.63,
        "true_track": 220.91,
        "vertical_rate": 0,
        "geo_altitude": 518.16,
        "squawk": "7000",
        "spi": false,
        "position_source": 0
      }
    },
    {
      "type": "Feature",
      "geometry": {
        "type": "Point",
        "coordinates": [
          18.4503,
          40.2397
        ]
      },
      "properties": {
        "icao24": "4075af",
        "callsign": "EXS3UQ",
        "origin_country": "United Kingdom",
        "time_position": 1786789973,
        "last_contact": 1786789973,
        "baro_altitude": 10972.8,
        "on_ground": false,
        "velocity": 223,
        "true_track": 332.08,
        "vertical_rate": 0,
        "geo_altitude": 11490.96,
        "squawk": null,
        "spi": false,
        "position_source": 0
      }
    },
    {
      "type": "Feature",
      "geometry": {
        "type": "Point",
        "coordinates": [
          9.1647,
          46.0531
        ]
      },
      "properties": {
        "icao24": "4075a2",
        "callsign": "CFE4544",
        "origin_country": "United Kingdom",
        "time_position": 1786789974,
        "last_contact": 1786789974,
        "baro_altitude": 10972.8,
        "on_ground": false,
        "velocity": 222.23,
        "true_track": 321.49,
        "vertical_rate": 5.2,
        "geo_altitude": 11490.96,
        "squawk": "0474",
        "spi": false,
        "position_source": 0
      }
    },
    {
      "type": "Feature",
      "geometry": {
        "type": "Point",
        "coordinates": [
          8.7192,
          45.6278
        ]
      },
      "properties": {
        "icao24": "8940c3",
        "callsign": "GFA022",
        "origin_country": "Bahrain",
        "time_position": 1786789974,
        "last_contact": 1786789974,
        "baro_altitude": null,
        "on_ground": true,
        "velocity": 0,
        "true_track": 78.75,
        "vertical_rate": null,
        "geo_altitude": null,
        "squawk": "0422",
        "spi": false,
        "position_source": 0
      }
    },
    {
      "type": "Feature",
      "geometry": {
        "type": "Point",
        "coordinates": [
          12.411,
          47.7413
        ]
      },
      "properties": {
        "icao24": "3ff886",
        "callsign": "DMEFP",
        "origin_country": "Germany",
        "time_position": 1786789973,
        "last_contact": 1786789973,
        "baro_altitude": 1691.64,
        "on_ground": false,
        "velocity": 43.3,
        "true_track": 226.44,
        "vertical_rate": -0.33,
        "geo_altitude": null,
        "squawk": "7000",
        "spi": false,
        "position_source": 0
      }
    },
    {
      "type": "Feature",
      "geometry": {
        "type": "Point",
        "coordinates": [
          12.8459,
          36.5093
        ]
      },
      "properties": {
        "icao24": "4ab483",
        "callsign": "DTR85M",
        "origin_country": "Sweden",
        "time_position": 1786789974,
        "last_contact": 1786789974,
        "baro_altitude": 5181.6,
        "on_ground": false,
        "velocity": 133.72,
        "true_track": 189.97,
        "vertical_rate": 0,
        "geo_altitude": 5509.26,
        "squawk": "1207",
        "spi": false,
        "position_source": 0
      }
    },
    {
      "type": "Feature",
      "geometry": {
        "type": "Point",
        "coordinates": [
          11.1951,
          43.8036
        ]
      },
      "properties": {
        "icao24": "346188",
        "callsign": "VLG6205",
        "origin_country": "Spain",
        "time_position": 1786789725,
        "last_contact": 1786789725,
        "baro_altitude": 60.96,
        "on_ground": false,
        "velocity": 69.94,
        "true_track": 47.98,
        "vertical_rate": -3.25,
        "geo_altitude": 160.02,
        "squawk": "3456",
        "spi": false,
        "position_source": 0
      }
    },
    {
      "type": "Feature",
      "geometry": {
        "type": "Point",
        "coordinates": [
          9.3353,
          45.466
        ]
      },
      "properties": {
        "icao24": "346186",
        "callsign": "IBE0664",
        "origin_country": "Spain",
        "time_position": 1786789974,
        "last_contact": 1786789974,
        "baro_altitude": 975.36,
        "on_ground": false,
        "velocity": 118.44,
        "true_track": 164.64,
        "vertical_rate": 9.43,
        "geo_altitude": 1089.66,
        "squawk": "1000",
        "spi": false,
        "position_source": 0
      }
    },
    {
      "type": "Feature",
      "geometry": {
        "type": "Point",
        "coordinates": [
          8.6747,
          46.0922
        ]
      },
      "properties": {
        "icao24": "40631a",
        "callsign": "EZY41PQ",
        "origin_country": "United Kingdom",
        "time_position": 1786789974,
        "last_contact": 1786789974,
        "baro_altitude": 7147.56,
        "on_ground": false,
        "velocity": 217.52,
        "true_track": 151.62,
        "vertical_rate": -18.53,
        "geo_altitude": 7589.52,
        "squawk": "0577",
        "spi": false,
        "position_source": 0
      }
    },
    {
      "type": "Feature",
      "geometry": {
        "type": "Point",
        "coordinates": [
          13.1804,
          46.0373
        ]
      },
      "properties": {
        "icao24": "3006ba",
        "callsign": "IMADE",
        "origin_country": "Italy",
        "time_position": 1786789971,
        "last_contact": 1786789974,
        "baro_altitude": 137.16,
        "on_ground": false,
        "velocity": 6.71,
        "true_track": 184.4,
        "vertical_rate": -3.25,
        "geo_altitude": 205.74,
        "squawk": "1040",
        "spi": false,
        "position_source": 0
      }
    },
    {
      "type": "Feature",
      "geometry": {
        "type": "Point",
        "coordinates": [
          14.0478,
          46.4009
        ]
      },
      "properties": {
        "icao24": "3d54b2",
        "callsign": "DFEIC",
        "origin_country": "Germany",
        "time_position": 1786789974,
        "last_contact": 1786789974,
        "baro_altitude": 3657.6,
        "on_ground": false,
        "velocity": 81.87,
        "true_track": 353.14,
        "vertical_rate": 0,
        "geo_altitude": 3916.68,
        "squawk": "5656",
        "spi": false,
        "position_source": 0
      }
    },
    {
      "type": "Feature",
      "geometry": {
        "type": "Point",
        "coordinates": [
          14.4633,
          41.156
        ]
      },
      "properties": {
        "icao24": "346147",
        "callsign": "IBE14ZZ",
        "origin_country": "Spain",
        "time_position": 1786789973,
        "last_contact": 1786789973,
        "baro_altitude": 9753.6,
        "on_ground": false,
        "velocity": 239.46,
        "true_track": 267.41,
        "vertical_rate": 0,
        "geo_altitude": 10279.38,
        "squawk": null,
        "spi": false,
        "position_source": 0
      }
    },
    {
      "type": "Feature",
      "geometry": {
        "type": "Point",
        "coordinates": [
          18.6945,
          43.655
        ]
      },
      "properties": {
        "icao24": "5140e6",
        "callsign": "TGZ767",
        "origin_country": "Georgia",
        "time_position": 1786789970,
        "last_contact": 1786789974,
        "baro_altitude": 10972.8,
        "on_ground": false,
        "velocity": 230.51,
        "true_track": 273.97,
        "vertical_rate": 0,
        "geo_altitude": 11490.96,
        "squawk": "3223",
        "spi": false,
        "position_source": 0
      }
    },
    {
      "type": "Feature",
      "geometry": {
        "type": "Point",
        "coordinates": [
          9.4901,
          40.3552
        ]
      },
      "properties": {
        "icao24": "400ceb",
        "callsign": "EFW16YK",
        "origin_country": "United Kingdom",
        "time_position": 1786789974,
        "last_contact": 1786789974,
        "baro_altitude": 7802.88,
        "on_ground": false,
        "velocity": 228.95,
        "true_track": 15.91,
        "vertical_rate": 4.88,
        "geo_altitude": 8267.7,
        "squawk": null,
        "spi": false,
        "position_source": 0
      }
    },
    {
      "type": "Feature",
      "geometry": {
        "type": "Point",
        "coordinates": [
          9.5125,
          47.6692
        ]
      },
      "properties": {
        "icao24": "a13eca",
        "callsign": "N18EU",
        "origin_country": "United States",
        "time_position": 1786789926,
        "last_contact": 1786789926,
        "baro_altitude": null,
        "on_ground": true,
        "velocity": 0.06,
        "true_track": 143.44,
        "vertical_rate": null,
        "geo_altitude": null,
        "squawk": "2543",
        "spi": false,
        "position_source": 0
      }
    },
    {
      "type": "Feature",
      "geometry": {
        "type": "Point",
        "coordinates": [
          16.3148,
          46.7806
        ]
      },
      "properties": {
        "icao24": "76cdc3",
        "callsign": "SIA335",
        "origin_country": "Singapore",
        "time_position": 1786789974,
        "last_contact": 1786789974,
        "baro_altitude": 9448.8,
        "on_ground": false,
        "velocity": 257.45,
        "true_track": 99.9,
        "vertical_rate": 0,
        "geo_altitude": 9928.86,
        "squawk": "0666",
        "spi": false,
        "position_source": 0
      }
    },
    {
      "type": "Feature",
      "geometry": {
        "type": "Point",
        "coordinates": [
          17.3304,
          42.258
        ]
      },
      "properties": {
        "icao24": "8966f7",
        "callsign": "UAE2P",
        "origin_country": "United Arab Emirates",
        "time_position": 1786789974,
        "last_contact": 1786789974,
        "baro_altitude": 13106.4,
        "on_ground": false,
        "velocity": 247.09,
        "true_track": 316.6,
        "vertical_rate": 0,
        "geo_altitude": 13662.66,
        "squawk": null,
        "spi": false,
        "position_source": 0
      }
    },
    {
      "type": "Feature",
      "geometry": {
        "type": "Point",
        "coordinates": [
          13.7127,
          35.8422
        ]
      },
      "properties": {
        "icao24": "8940a0",
        "callsign": "GFA142",
        "origin_country": "Bahrain",
        "time_position": 1786789974,
        "last_contact": 1786789974,
        "baro_altitude": 11277.6,
        "on_ground": false,
        "velocity": 278.27,
        "true_track": 96.9,
        "vertical_rate": -0.33,
        "geo_altitude": 11917.68,
        "squawk": "4106",
        "spi": false,
        "position_source": 0
      }
    },
    {
      "type": "Feature",
      "geometry": {
        "type": "Point",
        "coordinates": [
          11.8483,
          36.5249
        ]
      },
      "properties": {
        "icao24": "8966fc",
        "callsign": "UAE8LT",
        "origin_country": "United Arab Emirates",
        "time_position": 1786789974,
        "last_contact": 1786789974,
        "baro_altitude": 7597.14,
        "on_ground": false,
        "velocity": 216.36,
        "true_track": 284.6,
        "vertical_rate": -11.05,
        "geo_altitude": 8054.34,
        "squawk": "2010",
        "spi": false,
        "position_source": 0
      }
    },
    {
      "type": "Feature",
      "geometry": {
        "type": "Point",
        "coordinates": [
          8.9728,
          47.6501
        ]
      },
      "properties": {
        "icao24": "75044b",
        "callsign": "MAS21",
        "origin_country": "Malaysia",
        "time_position": 1786789974,
        "last_contact": 1786789974,
        "baro_altitude": 10668,
        "on_ground": false,
        "velocity": 263.09,
        "true_track": 97.53,
        "vertical_rate": 0.65,
        "geo_altitude": 11186.16,
        "squawk": "0656",
        "spi": false,
        "position_source": 0
      }
    },
    {
      "type": "Feature",
      "geometry": {
        "type": "Point",
        "coordinates": [
          10.4396,
          45.2419
        ]
      },
      "properties": {
        "icao24": "4074b2",
        "callsign": "EZY17QZ",
        "origin_country": "United Kingdom",
        "time_position": 1786789974,
        "last_contact": 1786789974,
        "baro_altitude": 2301.24,
        "on_ground": false,
        "velocity": 147.46,
        "true_track": 110.21,
        "vertical_rate": -14.96,
        "geo_altitude": 2522.22,
        "squawk": "6373",
        "spi": false,
        "position_source": 0
      }
    },
    {
      "type": "Feature",
      "geometry": {
        "type": "Point",
        "coordinates": [
          11.5785,
          44.4971
        ]
      },
      "properties": {
        "icao24": "300860",
        "callsign": "IOZZM",
        "origin_country": "Italy",
        "time_position": 1786789973,
        "last_contact": 1786789973,
        "baro_altitude": 457.2,
        "on_ground": false,
        "velocity": 46.82,
        "true_track": 282.05,
        "vertical_rate": -1.3,
        "geo_altitude": 541.02,
        "squawk": null,
        "spi": false,
        "position_source": 0
      }
    },
    {
      "type": "Feature",
      "geometry": {
        "type": "Point",
        "coordinates": [
          13.7698,
          41.4332
        ]
      },
      "properties": {
        "icao24": "a1e54b",
        "callsign": "LXJ221",
        "origin_country": "United States",
        "time_position": 1786789974,
        "last_contact": 1786789974,
        "baro_altitude": 7772.4,
        "on_ground": false,
        "velocity": 209.95,
        "true_track": 313.71,
        "vertical_rate": 12.68,
        "geo_altitude": 8214.36,
        "squawk": null,
        "spi": false,
        "position_source": 0
      }
    },
    {
      "type": "Feature",
      "geometry": {
        "type": "Point",
        "coordinates": [
          12.1057,
          44.4903
        ]
      },
      "properties": {
        "icao24": "30085a",
        "callsign": "IOZZL",
        "origin_country": "Italy",
        "time_position": 1786789974,
        "last_contact": 1786789974,
        "baro_altitude": 609.6,
        "on_ground": false,
        "velocity": 50.25,
        "true_track": 280.62,
        "vertical_rate": -4.23,
        "geo_altitude": 701.04,
        "squawk": "7000",
        "spi": false,
        "position_source": 0
      }
    },
    {
      "type": "Feature",
      "geometry": {
        "type": "Point",
        "coordinates": [
          14.7608,
          44.9716
        ]
      },
      "properties": {
        "icao24": "8966aa",
        "callsign": "ETD44",
        "origin_country": "United Arab Emirates",
        "time_position": 1786789974,
        "last_contact": 1786789974,
        "baro_altitude": 10058.4,
        "on_ground": false,
        "velocity": 244.14,
        "true_track": 148.35,
        "vertical_rate": 0,
        "geo_altitude": 10546.08,
        "squawk": "0145",
        "spi": false,
        "position_source": 0
      }
    },
    {
      "type": "Feature",
      "geometry": {
        "type": "Point",
        "coordinates": [
          17.7598,
          35.3709
        ]
      },
      "properties": {
        "icao24": "3473d3",
        "callsign": "SVA2275",
        "origin_country": "Spain",
        "time_position": 1786789974,
        "last_contact": 1786789974,
        "baro_altitude": 11277.6,
        "on_ground": false,
        "velocity": 267.51,
        "true_track": 99.41,
        "vertical_rate": 0,
        "geo_altitude": 11871.96,
        "squawk": "6146",
        "spi": false,
        "position_source": 0
      }
    },
    {
      "type": "Feature",
      "geometry": {
        "type": "Point",
        "coordinates": [
          16.0208,
          45.9437
        ]
      },
      "properties": {
        "icao24": "4cafcd",
        "callsign": "SAS2832",
        "origin_country": "Ireland",
        "time_position": 1786789974,
        "last_contact": 1786789974,
        "baro_altitude": 11338.56,
        "on_ground": false,
        "velocity": 226.17,
        "true_track": 355.04,
        "vertical_rate": 2.6,
        "geo_altitude": 11849.1,
        "squawk": "4554",
        "spi": false,
        "position_source": 0
      }
    },
    {
      "type": "Feature",
      "geometry": {
        "type": "Point",
        "coordinates": [
          9.1161,
          39.1981
        ]
      },
      "properties": {
        "icao24": "4cafd3",
        "callsign": "RYR42LK",
        "origin_country": "Ireland",
        "time_position": 1786789964,
        "last_contact": 1786789972,
        "baro_altitude": 708.66,
        "on_ground": false,
        "velocity": 111.85,
        "true_track": 138.17,
        "vertical_rate": 13.98,
        "geo_altitude": 815.34,
        "squawk": null,
        "spi": false,
        "position_source": 0
      }
    },
    {
      "type": "Feature",
      "geometry": {
        "type": "Point",
        "coordinates": [
          16.9797,
          39.2771
        ]
      },
      "properties": {
        "icao24": "4c066d",
        "callsign": "FUU543N",
        "origin_country": "Serbia",
        "time_position": 1786789974,
        "last_contact": 1786789974,
        "baro_altitude": 12496.8,
        "on_ground": false,
        "velocity": 215.19,
        "true_track": 115.03,
        "vertical_rate": 0,
        "geo_altitude": 13075.92,
        "squawk": null,
        "spi": false,
        "position_source": 0
      }
    },
    {
      "type": "Feature",
      "geometry": {
        "type": "Point",
        "coordinates": [
          13.2144,
          42.9878
        ]
      },
      "properties": {
        "icao24": "01024f",
        "callsign": "MSC3777",
        "origin_country": "Egypt",
        "time_position": 1786789974,
        "last_contact": 1786789974,
        "baro_altitude": 10980.42,
        "on_ground": false,
        "velocity": 230.83,
        "true_track": 308.12,
        "vertical_rate": -0.33,
        "geo_altitude": 11551.92,
        "squawk": "7731",
        "spi": false,
        "position_source": 0
      }
    },
    {
      "type": "Feature",
      "geometry": {
        "type": "Point",
        "coordinates": [
          11.0597,
          45.5621
        ]
      },
      "properties": {
        "icao24": "3007ee",
        "callsign": "DLA3NK",
        "origin_country": "Italy",
        "time_position": 1786789973,
        "last_contact": 1786789974,
        "baro_altitude": 6301.74,
        "on_ground": false,
        "velocity": 209.92,
        "true_track": 170.98,
        "vertical_rate": -11.38,
        "geo_altitude": 6652.26,
        "squawk": "1000",
        "spi": false,
        "position_source": 0
      }
    },
    {
      "type": "Feature",
      "geometry": {
        "type": "Point",
        "coordinates": [
          12.999,
          44.8363
        ]
      },
      "properties": {
        "icao24": "407793",
        "callsign": "EZY2850",
        "origin_country": "United Kingdom",
        "time_position": 1786789974,
        "last_contact": 1786789974,
        "baro_altitude": 11574.78,
        "on_ground": false,
        "velocity": 221.17,
        "true_track": 326.86,
        "vertical_rate": 0,
        "geo_altitude": 12131.04,
        "squawk": "3725",
        "spi": false,
        "position_source": 0
      }
    },
    {
      "type": "Feature",
      "geometry": {
        "type": "Point",
        "coordinates": [
          8.9225,
          45.4126
        ]
      },
      "properties": {
        "icao24": "010242",
        "callsign": "MSR703",
        "origin_country": "Egypt",
        "time_position": 1786789974,
        "last_contact": 1786789974,
        "baro_altitude": 1203.96,
        "on_ground": false,
        "velocity": 124.7,
        "true_track": 206.46,
        "vertical_rate": -5.53,
        "geo_altitude": 1341.12,
        "squawk": "6622",
        "spi": false,
        "position_source": 0
      }
    },
    {
      "type": "Feature",
      "geometry": {
        "type": "Point",
        "coordinates": [
          15.8275,
          40.0252
        ]
      },
      "properties": {
        "icao24": "010244",
        "callsign": "MSR791",
        "origin_country": "Egypt",
        "time_position": 1786789973,
        "last_contact": 1786789974,
        "baro_altitude": 10972.8,
        "on_ground": false,
        "velocity": 230.1,
        "true_track": 312.64,
        "vertical_rate": 0,
        "geo_altitude": 11551.92,
        "squawk": "5505",
        "spi": false,
        "position_source": 0
      }
    },
    {
      "type": "Feature",
      "geometry": {
        "type": "Point",
        "coordinates": [
          13.9789,
          44.7339
        ]
      },
      "properties": {
        "icao24": "406446",
        "callsign": "EZY8594",
        "origin_country": "United Kingdom",
        "time_position": 1786789974,
        "last_contact": 1786789974,
        "baro_altitude": 9982.2,
        "on_ground": false,
        "velocity": 225.96,
        "true_track": 307.6,
        "vertical_rate": 6.18,
        "geo_altitude": 10477.5,
        "squawk": "5626",
        "spi": false,
        "position_source": 0
      }
    },
    {
      "type": "Feature",
      "geometry": {
        "type": "Point",
        "coordinates": [
          11.0884,
          46.1758
        ]
      },
      "properties": {
        "icao24": "3007e8",
        "callsign": "ICABB",
        "origin_country": "Italy",
        "time_position": 1786789780,
        "last_contact": 1786789780,
        "baro_altitude": 1234.44,
        "on_ground": false,
        "velocity": 50.17,
        "true_track": 193.04,
        "vertical_rate": -7.15,
        "geo_altitude": 1379.22,
        "squawk": null,
        "spi": false,
        "position_source": 0
      }
    },
    {
      "type": "Feature",
      "geometry": {
        "type": "Point",
        "coordinates": [
          13.5541,
          43.1624
        ]
      },
      "properties": {
        "icao24": "3007e6",
        "callsign": "ICARO02",
        "origin_country": "Italy",
        "time_position": 1786789918,
        "last_contact": 1786789922,
        "baro_altitude": 1089.66,
        "on_ground": false,
        "velocity": 76.79,
        "true_track": 107.95,
        "vertical_rate": -4.88,
        "geo_altitude": 1211.58,
        "squawk": null,
        "spi": false,
        "position_source": 0
      }
    },
    {
      "type": "Feature",
      "geometry": {
        "type": "Point",
        "coordinates": [
          18.0947,
          41.5191
        ]
      },
      "properties": {
        "icao24": "3964f0",
        "callsign": "TVF40MB",
        "origin_country": "France",
        "time_position": 1786789687,
        "last_contact": 1786789691,
        "baro_altitude": 10972.8,
        "on_ground": false,
        "velocity": 222.59,
        "true_track": 311.91,
        "vertical_rate": 0,
        "geo_altitude": 11498.58,
        "squawk": null,
        "spi": false,
        "position_source": 0
      }
    },
    {
      "type": "Feature",
      "geometry": {
        "type": "Point",
        "coordinates": [
          7.0375,
          44.5163
        ]
      },
      "properties": {
        "icao24": "3e1f3f",
        "callsign": "DIDAL",
        "origin_country": "Germany",
        "time_position": 1786789974,
        "last_contact": 1786789974,
        "baro_altitude": 7376.16,
        "on_ground": false,
        "velocity": 170.6,
        "true_track": 164.79,
        "vertical_rate": -8.13,
        "geo_altitude": 7780.02,
        "squawk": "1000",
        "spi": false,
        "position_source": 0
      }
    },
    {
      "type": "Feature",
      "geometry": {
        "type": "Point",
        "coordinates": [
          14.7651,
          41.6597
        ]
      },
      "properties": {
        "icao24": "010204",
        "callsign": "MSR771",
        "origin_country": "Egypt",
        "time_position": 1786789973,
        "last_contact": 1786789973,
        "baro_altitude": 10355.58,
        "on_ground": false,
        "velocity": 231,
        "true_track": 311.75,
        "vertical_rate": 0.33,
        "geo_altitude": 10896.6,
        "squawk": "5524",
        "spi": false,
        "position_source": 0
      }
    },
    {
      "type": "Feature",
      "geometry": {
        "type": "Point",
        "coordinates": [
          14.1627,
          45.9983
        ]
      },
      "properties": {
        "icao24": "010209",
        "callsign": "MSR784",
        "origin_country": "Egypt",
        "time_position": 1786789974,
        "last_contact": 1786789974,
        "baro_altitude": 11277.6,
        "on_ground": false,
        "velocity": 241.16,
        "true_track": 124.57,
        "vertical_rate": 0,
        "geo_altitude": 11811,
        "squawk": "2262",
        "spi": false,
        "position_source": 0
      }
    },
    {
      "type": "Feature",
      "geometry": {
        "type": "Point",
        "coordinates": [
          9.0415,
          47.1778
        ]
      },
      "properties": {
        "icao24": "4b1b18",
        "callsign": "HBKGU",
        "origin_country": "Switzerland",
        "time_position": 1786789974,
        "last_contact": 1786789974,
        "baro_altitude": 601.98,
        "on_ground": false,
        "velocity": 36.79,
        "true_track": 222.17,
        "vertical_rate": 2.93,
        "geo_altitude": 678.18,
        "squawk": null,
        "spi": false,
        "position_source": 0
      }
    },
    {
      "type": "Feature",
      "geometry": {
        "type": "Point",
        "coordinates": [
          7.2126,
          43.6613
        ]
      },
      "properties": {
        "icao24": "a20637",
        "callsign": "N23AR",
        "origin_country": "United States",
        "time_position": 1786787322,
        "last_contact": 1786789734,
        "baro_altitude": null,
        "on_ground": true,
        "velocity": 0,
        "true_track": 135,
        "vertical_rate": null,
        "geo_altitude": null,
        "squawk": null,
        "spi": false,
        "position_source": 0
      }
    },
    {
      "type": "Feature",
      "geometry": {
        "type": "Point",
        "coordinates": [
          8.5138,
          47.4984
        ]
      },
      "properties": {
        "icao24": "4b1a2e",
        "callsign": "EZS89GX",
        "origin_country": "Switzerland",
        "time_position": 1786789974,
        "last_contact": 1786789974,
        "baro_altitude": 541.02,
        "on_ground": false,
        "velocity": 77.55,
        "true_track": 137.42,
        "vertical_rate": -3.9,
        "geo_altitude": 632.46,
        "squawk": "6005",
        "spi": false,
        "position_source": 0
      }
    },
    {
      "type": "Feature",
      "geometry": {
        "type": "Point",
        "coordinates": [
          6.6473,
          45.5516
        ]
      },
      "properties": {
        "icao24": "4b1a2a",
        "callsign": "EZS87GD",
        "origin_country": "Switzerland",
        "time_position": 1786789974,
        "last_contact": 1786789974,
        "baro_altitude": 7414.26,
        "on_ground": false,
        "velocity": 214.42,
        "true_track": 143.49,
        "vertical_rate": 9.75,
        "geo_altitude": 7848.6,
        "squawk": "5707",
        "spi": false,
        "position_source": 0
      }
    },
    {
      "type": "Feature",
      "geometry": {
        "type": "Point",
        "coordinates": [
          13.9498,
          43.5586
        ]
      },
      "properties": {
        "icao24": "4b1a1d",
        "callsign": "EZS52RH",
        "origin_country": "Switzerland",
        "time_position": 1786789974,
        "last_contact": 1786789974,
        "baro_altitude": 11277.6,
        "on_ground": false,
        "velocity": 230.72,
        "true_track": 133.37,
        "vertical_rate": 0.33,
        "geo_altitude": 11818.62,
        "squawk": "1000",
        "spi": false,
        "position_source": 0
      }
    },
    {
      "type": "Feature",
      "geometry": {
        "type": "Point",
        "coordinates": [
          6.8213,
          44.5998
        ]
      },
      "properties": {
        "icao24": "4b1a1a",
        "callsign": "EZS59MN",
        "origin_country": "Switzerland",
        "time_position": 1786789974,
        "last_contact": 1786789974,
        "baro_altitude": 7315.2,
        "on_ground": false,
        "velocity": 223.1,
        "true_track": 353.65,
        "vertical_rate": -0.33,
        "geo_altitude": 7787.64,
        "squawk": "1000",
        "spi": false,
        "position_source": 0
      }
    },
    {
      "type": "Feature",
      "geometry": {
        "type": "Point",
        "coordinates": [
          7.1652,
          45.861
        ]
      },
      "properties": {
        "icao24": "4b1a65",
        "callsign": "EZS31QP",
        "origin_country": "Switzerland",
        "time_position": 1786789974,
        "last_contact": 1786789974,
        "baro_altitude": 6705.6,
        "on_ground": false,
        "velocity": 177.5,
        "true_track": 294.49,
        "vertical_rate": 0,
        "geo_altitude": 7117.08,
        "squawk": "1000",
        "spi": false,
        "position_source": 0
      }
    },
    {
      "type": "Feature",
      "geometry": {
        "type": "Point",
        "coordinates": [
          14.1697,
          43.6379
        ]
      },
      "properties": {
        "icao24": "4b1a66",
        "callsign": "EZS91DA",
        "origin_country": "Switzerland",
        "time_position": 1786789974,
        "last_contact": 1786789974,
        "baro_altitude": 7010.4,
        "on_ground": false,
        "velocity": 201.19,
        "true_track": 111.45,
        "vertical_rate": 0.33,
        "geo_altitude": 7429.5,
        "squawk": "1000",
        "spi": false,
        "position_source": 0
      }
    },
    {
      "type": "Feature",
      "geometry": {
        "type": "Point",
        "coordinates": [
          15.2742,
          45.7255
        ]
      },
      "properties": {
        "icao24": "4d24d7",
        "callsign": "WMT9033",
        "origin_country": "Malta",
        "time_position": 1786789974,
        "last_contact": 1786789974,
        "baro_altitude": 10972.8,
        "on_ground": false,
        "velocity": 223.49,
        "true_track": 256.83,
        "vertical_rate": 0,
        "geo_altitude": 11513.82,
        "squawk": "1000",
        "spi": false,
        "position_source": 0
      }
    },
    {
      "type": "Feature",
      "geometry": {
        "type": "Point",
        "coordinates": [
          11.5618,
          39.9238
        ]
      },
      "properties": {
        "icao24": "010298",
        "callsign": "MSR753",
        "origin_country": "Egypt",
        "time_position": 1786789973,
        "last_contact": 1786789974,
        "baro_altitude": 10370.82,
        "on_ground": false,
        "velocity": 237.15,
        "true_track": 282.53,
        "vertical_rate": 0,
        "geo_altitude": 10911.84,
        "squawk": "7734",
        "spi": false,
        "position_source": 0
      }
    },
    {
      "type": "Feature",
      "geometry": {
        "type": "Point",
        "coordinates": [
          9.28,
          45.5301
        ]
      },
      "properties": {
        "icao24": "4d24d5",
        "callsign": "WMT829",
        "origin_country": "Malta",
        "time_position": 1786789974,
        "last_contact": 1786789974,
        "baro_altitude": 11269.98,
        "on_ground": false,
        "velocity": 238.21,
        "true_track": 148.78,
        "vertical_rate": 0,
        "geo_altitude": 11833.86,
        "squawk": "7575",
        "spi": false,
        "position_source": 0
      }
    },
    {
      "type": "Feature",
      "geometry": {
        "type": "Point",
        "coordinates": [
          12.6248,
          47.4874
        ]
      },
      "properties": {
        "icao24": "4d24f0",
        "callsign": "SWU1993",
        "origin_country": "Malta",
        "time_position": 1786789974,
        "last_contact": 1786789974,
        "baro_altitude": 5410.2,
        "on_ground": false,
        "velocity": 151.79,
        "true_track": 198.99,
        "vertical_rate": 7.8,
        "geo_altitude": 5737.86,
        "squawk": "1000",
        "spi": false,
        "position_source": 0
      }
    },
    {
      "type": "Feature",
      "geometry": {
        "type": "Point",
        "coordinates": [
          12.3322,
          41.2253
        ]
      },
      "properties": {
        "icao24": "34761a",
        "callsign": "VOE1LU",
        "origin_country": "Spain",
        "time_position": 1786789974,
        "last_contact": 1786789974,
        "baro_altitude": 10142.22,
        "on_ground": false,
        "velocity": 242.36,
        "true_track": 138.53,
        "vertical_rate": -6.83,
        "geo_altitude": 10683.24,
        "squawk": "1000",
        "spi": false,
        "position_source": 0
      }
    },
    {
      "type": "Feature",
      "geometry": {
        "type": "Point",
        "coordinates": [
          12.1332,
          43.1654
        ]
      },
      "properties": {
        "icao24": "010285",
        "callsign": "PYR013",
        "origin_country": "Egypt",
        "time_position": 1786789974,
        "last_contact": 1786789974,
        "baro_altitude": 10058.4,
        "on_ground": false,
        "velocity": 243.89,
        "true_track": 186.54,
        "vertical_rate": 0,
        "geo_altitude": 10568.94,
        "squawk": "6603",
        "spi": false,
        "position_source": 0
      }
    },
    {
      "type": "Feature",
      "geometry": {
        "type": "Point",
        "coordinates": [
          15.4539,
          43.397
        ]
      },
      "properties": {
        "icao24": "010289",
        "callsign": "MSR799",
        "origin_country": "Egypt",
        "time_position": 1786789972,
        "last_contact": 1786789973,
        "baro_altitude": 12192,
        "on_ground": false,
        "velocity": 244.6,
        "true_track": 305.93,
        "vertical_rate": 0,
        "geo_altitude": 12717.78,
        "squawk": "2064",
        "spi": false,
        "position_source": 0
      }
    },
    {
      "type": "Feature",
      "geometry": {
        "type": "Point",
        "coordinates": [
          6.4626,
          43.4852
        ]
      },
      "properties": {
        "icao24": "400db2",
        "callsign": "EZY86QU",
        "origin_country": "United Kingdom",
        "time_position": 1786789973,
        "last_contact": 1786789973,
        "baro_altitude": 3345.18,
        "on_ground": false,
        "velocity": 165.58,
        "true_track": 110.74,
        "vertical_rate": -3.58,
        "geo_altitude": 3619.5,
        "squawk": "0534",
        "spi": false,
        "position_source": 0
      }
    },
    {
      "type": "Feature",
      "geometry": {
        "type": "Point",
        "coordinates": [
          12.6291,
          41.5741
        ]
      },
      "properties": {
        "icao24": "4d24b2",
        "callsign": "WMT5353",
        "origin_country": "Malta",
        "time_position": 1786789974,
        "last_contact": 1786789974,
        "baro_altitude": 4663.44,
        "on_ground": false,
        "velocity": 200.76,
        "true_track": 73.93,
        "vertical_rate": 4.23,
        "geo_altitude": 4975.86,
        "squawk": null,
        "spi": false,
        "position_source": 0
      }
    },
    {
      "type": "Feature",
      "geometry": {
        "type": "Point",
        "coordinates": [
          14.8016,
          46.9318
        ]
      },
      "properties": {
        "icao24": "76ceeb",
        "callsign": "SIA345",
        "origin_country": "Singapore",
        "time_position": 1786789974,
        "last_contact": 1786789974,
        "baro_altitude": 8839.2,
        "on_ground": false,
        "velocity": 262.69,
        "true_track": 99.24,
        "vertical_rate": 0,
        "geo_altitude": 9319.26,
        "squawk": "3037",
        "spi": false,
        "position_source": 0
      }
    },
    {
      "type": "Feature",
      "geometry": {
        "type": "Point",
        "coordinates": [
          14.6039,
          35.745
        ]
      },
      "properties": {
        "icao24": "4d24ba",
        "callsign": "KMM479",
        "origin_country": "Malta",
        "time_position": 1786789974,
        "last_contact": 1786789974,
        "baro_altitude": 617.22,
        "on_ground": false,
        "velocity": 96.86,
        "true_track": 349.29,
        "vertical_rate": -0.98,
        "geo_altitude": 701.04,
        "squawk": "7674",
        "spi": false,
        "position_source": 0
      }
    },
    {
      "type": "Feature",
      "geometry": {
        "type": "Point",
        "coordinates": [
          13.3655,
          45.2514
        ]
      },
      "properties": {
        "icao24": "4075f3",
        "callsign": "TOM44J",
        "origin_country": "United Kingdom",
        "time_position": 1786789973,
        "last_contact": 1786789973,
        "baro_altitude": 5387.34,
        "on_ground": false,
        "velocity": 200.07,
        "true_track": 298.74,
        "vertical_rate": 8.78,
        "geo_altitude": 5722.62,
        "squawk": "0264",
        "spi": false,
        "position_source": 0
      }
    },
    {
      "type": "Feature",
      "geometry": {
        "type": "Point",
        "coordinates": [
          6.4035,
          46.5941
        ]
      },
      "properties": {
        "icao24": "4b1a93",
        "callsign": "HBKBR",
        "origin_country": "Switzerland",
        "time_position": 1786789751,
        "last_contact": 1786789751,
        "baro_altitude": 655.32,
        "on_ground": false,
        "velocity": 34.08,
        "true_track": 208.89,
        "vertical_rate": -3.58,
        "geo_altitude": 746.76,
        "squawk": "7000",
        "spi": false,
        "position_source": 0
      }
    },
    {
      "type": "Feature",
      "geometry": {
        "type": "Point",
        "coordinates": [
          14.2684,
          44.5306
        ]
      },
      "properties": {
        "icao24": "4d24ff",
        "callsign": "FJO67M",
        "origin_country": "Malta",
        "time_position": 1786789974,
        "last_contact": 1786789974,
        "baro_altitude": 13106.4,
        "on_ground": false,
        "velocity": 231.58,
        "true_track": 317.52,
        "vertical_rate": 0,
        "geo_altitude": 13662.66,
        "squawk": "3716",
        "spi": false,
        "position_source": 0
      }
    },
    {
      "type": "Feature",
      "geometry": {
        "type": "Point",
        "coordinates": [
          14.3879,
          47.4126
        ]
      },
      "properties": {
        "icao24": "0101df",
        "callsign": "MSR757",
        "origin_country": "Egypt",
        "time_position": 1786789974,
        "last_contact": 1786789974,
        "baro_altitude": 12184.38,
        "on_ground": false,
        "velocity": 245.36,
        "true_track": 318.83,
        "vertical_rate": -0.33,
        "geo_altitude": 12733.02,
        "squawk": "5516",
        "spi": false,
        "position_source": 0
      }
    },
    {
      "type": "Feature",
      "geometry": {
        "type": "Point",
        "coordinates": [
          11.0202,
          44.8861
        ]
      },
      "properties": {
        "icao24": "30094c",
        "callsign": "IECGM",
        "origin_country": "Italy",
        "time_position": 1786789974,
        "last_contact": 1786789974,
        "baro_altitude": 335.28,
        "on_ground": false,
        "velocity": 68.22,
        "true_track": 232.35,
        "vertical_rate": 0,
        "geo_altitude": 411.48,
        "squawk": "7000",
        "spi": false,
        "position_source": 0
      }
    },
    {
      "type": "Feature",
      "geometry": {
        "type": "Point",
        "coordinates": [
          11.9527,
          44.1689
        ]
      },
      "properties": {
        "icao24": "300968",
        "callsign": "IANUB",
        "origin_country": "Italy",
        "time_position": 1786789819,
        "last_contact": 1786789854,
        "baro_altitude": 449.58,
        "on_ground": false,
        "velocity": 63.51,
        "true_track": 215.11,
        "vertical_rate": 0.33,
        "geo_altitude": 525.78,
        "squawk": "6203",
        "spi": false,
        "position_source": 0
      }
    },
    {
      "type": "Feature",
      "geometry": {
        "type": "Point",
        "coordinates": [
          6.7297,
          45.7101
        ]
      },
      "properties": {
        "icao24": "3461cf",
        "callsign": "VOE9SG",
        "origin_country": "Spain",
        "time_position": 1786789973,
        "last_contact": 1786789973,
        "baro_altitude": 10050.78,
        "on_ground": false,
        "velocity": 225.21,
        "true_track": 136.02,
        "vertical_rate": 0.33,
        "geo_altitude": 10576.56,
        "squawk": "1000",
        "spi": false,
        "position_source": 0
      }
    },
    {
      "type": "Feature",
      "geometry": {
        "type": "Point",
        "coordinates": [
          11.5365,
          40.4722
        ]
      },
      "properties": {
        "icao24": "3461ce",
        "callsign": "VOE2CK",
        "origin_country": "Spain",
        "time_position": 1786789973,
        "last_contact": 1786789974,
        "baro_altitude": 10363.2,
        "on_ground": false,
        "velocity": 209.96,
        "true_track": 339.79,
        "vertical_rate": 0,
        "geo_altitude": 10904.22,
        "squawk": "1000",
        "spi": false,
        "position_source": 0
      }
    },
    {
      "type": "Feature",
      "geometry": {
        "type": "Point",
        "coordinates": [
          17.3146,
          45.1928
        ]
      },
      "properties": {
        "icao24": "0101b7",
        "callsign": "MSR733",
        "origin_country": "Egypt",
        "time_position": 1786789973,
        "last_contact": 1786789973,
        "baro_altitude": 10972.8,
        "on_ground": false,
        "velocity": 228.86,
        "true_track": 316.18,
        "vertical_rate": 0,
        "geo_altitude": 11468.1,
        "squawk": "5523",
        "spi": false,
        "position_source": 0
      }
    },
    {
      "type": "Feature",
      "geometry": {
        "type": "Point",
        "coordinates": [
          9.3234,
          47.7193
        ]
      },
      "properties": {
        "icao24": "4d2527",
        "callsign": "WZZ227",
        "origin_country": "Malta",
        "time_position": 1786789974,
        "last_contact": 1786789974,
        "baro_altitude": 8122.92,
        "on_ground": false,
        "velocity": 213.63,
        "true_track": 267.93,
        "vertical_rate": -4.88,
        "geo_altitude": 8580.12,
        "squawk": "1000",
        "spi": false,
        "position_source": 0
      }
    },
    {
      "type": "Feature",
      "geometry": {
        "type": "Point",
        "coordinates": [
          7.6723,
          47.1067
        ]
      },
      "properties": {
        "icao24": "4caeb0",
        "callsign": "NOS45MD",
        "origin_country": "Ireland",
        "time_position": 1786789974,
        "last_contact": 1786789974,
        "baro_altitude": 10972.8,
        "on_ground": false,
        "velocity": 227.08,
        "true_track": 296.8,
        "vertical_rate": 0,
        "geo_altitude": 11506.2,
        "squawk": "7522",
        "spi": false,
        "position_source": 0
      }
    },
    {
      "type": "Feature",
      "geometry": {
        "type": "Point",
        "coordinates": [
          9.2145,
          43.6856
        ]
      },
      "properties": {
        "icao24": "400afc",
        "callsign": "EFW9RZ",
        "origin_country": "United Kingdom",
        "time_position": 1786789974,
        "last_contact": 1786789974,
        "baro_altitude": 10066.02,
        "on_ground": false,
        "velocity": 241.91,
        "true_track": 135.09,
        "vertical_rate": 0,
        "geo_altitude": 10607.04,
        "squawk": "2704",
        "spi": false,
        "position_source": 0
      }
    },
    {
      "type": "Feature",
      "geometry": {
        "type": "Point",
        "coordinates": [
          14.1133,
          35.8684
        ]
      },
      "properties": {
        "icao24": "4caecc",
        "callsign": "RYR14YV",
        "origin_country": "Ireland",
        "time_position": 1786789974,
        "last_contact": 1786789974,
        "baro_altitude": 1280.16,
        "on_ground": false,
        "velocity": 143.27,
        "true_track": 129.46,
        "vertical_rate": -6.83,
        "geo_altitude": 1417.32,
        "squawk": "2705",
        "spi": false,
        "position_source": 0
      }
    },
    {
      "type": "Feature",
      "geometry": {
        "type": "Point",
        "coordinates": [
          11.9297,
          47.3182
        ]
      },
      "properties": {
        "icao24": "4d252f",
        "callsign": "UVL217",
        "origin_country": "Malta",
        "time_position": 1786789973,
        "last_contact": 1786789973,
        "baro_altitude": 3764.28,
        "on_ground": false,
        "velocity": 126.77,
        "true_track": 296.25,
        "vertical_rate": -9.43,
        "geo_altitude": 4046.22,
        "squawk": "4446",
        "spi": false,
        "position_source": 0
      }
    },
    {
      "type": "Feature",
      "geometry": {
        "type": "Point",
        "coordinates": [
          10.5439,
          41.9924
        ]
      },
      "properties": {
        "icao24": "4d252b",
        "callsign": "WMT5959",
        "origin_country": "Malta",
        "time_position": 1786789974,
        "last_contact": 1786789974,
        "baro_altitude": 10972.8,
        "on_ground": false,
        "velocity": 225.94,
        "true_track": 334.08,
        "vertical_rate": 0,
        "geo_altitude": 11559.54,
        "squawk": null,
        "spi": false,
        "position_source": 0
      }
    },
    {
      "type": "Feature",
      "geometry": {
        "type": "Point",
        "coordinates": [
          9.2434,
          40.7515
        ]
      },
      "properties": {
        "icao24": "347256",
        "callsign": "VOE76TX",
        "origin_country": "Spain",
        "time_position": 1786789786,
        "last_contact": 1786789895,
        "baro_altitude": 1676.4,
        "on_ground": false,
        "velocity": 102.75,
        "true_track": 55.2,
        "vertical_rate": -6.5,
        "geo_altitude": 1805.94,
        "squawk": "7424",
        "spi": false,
        "position_source": 0
      }
    },
    {
      "type": "Feature",
      "geometry": {
        "type": "Point",
        "coordinates": [
          12.4979,
          47.2889
        ]
      },
      "properties": {
        "icao24": "4932a2",
        "callsign": "NJE548E",
        "origin_country": "Portugal",
        "time_position": 1786789974,
        "last_contact": 1786789974,
        "baro_altitude": 8077.2,
        "on_ground": false,
        "velocity": 183.55,
        "true_track": 197.11,
        "vertical_rate": 7.8,
        "geo_altitude": 8519.16,
        "squawk": "1000",
        "spi": false,
        "position_source": 0
      }
    },
    {
      "type": "Feature",
      "geometry": {
        "type": "Point",
        "coordinates": [
          18.7054,
          39.7516
        ]
      },
      "properties": {
        "icao24": "485b42",
        "callsign": "KLM569",
        "origin_country": "Kingdom of the Netherlands",
        "time_position": 1786789967,
        "last_contact": 1786789973,
        "baro_altitude": 11277.6,
        "on_ground": false,
        "velocity": 265.27,
        "true_track": 153.39,
        "vertical_rate": -0.33,
        "geo_altitude": 11833.86,
        "squawk": "0153",
        "spi": false,
        "position_source": 0
      }
    },
    {
      "type": "Feature",
      "geometry": {
        "type": "Point",
        "coordinates": [
          9.7705,
          43.2187
        ]
      },
      "properties": {
        "icao24": "aa98a4",
        "callsign": "ASA180",
        "origin_country": "United States",
        "time_position": 1786789974,
        "last_contact": 1786789974,
        "baro_altitude": 10546.08,
        "on_ground": false,
        "velocity": 249.7,
        "true_track": 137,
        "vertical_rate": -3.58,
        "geo_altitude": 11109.96,
        "squawk": "1175",
        "spi": false,
        "position_source": 0
      }
    },
    {
      "type": "Feature",
      "geometry": {
        "type": "Point",
        "coordinates": [
          7.479,
          43.5351
        ]
      },
      "properties": {
        "icao24": "4b1a01",
        "callsign": "SAZ61",
        "origin_country": "Switzerland",
        "time_position": 1786789973,
        "last_contact": 1786789973,
        "baro_altitude": 2964.18,
        "on_ground": false,
        "velocity": 151.39,
        "true_track": 170.22,
        "vertical_rate": -13.98,
        "geo_altitude": 3192.78,
        "squawk": "1000",
        "spi": false,
        "position_source": 0
      }
    },
    {
      "type": "Feature",
      "geometry": {
        "type": "Point",
        "coordinates": [
          15.3403,
          39.612
        ]
      },
      "properties": {
        "icao24": "33fca5",
        "callsign": "IAM3191",
        "origin_country": "Italy",
        "time_position": 1786789974,
        "last_contact": 1786789974,
        "baro_altitude": 9357.36,
        "on_ground": false,
        "velocity": 239.52,
        "true_track": 317.09,
        "vertical_rate": 10.73,
        "geo_altitude": 9845.04,
        "squawk": null,
        "spi": false,
        "position_source": 0
      }
    },
    {
      "type": "Feature",
      "geometry": {
        "type": "Point",
        "coordinates": [
          12.1231,
          45.6296
        ]
      },
      "properties": {
        "icao24": "4caf29",
        "callsign": "RYR3871",
        "origin_country": "Ireland",
        "time_position": 1786789879,
        "last_contact": 1786789885,
        "baro_altitude": 228.6,
        "on_ground": false,
        "velocity": 75.51,
        "true_track": 70.08,
        "vertical_rate": -3.9,
        "geo_altitude": 365.76,
        "squawk": "6560",
        "spi": false,
        "position_source": 0
      }
    },
    {
      "type": "Feature",
      "geometry": {
        "type": "Point",
        "coordinates": [
          8.4817,
          46.3286
        ]
      },
      "properties": {
        "icao24": "4caf20",
        "callsign": "ITY159",
        "origin_country": "Ireland",
        "time_position": 1786789974,
        "last_contact": 1786789974,
        "baro_altitude": 11277.6,
        "on_ground": false,
        "velocity": 233.01,
        "true_track": 146.8,
        "vertical_rate": 0,
        "geo_altitude": 11826.24,
        "squawk": "2573",
        "spi": false,
        "position_source": 0
      }
    },
    {
      "type": "Feature",
      "geometry": {
        "type": "Point",
        "coordinates": [
          7.7461,
          46.9217
        ]
      },
      "properties": {
        "icao24": "4caf34",
        "callsign": "RYR53WF",
        "origin_country": "Ireland",
        "time_position": 1786789974,
        "last_contact": 1786789974,
        "baro_altitude": 11582.4,
        "on_ground": false,
        "velocity": 231.47,
        "true_track": 308.32,
        "vertical_rate": 0,
        "geo_altitude": 12131.04,
        "squawk": "2770",
        "spi": false,
        "position_source": 0
      }
    },
    {
      "type": "Feature",
      "geometry": {
        "type": "Point",
        "coordinates": [
          16.7321,
          40.2595
        ]
      },
      "properties": {
        "icao24": "4caf1d",
        "callsign": "ITY719",
        "origin_country": "Ireland",
        "time_position": 1786789973,
        "last_contact": 1786789973,
        "baro_altitude": 10972.8,
        "on_ground": false,
        "velocity": 229.62,
        "true_track": 297.2,
        "vertical_rate": 0,
        "geo_altitude": 11513.82,
        "squawk": "7741",
        "spi": false,
        "position_source": 0
      }
    },
    {
      "type": "Feature",
      "geometry": {
        "type": "Point",
        "coordinates": [
          6.4028,
          47.5766
        ]
      },
      "properties": {
        "icao24": "400b84",
        "callsign": "BAW533",
        "origin_country": "United Kingdom",
        "time_position": 1786789974,
        "last_contact": 1786789974,
        "baro_altitude": 11590.02,
        "on_ground": false,
        "velocity": 228.93,
        "true_track": 305.12,
        "vertical_rate": 0,
        "geo_altitude": 12123.42,
        "squawk": "2744",
        "spi": false,
        "position_source": 0
      }
    },
    {
      "type": "Feature",
      "geometry": {
        "type": "Point",
        "coordinates": [
          7.6111,
          44.8357
        ]
      },
      "properties": {
        "icao24": "400b83",
        "callsign": "BAW550",
        "origin_country": "United Kingdom",
        "time_position": 1786789974,
        "last_contact": 1786789974,
        "baro_altitude": 10675.62,
        "on_ground": false,
        "velocity": 235,
        "true_track": 135.35,
        "vertical_rate": 0.33,
        "geo_altitude": 11224.26,
        "squawk": "0523",
        "spi": false,
        "position_source": 0
      }
    },
    {
      "type": "Feature",
      "geometry": {
        "type": "Point",
        "coordinates": [
          11.2494,
          46.5764
        ]
      },
      "properties": {
        "icao24": "ac291f",
        "callsign": "AAL131",
        "origin_country": "United States",
        "time_position": 1786789973,
        "last_contact": 1786789974,
        "baro_altitude": 8084.82,
        "on_ground": false,
        "velocity": 247.64,
        "true_track": 336.36,
        "vertical_rate": 6.18,
        "geo_altitude": 8534.4,
        "squawk": "0220",
        "spi": false,
        "position_source": 0
      }
    },
    {
      "type": "Feature",
      "geometry": {
        "type": "Point",
        "coordinates": [
          12.0301,
          44.6713
        ]
      },
      "properties": {
        "icao24": "4d23ef",
        "callsign": "SWU1903",
        "origin_country": "Malta",
        "time_position": 1786789974,
        "last_contact": 1786789974,
        "baro_altitude": 6705.6,
        "on_ground": false,
        "velocity": 182.76,
        "true_track": 324.16,
        "vertical_rate": 0,
        "geo_altitude": 7124.7,
        "squawk": "1000",
        "spi": false,
        "position_source": 0
      }
    },
    {
      "type": "Feature",
      "geometry": {
        "type": "Point",
        "coordinates": [
          12.2605,
          45.6678
        ]
      },
      "properties": {
        "icao24": "30062b",
        "callsign": "ISUEM",
        "origin_country": "Italy",
        "time_position": 1786789712,
        "last_contact": 1786789712,
        "baro_altitude": 129.54,
        "on_ground": false,
        "velocity": 65.07,
        "true_track": 168.6,
        "vertical_rate": -0.98,
        "geo_altitude": 205.74,
        "squawk": "4245",
        "spi": false,
        "position_source": 0
      }
    },
    {
      "type": "Feature",
      "geometry": {
        "type": "Point",
        "coordinates": [
          8.8334,
          44.4078
        ]
      },
      "properties": {
        "icao24": "4d23f8",
        "callsign": "RYR53UX",
        "origin_country": "Malta",
        "time_position": 1786789973,
        "last_contact": 1786789974,
        "baro_altitude": 10972.8,
        "on_ground": false,
        "velocity": 230.58,
        "true_track": 323.44,
        "vertical_rate": 0,
        "geo_altitude": 11536.68,
        "squawk": "0431",
        "spi": false,
        "position_source": 0
      }
    },
    {
      "type": "Feature",
      "geometry": {
        "type": "Point",
        "coordinates": [
          8.8758,
          41.0184
        ]
      },
      "properties": {
        "icao24": "3e1dcb",
        "callsign": "DICMD",
        "origin_country": "Germany",
        "time_position": 1786789973,
        "last_contact": 1786789974,
        "baro_altitude": 9144,
        "on_ground": false,
        "velocity": 199.86,
        "true_track": 351.27,
        "vertical_rate": 0,
        "geo_altitude": 9654.54,
        "squawk": null,
        "spi": false,
        "position_source": 0
      }
    },
    {
      "type": "Feature",
      "geometry": {
        "type": "Point",
        "coordinates": [
          14.1363,
          41.5506
        ]
      },
      "properties": {
        "icao24": "3d5453",
        "callsign": "DFEEL",
        "origin_country": "Germany",
        "time_position": 1786789972,
        "last_contact": 1786789973,
        "baro_altitude": 5113.02,
        "on_ground": false,
        "velocity": 150.74,
        "true_track": 132.51,
        "vertical_rate": -6.5,
        "geo_altitude": 5440.68,
        "squawk": null,
        "spi": false,
        "position_source": 0
      }
    },
    {
      "type": "Feature",
      "geometry": {
        "type": "Point",
        "coordinates": [
          6.4949,
          43.2105
        ]
      },
      "properties": {
        "icao24": "4d23f3",
        "callsign": "9HSWL",
        "origin_country": "Malta",
        "time_position": 1786789902,
        "last_contact": 1786789905,
        "baro_altitude": 60.96,
        "on_ground": false,
        "velocity": 43.73,
        "true_track": 241.93,
        "vertical_rate": -4.23,
        "geo_altitude": 121.92,
        "squawk": "7000",
        "spi": false,
        "position_source": 0
      }
    },
    {
      "type": "Feature",
      "geometry": {
        "type": "Point",
        "coordinates": [
          16.3767,
          39.3114
        ]
      },
      "properties": {
        "icao24": "300602",
        "callsign": "PEGASO53",
        "origin_country": "Italy",
        "time_position": 1786789974,
        "last_contact": 1786789974,
        "baro_altitude": 1592.58,
        "on_ground": false,
        "velocity": 43.8,
        "true_track": 86.63,
        "vertical_rate": 7.48,
        "geo_altitude": 1722.12,
        "squawk": null,
        "spi": false,
        "position_source": 0
      }
    },
    {
      "type": "Feature",
      "geometry": {
        "type": "Point",
        "coordinates": [
          14.7771,
          45.7001
        ]
      },
      "properties": {
        "icao24": "4d2405",
        "callsign": "EWG8U",
        "origin_country": "Malta",
        "time_position": 1786789973,
        "last_contact": 1786789973,
        "baro_altitude": 11269.98,
        "on_ground": false,
        "velocity": 238.78,
        "true_track": 141.65,
        "vertical_rate": 0,
        "geo_altitude": 11803.38,
        "squawk": "6433",
        "spi": false,
        "position_source": 0
      }
    },
    {
      "type": "Feature",
      "geometry": {
        "type": "Point",
        "coordinates": [
          13.7641,
          46.7532
        ]
      },
      "properties": {
        "icao24": "4d2409",
        "callsign": "EWG9XQ",
        "origin_country": "Malta",
        "time_position": 1786789973,
        "last_contact": 1786789974,
        "baro_altitude": 11285.22,
        "on_ground": false,
        "velocity": 239.2,
        "true_track": 137.35,
        "vertical_rate": 0,
        "geo_altitude": 11803.38,
        "squawk": "2530",
        "spi": false,
        "position_source": 0
      }
    },
    {
      "type": "Feature",
      "geometry": {
        "type": "Point",
        "coordinates": [
          12.2575,
          42.3031
        ]
      },
      "properties": {
        "icao24": "45c86b",
        "callsign": "FLI7123",
        "origin_country": "Denmark",
        "time_position": 1786789974,
        "last_contact": 1786789974,
        "baro_altitude": 11590.02,
        "on_ground": false,
        "velocity": 226.85,
        "true_track": 353.36,
        "vertical_rate": 0,
        "geo_altitude": 12176.76,
        "squawk": "6577",
        "spi": false,
        "position_source": 0
      }
    },
    {
      "type": "Feature",
      "geometry": {
        "type": "Point",
        "coordinates": [
          11.5069,
          46.182
        ]
      },
      "properties": {
        "icao24": "45c86c",
        "callsign": "FLI7141",
        "origin_country": "Denmark",
        "time_position": 1786789973,
        "last_contact": 1786789974,
        "baro_altitude": 11582.4,
        "on_ground": false,
        "velocity": 229.8,
        "true_track": 353.7,
        "vertical_rate": 0,
        "geo_altitude": 12138.66,
        "squawk": "6573",
        "spi": false,
        "position_source": 0
      }
    },
    {
      "type": "Feature",
      "geometry": {
        "type": "Point",
        "coordinates": [
          16.764,
          45.7253
        ]
      },
      "properties": {
        "icao24": "4d2413",
        "callsign": "EWG4T",
        "origin_country": "Malta",
        "time_position": 1786789974,
        "last_contact": 1786789974,
        "baro_altitude": 11582.4,
        "on_ground": false,
        "velocity": 222.42,
        "true_track": 317.16,
        "vertical_rate": 0.33,
        "geo_altitude": 12115.8,
        "squawk": "1335",
        "spi": false,
        "position_source": 0
      }
    },
    {
      "type": "Feature",
      "geometry": {
        "type": "Point",
        "coordinates": [
          13.8373,
          47.0206
        ]
      },
      "properties": {
        "icao24": "4d2415",
        "callsign": "EWG87MJ",
        "origin_country": "Malta",
        "time_position": 1786789974,
        "last_contact": 1786789974,
        "baro_altitude": 11582.4,
        "on_ground": false,
        "velocity": 229.53,
        "true_track": 335.5,
        "vertical_rate": 0,
        "geo_altitude": 12131.04,
        "squawk": "1000",
        "spi": false,
        "position_source": 0
      }
    },
    {
      "type": "Feature",
      "geometry": {
        "type": "Point",
        "coordinates": [
          9.0332,
          44.5904
        ]
      },
      "properties": {
        "icao24": "4d2410",
        "callsign": "EWG2XZ",
        "origin_country": "Malta",
        "time_position": 1786789973,
        "last_contact": 1786789974,
        "baro_altitude": 9517.38,
        "on_ground": false,
        "velocity": 218.1,
        "true_track": 194.2,
        "vertical_rate": -10.08,
        "geo_altitude": 9982.2,
        "squawk": "1000",
        "spi": false,
        "position_source": 0
      }
    },
    {
      "type": "Feature",
      "geometry": {
        "type": "Point",
        "coordinates": [
          11.0248,
          42.5461
        ]
      },
      "properties": {
        "icao24": "4cada8",
        "callsign": "ITY343",
        "origin_country": "Ireland",
        "time_position": 1786789974,
        "last_contact": 1786789974,
        "baro_altitude": 6164.58,
        "on_ground": false,
        "velocity": 189.71,
        "true_track": 121.92,
        "vertical_rate": -2.6,
        "geo_altitude": 6553.2,
        "squawk": "1000",
        "spi": false,
        "position_source": 0
      }
    },
    {
      "type": "Feature",
      "geometry": {
        "type": "Point",
        "coordinates": [
          14.933,
          38.9546
        ]
      },
      "properties": {
        "icao24": "4cada9",
        "callsign": "ITY1196",
        "origin_country": "Ireland",
        "time_position": 1786789973,
        "last_contact": 1786789974,
        "baro_altitude": 7307.58,
        "on_ground": false,
        "velocity": 234.64,
        "true_track": 319.53,
        "vertical_rate": 7.48,
        "geo_altitude": 7764.78,
        "squawk": null,
        "spi": false,
        "position_source": 0
      }
    },
    {
      "type": "Feature",
      "geometry": {
        "type": "Point",
        "coordinates": [
          11.2717,
          42.425
        ]
      },
      "properties": {
        "icao24": "4cada6",
        "callsign": "ITY575",
        "origin_country": "Ireland",
        "time_position": 1786789973,
        "last_contact": 1786789973,
        "baro_altitude": 4861.56,
        "on_ground": false,
        "velocity": 180.45,
        "true_track": 119.93,
        "vertical_rate": -2.93,
        "geo_altitude": 5189.22,
        "squawk": "1000",
        "spi": false,
        "position_source": 0
      }
    },
    {
      "type": "Feature",
      "geometry": {
        "type": "Point",
        "coordinates": [
          8.6029,
          41.9659
        ]
      },
      "properties": {
        "icao24": "3855cf",
        "callsign": "FBVOP",
        "origin_country": "France",
        "time_position": 1786789865,
        "last_contact": 1786789865,
        "baro_altitude": 487.68,
        "on_ground": false,
        "velocity": 54.69,
        "true_track": 355.68,
        "vertical_rate": -0.33,
        "geo_altitude": 548.64,
        "squawk": null,
        "spi": false,
        "position_source": 0
      }
    },
    {
      "type": "Feature",
      "geometry": {
        "type": "Point",
        "coordinates": [
          15.6321,
          47.3084
        ]
      },
      "properties": {
        "icao24": "48ac80",
        "callsign": "LOT1LB",
        "origin_country": "Poland",
        "time_position": 1786789974,
        "last_contact": 1786789974,
        "baro_altitude": 7574.28,
        "on_ground": false,
        "velocity": 201.78,
        "true_track": 203.75,
        "vertical_rate": -9.1,
        "geo_altitude": 7985.76,
        "squawk": "1000",
        "spi": false,
        "position_source": 0
      }
    },
    {
      "type": "Feature",
      "geometry": {
        "type": "Point",
        "coordinates": [
          17.6109,
          47.2691
        ]
      },
      "properties": {
        "icao24": "4d2426",
        "callsign": "WZZ5UW",
        "origin_country": "Malta",
        "time_position": 1786789974,
        "last_contact": 1786789974,
        "baro_altitude": 6957.06,
        "on_ground": false,
        "velocity": 236.51,
        "true_track": 69.63,
        "vertical_rate": -16.91,
        "geo_altitude": 7376.16,
        "squawk": "1000",
        "spi": false,
        "position_source": 0
      }
    },
    {
      "type": "Feature",
      "geometry": {
        "type": "Point",
        "coordinates": [
          9.0262,
          44.4892
        ]
      },
      "properties": {
        "icao24": "4d2422",
        "callsign": "WMT428",
        "origin_country": "Malta",
        "time_position": 1786789974,
        "last_contact": 1786789974,
        "baro_altitude": 11277.6,
        "on_ground": false,
        "velocity": 231.98,
        "true_track": 251.65,
        "vertical_rate": 0,
        "geo_altitude": 11841.48,
        "squawk": "1000",
        "spi": false,
        "position_source": 0
      }
    },
    {
      "type": "Feature",
      "geometry": {
        "type": "Point",
        "coordinates": [
          8.1463,
          44.6299
        ]
      },
      "properties": {
        "icao24": "4cadb7",
        "callsign": "RYR20WJ",
        "origin_country": "Ireland",
        "time_position": 1786789973,
        "last_contact": 1786789973,
        "baro_altitude": 3596.64,
        "on_ground": false,
        "velocity": 194.66,
        "true_track": 313.82,
        "vertical_rate": -12.03,
        "geo_altitude": 3870.96,
        "squawk": "1000",
        "spi": false,
        "position_source": 0
      }
    },
    {
      "type": "Feature",
      "geometry": {
        "type": "Point",
        "coordinates": [
          6.3643,
          47.2259
        ]
      },
      "properties": {
        "icao24": "3d77ff",
        "callsign": "PAV415",
        "origin_country": "Germany",
        "time_position": 1786789974,
        "last_contact": 1786789974,
        "baro_altitude": 7315.2,
        "on_ground": false,
        "velocity": 128.47,
        "true_track": 355.64,
        "vertical_rate": 0,
        "geo_altitude": 7749.54,
        "squawk": "5764",
        "spi": false,
        "position_source": 0
      }
    },
    {
      "type": "Feature",
      "geometry": {
        "type": "Point",
        "coordinates": [
          8.4838,
          42.0365
        ]
      },
      "properties": {
        "icao24": "39c5c0",
        "callsign": "FHROA",
        "origin_country": "France",
        "time_position": 1786789827,
        "last_contact": 1786789834,
        "baro_altitude": 662.94,
        "on_ground": false,
        "velocity": 59.5,
        "true_track": 327,
        "vertical_rate": 1.3,
        "geo_altitude": 754.38,
        "squawk": null,
        "spi": false,
        "position_source": 0
      }
    },
    {
      "type": "Feature",
      "geometry": {
        "type": "Point",
        "coordinates": [
          18.3052,
          44.4667
        ]
      },
      "properties": {
        "icao24": "4d246f",
        "callsign": "WZZ578",
        "origin_country": "Malta",
        "time_position": 1786789972,
        "last_contact": 1786789973,
        "baro_altitude": 4366.26,
        "on_ground": false,
        "velocity": 163.56,
        "true_track": 292.37,
        "vertical_rate": 11.7,
        "geo_altitude": 4640.58,
        "squawk": null,
        "spi": false,
        "position_source": 0
      }
    },
    {
      "type": "Feature",
      "geometry": {
        "type": "Point",
        "coordinates": [
          12.0164,
          45.5322
        ]
      },
      "properties": {
        "icao24": "44a826",
        "callsign": "JAF6AC",
        "origin_country": "Belgium",
        "time_position": 1786789974,
        "last_contact": 1786789974,
        "baro_altitude": 11582.4,
        "on_ground": false,
        "velocity": 227.78,
        "true_track": 334.01,
        "vertical_rate": 0,
        "geo_altitude": 12115.8,
        "squawk": "1000",
        "spi": false,
        "position_source": 0
      }
    },
    {
      "type": "Feature",
      "geometry": {
        "type": "Point",
        "coordinates": [
          6.5666,
          44.0633
        ]
      },
      "properties": {
        "icao24": "4cadf2",
        "callsign": "RYR34EK",
        "origin_country": "Ireland",
        "time_position": 1786789974,
        "last_contact": 1786789974,
        "baro_altitude": 10668,
        "on_ground": false,
        "velocity": 232.88,
        "true_track": 237.08,
        "vertical_rate": 0,
        "geo_altitude": 11231.88,
        "squawk": "1000",
        "spi": false,
        "position_source": 0
      }
    },
    {
      "type": "Feature",
      "geometry": {
        "type": "Point",
        "coordinates": [
          16.174,
          43.2132
        ]
      },
      "properties": {
        "icao24": "4d2453",
        "callsign": "WMT63CN",
        "origin_country": "Malta",
        "time_position": 1786789962,
        "last_contact": 1786789972,
        "baro_altitude": 10980.42,
        "on_ground": false,
        "velocity": 228.17,
        "true_track": 31.54,
        "vertical_rate": 0,
        "geo_altitude": 11506.2,
        "squawk": "1000",
        "spi": false,
        "position_source": 0
      }
    },
    {
      "type": "Feature",
      "geometry": {
        "type": "Point",
        "coordinates": [
          9.0823,
          46.104
        ]
      },
      "properties": {
        "icao24": "4cadde",
        "callsign": "ITY426",
        "origin_country": "Ireland",
        "time_position": 1786789973,
        "last_contact": 1786789974,
        "baro_altitude": 6652.26,
        "on_ground": false,
        "velocity": 179.24,
        "true_track": 334.32,
        "vertical_rate": 8.78,
        "geo_altitude": 7048.5,
        "squawk": "2740",
        "spi": false,
        "position_source": 0
      }
    },
    {
      "type": "Feature",
      "geometry": {
        "type": "Point",
        "coordinates": [
          7.7928,
          44.3927
        ]
      },
      "properties": {
        "icao24": "4d243b",
        "callsign": "VJT423",
        "origin_country": "Malta",
        "time_position": 1786789974,
        "last_contact": 1786789974,
        "baro_altitude": 12496.8,
        "on_ground": false,
        "velocity": 219.22,
        "true_track": 237.65,
        "vertical_rate": -0.33,
        "geo_altitude": 13068.3,
        "squawk": "6650",
        "spi": false,
        "position_source": 0
      }
    },
    {
      "type": "Feature",
      "geometry": {
        "type": "Point",
        "coordinates": [
          8.1916,
          46.0281
        ]
      },
      "properties": {
        "icao24": "4cade5",
        "callsign": "RYR8RH",
        "origin_country": "Ireland",
        "time_position": 1786789974,
        "last_contact": 1786789974,
        "baro_altitude": 8039.1,
        "on_ground": false,
        "velocity": 210.09,
        "true_track": 293.68,
        "vertical_rate": 7.8,
        "geo_altitude": 8496.3,
        "squawk": "5757",
        "spi": false,
        "position_source": 0
      }
    },
    {
      "type": "Feature",
      "geometry": {
        "type": "Point",
        "coordinates": [
          9.7484,
          40.9957
        ]
      },
      "properties": {
        "icao24": "346043",
        "callsign": "VOE7BE",
        "origin_country": "Spain",
        "time_position": 1786789974,
        "last_contact": 1786789974,
        "baro_altitude": 10668,
        "on_ground": false,
        "velocity": 238.07,
        "true_track": 202.35,
        "vertical_rate": 0,
        "geo_altitude": 11231.88,
        "squawk": "7420",
        "spi": false,
        "position_source": 0
      }
    },
    {
      "type": "Feature",
      "geometry": {
        "type": "Point",
        "coordinates": [
          11.988,
          39.512
        ]
      },
      "properties": {
        "icao24": "4caded",
        "callsign": "ITY1772",
        "origin_country": "Ireland",
        "time_position": 1786789973,
        "last_contact": 1786789973,
        "baro_altitude": 8839.2,
        "on_ground": false,
        "velocity": 245.41,
        "true_track": 330.21,
        "vertical_rate": 8.13,
        "geo_altitude": 9342.12,
        "squawk": null,
        "spi": false,
        "position_source": 0
      }
    },
    {
      "type": "Feature",
      "geometry": {
        "type": "Point",
        "coordinates": [
          17.0865,
          43.4823
        ]
      },
      "properties": {
        "icao24": "4cadf8",
        "callsign": "RYR34GF",
        "origin_country": "Ireland",
        "time_position": 1786789922,
        "last_contact": 1786789969,
        "baro_altitude": 11277.6,
        "on_ground": false,
        "velocity": 240.06,
        "true_track": 143.89,
        "vertical_rate": 0,
        "geo_altitude": 11811,
        "squawk": "3455",
        "spi": false,
        "position_source": 0
      }
    },
    {
      "type": "Feature",
      "geometry": {
        "type": "Point",
        "coordinates": [
          16.54,
          43.2478
        ]
      },
      "properties": {
        "icao24": "40756e",
        "callsign": "EZY2095",
        "origin_country": "United Kingdom",
        "time_position": 1786789769,
        "last_contact": 1786789771,
        "baro_altitude": 11285.22,
        "on_ground": false,
        "velocity": 243.62,
        "true_track": 132.35,
        "vertical_rate": -0.33,
        "geo_altitude": 11826.24,
        "squawk": "3472",
        "spi": false,
        "position_source": 0
      }
    },
    {
      "type": "Feature",
      "geometry": {
        "type": "Point",
        "coordinates": [
          18.3136,
          40.9331
        ]
      },
      "properties": {
        "icao24": "40756a",
        "callsign": "EZY73PM",
        "origin_country": "United Kingdom",
        "time_position": 1786789971,
        "last_contact": 1786789971,
        "baro_altitude": 10736.58,
        "on_ground": false,
        "velocity": 222.95,
        "true_track": 321.46,
        "vertical_rate": 4.55,
        "geo_altitude": 11247.12,
        "squawk": null,
        "spi": false,
        "position_source": 0
      }
    },
    {
      "type": "Feature",
      "geometry": {
        "type": "Point",
        "coordinates": [
          15.35,
          43.0926
        ]
      },
      "properties": {
        "icao24": "40755f",
        "callsign": "EXS76MK",
        "origin_country": "United Kingdom",
        "time_position": 1786789974,
        "last_contact": 1786789974,
        "baro_altitude": 10363.2,
        "on_ground": false,
        "velocity": 224.4,
        "true_track": 322.92,
        "vertical_rate": 0.33,
        "geo_altitude": 10858.5,
        "squawk": "7225",
        "spi": false,
        "position_source": 0
      }
    },
    {
      "type": "Feature",
      "geometry": {
        "type": "Point",
        "coordinates": [
          14.4559,
          42.6011
        ]
      },
      "properties": {
        "icao24": "4d2493",
        "callsign": "WMT326",
        "origin_country": "Malta",
        "time_position": 1786789973,
        "last_contact": 1786789974,
        "baro_altitude": 10058.4,
        "on_ground": false,
        "velocity": 231.03,
        "true_track": 247.2,
        "vertical_rate": -0.33,
        "geo_altitude": 10591.8,
        "squawk": "7363",
        "spi": false,
        "position_source": 0
      }
    },
    {
      "type": "Feature",
      "geometry": {
        "type": "Point",
        "coordinates": [
          12.6645,
          35.5042
        ]
      },
      "properties": {
        "icao24": "4d2492",
        "callsign": "WMT372",
        "origin_country": "Malta",
        "time_position": 1786789974,
        "last_contact": 1786789974,
        "baro_altitude": 198.12,
        "on_ground": false,
        "velocity": 68.93,
        "true_track": 260.12,
        "vertical_rate": -3.58,
        "geo_altitude": 266.7,
        "squawk": "1205",
        "spi": false,
        "position_source": 0
      }
    },
    {
      "type": "Feature",
      "geometry": {
        "type": "Point",
        "coordinates": [
          8.5169,
          46.9738
        ]
      },
      "properties": {
        "icao24": "4b3e2c",
        "callsign": "AGV08",
        "origin_country": "Switzerland",
        "time_position": 1786789974,
        "last_contact": 1786789974,
        "baro_altitude": 1348.74,
        "on_ground": false,
        "velocity": 62.37,
        "true_track": 298.04,
        "vertical_rate": 0,
        "geo_altitude": 1478.28,
        "squawk": null,
        "spi": false,
        "position_source": 0
      }
    },
    {
      "type": "Feature",
      "geometry": {
        "type": "Point",
        "coordinates": [
          12.746,
          41.7889
        ]
      },
      "properties": {
        "icao24": "4cae19",
        "callsign": "ITY585",
        "origin_country": "Ireland",
        "time_position": 1786789974,
        "last_contact": 1786789974,
        "baro_altitude": 3611.88,
        "on_ground": false,
        "velocity": 167.96,
        "true_track": 297.35,
        "vertical_rate": -7.48,
        "geo_altitude": 3886.2,
        "squawk": null,
        "spi": false,
        "position_source": 0
      }
    },
    {
      "type": "Feature",
      "geometry": {
        "type": "Point",
        "coordinates": [
          8.7465,
          43.4174
        ]
      },
      "properties": {
        "icao24": "4cae57",
        "callsign": "RYR1RM",
        "origin_country": "Ireland",
        "time_position": 1786789974,
        "last_contact": 1786789974,
        "baro_altitude": 11277.6,
        "on_ground": false,
        "velocity": 232.88,
        "true_track": 223.57,
        "vertical_rate": 0,
        "geo_altitude": 11856.72,
        "squawk": "4152",
        "spi": false,
        "position_source": 0
      }
    },
    {
      "type": "Feature",
      "geometry": {
        "type": "Point",
        "coordinates": [
          11.4177,
          42.5072
        ]
      },
      "properties": {
        "icao24": "4d22b1",
        "callsign": "RYR50FD",
        "origin_country": "Malta",
        "time_position": 1786789973,
        "last_contact": 1786789973,
        "baro_altitude": 10980.42,
        "on_ground": false,
        "velocity": 233.98,
        "true_track": 53.58,
        "vertical_rate": 0,
        "geo_altitude": 11544.3,
        "squawk": "1000",
        "spi": false,
        "position_source": 0
      }
    },
    {
      "type": "Feature",
      "geometry": {
        "type": "Point",
        "coordinates": [
          8.7539,
          46.3391
        ]
      },
      "properties": {
        "icao24": "300780",
        "callsign": "DLH1LU",
        "origin_country": "Italy",
        "time_position": 1786789974,
        "last_contact": 1786789974,
        "baro_altitude": 8214.36,
        "on_ground": false,
        "velocity": 226.73,
        "true_track": 194.86,
        "vertical_rate": -4.88,
        "geo_altitude": 8671.56,
        "squawk": "1000",
        "spi": false,
        "position_source": 0
      }
    },
    {
      "type": "Feature",
      "geometry": {
        "type": "Point",
        "coordinates": [
          12.3363,
          42.1095
        ]
      },
      "properties": {
        "icao24": "300762",
        "callsign": "VND008E",
        "origin_country": "Italy",
        "time_position": 1786789974,
        "last_contact": 1786789974,
        "baro_altitude": 1493.52,
        "on_ground": false,
        "velocity": 149.33,
        "true_track": 144.39,
        "vertical_rate": -6.18,
        "geo_altitude": 1638.3,
        "squawk": "5146",
        "spi": false,
        "position_source": 0
      }
    },
    {
      "type": "Feature",
      "geometry": {
        "type": "Point",
        "coordinates": [
          8.3268,
          42.7485
        ]
      },
      "properties": {
        "icao24": "4cae97",
        "callsign": "RYR81BJ",
        "origin_country": "Ireland",
        "time_position": 1786789974,
        "last_contact": 1786789974,
        "baro_altitude": 10363.2,
        "on_ground": false,
        "velocity": 236.17,
        "true_track": 35.87,
        "vertical_rate": 0,
        "geo_altitude": 10911.84,
        "squawk": "1000",
        "spi": false,
        "position_source": 0
      }
    },
    {
      "type": "Feature",
      "geometry": {
        "type": "Point",
        "coordinates": [
          9.8974,
          42.9645
        ]
      },
      "properties": {
        "icao24": "4cae67",
        "callsign": "RYR3TG",
        "origin_country": "Ireland",
        "time_position": 1786789974,
        "last_contact": 1786789974,
        "baro_altitude": 11087.1,
        "on_ground": false,
        "velocity": 244.83,
        "true_track": 152.47,
        "vertical_rate": 2.93,
        "geo_altitude": 11658.6,
        "squawk": "5217",
        "spi": false,
        "position_source": 0
      }
    },
    {
      "type": "Feature",
      "geometry": {
        "type": "Point",
        "coordinates": [
          12.6288,
          44.1824
        ]
      },
      "properties": {
        "icao24": "4d22b7",
        "callsign": "RYR9767",
        "origin_country": "Malta",
        "time_position": 1786789974,
        "last_contact": 1786789974,
        "baro_altitude": 2606.04,
        "on_ground": false,
        "velocity": 144.32,
        "true_track": 48.47,
        "vertical_rate": 14.96,
        "geo_altitude": 2804.16,
        "squawk": "1000",
        "spi": false,
        "position_source": 0
      }
    },
    {
      "type": "Feature",
      "geometry": {
        "type": "Point",
        "coordinates": [
          12.0095,
          43.6374
        ]
      },
      "properties": {
        "icao24": "4cae62",
        "callsign": "RYR3LD",
        "origin_country": "Ireland",
        "time_position": 1786789973,
        "last_contact": 1786789973,
        "baro_altitude": 9060.18,
        "on_ground": false,
        "velocity": 241.67,
        "true_track": 167.71,
        "vertical_rate": -4.88,
        "geo_altitude": 9563.1,
        "squawk": "0572",
        "spi": false,
        "position_source": 0
      }
    },
    {
      "type": "Feature",
      "geometry": {
        "type": "Point",
        "coordinates": [
          10.0722,
          44.1368
        ]
      },
      "properties": {
        "icao24": "4d22b3",
        "callsign": "RYR703",
        "origin_country": "Malta",
        "time_position": 1786789974,
        "last_contact": 1786789974,
        "baro_altitude": 10980.42,
        "on_ground": false,
        "velocity": 233.83,
        "true_track": 58.13,
        "vertical_rate": 0,
        "geo_altitude": 11536.68,
        "squawk": "1000",
        "spi": false,
        "position_source": 0
      }
    },
    {
      "type": "Feature",
      "geometry": {
        "type": "Point",
        "coordinates": [
          14.7315,
          46.1852
        ]
      },
      "properties": {
        "icao24": "4d22b5",
        "callsign": "RYR61YD",
        "origin_country": "Malta",
        "time_position": 1786789974,
        "last_contact": 1786789974,
        "baro_altitude": 10355.58,
        "on_ground": false,
        "velocity": 229.88,
        "true_track": 57.06,
        "vertical_rate": 0,
        "geo_altitude": 10858.5,
        "squawk": "1000",
        "spi": false,
        "position_source": 0
      }
    },
    {
      "type": "Feature",
      "geometry": {
        "type": "Point",
        "coordinates": [
          11.1025,
          43.3568
        ]
      },
      "properties": {
        "icao24": "4cae6b",
        "callsign": "RYR863C",
        "origin_country": "Ireland",
        "time_position": 1786789973,
        "last_contact": 1786789973,
        "baro_altitude": 11277.6,
        "on_ground": false,
        "velocity": 243.05,
        "true_track": 125,
        "vertical_rate": 0,
        "geo_altitude": 11841.48,
        "squawk": "5265",
        "spi": false,
        "position_source": 0
      }
    },
    {
      "type": "Feature",
      "geometry": {
        "type": "Point",
        "coordinates": [
          10.4545,
          46.6064
        ]
      },
      "properties": {
        "icao24": "4d22bd",
        "callsign": "RYR18BK",
        "origin_country": "Malta",
        "time_position": 1786789974,
        "last_contact": 1786789974,
        "baro_altitude": 11277.6,
        "on_ground": false,
        "velocity": 239.46,
        "true_track": 122.63,
        "vertical_rate": 0,
        "geo_altitude": 11841.48,
        "squawk": "1000",
        "spi": false,
        "position_source": 0
      }
    },
    {
      "type": "Feature",
      "geometry": {
        "type": "Point",
        "coordinates": [
          12.1362,
          45.4164
        ]
      },
      "properties": {
        "icao24": "30070b",
        "callsign": "ILHCA",
        "origin_country": "Italy",
        "time_position": 1786789973,
        "last_contact": 1786789973,
        "baro_altitude": 213.36,
        "on_ground": false,
        "velocity": 68.76,
        "true_track": 80.96,
        "vertical_rate": -0.33,
        "geo_altitude": 297.18,
        "squawk": null,
        "spi": false,
        "position_source": 0
      }
    },
    {
      "type": "Feature",
      "geometry": {
        "type": "Point",
        "coordinates": [
          13.9023,
          39.7394
        ]
      },
      "properties": {
        "icao24": "3472cc",
        "callsign": "IBE08HP",
        "origin_country": "Spain",
        "time_position": 1786789974,
        "last_contact": 1786789974,
        "baro_altitude": 11269.98,
        "on_ground": false,
        "velocity": 240.5,
        "true_track": 102.73,
        "vertical_rate": 0,
        "geo_altitude": 11856.72,
        "squawk": "1202",
        "spi": false,
        "position_source": 0
      }
    },
    {
      "type": "Feature",
      "geometry": {
        "type": "Point",
        "coordinates": [
          13.353,
          43.2092
        ]
      },
      "properties": {
        "icao24": "33fe1e",
        "callsign": "IEI2801",
        "origin_country": "Italy",
        "time_position": 1786789974,
        "last_contact": 1786789974,
        "baro_altitude": 3962.4,
        "on_ground": false,
        "velocity": 127.28,
        "true_track": 241.78,
        "vertical_rate": -0.65,
        "geo_altitude": 4213.86,
        "squawk": "7504",
        "spi": false,
        "position_source": 0
      }
    },
    {
      "type": "Feature",
      "geometry": {
        "type": "Point",
        "coordinates": [
          10.9794,
          43.8451
        ]
      },
      "properties": {
        "icao24": "471841",
        "callsign": "JSD388",
        "origin_country": "Hungary",
        "time_position": 1786789973,
        "last_contact": 1786789973,
        "baro_altitude": 11780.52,
        "on_ground": false,
        "velocity": 242.57,
        "true_track": 198.93,
        "vertical_rate": -3.25,
        "geo_altitude": 12352.02,
        "squawk": "1000",
        "spi": false,
        "position_source": 0
      }
    },
    {
      "type": "Feature",
      "geometry": {
        "type": "Point",
        "coordinates": [
          6.2402,
          40.8873
        ]
      },
      "properties": {
        "icao24": "3cef03",
        "callsign": "PVD434Q",
        "origin_country": "Germany",
        "time_position": 1786789974,
        "last_contact": 1786789974,
        "baro_altitude": 10058.4,
        "on_ground": false,
        "velocity": 237.42,
        "true_track": 249.05,
        "vertical_rate": 0,
        "geo_altitude": 10591.8,
        "squawk": "1000",
        "spi": false,
        "position_source": 0
      }
    },
    {
      "type": "Feature",
      "geometry": {
        "type": "Point",
        "coordinates": [
          7.2168,
          43.6643
        ]
      },
      "properties": {
        "icao24": "4d230d",
        "callsign": "VJT750",
        "origin_country": "Malta",
        "time_position": 1786789968,
        "last_contact": 1786789973,
        "baro_altitude": null,
        "on_ground": true,
        "velocity": 0.06,
        "true_track": 135,
        "vertical_rate": null,
        "geo_altitude": null,
        "squawk": "1000",
        "spi": false,
        "position_source": 0
      }
    },
    {
      "type": "Feature",
      "geometry": {
        "type": "Point",
        "coordinates": [
          14.3443,
          43.0405
        ]
      },
      "properties": {
        "icao24": "4d2320",
        "callsign": "SWU1904",
        "origin_country": "Malta",
        "time_position": 1786789973,
        "last_contact": 1786789973,
        "baro_altitude": 7620,
        "on_ground": false,
        "velocity": 183.91,
        "true_track": 130.46,
        "vertical_rate": 0,
        "geo_altitude": 8061.96,
        "squawk": "1000",
        "spi": false,
        "position_source": 0
      }
    },
    {
      "type": "Feature",
      "geometry": {
        "type": "Point",
        "coordinates": [
          11.4745,
          46.5409
        ]
      },
      "properties": {
        "icao24": "4d2304",
        "callsign": "RYR6ZE",
        "origin_country": "Malta",
        "time_position": 1786789974,
        "last_contact": 1786789974,
        "baro_altitude": 10957.56,
        "on_ground": false,
        "velocity": 228.96,
        "true_track": 351.34,
        "vertical_rate": 4.88,
        "geo_altitude": 11490.96,
        "squawk": "0260",
        "spi": false,
        "position_source": 0
      }
    },
    {
      "type": "Feature",
      "geometry": {
        "type": "Point",
        "coordinates": [
          9.7833,
          41.2021
        ]
      },
      "properties": {
        "icao24": "4d2301",
        "callsign": "RYR44ZN",
        "origin_country": "Malta",
        "time_position": 1786789974,
        "last_contact": 1786789974,
        "baro_altitude": 11277.6,
        "on_ground": false,
        "velocity": 236.05,
        "true_track": 185.13,
        "vertical_rate": -0.33,
        "geo_altitude": 11871.96,
        "squawk": "7626",
        "spi": false,
        "position_source": 0
      }
    },
    {
      "type": "Feature",
      "geometry": {
        "type": "Point",
        "coordinates": [
          17.4727,
          47.2565
        ]
      },
      "properties": {
        "icao24": "4d2350",
        "callsign": "RYR22MM",
        "origin_country": "Malta",
        "time_position": 1786789974,
        "last_contact": 1786789974,
        "baro_altitude": 11277.6,
        "on_ground": false,
        "velocity": 232.6,
        "true_track": 5.58,
        "vertical_rate": 0,
        "geo_altitude": 11788.14,
        "squawk": "6572",
        "spi": false,
        "position_source": 0
      }
    },
    {
      "type": "Feature",
      "geometry": {
        "type": "Point",
        "coordinates": [
          17.8956,
          43.5694
        ]
      },
      "properties": {
        "icao24": "3c56ec",
        "callsign": "EWG90V",
        "origin_country": "Germany",
        "time_position": 1786789972,
        "last_contact": 1786789973,
        "baro_altitude": 11582.4,
        "on_ground": false,
        "velocity": 224.47,
        "true_track": 346.35,
        "vertical_rate": 0,
        "geo_altitude": 12131.04,
        "squawk": "1000",
        "spi": false,
        "position_source": 0
      }
    },
    {
      "type": "Feature",
      "geometry": {
        "type": "Point",
        "coordinates": [
          8.0654,
          41.291
        ]
      },
      "properties": {
        "icao24": "4d2338",
        "callsign": "TAR717",
        "origin_country": "Malta",
        "time_position": 1786789974,
        "last_contact": 1786789974,
        "baro_altitude": 11285.22,
        "on_ground": false,
        "velocity": 242.74,
        "true_track": 149.85,
        "vertical_rate": 0,
        "geo_altitude": 11871.96,
        "squawk": "7634",
        "spi": false,
        "position_source": 0
      }
    },
    {
      "type": "Feature",
      "geometry": {
        "type": "Point",
        "coordinates": [
          9.96,
          45.5747
        ]
      },
      "properties": {
        "icao24": "4d2349",
        "callsign": "RYR62FP",
        "origin_country": "Malta",
        "time_position": 1786789974,
        "last_contact": 1786789974,
        "baro_altitude": 1333.5,
        "on_ground": false,
        "velocity": 100.88,
        "true_track": 358.25,
        "vertical_rate": -6.83,
        "geo_altitude": 1470.66,
        "squawk": "1000",
        "spi": false,
        "position_source": 0
      }
    },
    {
      "type": "Feature",
      "geometry": {
        "type": "Point",
        "coordinates": [
          11.8498,
          42.8038
        ]
      },
      "properties": {
        "icao24": "4bd023",
        "callsign": "TCTAC",
        "origin_country": "Turkey",
        "time_position": 1786789973,
        "last_contact": 1786789974,
        "baro_altitude": 9753.6,
        "on_ground": false,
        "velocity": 221.27,
        "true_track": 274.13,
        "vertical_rate": 0,
        "geo_altitude": 10264.14,
        "squawk": "3241",
        "spi": false,
        "position_source": 0
      }
    },
    {
      "type": "Feature",
      "geometry": {
        "type": "Point",
        "coordinates": [
          8.1934,
          44.5123
        ]
      },
      "properties": {
        "icao24": "30038f",
        "callsign": "IBEPP",
        "origin_country": "Italy",
        "time_position": 1786789970,
        "last_contact": 1786789970,
        "baro_altitude": 967.74,
        "on_ground": false,
        "velocity": 75.36,
        "true_track": 218.9,
        "vertical_rate": 0.33,
        "geo_altitude": 1089.66,
        "squawk": "4610",
        "spi": false,
        "position_source": 0
      }
    },
    {
      "type": "Feature",
      "geometry": {
        "type": "Point",
        "coordinates": [
          8.7799,
          40.3098
        ]
      },
      "properties": {
        "icao24": "4d2395",
        "callsign": "TAR751",
        "origin_country": "Malta",
        "time_position": 1786789974,
        "last_contact": 1786789974,
        "baro_altitude": 10058.4,
        "on_ground": false,
        "velocity": 223.67,
        "true_track": 152.32,
        "vertical_rate": 0,
        "geo_altitude": 10607.04,
        "squawk": "5670",
        "spi": false,
        "position_source": 0
      }
    },
    {
      "type": "Feature",
      "geometry": {
        "type": "Point",
        "coordinates": [
          12.0953,
          39.614
        ]
      },
      "properties": {
        "icao24": "4d2397",
        "callsign": "MNS523",
        "origin_country": "Malta",
        "time_position": 1786789973,
        "last_contact": 1786789973,
        "baro_altitude": 10439.4,
        "on_ground": false,
        "velocity": 247.11,
        "true_track": 182.15,
        "vertical_rate": 7.15,
        "geo_altitude": 11003.28,
        "squawk": null,
        "spi": false,
        "position_source": 0
      }
    },
    {
      "type": "Feature",
      "geometry": {
        "type": "Point",
        "coordinates": [
          9.0112,
          45.2058
        ]
      },
      "properties": {
        "icao24": "4d2392",
        "callsign": "EWG59EL",
        "origin_country": "Malta",
        "time_position": 1786789974,
        "last_contact": 1786789974,
        "baro_altitude": 10363.2,
        "on_ground": false,
        "velocity": 235.16,
        "true_track": 1.25,
        "vertical_rate": 0,
        "geo_altitude": 10911.84,
        "squawk": "0442",
        "spi": false,
        "position_source": 0
      }
    },
    {
      "type": "Feature",
      "geometry": {
        "type": "Point",
        "coordinates": [
          13.1092,
          44.1095
        ]
      },
      "properties": {
        "icao24": "4d239a",
        "callsign": "CXI9C",
        "origin_country": "Malta",
        "time_position": 1786789974,
        "last_contact": 1786789974,
        "baro_altitude": 11879.58,
        "on_ground": false,
        "velocity": 239.47,
        "true_track": 136.74,
        "vertical_rate": 0,
        "geo_altitude": 12428.22,
        "squawk": "0516",
        "spi": false,
        "position_source": 0
      }
    },
    {
      "type": "Feature",
      "geometry": {
        "type": "Point",
        "coordinates": [
          12.5613,
          38.8462
        ]
      },
      "properties": {
        "icao24": "4d2387",
        "callsign": "RYR95TC",
        "origin_country": "Malta",
        "time_position": 1786789974,
        "last_contact": 1786789974,
        "baro_altitude": 11277.6,
        "on_ground": false,
        "velocity": 246.41,
        "true_track": 153.06,
        "vertical_rate": 0,
        "geo_altitude": 11879.58,
        "squawk": "5257",
        "spi": false,
        "position_source": 0
      }
    },
    {
      "type": "Feature",
      "geometry": {
        "type": "Point",
        "coordinates": [
          7.2646,
          41.4017
        ]
      },
      "properties": {
        "icao24": "a5b7ec",
        "callsign": "N468GC",
        "origin_country": "United States",
        "time_position": 1786789973,
        "last_contact": 1786789973,
        "baro_altitude": 13068.3,
        "on_ground": false,
        "velocity": 241.18,
        "true_track": 314.74,
        "vertical_rate": -5.2,
        "geo_altitude": 13754.1,
        "squawk": "2065",
        "spi": false,
        "position_source": 0
      }
    },
    {
      "type": "Feature",
      "geometry": {
        "type": "Point",
        "coordinates": [
          12.066,
          45.3153
        ]
      },
      "properties": {
        "icao24": "300394",
        "callsign": "DLA8LW",
        "origin_country": "Italy",
        "time_position": 1786789974,
        "last_contact": 1786789974,
        "baro_altitude": 1623.06,
        "on_ground": false,
        "velocity": 134.2,
        "true_track": 130.96,
        "vertical_rate": -6.83,
        "geo_altitude": 1783.08,
        "squawk": "1000",
        "spi": false,
        "position_source": 0
      }
    },
    {
      "type": "Feature",
      "geometry": {
        "type": "Point",
        "coordinates": [
          11.1689,
          46.5748
        ]
      },
      "properties": {
        "icao24": "3ff3f3",
        "callsign": "DMSJU",
        "origin_country": "Germany",
        "time_position": 1786789674,
        "last_contact": 1786789674,
        "baro_altitude": 1653.54,
        "on_ground": false,
        "velocity": 40.55,
        "true_track": 324.29,
        "vertical_rate": 0.65,
        "geo_altitude": 1805.94,
        "squawk": null,
        "spi": false,
        "position_source": 0
      }
    },
    {
      "type": "Feature",
      "geometry": {
        "type": "Point",
        "coordinates": [
          12.2333,
          45.7293
        ]
      },
      "properties": {
        "icao24": "30041d",
        "callsign": "CAN30",
        "origin_country": "Italy",
        "time_position": 1786789973,
        "last_contact": 1786789974,
        "baro_altitude": 304.8,
        "on_ground": false,
        "velocity": 83.4,
        "true_track": 201.34,
        "vertical_rate": -1.3,
        "geo_altitude": 388.62,
        "squawk": "4577",
        "spi": false,
        "position_source": 0
      }
    },
    {
      "type": "Feature",
      "geometry": {
        "type": "Point",
        "coordinates": [
          16.7467,
          47.358
        ]
      },
      "properties": {
        "icao24": "4c01e0",
        "callsign": "ASL12H",
        "origin_country": "Serbia",
        "time_position": 1786789974,
        "last_contact": 1786789974,
        "baro_altitude": 10363.2,
        "on_ground": false,
        "velocity": 241.79,
        "true_track": 305.21,
        "vertical_rate": 0,
        "geo_altitude": 10858.5,
        "squawk": "2650",
        "spi": false,
        "position_source": 0
      }
    },
    {
      "type": "Feature",
      "geometry": {
        "type": "Point",
        "coordinates": [
          7.6036,
          45.0498
        ]
      },
      "properties": {
        "icao24": "300401",
        "callsign": "INOST",
        "origin_country": "Italy",
        "time_position": 1786789974,
        "last_contact": 1786789974,
        "baro_altitude": 563.88,
        "on_ground": false,
        "velocity": 67.32,
        "true_track": 353.42,
        "vertical_rate": -2.93,
        "geo_altitude": 662.94,
        "squawk": null,
        "spi": false,
        "position_source": 0
      }
    },
    {
      "type": "Feature",
      "geometry": {
        "type": "Point",
        "coordinates": [
          6.0393,
          43.9857
        ]
      },
      "properties": {
        "icao24": "398640",
        "callsign": "CCM48BZ",
        "origin_country": "France",
        "time_position": 1786789974,
        "last_contact": 1786789974,
        "baro_altitude": 10668,
        "on_ground": false,
        "velocity": 232.2,
        "true_track": 136.8,
        "vertical_rate": 0,
        "geo_altitude": 11231.88,
        "squawk": "1000",
        "spi": false,
        "position_source": 0
      }
    },
    {
      "type": "Feature",
      "geometry": {
        "type": "Point",
        "coordinates": [
          10.3837,
          44.1261
        ]
      },
      "properties": {
        "icao24": "4d21c9",
        "callsign": "AEZ2631",
        "origin_country": "Malta",
        "time_position": 1786789974,
        "last_contact": 1786789974,
        "baro_altitude": 9448.8,
        "on_ground": false,
        "velocity": 238.85,
        "true_track": 162.58,
        "vertical_rate": 0,
        "geo_altitude": 9944.1,
        "squawk": "6332",
        "spi": false,
        "position_source": 0
      }
    },
    {
      "type": "Feature",
      "geometry": {
        "type": "Point",
        "coordinates": [
          18.3819,
          43.2474
        ]
      },
      "properties": {
        "icao24": "4c01f5",
        "callsign": "ASL9470",
        "origin_country": "Serbia",
        "time_position": 1786789828,
        "last_contact": 1786789843,
        "baro_altitude": 10835.64,
        "on_ground": false,
        "velocity": 233.03,
        "true_track": 212.74,
        "vertical_rate": 3.58,
        "geo_altitude": 11346.18,
        "squawk": "4156",
        "spi": false,
        "position_source": 0
      }
    },
    {
      "type": "Feature",
      "geometry": {
        "type": "Point",
        "coordinates": [
          12.2572,
          41.8561
        ]
      },
      "properties": {
        "icao24": "4cad5c",
        "callsign": "ITY2045",
        "origin_country": "Ireland",
        "time_position": 1786789722,
        "last_contact": 1786789723,
        "baro_altitude": 76.2,
        "on_ground": false,
        "velocity": 70.12,
        "true_track": 162.5,
        "vertical_rate": -3.25,
        "geo_altitude": 152.4,
        "squawk": "1000",
        "spi": false,
        "position_source": 0
      }
    },
    {
      "type": "Feature",
      "geometry": {
        "type": "Point",
        "coordinates": [
          11.1558,
          40.3929
        ]
      },
      "properties": {
        "icao24": "3482d8",
        "callsign": "VLG22PD",
        "origin_country": "Spain",
        "time_position": 1786789973,
        "last_contact": 1786789973,
        "baro_altitude": 10363.2,
        "on_ground": false,
        "velocity": 233.48,
        "true_track": 281.95,
        "vertical_rate": 0,
        "geo_altitude": 10919.46,
        "squawk": "2017",
        "spi": false,
        "position_source": 0
      }
    },
    {
      "type": "Feature",
      "geometry": {
        "type": "Point",
        "coordinates": [
          12.5875,
          46.3698
        ]
      },
      "properties": {
        "icao24": "4d21ec",
        "callsign": "RYR1809",
        "origin_country": "Malta",
        "time_position": 1786789974,
        "last_contact": 1786789974,
        "baro_altitude": 10972.8,
        "on_ground": false,
        "velocity": 231.75,
        "true_track": 44.01,
        "vertical_rate": 0,
        "geo_altitude": 11498.58,
        "squawk": "0420",
        "spi": false,
        "position_source": 0
      }
    },
    {
      "type": "Feature",
      "geometry": {
        "type": "Point",
        "coordinates": [
          9.8834,
          43.1354
        ]
      },
      "properties": {
        "icao24": "4d21fe",
        "callsign": "RYR99RK",
        "origin_country": "Malta",
        "time_position": 1786789974,
        "last_contact": 1786789974,
        "baro_altitude": 7155.18,
        "on_ground": false,
        "velocity": 201.24,
        "true_track": 341.52,
        "vertical_rate": -3.25,
        "geo_altitude": 7574.28,
        "squawk": "5115",
        "spi": false,
        "position_source": 0
      }
    },
    {
      "type": "Feature",
      "geometry": {
        "type": "Point",
        "coordinates": [
          9.2798,
          45.4555
        ]
      },
      "properties": {
        "icao24": "4d21ce",
        "callsign": "AEZ41ST",
        "origin_country": "Malta",
        "time_position": 1786789869,
        "last_contact": 1786789873,
        "baro_altitude": null,
        "on_ground": true,
        "velocity": 5.66,
        "true_track": 0,
        "vertical_rate": null,
        "geo_altitude": null,
        "squawk": "7054",
        "spi": false,
        "position_source": 0
      }
    },
    {
      "type": "Feature",
      "geometry": {
        "type": "Point",
        "coordinates": [
          15.8589,
          46.2678
        ]
      },
      "properties": {
        "icao24": "4c01eb",
        "callsign": "ASL71G",
        "origin_country": "Serbia",
        "time_position": 1786789974,
        "last_contact": 1786789974,
        "baro_altitude": 10668,
        "on_ground": false,
        "velocity": 234.6,
        "true_track": 107.88,
        "vertical_rate": 0.33,
        "geo_altitude": 11170.92,
        "squawk": "0664",
        "spi": false,
        "position_source": 0
      }
    },
    {
      "type": "Feature",
      "geometry": {
        "type": "Point",
        "coordinates": [
          11.8372,
          44.4592
        ]
      },
      "properties": {
        "icao24": "4cad86",
        "callsign": "SAS42K",
        "origin_country": "Ireland",
        "time_position": 1786789974,
        "last_contact": 1786789974,
        "baro_altitude": 11574.78,
        "on_ground": false,
        "velocity": 219.16,
        "true_track": 0.54,
        "vertical_rate": -0.33,
        "geo_altitude": 12131.04,
        "squawk": "1212",
        "spi": false,
        "position_source": 0
      }
    },
    {
      "type": "Feature",
      "geometry": {
        "type": "Point",
        "coordinates": [
          12.2567,
          41.8576
        ]
      },
      "properties": {
        "icao24": "4d21f6",
        "callsign": "AEZ60RG",
        "origin_country": "Malta",
        "time_position": 1786789954,
        "last_contact": 1786789956,
        "baro_altitude": 76.2,
        "on_ground": false,
        "velocity": 72.89,
        "true_track": 162.33,
        "vertical_rate": -3.25,
        "geo_altitude": 137.16,
        "squawk": null,
        "spi": false,
        "position_source": 0
      }
    },
    {
      "type": "Feature",
      "geometry": {
        "type": "Point",
        "coordinates": [
          12.3322,
          39.4304
        ]
      },
      "properties": {
        "icao24": "4d21dc",
        "callsign": "KMM307",
        "origin_country": "Malta",
        "time_position": 1786789974,
        "last_contact": 1786789974,
        "baro_altitude": 11285.22,
        "on_ground": false,
        "velocity": 237.88,
        "true_track": 175.53,
        "vertical_rate": -0.33,
        "geo_altitude": 11864.34,
        "squawk": "0241",
        "spi": false,
        "position_source": 0
      }
    },
    {
      "type": "Feature",
      "geometry": {
        "type": "Point",
        "coordinates": [
          9.3241,
          42.6019
        ]
      },
      "properties": {
        "icao24": "39c486",
        "callsign": "ARL647B",
        "origin_country": "France",
        "time_position": 1786789974,
        "last_contact": 1786789974,
        "baro_altitude": 12496.8,
        "on_ground": false,
        "velocity": 241.13,
        "true_track": 107.51,
        "vertical_rate": -0.33,
        "geo_altitude": 13068.3,
        "squawk": "3371",
        "spi": false,
        "position_source": 0
      }
    },
    {
      "type": "Feature",
      "geometry": {
        "type": "Point",
        "coordinates": [
          10.7365,
          45.035
        ]
      },
      "properties": {
        "icao24": "4d20ff",
        "callsign": "WMT8508",
        "origin_country": "Malta",
        "time_position": 1786789974,
        "last_contact": 1786789974,
        "baro_altitude": 2529.84,
        "on_ground": false,
        "velocity": 138.01,
        "true_track": 293.51,
        "vertical_rate": -4.88,
        "geo_altitude": 2727.96,
        "squawk": "5404",
        "spi": false,
        "position_source": 0
      }
    },
    {
      "type": "Feature",
      "geometry": {
        "type": "Point",
        "coordinates": [
          9.1425,
          47.0136
        ]
      },
      "properties": {
        "icao24": "3f068f",
        "callsign": "D9720",
        "origin_country": "Germany",
        "time_position": 1786789973,
        "last_contact": 1786789973,
        "baro_altitude": 2697.48,
        "on_ground": false,
        "velocity": 35.16,
        "true_track": 290.56,
        "vertical_rate": -0.33,
        "geo_altitude": 2918.46,
        "squawk": "7000",
        "spi": false,
        "position_source": 0
      }
    },
    {
      "type": "Feature",
      "geometry": {
        "type": "Point",
        "coordinates": [
          11.2094,
          43.6969
        ]
      },
      "properties": {
        "icao24": "3003af",
        "callsign": "DLA1TA",
        "origin_country": "Italy",
        "time_position": 1786789973,
        "last_contact": 1786789973,
        "baro_altitude": 1821.18,
        "on_ground": false,
        "velocity": 143.95,
        "true_track": 216.13,
        "vertical_rate": 0.33,
        "geo_altitude": 1988.82,
        "squawk": "1000",
        "spi": false,
        "position_source": 0
      }
    },
    {
      "type": "Feature",
      "geometry": {
        "type": "Point",
        "coordinates": [
          10.2963,
          44.2366
        ]
      },
      "properties": {
        "icao24": "3003d0",
        "callsign": "SSR93MF",
        "origin_country": "Italy",
        "time_position": 1786789974,
        "last_contact": 1786789974,
        "baro_altitude": 5463.54,
        "on_ground": false,
        "velocity": 124.62,
        "true_track": 140.53,
        "vertical_rate": -5.2,
        "geo_altitude": 5791.2,
        "squawk": "1000",
        "spi": false,
        "position_source": 0
      }
    },
    {
      "type": "Feature",
      "geometry": {
        "type": "Point",
        "coordinates": [
          11.3005,
          41.0318
        ]
      },
      "properties": {
        "icao24": "a96cf7",
        "callsign": "WVE822",
        "origin_country": "United States",
        "time_position": 1786789974,
        "last_contact": 1786789974,
        "baro_altitude": 5791.2,
        "on_ground": false,
        "velocity": 137.66,
        "true_track": 158.52,
        "vertical_rate": 0,
        "geo_altitude": 6164.58,
        "squawk": "2511",
        "spi": false,
        "position_source": 0
      }
    },
    {
      "type": "Feature",
      "geometry": {
        "type": "Point",
        "coordinates": [
          9.4085,
          45.0587
        ]
      },
      "properties": {
        "icao24": "4d2239",
        "callsign": "RYR764G",
        "origin_country": "Malta",
        "time_position": 1786789974,
        "last_contact": 1786789974,
        "baro_altitude": 11277.6,
        "on_ground": false,
        "velocity": 235.63,
        "true_track": 147.66,
        "vertical_rate": 0,
        "geo_altitude": 11818.62,
        "squawk": "1000",
        "spi": false,
        "position_source": 0
      }
    },
    {
      "type": "Feature",
      "geometry": {
        "type": "Point",
        "coordinates": [
          8.2094,
          43.6169
        ]
      },
      "properties": {
        "icao24": "461a85",
        "callsign": "FSF120A",
        "origin_country": "Finland",
        "time_position": 1786789973,
        "last_contact": 1786789973,
        "baro_altitude": 5219.7,
        "on_ground": false,
        "velocity": 133.9,
        "true_track": 243.04,
        "vertical_rate": -6.83,
        "geo_altitude": 5547.36,
        "squawk": "0240",
        "spi": false,
        "position_source": 0
      }
    },
    {
      "type": "Feature",
      "geometry": {
        "type": "Point",
        "coordinates": [
          10.147,
          41.7888
        ]
      },
      "properties": {
        "icao24": "4d2236",
        "callsign": "RYR42CG",
        "origin_country": "Malta",
        "time_position": 1786789973,
        "last_contact": 1786789974,
        "baro_altitude": 11277.6,
        "on_ground": false,
        "velocity": 232.9,
        "true_track": 201.92,
        "vertical_rate": 0,
        "geo_altitude": 11849.1,
        "squawk": "7426",
        "spi": false,
        "position_source": 0
      }
    },
    {
      "type": "Feature",
      "geometry": {
        "type": "Point",
        "coordinates": [
          11.6154,
          46.2094
        ]
      },
      "properties": {
        "icao24": "4d221e",
        "callsign": "RYR88ZF",
        "origin_country": "Malta",
        "time_position": 1786789974,
        "last_contact": 1786789974,
        "baro_altitude": 11277.6,
        "on_ground": false,
        "velocity": 233.16,
        "true_track": 186.84,
        "vertical_rate": -0.33,
        "geo_altitude": 11818.62,
        "squawk": "1124",
        "spi": false,
        "position_source": 0
      }
    },
    {
      "type": "Feature",
      "geometry": {
        "type": "Point",
        "coordinates": [
          6.8629,
          44.1886
        ]
      },
      "properties": {
        "icao24": "4d221f",
        "callsign": "RYR73PQ",
        "origin_country": "Malta",
        "time_position": 1786789974,
        "last_contact": 1786789974,
        "baro_altitude": 9464.04,
        "on_ground": false,
        "velocity": 242.86,
        "true_track": 230.07,
        "vertical_rate": 3.58,
        "geo_altitude": 9989.82,
        "squawk": "1000",
        "spi": false,
        "position_source": 0
      }
    },
    {
      "type": "Feature",
      "geometry": {
        "type": "Point",
        "coordinates": [
          12.5376,
          37.8809
        ]
      },
      "properties": {
        "icao24": "4d221a",
        "callsign": "RYR5PR",
        "origin_country": "Malta",
        "time_position": 1786789842,
        "last_contact": 1786789842,
        "baro_altitude": 228.6,
        "on_ground": false,
        "velocity": 76.89,
        "true_track": 308.48,
        "vertical_rate": -3.9,
        "geo_altitude": 297.18,
        "squawk": "5132",
        "spi": false,
        "position_source": 0
      }
    },
    {
      "type": "Feature",
      "geometry": {
        "type": "Point",
        "coordinates": [
          8.2447,
          41.6822
        ]
      },
      "properties": {
        "icao24": "3986e2",
        "callsign": "AFR84CA",
        "origin_country": "France",
        "time_position": 1786789974,
        "last_contact": 1786789974,
        "baro_altitude": 5913.12,
        "on_ground": false,
        "velocity": 197.41,
        "true_track": 295.96,
        "vertical_rate": 11.05,
        "geo_altitude": 6278.88,
        "squawk": null,
        "spi": false,
        "position_source": 0
      }
    },
    {
      "type": "Feature",
      "geometry": {
        "type": "Point",
        "coordinates": [
          8.7337,
          45.6646
        ]
      },
      "properties": {
        "icao24": "4c0260",
        "callsign": "ASL16G",
        "origin_country": "Serbia",
        "time_position": 1786789974,
        "last_contact": 1786789974,
        "baro_altitude": 617.22,
        "on_ground": false,
        "velocity": 82.94,
        "true_track": 44.5,
        "vertical_rate": 9.75,
        "geo_altitude": 716.28,
        "squawk": "0461",
        "spi": false,
        "position_source": 0
      }
    },
    {
      "type": "Feature",
      "geometry": {
        "type": "Point",
        "coordinates": [
          6.5672,
          45.8873
        ]
      },
      "properties": {
        "icao24": "4b089d",
        "callsign": "HBDGV",
        "origin_country": "Switzerland",
        "time_position": 1786789870,
        "last_contact": 1786789870,
        "baro_altitude": 2407.92,
        "on_ground": false,
        "velocity": 81.76,
        "true_track": 33.19,
        "vertical_rate": 0,
        "geo_altitude": 2606.04,
        "squawk": "7000",
        "spi": false,
        "position_source": 0
      }
    },
    {
      "type": "Feature",
      "geometry": {
        "type": "Point",
        "coordinates": [
          13.6257,
          46.2494
        ]
      },
      "properties": {
        "icao24": "4d2214",
        "callsign": "RYR367K",
        "origin_country": "Malta",
        "time_position": 1786789974,
        "last_contact": 1786789974,
        "baro_altitude": 10363.2,
        "on_ground": false,
        "velocity": 231.56,
        "true_track": 331.61,
        "vertical_rate": 0,
        "geo_altitude": 10858.5,
        "squawk": "5657",
        "spi": false,
        "position_source": 0
      }
    },
    {
      "type": "Feature",
      "geometry": {
        "type": "Point",
        "coordinates": [
          9.8038,
          43.8927
        ]
      },
      "properties": {
        "icao24": "4d2219",
        "callsign": "RYR6UN",
        "origin_country": "Malta",
        "time_position": 1786789974,
        "last_contact": 1786789974,
        "baro_altitude": 10972.8,
        "on_ground": false,
        "velocity": 231.17,
        "true_track": 47.25,
        "vertical_rate": 0,
        "geo_altitude": 11521.44,
        "squawk": "1000",
        "spi": false,
        "position_source": 0
      }
    },
    {
      "type": "Feature",
      "geometry": {
        "type": "Point",
        "coordinates": [
          8.3537,
          47.3933
        ]
      },
      "properties": {
        "icao24": "485a35",
        "callsign": "KLM1920",
        "origin_country": "Kingdom of the Netherlands",
        "time_position": 1786789974,
        "last_contact": 1786789974,
        "baro_altitude": 2583.18,
        "on_ground": false,
        "velocity": 120.29,
        "true_track": 235.63,
        "vertical_rate": 15.28,
        "geo_altitude": 2766.06,
        "squawk": "1000",
        "spi": false,
        "position_source": 0
      }
    },
    {
      "type": "Feature",
      "geometry": {
        "type": "Point",
        "coordinates": [
          11.658,
          39.5802
        ]
      },
      "properties": {
        "icao24": "4d2223",
        "callsign": "RYR6503",
        "origin_country": "Malta",
        "time_position": 1786789967,
        "last_contact": 1786789967,
        "baro_altitude": 10698.48,
        "on_ground": false,
        "velocity": 239.05,
        "true_track": 167.7,
        "vertical_rate": -5.2,
        "geo_altitude": 11285.22,
        "squawk": "7327",
        "spi": false,
        "position_source": 0
      }
    },
    {
      "type": "Feature",
      "geometry": {
        "type": "Point",
        "coordinates": [
          6.2704,
          46.7608
        ]
      },
      "properties": {
        "icao24": "4d226b",
        "callsign": "RYR76YY",
        "origin_country": "Malta",
        "time_position": 1786789974,
        "last_contact": 1786789974,
        "baro_altitude": 11582.4,
        "on_ground": false,
        "velocity": 233,
        "true_track": 344.77,
        "vertical_rate": 0,
        "geo_altitude": 12131.04,
        "squawk": "5341",
        "spi": false,
        "position_source": 0
      }
    },
    {
      "type": "Feature",
      "geometry": {
        "type": "Point",
        "coordinates": [
          7.6244,
          46.4609
        ]
      },
      "properties": {
        "icao24": "4d226c",
        "callsign": "RYR2NB",
        "origin_country": "Malta",
        "time_position": 1786789974,
        "last_contact": 1786789974,
        "baro_altitude": 10972.8,
        "on_ground": false,
        "velocity": 238.04,
        "true_track": 31.39,
        "vertical_rate": 0,
        "geo_altitude": 11513.82,
        "squawk": "1000",
        "spi": false,
        "position_source": 0
      }
    },
    {
      "type": "Feature",
      "geometry": {
        "type": "Point",
        "coordinates": [
          12.3457,
          39.7881
        ]
      },
      "properties": {
        "icao24": "4d226e",
        "callsign": "RYR145Z",
        "origin_country": "Malta",
        "time_position": 1786789970,
        "last_contact": 1786789973,
        "baro_altitude": 7315.2,
        "on_ground": false,
        "velocity": 192.04,
        "true_track": 355.24,
        "vertical_rate": 0,
        "geo_altitude": 7734.3,
        "squawk": null,
        "spi": false,
        "position_source": 0
      }
    },
    {
      "type": "Feature",
      "geometry": {
        "type": "Point",
        "coordinates": [
          7.648,
          45.202
        ]
      },
      "properties": {
        "icao24": "4d225e",
        "callsign": "RYR423B",
        "origin_country": "Malta",
        "time_position": 1786789917,
        "last_contact": 1786789917,
        "baro_altitude": null,
        "on_ground": true,
        "velocity": 4.63,
        "true_track": 270,
        "vertical_rate": null,
        "geo_altitude": null,
        "squawk": "1000",
        "spi": false,
        "position_source": 0
      }
    },
    {
      "type": "Feature",
      "geometry": {
        "type": "Point",
        "coordinates": [
          16.2082,
          41.6041
        ]
      },
      "properties": {
        "icao24": "4d2273",
        "callsign": "RYR59GQ",
        "origin_country": "Malta",
        "time_position": 1786789973,
        "last_contact": 1786789974,
        "baro_altitude": 4114.8,
        "on_ground": false,
        "velocity": 210.12,
        "true_track": 137.68,
        "vertical_rate": -11.05,
        "geo_altitude": 4373.88,
        "squawk": "1000",
        "spi": false,
        "position_source": 0
      }
    },
    {
      "type": "Feature",
      "geometry": {
        "type": "Point",
        "coordinates": [
          16.7458,
          46.7875
        ]
      },
      "properties": {
        "icao24": "4d2275",
        "callsign": "RYR86TK",
        "origin_country": "Malta",
        "time_position": 1786789974,
        "last_contact": 1786789974,
        "baro_altitude": 10363.2,
        "on_ground": false,
        "velocity": 240.26,
        "true_track": 247.99,
        "vertical_rate": -0.33,
        "geo_altitude": 10850.88,
        "squawk": "4215",
        "spi": false,
        "position_source": 0
      }
    },
    {
      "type": "Feature",
      "geometry": {
        "type": "Point",
        "coordinates": [
          6.7149,
          46.5135
        ]
      },
      "properties": {
        "icao24": "4d2280",
        "callsign": "RYR200F",
        "origin_country": "Malta",
        "time_position": 1786789973,
        "last_contact": 1786789974,
        "baro_altitude": 11277.6,
        "on_ground": false,
        "velocity": 226.41,
        "true_track": 215.57,
        "vertical_rate": 0,
        "geo_altitude": 11826.24,
        "squawk": "1000",
        "spi": false,
        "position_source": 0
      }
    },
    {
      "type": "Feature",
      "geometry": {
        "type": "Point",
        "coordinates": [
          10.3178,
          42.0758
        ]
      },
      "properties": {
        "icao24": "4d2256",
        "callsign": "RYR2112",
        "origin_country": "Malta",
        "time_position": 1786789974,
        "last_contact": 1786789974,
        "baro_altitude": 10363.2,
        "on_ground": false,
        "velocity": 227.46,
        "true_track": 21.63,
        "vertical_rate": 0,
        "geo_altitude": 10904.22,
        "squawk": "5170",
        "spi": false,
        "position_source": 0
      }
    },
    {
      "type": "Feature",
      "geometry": {
        "type": "Point",
        "coordinates": [
          9.8815,
          45.3915
        ]
      },
      "properties": {
        "icao24": "4d2257",
        "callsign": "RYR93HA",
        "origin_country": "Malta",
        "time_position": 1786789974,
        "last_contact": 1786789974,
        "baro_altitude": 2537.46,
        "on_ground": false,
        "velocity": 129.37,
        "true_track": 28.5,
        "vertical_rate": -4.23,
        "geo_altitude": 2743.2,
        "squawk": "1000",
        "spi": false,
        "position_source": 0
      }
    },
    {
      "type": "Feature",
      "geometry": {
        "type": "Point",
        "coordinates": [
          8.9151,
          44.8244
        ]
      },
      "properties": {
        "icao24": "4d224c",
        "callsign": "RYR2HE",
        "origin_country": "Malta",
        "time_position": 1786789973,
        "last_contact": 1786789973,
        "baro_altitude": 11277.6,
        "on_ground": false,
        "velocity": 222.59,
        "true_track": 234.22,
        "vertical_rate": 0,
        "geo_altitude": 11833.86,
        "squawk": "7215",
        "spi": false,
        "position_source": 0
      }
    },
    {
      "type": "Feature",
      "geometry": {
        "type": "Point",
        "coordinates": [
          6.4294,
          43.7085
        ]
      },
      "properties": {
        "icao24": "4d225b",
        "callsign": "RYR1NA",
        "origin_country": "Malta",
        "time_position": 1786789974,
        "last_contact": 1786789974,
        "baro_altitude": 11277.6,
        "on_ground": false,
        "velocity": 225.96,
        "true_track": 239.64,
        "vertical_rate": 0.33,
        "geo_altitude": 11849.1,
        "squawk": "4014",
        "spi": false,
        "position_source": 0
      }
    },
    {
      "type": "Feature",
      "geometry": {
        "type": "Point",
        "coordinates": [
          7.6929,
          46.9159
        ]
      },
      "properties": {
        "icao24": "3c55c6",
        "callsign": "EWG31CD",
        "origin_country": "Germany",
        "time_position": 1786789974,
        "last_contact": 1786789974,
        "baro_altitude": 9144,
        "on_ground": false,
        "velocity": 225.32,
        "true_track": 55.51,
        "vertical_rate": -7.48,
        "geo_altitude": 9685.02,
        "squawk": "3374",
        "spi": false,
        "position_source": 0
      }
    },
    {
      "type": "Feature",
      "geometry": {
        "type": "Point",
        "coordinates": [
          18.653,
          46.2067
        ]
      },
      "properties": {
        "icao24": "3c55c7",
        "callsign": "EWG8EM",
        "origin_country": "Germany",
        "time_position": 1786789974,
        "last_contact": 1786789974,
        "baro_altitude": 11582.4,
        "on_ground": false,
        "velocity": 225.22,
        "true_track": 327.69,
        "vertical_rate": 0,
        "geo_altitude": 12100.56,
        "squawk": "7735",
        "spi": false,
        "position_source": 0
      }
    },
    {
      "type": "Feature",
      "geometry": {
        "type": "Point",
        "coordinates": [
          11.6594,
          41.7694
        ]
      },
      "properties": {
        "icao24": "4d2264",
        "callsign": "RYR27QC",
        "origin_country": "Malta",
        "time_position": 1786789974,
        "last_contact": 1786789974,
        "baro_altitude": 10363.2,
        "on_ground": false,
        "velocity": 226.83,
        "true_track": 346.09,
        "vertical_rate": 0,
        "geo_altitude": 10896.6,
        "squawk": null,
        "spi": false,
        "position_source": 0
      }
    },
    {
      "type": "Feature",
      "geometry": {
        "type": "Point",
        "coordinates": [
          11.5678,
          47.7751
        ]
      },
      "properties": {
        "icao24": "493296",
        "callsign": "NJE447G",
        "origin_country": "Portugal",
        "time_position": 1786789974,
        "last_contact": 1786789974,
        "baro_altitude": 6408.42,
        "on_ground": false,
        "velocity": 199.67,
        "true_track": 268.52,
        "vertical_rate": -7.8,
        "geo_altitude": 6743.7,
        "squawk": "1000",
        "spi": false,
        "position_source": 0
      }
    },
    {
      "type": "Feature",
      "geometry": {
        "type": "Point",
        "coordinates": [
          10.7183,
          45.2681
        ]
      },
      "properties": {
        "icao24": "4d216e",
        "callsign": "EWG70A",
        "origin_country": "Malta",
        "time_position": 1786789974,
        "last_contact": 1786789974,
        "baro_altitude": 11277.6,
        "on_ground": false,
        "velocity": 233.72,
        "true_track": 214.14,
        "vertical_rate": -0.33,
        "geo_altitude": 11818.62,
        "squawk": "1000",
        "spi": false,
        "position_source": 0
      }
    },
    {
      "type": "Feature",
      "geometry": {
        "type": "Point",
        "coordinates": [
          7.0917,
          46.8448
        ]
      },
      "properties": {
        "icao24": "4b19ef",
        "callsign": "SWR315P",
        "origin_country": "Switzerland",
        "time_position": 1786789973,
        "last_contact": 1786789973,
        "baro_altitude": 7094.22,
        "on_ground": false,
        "velocity": 204.55,
        "true_track": 231.23,
        "vertical_rate": 7.48,
        "geo_altitude": 7520.94,
        "squawk": "1000",
        "spi": false,
        "position_source": 0
      }
    },
    {
      "type": "Feature",
      "geometry": {
        "type": "Point",
        "coordinates": [
          7.5633,
          44.0927
        ]
      },
      "properties": {
        "icao24": "493289",
        "callsign": "NJE622N",
        "origin_country": "Portugal",
        "time_position": 1786789974,
        "last_contact": 1786789974,
        "baro_altitude": 4267.2,
        "on_ground": false,
        "velocity": 141.48,
        "true_track": 179.37,
        "vertical_rate": 0,
        "geo_altitude": 4549.14,
        "squawk": "1000",
        "spi": false,
        "position_source": 0
      }
    },
    {
      "type": "Feature",
      "geometry": {
        "type": "Point",
        "coordinates": [
          8.5627,
          47.4601
        ]
      },
      "properties": {
        "icao24": "493287",
        "callsign": "NJE093L",
        "origin_country": "Portugal",
        "time_position": 1786789973,
        "last_contact": 1786789973,
        "baro_altitude": null,
        "on_ground": true,
        "velocity": 9.77,
        "true_track": 140.62,
        "vertical_rate": null,
        "geo_altitude": null,
        "squawk": "1000",
        "spi": false,
        "position_source": 0
      }
    },
    {
      "type": "Feature",
      "geometry": {
        "type": "Point",
        "coordinates": [
          14.53,
          41.0061
        ]
      },
      "properties": {
        "icao24": "348508",
        "callsign": "VLG85GB",
        "origin_country": "Spain",
        "time_position": 1786789974,
        "last_contact": 1786789974,
        "baro_altitude": 9357.36,
        "on_ground": false,
        "velocity": 228.48,
        "true_track": 88.58,
        "vertical_rate": -9.43,
        "geo_altitude": 9890.76,
        "squawk": "1000",
        "spi": false,
        "position_source": 0
      }
    },
    {
      "type": "Feature",
      "geometry": {
        "type": "Point",
        "coordinates": [
          16.2676,
          44.3232
        ]
      },
      "properties": {
        "icao24": "4d2174",
        "callsign": "TYJ520",
        "origin_country": "Malta",
        "time_position": 1786789974,
        "last_contact": 1786789974,
        "baro_altitude": 11894.82,
        "on_ground": false,
        "velocity": 195.86,
        "true_track": 329.19,
        "vertical_rate": 5.2,
        "geo_altitude": 12397.74,
        "squawk": "1000",
        "spi": false,
        "position_source": 0
      }
    },
    {
      "type": "Feature",
      "geometry": {
        "type": "Point",
        "coordinates": [
          7.6719,
          43.712
        ]
      },
      "properties": {
        "icao24": "493282",
        "callsign": "NJE841T",
        "origin_country": "Portugal",
        "time_position": 1786789974,
        "last_contact": 1786789974,
        "baro_altitude": 3733.8,
        "on_ground": false,
        "velocity": 134.38,
        "true_track": 53.88,
        "vertical_rate": 5.2,
        "geo_altitude": 4000.5,
        "squawk": null,
        "spi": false,
        "position_source": 0
      }
    },
    {
      "type": "Feature",
      "geometry": {
        "type": "Point",
        "coordinates": [
          11.0537,
          45.9
        ]
      },
      "properties": {
        "icao24": "4d217c",
        "callsign": "VCJ75M",
        "origin_country": "Malta",
        "time_position": 1786789974,
        "last_contact": 1786789974,
        "baro_altitude": 12496.8,
        "on_ground": false,
        "velocity": 244.77,
        "true_track": 120.01,
        "vertical_rate": -0.33,
        "geo_altitude": 13068.3,
        "squawk": "2762",
        "spi": false,
        "position_source": 0
      }
    },
    {
      "type": "Feature",
      "geometry": {
        "type": "Point",
        "coordinates": [
          8.8939,
          44.4018
        ]
      },
      "properties": {
        "icao24": "300558",
        "callsign": "DLA9PM",
        "origin_country": "Italy",
        "time_position": 1786789803,
        "last_contact": 1786789803,
        "baro_altitude": 167.64,
        "on_ground": false,
        "velocity": 74.55,
        "true_track": 286.43,
        "vertical_rate": -3.58,
        "geo_altitude": 449.58,
        "squawk": "4375",
        "spi": false,
        "position_source": 0
      }
    },
    {
      "type": "Feature",
      "geometry": {
        "type": "Point",
        "coordinates": [
          8.4597,
          47.5378
        ]
      },
      "properties": {
        "icao24": "4b19fc",
        "callsign": "SWR431",
        "origin_country": "Switzerland",
        "time_position": 1786789973,
        "last_contact": 1786789974,
        "baro_altitude": 830.58,
        "on_ground": false,
        "velocity": 78.28,
        "true_track": 137.4,
        "vertical_rate": -4.23,
        "geo_altitude": 937.26,
        "squawk": "0575",
        "spi": false,
        "position_source": 0
      }
    },
    {
      "type": "Feature",
      "geometry": {
        "type": "Point",
        "coordinates": [
          8.5555,
          47.4564
        ]
      },
      "properties": {
        "icao24": "4b19ff",
        "callsign": "SWR51K",
        "origin_country": "Switzerland",
        "time_position": 1786789972,
        "last_contact": 1786789973,
        "baro_altitude": null,
        "on_ground": true,
        "velocity": 2.57,
        "true_track": 14.06,
        "vertical_rate": null,
        "geo_altitude": null,
        "squawk": "1000",
        "spi": false,
        "position_source": 0
      }
    },
    {
      "type": "Feature",
      "geometry": {
        "type": "Point",
        "coordinates": [
          12.9109,
          40.5993
        ]
      },
      "properties": {
        "icao24": "4d20b1",
        "callsign": "WMT2CL",
        "origin_country": "Malta",
        "time_position": 1786789974,
        "last_contact": 1786789974,
        "baro_altitude": 8808.72,
        "on_ground": false,
        "velocity": 219.04,
        "true_track": 131.48,
        "vertical_rate": 5.53,
        "geo_altitude": 9296.4,
        "squawk": null,
        "spi": false,
        "position_source": 0
      }
    },
    {
      "type": "Feature",
      "geometry": {
        "type": "Point",
        "coordinates": [
          9.7411,
          43.5887
        ]
      },
      "properties": {
        "icao24": "4d20e5",
        "callsign": "HAT4211",
        "origin_country": "Malta",
        "time_position": 1786789974,
        "last_contact": 1786789974,
        "baro_altitude": 9136.38,
        "on_ground": false,
        "velocity": 224.12,
        "true_track": 332.38,
        "vertical_rate": 0.98,
        "geo_altitude": 9608.82,
        "squawk": "3767",
        "spi": false,
        "position_source": 0
      }
    },
    {
      "type": "Feature",
      "geometry": {
        "type": "Point",
        "coordinates": [
          8.5919,
          47.6841
        ]
      },
      "properties": {
        "icao24": "4cac87",
        "callsign": "RYR2ZK",
        "origin_country": "Ireland",
        "time_position": 1786789974,
        "last_contact": 1786789974,
        "baro_altitude": 11277.6,
        "on_ground": false,
        "velocity": 238.06,
        "true_track": 104.01,
        "vertical_rate": -0.33,
        "geo_altitude": 11818.62,
        "squawk": "1000",
        "spi": false,
        "position_source": 0
      }
    },
    {
      "type": "Feature",
      "geometry": {
        "type": "Point",
        "coordinates": [
          7.929,
          47.14
        ]
      },
      "properties": {
        "icao24": "4d20e1",
        "callsign": "AXY664J",
        "origin_country": "Malta",
        "time_position": 1786789974,
        "last_contact": 1786789974,
        "baro_altitude": 8450.58,
        "on_ground": false,
        "velocity": 235.9,
        "true_track": 29.53,
        "vertical_rate": -6.5,
        "geo_altitude": 8907.78,
        "squawk": "1000",
        "spi": false,
        "position_source": 0
      }
    },
    {
      "type": "Feature",
      "geometry": {
        "type": "Point",
        "coordinates": [
          9.0648,
          45.6186
        ]
      },
      "properties": {
        "icao24": "4d20f4",
        "callsign": "WMT7SG",
        "origin_country": "Malta",
        "time_position": 1786789974,
        "last_contact": 1786789974,
        "baro_altitude": 3710.94,
        "on_ground": false,
        "velocity": 153.65,
        "true_track": 132.56,
        "vertical_rate": 5.85,
        "geo_altitude": 3970.02,
        "squawk": "0440",
        "spi": false,
        "position_source": 0
      }
    },
    {
      "type": "Feature",
      "geometry": {
        "type": "Point",
        "coordinates": [
          12.8115,
          40.2217
        ]
      },
      "properties": {
        "icao24": "4d20e9",
        "callsign": "VJT480",
        "origin_country": "Malta",
        "time_position": 1786789974,
        "last_contact": 1786789974,
        "baro_altitude": 11437.62,
        "on_ground": false,
        "velocity": 245.36,
        "true_track": 105.32,
        "vertical_rate": 5.85,
        "geo_altitude": 12016.74,
        "squawk": null,
        "spi": false,
        "position_source": 0
      }
    },
    {
      "type": "Feature",
      "geometry": {
        "type": "Point",
        "coordinates": [
          11.0777,
          47.6577
        ]
      },
      "properties": {
        "icao24": "4d20aa",
        "callsign": "VJT775",
        "origin_country": "Malta",
        "time_position": 1786789974,
        "last_contact": 1786789974,
        "baro_altitude": 10111.74,
        "on_ground": false,
        "velocity": 232.78,
        "true_track": 280.44,
        "vertical_rate": -10.73,
        "geo_altitude": 10614.66,
        "squawk": "1000",
        "spi": false,
        "position_source": 0
      }
    },
    {
      "type": "Feature",
      "geometry": {
        "type": "Point",
        "coordinates": [
          12.3902,
          40.6771
        ]
      },
      "properties": {
        "icao24": "4d20be",
        "callsign": "WMT694",
        "origin_country": "Malta",
        "time_position": 1786789974,
        "last_contact": 1786789974,
        "baro_altitude": 7223.76,
        "on_ground": false,
        "velocity": 204.21,
        "true_track": 162.71,
        "vertical_rate": 7.8,
        "geo_altitude": 7665.72,
        "squawk": null,
        "spi": false,
        "position_source": 0
      }
    },
    {
      "type": "Feature",
      "geometry": {
        "type": "Point",
        "coordinates": [
          13.5062,
          38.6933
        ]
      },
      "properties": {
        "icao24": "4d20bf",
        "callsign": "WMT3HS",
        "origin_country": "Malta",
        "time_position": 1786789974,
        "last_contact": 1786789974,
        "baro_altitude": 3886.2,
        "on_ground": false,
        "velocity": 159.93,
        "true_track": 189.07,
        "vertical_rate": -6.18,
        "geo_altitude": 4168.14,
        "squawk": "1000",
        "spi": false,
        "position_source": 0
      }
    },
    {
      "type": "Feature",
      "geometry": {
        "type": "Point",
        "coordinates": [
          8.9079,
          44.4572
        ]
      },
      "properties": {
        "icao24": "4cac79",
        "callsign": "SAS74E",
        "origin_country": "Ireland",
        "time_position": 1786789974,
        "last_contact": 1786789974,
        "baro_altitude": 9212.58,
        "on_ground": false,
        "velocity": 234.28,
        "true_track": 33.45,
        "vertical_rate": 6.5,
        "geo_altitude": 9715.5,
        "squawk": "0446",
        "spi": false,
        "position_source": 0
      }
    },
    {
      "type": "Feature",
      "geometry": {
        "type": "Point",
        "coordinates": [
          7.2556,
          47.7169
        ]
      },
      "properties": {
        "icao24": "39847d",
        "callsign": "FJLTB",
        "origin_country": "France",
        "time_position": 1786789972,
        "last_contact": 1786789973,
        "baro_altitude": 518.16,
        "on_ground": false,
        "velocity": 59.61,
        "true_track": 111.25,
        "vertical_rate": -0.33,
        "geo_altitude": null,
        "squawk": "3450",
        "spi": false,
        "position_source": 0
      }
    },
    {
      "type": "Feature",
      "geometry": {
        "type": "Point",
        "coordinates": [
          9.7371,
          37.7666
        ]
      },
      "properties": {
        "icao24": "40832c",
        "callsign": "TOM887",
        "origin_country": "United Kingdom",
        "time_position": 1786789923,
        "last_contact": 1786789933,
        "baro_altitude": 9075.42,
        "on_ground": false,
        "velocity": 240.83,
        "true_track": 315.69,
        "vertical_rate": 3.58,
        "geo_altitude": 9601.2,
        "squawk": "6147",
        "spi": false,
        "position_source": 0
      }
    },
    {
      "type": "Feature",
      "geometry": {
        "type": "Point",
        "coordinates": [
          11.4979,
          42.3734
        ]
      },
      "properties": {
        "icao24": "4cab8a",
        "callsign": "NOS557",
        "origin_country": "Ireland",
        "time_position": 1786789974,
        "last_contact": 1786789974,
        "baro_altitude": 3451.86,
        "on_ground": false,
        "velocity": 185.84,
        "true_track": 122.11,
        "vertical_rate": -4.23,
        "geo_altitude": 3718.56,
        "squawk": "1000",
        "spi": false,
        "position_source": 0
      }
    },
    {
      "type": "Feature",
      "geometry": {
        "type": "Point",
        "coordinates": [
          11.5412,
          46.519
        ]
      },
      "properties": {
        "icao24": "408386",
        "callsign": "EZY34YT",
        "origin_country": "United Kingdom",
        "time_position": 1786789974,
        "last_contact": 1786789974,
        "baro_altitude": 11277.6,
        "on_ground": false,
        "velocity": 242,
        "true_track": 136.64,
        "vertical_rate": 0,
        "geo_altitude": 11811,
        "squawk": "3457",
        "spi": false,
        "position_source": 0
      }
    },
    {
      "type": "Feature",
      "geometry": {
        "type": "Point",
        "coordinates": [
          16.552,
          42.481
        ]
      },
      "properties": {
        "icao24": "40836b",
        "callsign": "EZY43KP",
        "origin_country": "United Kingdom",
        "time_position": 1786789876,
        "last_contact": 1786789876,
        "baro_altitude": 10370.82,
        "on_ground": false,
        "velocity": 225.53,
        "true_track": 318.24,
        "vertical_rate": 0,
        "geo_altitude": 10873.74,
        "squawk": null,
        "spi": false,
        "position_source": 0
      }
    },
    {
      "type": "Feature",
      "geometry": {
        "type": "Point",
        "coordinates": [
          8.7236,
          45.6223
        ]
      },
      "properties": {
        "icao24": "4691c3",
        "callsign": "AEE553",
        "origin_country": "Greece",
        "time_position": 1786789974,
        "last_contact": 1786789974,
        "baro_altitude": null,
        "on_ground": true,
        "velocity": 4.63,
        "true_track": 258.75,
        "vertical_rate": null,
        "geo_altitude": null,
        "squawk": "0452",
        "spi": false,
        "position_source": 0
      }
    },
    {
      "type": "Feature",
      "geometry": {
        "type": "Point",
        "coordinates": [
          12.0034,
          47.109
        ]
      },
      "properties": {
        "icao24": "4691c1",
        "callsign": "AEE539",
        "origin_country": "Greece",
        "time_position": 1786789974,
        "last_contact": 1786789974,
        "baro_altitude": 11277.6,
        "on_ground": false,
        "velocity": 237.5,
        "true_track": 119.45,
        "vertical_rate": 0,
        "geo_altitude": 11826.24,
        "squawk": "0113",
        "spi": false,
        "position_source": 0
      }
    },
    {
      "type": "Feature",
      "geometry": {
        "type": "Point",
        "coordinates": [
          11.5454,
          39.9305
        ]
      },
      "properties": {
        "icao24": "4caaa8",
        "callsign": "ITY863",
        "origin_country": "Ireland",
        "time_position": 1786789974,
        "last_contact": 1786789974,
        "baro_altitude": 9753.6,
        "on_ground": false,
        "velocity": 203.9,
        "true_track": 13.12,
        "vertical_rate": 0,
        "geo_altitude": 10279.38,
        "squawk": "6173",
        "spi": false,
        "position_source": 0
      }
    },
    {
      "type": "Feature",
      "geometry": {
        "type": "Point",
        "coordinates": [
          18.9619,
          46.7893
        ]
      },
      "properties": {
        "icao24": "710104",
        "callsign": "SVA121",
        "origin_country": "Saudi Arabia",
        "time_position": 1786789973,
        "last_contact": 1786789973,
        "baro_altitude": 10972.8,
        "on_ground": false,
        "velocity": 247.42,
        "true_track": 298.16,
        "vertical_rate": 0,
        "geo_altitude": 11475.72,
        "squawk": "7216",
        "spi": false,
        "position_source": 0
      }
    },
    {
      "type": "Feature",
      "geometry": {
        "type": "Point",
        "coordinates": [
          14.3411,
          44.6933
        ]
      },
      "properties": {
        "icao24": "3ca4ae",
        "callsign": "DCS402",
        "origin_country": "Germany",
        "time_position": 1786789973,
        "last_contact": 1786789973,
        "baro_altitude": 12192,
        "on_ground": false,
        "velocity": 229.38,
        "true_track": 308.9,
        "vertical_rate": 0,
        "geo_altitude": 12755.88,
        "squawk": "1000",
        "spi": false,
        "position_source": 0
      }
    },
    {
      "type": "Feature",
      "geometry": {
        "type": "Point",
        "coordinates": [
          15.6129,
          41.4523
        ]
      },
      "properties": {
        "icao24": "710132",
        "callsign": "SVA211",
        "origin_country": "Saudi Arabia",
        "time_position": 1786789974,
        "last_contact": 1786789974,
        "baro_altitude": 10972.8,
        "on_ground": false,
        "velocity": 238.94,
        "true_track": 308.79,
        "vertical_rate": 0,
        "geo_altitude": 11529.06,
        "squawk": "2014",
        "spi": false,
        "position_source": 0
      }
    },
    {
      "type": "Feature",
      "geometry": {
        "type": "Point",
        "coordinates": [
          7.468,
          40.5493
        ]
      },
      "properties": {
        "icao24": "4d2101",
        "callsign": "WMT1400",
        "origin_country": "Malta",
        "time_position": 1786789973,
        "last_contact": 1786789973,
        "baro_altitude": 10668,
        "on_ground": false,
        "velocity": 225.09,
        "true_track": 255.71,
        "vertical_rate": -0.33,
        "geo_altitude": 11247.12,
        "squawk": null,
        "spi": false,
        "position_source": 0
      }
    },
    {
      "type": "Feature",
      "geometry": {
        "type": "Point",
        "coordinates": [
          18.9771,
          39.1408
        ]
      },
      "properties": {
        "icao24": "710125",
        "callsign": "SVA7156",
        "origin_country": "Saudi Arabia",
        "time_position": 1786789974,
        "last_contact": 1786789974,
        "baro_altitude": 10972.8,
        "on_ground": false,
        "velocity": 244.85,
        "true_track": 292.09,
        "vertical_rate": 0,
        "geo_altitude": 11490.96,
        "squawk": "2062",
        "spi": false,
        "position_source": 0
      }
    },
    {
      "type": "Feature",
      "geometry": {
        "type": "Point",
        "coordinates": [
          12.1538,
          42.4629
        ]
      },
      "properties": {
        "icao24": "4d213e",
        "callsign": "WMT5TD",
        "origin_country": "Malta",
        "time_position": 1786789973,
        "last_contact": 1786789974,
        "baro_altitude": 2362.2,
        "on_ground": false,
        "velocity": 175.21,
        "true_track": 176.63,
        "vertical_rate": -6.18,
        "geo_altitude": 2560.32,
        "squawk": "0730",
        "spi": false,
        "position_source": 0
      }
    },
    {
      "type": "Feature",
      "geometry": {
        "type": "Point",
        "coordinates": [
          9.3292,
          46.7847
        ]
      },
      "properties": {
        "icao24": "4d2132",
        "callsign": "VJT968",
        "origin_country": "Malta",
        "time_position": 1786789974,
        "last_contact": 1786789974,
        "baro_altitude": 10462.26,
        "on_ground": false,
        "velocity": 254.99,
        "true_track": 121.64,
        "vertical_rate": -4.88,
        "geo_altitude": 10995.66,
        "squawk": "1147",
        "spi": false,
        "position_source": 0
      }
    },
    {
      "type": "Feature",
      "geometry": {
        "type": "Point",
        "coordinates": [
          11.3937,
          46.8904
        ]
      },
      "properties": {
        "icao24": "3c54a4",
        "callsign": "EWG7DL",
        "origin_country": "Germany",
        "time_position": 1786789974,
        "last_contact": 1786789974,
        "baro_altitude": 10972.8,
        "on_ground": false,
        "velocity": 226.42,
        "true_track": 27.61,
        "vertical_rate": -0.33,
        "geo_altitude": 11513.82,
        "squawk": "1000",
        "spi": false,
        "position_source": 0
      }
    },
    {
      "type": "Feature",
      "geometry": {
        "type": "Point",
        "coordinates": [
          6.374,
          47.3787
        ]
      },
      "properties": {
        "icao24": "3c54a3",
        "callsign": "EWG11S",
        "origin_country": "Germany",
        "time_position": 1786789974,
        "last_contact": 1786789974,
        "baro_altitude": 10965.18,
        "on_ground": false,
        "velocity": 234.58,
        "true_track": 356.23,
        "vertical_rate": 0,
        "geo_altitude": 11506.2,
        "squawk": "1063",
        "spi": false,
        "position_source": 0
      }
    },
    {
      "type": "Feature",
      "geometry": {
        "type": "Point",
        "coordinates": [
          8.2118,
          46.9862
        ]
      },
      "properties": {
        "icao24": "3c54a2",
        "callsign": "EWG4L",
        "origin_country": "Germany",
        "time_position": 1786789974,
        "last_contact": 1786789974,
        "baro_altitude": 10965.18,
        "on_ground": false,
        "velocity": 240.76,
        "true_track": 28.32,
        "vertical_rate": 0,
        "geo_altitude": 11513.82,
        "squawk": "1063",
        "spi": false,
        "position_source": 0
      }
    },
    {
      "type": "Feature",
      "geometry": {
        "type": "Point",
        "coordinates": [
          8.7202,
          45.6333
        ]
      },
      "properties": {
        "icao24": "4d206b",
        "callsign": "WMT3EW",
        "origin_country": "Malta",
        "time_position": 1786789973,
        "last_contact": 1786789974,
        "baro_altitude": 11582.4,
        "on_ground": false,
        "velocity": 4.12,
        "true_track": 258.75,
        "vertical_rate": null,
        "geo_altitude": null,
        "squawk": "1000",
        "spi": false,
        "position_source": 0
      }
    },
    {
      "type": "Feature",
      "geometry": {
        "type": "Point",
        "coordinates": [
          17.2842,
          40.921
        ]
      },
      "properties": {
        "icao24": "4d206c",
        "callsign": "WZZ1013",
        "origin_country": "Malta",
        "time_position": 1786789973,
        "last_contact": 1786789973,
        "baro_altitude": 9745.98,
        "on_ground": false,
        "velocity": 222.17,
        "true_track": 275.31,
        "vertical_rate": 0,
        "geo_altitude": 10264.14,
        "squawk": null,
        "spi": false,
        "position_source": 0
      }
    },
    {
      "type": "Feature",
      "geometry": {
        "type": "Point",
        "coordinates": [
          13.1998,
          40.7184
        ]
      },
      "properties": {
        "icao24": "4d2070",
        "callsign": "AJD13AX",
        "origin_country": "Malta",
        "time_position": 1786789973,
        "last_contact": 1786789973,
        "baro_altitude": 8869.68,
        "on_ground": false,
        "velocity": 236.75,
        "true_track": 278.62,
        "vertical_rate": 8.45,
        "geo_altitude": 9349.74,
        "squawk": null,
        "spi": false,
        "position_source": 0
      }
    },
    {
      "type": "Feature",
      "geometry": {
        "type": "Point",
        "coordinates": [
          9.8468,
          44.9138
        ]
      },
      "properties": {
        "icao24": "300247",
        "callsign": "IDPCY",
        "origin_country": "Italy",
        "time_position": 1786789974,
        "last_contact": 1786789974,
        "baro_altitude": 2766.06,
        "on_ground": false,
        "velocity": 99.47,
        "true_track": 230.88,
        "vertical_rate": 1.95,
        "geo_altitude": 2994.66,
        "squawk": "4577",
        "spi": false,
        "position_source": 0
      }
    },
    {
      "type": "Feature",
      "geometry": {
        "type": "Point",
        "coordinates": [
          16.2275,
          38.7501
        ]
      },
      "properties": {
        "icao24": "300249",
        "callsign": "CAN26",
        "origin_country": "Italy",
        "time_position": 1786789800,
        "last_contact": 1786789801,
        "baro_altitude": 426.72,
        "on_ground": false,
        "velocity": 91.57,
        "true_track": 319.33,
        "vertical_rate": -5.53,
        "geo_altitude": 533.4,
        "squawk": null,
        "spi": false,
        "position_source": 0
      }
    },
    {
      "type": "Feature",
      "geometry": {
        "type": "Point",
        "coordinates": [
          11.2648,
          42.7825
        ]
      },
      "properties": {
        "icao24": "4d207a",
        "callsign": "AEZ2914",
        "origin_country": "Malta",
        "time_position": 1786789974,
        "last_contact": 1786789974,
        "baro_altitude": 5181.6,
        "on_ground": false,
        "velocity": 135.3,
        "true_track": 203.06,
        "vertical_rate": 0,
        "geo_altitude": 5509.26,
        "squawk": "7423",
        "spi": false,
        "position_source": 0
      }
    },
    {
      "type": "Feature",
      "geometry": {
        "type": "Point",
        "coordinates": [
          13.183,
          40.8634
        ]
      },
      "properties": {
        "icao24": "3e1a54",
        "callsign": "PAV641",
        "origin_country": "Germany",
        "time_position": 1786789974,
        "last_contact": 1786789974,
        "baro_altitude": 4640.58,
        "on_ground": false,
        "velocity": 165.78,
        "true_track": 105.85,
        "vertical_rate": -5.2,
        "geo_altitude": 4930.14,
        "squawk": null,
        "spi": false,
        "position_source": 0
      }
    },
    {
      "type": "Feature",
      "geometry": {
        "type": "Point",
        "coordinates": [
          15.7204,
          46.6899
        ]
      },
      "properties": {
        "icao24": "4d2081",
        "callsign": "EWG3EC",
        "origin_country": "Malta",
        "time_position": 1786789973,
        "last_contact": 1786789973,
        "baro_altitude": 10058.4,
        "on_ground": false,
        "velocity": 234.84,
        "true_track": 128.95,
        "vertical_rate": 0,
        "geo_altitude": 10553.7,
        "squawk": "7125",
        "spi": false,
        "position_source": 0
      }
    },
    {
      "type": "Feature",
      "geometry": {
        "type": "Point",
        "coordinates": [
          17.9372,
          43.7801
        ]
      },
      "properties": {
        "icao24": "4d2087",
        "callsign": "EWG3UV",
        "origin_country": "Malta",
        "time_position": 1786789966,
        "last_contact": 1786789973,
        "baro_altitude": 11582.4,
        "on_ground": false,
        "velocity": 222.09,
        "true_track": 331.95,
        "vertical_rate": -0.33,
        "geo_altitude": 12123.42,
        "squawk": null,
        "spi": false,
        "position_source": 0
      }
    },
    {
      "type": "Feature",
      "geometry": {
        "type": "Point",
        "coordinates": [
          13.3649,
          44.0913
        ]
      },
      "properties": {
        "icao24": "4d2054",
        "callsign": "SWU1939",
        "origin_country": "Malta",
        "time_position": 1786789974,
        "last_contact": 1786789974,
        "baro_altitude": 5486.4,
        "on_ground": false,
        "velocity": 180.99,
        "true_track": 322.74,
        "vertical_rate": 0,
        "geo_altitude": 5836.92,
        "squawk": "7730",
        "spi": false,
        "position_source": 0
      }
    },
    {
      "type": "Feature",
      "geometry": {
        "type": "Point",
        "coordinates": [
          8.3819,
          40.8587
        ]
      },
      "properties": {
        "icao24": "4d2068",
        "callsign": "WMT6753",
        "origin_country": "Malta",
        "time_position": 1786789974,
        "last_contact": 1786789974,
        "baro_altitude": 10858.5,
        "on_ground": false,
        "velocity": 244.84,
        "true_track": 71.37,
        "vertical_rate": -4.88,
        "geo_altitude": 11445.24,
        "squawk": "0013",
        "spi": false,
        "position_source": 0
      }
    },
    {
      "type": "Feature",
      "geometry": {
        "type": "Point",
        "coordinates": [
          13.7143,
          45.0919
        ]
      },
      "properties": {
        "icao24": "4b18f2",
        "callsign": "EDW46Y",
        "origin_country": "Switzerland",
        "time_position": 1786789974,
        "last_contact": 1786789974,
        "baro_altitude": 10058.4,
        "on_ground": false,
        "velocity": 223.15,
        "true_track": 123.91,
        "vertical_rate": 0,
        "geo_altitude": 10568.94,
        "squawk": "1000",
        "spi": false,
        "position_source": 0
      }
    },
    {
      "type": "Feature",
      "geometry": {
        "type": "Point",
        "coordinates": [
          7.9208,
          47.2451
        ]
      },
      "properties": {
        "icao24": "4b18f3",
        "callsign": "EDW599R",
        "origin_country": "Switzerland",
        "time_position": 1786789974,
        "last_contact": 1786789974,
        "baro_altitude": 5036.82,
        "on_ground": false,
        "velocity": 186.86,
        "true_track": 247.67,
        "vertical_rate": 12.03,
        "geo_altitude": 5364.48,
        "squawk": "1000",
        "spi": false,
        "position_source": 0
      }
    },
    {
      "type": "Feature",
      "geometry": {
        "type": "Point",
        "coordinates": [
          8.9368,
          44.4951
        ]
      },
      "properties": {
        "icao24": "4d208e",
        "callsign": "WMT132",
        "origin_country": "Malta",
        "time_position": 1786789973,
        "last_contact": 1786789974,
        "baro_altitude": 6393.18,
        "on_ground": false,
        "velocity": 180.15,
        "true_track": 334.09,
        "vertical_rate": -10.73,
        "geo_altitude": 6789.42,
        "squawk": "5112",
        "spi": false,
        "position_source": 0
      }
    },
    {
      "type": "Feature",
      "geometry": {
        "type": "Point",
        "coordinates": [
          14.6906,
          42.5394
        ]
      },
      "properties": {
        "icao24": "4d2092",
        "callsign": "WMT9JE",
        "origin_country": "Malta",
        "time_position": 1786789973,
        "last_contact": 1786789973,
        "baro_altitude": 10668,
        "on_ground": false,
        "velocity": 246.68,
        "true_track": 185.87,
        "vertical_rate": 0,
        "geo_altitude": 11224.26,
        "squawk": "7357",
        "spi": false,
        "position_source": 0
      }
    },
    {
      "type": "Feature",
      "geometry": {
        "type": "Point",
        "coordinates": [
          16.7852,
          41.632
        ]
      },
      "properties": {
        "icao24": "4d2094",
        "callsign": "AXY459E",
        "origin_country": "Malta",
        "time_position": 1786789974,
        "last_contact": 1786789974,
        "baro_altitude": 12496.8,
        "on_ground": false,
        "velocity": 225.61,
        "true_track": 136.48,
        "vertical_rate": -0.65,
        "geo_altitude": 13098.78,
        "squawk": "3443",
        "spi": false,
        "position_source": 0
      }
    },
    {
      "type": "Feature",
      "geometry": {
        "type": "Point",
        "coordinates": [
          8.7198,
          45.6254
        ]
      },
      "properties": {
        "icao24": "4d2095",
        "callsign": "RYR785N",
        "origin_country": "Malta",
        "time_position": 1786789954,
        "last_contact": 1786789969,
        "baro_altitude": null,
        "on_ground": true,
        "velocity": 0,
        "true_track": 78.75,
        "vertical_rate": null,
        "geo_altitude": null,
        "squawk": "1275",
        "spi": false,
        "position_source": 0
      }
    },
    {
      "type": "Feature",
      "geometry": {
        "type": "Point",
        "coordinates": [
          17.512,
          47.4293
        ]
      },
      "properties": {
        "icao24": "01018d",
        "callsign": "NIA8601",
        "origin_country": "Egypt",
        "time_position": 1786789974,
        "last_contact": 1786789974,
        "baro_altitude": 10965.18,
        "on_ground": false,
        "velocity": 235.57,
        "true_track": 326.31,
        "vertical_rate": 0,
        "geo_altitude": 11483.34,
        "squawk": "5512",
        "spi": false,
        "position_source": 0
      }
    },
    {
      "type": "Feature",
      "geometry": {
        "type": "Point",
        "coordinates": [
          7.7416,
          47.3634
        ]
      },
      "properties": {
        "icao24": "4b4e4e",
        "callsign": "HB2471",
        "origin_country": "Switzerland",
        "time_position": 1786789974,
        "last_contact": 1786789974,
        "baro_altitude": 2773.68,
        "on_ground": false,
        "velocity": 41.83,
        "true_track": 135.5,
        "vertical_rate": -0.33,
        "geo_altitude": 2979.42,
        "squawk": "3450",
        "spi": false,
        "position_source": 0
      }
    },
    {
      "type": "Feature",
      "geometry": {
        "type": "Point",
        "coordinates": [
          9.0803,
          47.575
        ]
      },
      "properties": {
        "icao24": "4b4e89",
        "callsign": "HB2530",
        "origin_country": "Switzerland",
        "time_position": 1786789974,
        "last_contact": 1786789974,
        "baro_altitude": 708.66,
        "on_ground": false,
        "velocity": 30.92,
        "true_track": 134.33,
        "vertical_rate": -0.33,
        "geo_altitude": 815.34,
        "squawk": "7000",
        "spi": false,
        "position_source": 0
      }
    },
    {
      "type": "Feature",
      "geometry": {
        "type": "Point",
        "coordinates": [
          10.5413,
          42.9696
        ]
      },
      "properties": {
        "icao24": "31df76",
        "callsign": "I5976",
        "origin_country": "Italy",
        "time_position": 1786789934,
        "last_contact": 1786789938,
        "baro_altitude": 922.02,
        "on_ground": false,
        "velocity": 50.6,
        "true_track": 227.06,
        "vertical_rate": -0.33,
        "geo_altitude": null,
        "squawk": null,
        "spi": false,
        "position_source": 0
      }
    },
    {
      "type": "Feature",
      "geometry": {
        "type": "Point",
        "coordinates": [
          14.1625,
          46.1619
        ]
      },
      "properties": {
        "icao24": "4b193a",
        "callsign": "CSW612",
        "origin_country": "Switzerland",
        "time_position": 1786789974,
        "last_contact": 1786789974,
        "baro_altitude": 10668,
        "on_ground": false,
        "velocity": 240.5,
        "true_track": 133.87,
        "vertical_rate": 0.33,
        "geo_altitude": 11178.54,
        "squawk": "5571",
        "spi": false,
        "position_source": 0
      }
    },
    {
      "type": "Feature",
      "geometry": {
        "type": "Point",
        "coordinates": [
          10.9177,
          42.2007
        ]
      },
      "properties": {
        "icao24": "407183",
        "callsign": "EXS22EF",
        "origin_country": "United Kingdom",
        "time_position": 1786789973,
        "last_contact": 1786789974,
        "baro_altitude": 8321.04,
        "on_ground": false,
        "velocity": 223.93,
        "true_track": 310.9,
        "vertical_rate": 8.78,
        "geo_altitude": 8785.86,
        "squawk": "1221",
        "spi": false,
        "position_source": 0
      }
    },
    {
      "type": "Feature",
      "geometry": {
        "type": "Point",
        "coordinates": [
          16.9096,
          40.6948
        ]
      },
      "properties": {
        "icao24": "7100bc",
        "callsign": "SVA237",
        "origin_country": "Saudi Arabia",
        "time_position": 1786789969,
        "last_contact": 1786789969,
        "baro_altitude": 11582.4,
        "on_ground": false,
        "velocity": 238.32,
        "true_track": 310.36,
        "vertical_rate": 0.33,
        "geo_altitude": 12146.28,
        "squawk": "2002",
        "spi": false,
        "position_source": 0
      }
    },
    {
      "type": "Feature",
      "geometry": {
        "type": "Point",
        "coordinates": [
          8.557,
          47.4536
        ]
      },
      "properties": {
        "icao24": "4b194a",
        "callsign": "SWR9ZA",
        "origin_country": "Switzerland",
        "time_position": 1786789759,
        "last_contact": 1786789769,
        "baro_altitude": 403.86,
        "on_ground": true,
        "velocity": 0,
        "true_track": 5.62,
        "vertical_rate": null,
        "geo_altitude": null,
        "squawk": "2305",
        "spi": false,
        "position_source": 0
      }
    },
    {
      "type": "Feature",
      "geometry": {
        "type": "Point",
        "coordinates": [
          7.2029,
          43.6531
        ]
      },
      "properties": {
        "icao24": "3cfdec",
        "callsign": "VJH334",
        "origin_country": "Germany",
        "time_position": 1786789972,
        "last_contact": 1786789974,
        "baro_altitude": null,
        "on_ground": true,
        "velocity": 0,
        "true_track": 185.62,
        "vertical_rate": null,
        "geo_altitude": null,
        "squawk": null,
        "spi": false,
        "position_source": 0
      }
    },
    {
      "type": "Feature",
      "geometry": {
        "type": "Point",
        "coordinates": [
          13.8623,
          45.1492
        ]
      },
      "properties": {
        "icao24": "4d2006",
        "callsign": "EWG4G",
        "origin_country": "Malta",
        "time_position": 1786789974,
        "last_contact": 1786789974,
        "baro_altitude": 10668,
        "on_ground": false,
        "velocity": 234.09,
        "true_track": 129.92,
        "vertical_rate": 0,
        "geo_altitude": 11186.16,
        "squawk": "2575",
        "spi": false,
        "position_source": 0
      }
    },
    {
      "type": "Feature",
      "geometry": {
        "type": "Point",
        "coordinates": [
          13.6514,
          45.0809
        ]
      },
      "properties": {
        "icao24": "3c66e8",
        "callsign": "OCN5MC",
        "origin_country": "Germany",
        "time_position": 1786789973,
        "last_contact": 1786789974,
        "baro_altitude": 11582.4,
        "on_ground": false,
        "velocity": 220.13,
        "true_track": 310.17,
        "vertical_rate": 0,
        "geo_altitude": 12123.42,
        "squawk": "1000",
        "spi": false,
        "position_source": 0
      }
    },
    {
      "type": "Feature",
      "geometry": {
        "type": "Point",
        "coordinates": [
          18.6846,
          44.145
        ]
      },
      "properties": {
        "icao24": "3c66e5",
        "callsign": "OCN1289",
        "origin_country": "Germany",
        "time_position": 1786789973,
        "last_contact": 1786789973,
        "baro_altitude": 10972.8,
        "on_ground": false,
        "velocity": 229.31,
        "true_track": 317,
        "vertical_rate": 0,
        "geo_altitude": 11498.58,
        "squawk": "1334",
        "spi": false,
        "position_source": 0
      }
    },
    {
      "type": "Feature",
      "geometry": {
        "type": "Point",
        "coordinates": [
          10.3223,
          47.3168
        ]
      },
      "properties": {
        "icao24": "3ff177",
        "callsign": "DMITY",
        "origin_country": "Germany",
        "time_position": 1786789974,
        "last_contact": 1786789974,
        "baro_altitude": 2735.58,
        "on_ground": false,
        "velocity": 43.07,
        "true_track": 60.68,
        "vertical_rate": -1.3,
        "geo_altitude": 2941.32,
        "squawk": "7000",
        "spi": false,
        "position_source": 0
      }
    },
    {
      "type": "Feature",
      "geometry": {
        "type": "Point",
        "coordinates": [
          17.6575,
          44.4751
        ]
      },
      "properties": {
        "icao24": "4692cc",
        "callsign": "AEE34",
        "origin_country": "Greece",
        "time_position": 1786789973,
        "last_contact": 1786789974,
        "baro_altitude": 11277.6,
        "on_ground": false,
        "velocity": 241.56,
        "true_track": 134.31,
        "vertical_rate": 0,
        "geo_altitude": 11811,
        "squawk": "7662",
        "spi": false,
        "position_source": 0
      }
    },
    {
      "type": "Feature",
      "geometry": {
        "type": "Point",
        "coordinates": [
          14.4918,
          35.8493
        ]
      },
      "properties": {
        "icao24": "4d2038",
        "callsign": "KMM587",
        "origin_country": "Malta",
        "time_position": 1786789968,
        "last_contact": 1786789968,
        "baro_altitude": null,
        "on_ground": true,
        "velocity": 5.66,
        "true_track": 47.81,
        "vertical_rate": null,
        "geo_altitude": null,
        "squawk": "1417",
        "spi": false,
        "position_source": 0
      }
    },
    {
      "type": "Feature",
      "geometry": {
        "type": "Point",
        "coordinates": [
          8.5472,
          47.4583
        ]
      },
      "properties": {
        "icao24": "3c79ba",
        "callsign": "CFG1XT",
        "origin_country": "Germany",
        "time_position": 1786789974,
        "last_contact": 1786789974,
        "baro_altitude": 419.1,
        "on_ground": false,
        "velocity": 87.94,
        "true_track": 276.04,
        "vertical_rate": 8.45,
        "geo_altitude": 487.68,
        "squawk": "1000",
        "spi": false,
        "position_source": 0
      }
    },
    {
      "type": "Feature",
      "geometry": {
        "type": "Point",
        "coordinates": [
          12.0074,
          41.0889
        ]
      },
      "properties": {
        "icao24": "4d2042",
        "callsign": "AEZ413P",
        "origin_country": "Malta",
        "time_position": 1786789974,
        "last_contact": 1786789974,
        "baro_altitude": 7071.36,
        "on_ground": false,
        "velocity": 220.76,
        "true_track": 1.34,
        "vertical_rate": -13.98,
        "geo_altitude": 7498.08,
        "squawk": null,
        "spi": false,
        "position_source": 0
      }
    },
    {
      "type": "Feature",
      "geometry": {
        "type": "Point",
        "coordinates": [
          17.1801,
          42.043
        ]
      },
      "properties": {
        "icao24": "4d2014",
        "callsign": "EWG70L",
        "origin_country": "Malta",
        "time_position": 1786789973,
        "last_contact": 1786789973,
        "baro_altitude": 11582.4,
        "on_ground": false,
        "velocity": 220.85,
        "true_track": 335.94,
        "vertical_rate": 0.98,
        "geo_altitude": 12131.04,
        "squawk": null,
        "spi": false,
        "position_source": 0
      }
    },
    {
      "type": "Feature",
      "geometry": {
        "type": "Point",
        "coordinates": [
          16.4015,
          46.9074
        ]
      },
      "properties": {
        "icao24": "4b906c",
        "callsign": "PGT16WL",
        "origin_country": "Turkey",
        "time_position": 1786789974,
        "last_contact": 1786789974,
        "baro_altitude": 10668,
        "on_ground": false,
        "velocity": 236.47,
        "true_track": 114.28,
        "vertical_rate": 0,
        "geo_altitude": 11178.54,
        "squawk": "4624",
        "spi": false,
        "position_source": 0
      }
    },
    {
      "type": "Feature",
      "geometry": {
        "type": "Point",
        "coordinates": [
          14.2775,
          46.7729
        ]
      },
      "properties": {
        "icao24": "3c66ab",
        "callsign": "DLH1PJ",
        "origin_country": "Germany",
        "time_position": 1786789974,
        "last_contact": 1786789974,
        "baro_altitude": 9083.04,
        "on_ground": false,
        "velocity": 232.92,
        "true_track": 133.21,
        "vertical_rate": -5.85,
        "geo_altitude": 9578.34,
        "squawk": "1000",
        "spi": false,
        "position_source": 0
      }
    },
    {
      "type": "Feature",
      "geometry": {
        "type": "Point",
        "coordinates": [
          17.6214,
          44.8972
        ]
      },
      "properties": {
        "icao24": "3c66b4",
        "callsign": "OCN75M",
        "origin_country": "Germany",
        "time_position": 1786789971,
        "last_contact": 1786789974,
        "baro_altitude": 10668,
        "on_ground": false,
        "velocity": 238.78,
        "true_track": 131.24,
        "vertical_rate": 0,
        "geo_altitude": 11186.16,
        "squawk": "7665",
        "spi": false,
        "position_source": 0
      }
    },
    {
      "type": "Feature",
      "geometry": {
        "type": "Point",
        "coordinates": [
          11.9985,
          42.2028
        ]
      },
      "properties": {
        "icao24": "4d2022",
        "callsign": "WMT68LU",
        "origin_country": "Malta",
        "time_position": 1786789973,
        "last_contact": 1786789974,
        "baro_altitude": 2438.4,
        "on_ground": false,
        "velocity": 114.31,
        "true_track": 84.06,
        "vertical_rate": -2.93,
        "geo_altitude": 2644.14,
        "squawk": "1000",
        "spi": false,
        "position_source": 0
      }
    },
    {
      "type": "Feature",
      "geometry": {
        "type": "Point",
        "coordinates": [
          9.3023,
          44.0969
        ]
      },
      "properties": {
        "icao24": "4082bb",
        "callsign": "BOO314",
        "origin_country": "United Kingdom",
        "time_position": 1786789974,
        "last_contact": 1786789974,
        "baro_altitude": 8976.36,
        "on_ground": false,
        "velocity": 171.46,
        "true_track": 305.6,
        "vertical_rate": 6.83,
        "geo_altitude": 9471.66,
        "squawk": "3740",
        "spi": false,
        "position_source": 0
      }
    },
    {
      "type": "Feature",
      "geometry": {
        "type": "Point",
        "coordinates": [
          14.5601,
          43.8646
        ]
      },
      "properties": {
        "icao24": "4082ac",
        "callsign": "EZY28FG",
        "origin_country": "United Kingdom",
        "time_position": 1786789974,
        "last_contact": 1786789974,
        "baro_altitude": 10972.8,
        "on_ground": false,
        "velocity": 229.45,
        "true_track": 310.73,
        "vertical_rate": -0.33,
        "geo_altitude": 11513.82,
        "squawk": "3712",
        "spi": false,
        "position_source": 0
      }
    },
    {
      "type": "Feature",
      "geometry": {
        "type": "Point",
        "coordinates": [
          9.8033,
          45.6499
        ]
      },
      "properties": {
        "icao24": "71157e",
        "callsign": "FAD585",
        "origin_country": "Saudi Arabia",
        "time_position": 1786789974,
        "last_contact": 1786789974,
        "baro_altitude": 541.02,
        "on_ground": false,
        "velocity": 69.26,
        "true_track": 285.07,
        "vertical_rate": -3.9,
        "geo_altitude": 632.46,
        "squawk": "2025",
        "spi": false,
        "position_source": 0
      }
    },
    {
      "type": "Feature",
      "geometry": {
        "type": "Point",
        "coordinates": [
          18.9268,
          47.454
        ]
      },
      "properties": {
        "icao24": "470393",
        "callsign": "HABJF",
        "origin_country": "Hungary",
        "time_position": 1786789823,
        "last_contact": 1786789842,
        "baro_altitude": 426.72,
        "on_ground": false,
        "velocity": 39.26,
        "true_track": 95.26,
        "vertical_rate": 0.98,
        "geo_altitude": 525.78,
        "squawk": "7000",
        "spi": false,
        "position_source": 0
      }
    },
    {
      "type": "Feature",
      "geometry": {
        "type": "Point",
        "coordinates": [
          6.0484,
          46.1969
        ]
      },
      "properties": {
        "icao24": "4b17f8",
        "callsign": "SWR7H",
        "origin_country": "Switzerland",
        "time_position": 1786789974,
        "last_contact": 1786789974,
        "baro_altitude": 1249.68,
        "on_ground": false,
        "velocity": 79.69,
        "true_track": 226.31,
        "vertical_rate": 11.38,
        "geo_altitude": 1379.22,
        "squawk": "5745",
        "spi": false,
        "position_source": 0
      }
    },
    {
      "type": "Feature",
      "geometry": {
        "type": "Point",
        "coordinates": [
          16.8491,
          40.5412
        ]
      },
      "properties": {
        "icao24": "4b17f9",
        "callsign": "SWR217M",
        "origin_country": "Switzerland",
        "time_position": 1786789973,
        "last_contact": 1786789973,
        "baro_altitude": 11277.6,
        "on_ground": false,
        "velocity": 238.1,
        "true_track": 126.3,
        "vertical_rate": 0,
        "geo_altitude": 11833.86,
        "squawk": "5762",
        "spi": false,
        "position_source": 0
      }
    },
    {
      "type": "Feature",
      "geometry": {
        "type": "Point",
        "coordinates": [
          8.552,
          47.4634
        ]
      },
      "properties": {
        "icao24": "4b17de",
        "callsign": "SWR4EA",
        "origin_country": "Switzerland",
        "time_position": 1786789972,
        "last_contact": 1786789973,
        "baro_altitude": null,
        "on_ground": true,
        "velocity": 0,
        "true_track": 8.44,
        "vertical_rate": null,
        "geo_altitude": null,
        "squawk": "1000",
        "spi": false,
        "position_source": 0
      }
    },
    {
      "type": "Feature",
      "geometry": {
        "type": "Point",
        "coordinates": [
          8.5617,
          47.4412
        ]
      },
      "properties": {
        "icao24": "4b17e6",
        "callsign": "SWR8WA",
        "origin_country": "Switzerland",
        "time_position": 1786789967,
        "last_contact": 1786789972,
        "baro_altitude": 403.86,
        "on_ground": true,
        "velocity": 0,
        "true_track": 244.69,
        "vertical_rate": null,
        "geo_altitude": null,
        "squawk": "1000",
        "spi": false,
        "position_source": 0
      }
    },
    {
      "type": "Feature",
      "geometry": {
        "type": "Point",
        "coordinates": [
          8.5575,
          47.4559
        ]
      },
      "properties": {
        "icao24": "4b17fb",
        "callsign": "SWR8YE",
        "origin_country": "Switzerland",
        "time_position": 1786789968,
        "last_contact": 1786789973,
        "baro_altitude": 403.86,
        "on_ground": true,
        "velocity": 0,
        "true_track": 5.62,
        "vertical_rate": null,
        "geo_altitude": null,
        "squawk": "1000",
        "spi": false,
        "position_source": 0
      }
    },
    {
      "type": "Feature",
      "geometry": {
        "type": "Point",
        "coordinates": [
          8.557,
          47.4492
        ]
      },
      "properties": {
        "icao24": "4b17fe",
        "callsign": "SWR82P",
        "origin_country": "Switzerland",
        "time_position": 1786789973,
        "last_contact": 1786789973,
        "baro_altitude": null,
        "on_ground": true,
        "velocity": 11.32,
        "true_track": 337.5,
        "vertical_rate": null,
        "geo_altitude": null,
        "squawk": "3015",
        "spi": false,
        "position_source": 0
      }
    },
    {
      "type": "Feature",
      "geometry": {
        "type": "Point",
        "coordinates": [
          8.556,
          47.456
        ]
      },
      "properties": {
        "icao24": "4b17fa",
        "callsign": "SWR1ZM",
        "origin_country": "Switzerland",
        "time_position": 1786789969,
        "last_contact": 1786789969,
        "baro_altitude": null,
        "on_ground": true,
        "velocity": 0,
        "true_track": 5.62,
        "vertical_rate": null,
        "geo_altitude": null,
        "squawk": "2000",
        "spi": false,
        "position_source": 0
      }
    },
    {
      "type": "Feature",
      "geometry": {
        "type": "Point",
        "coordinates": [
          14.3944,
          46.0729
        ]
      },
      "properties": {
        "icao24": "398562",
        "callsign": "AFR94UK",
        "origin_country": "France",
        "time_position": 1786789973,
        "last_contact": 1786789973,
        "baro_altitude": 2651.76,
        "on_ground": false,
        "velocity": 148.75,
        "true_track": 91.78,
        "vertical_rate": -9.75,
        "geo_altitude": 2865.12,
        "squawk": "1000",
        "spi": false,
        "position_source": 0
      }
    },
    {
      "type": "Feature",
      "geometry": {
        "type": "Point",
        "coordinates": [
          11.5933,
          45.0286
        ]
      },
      "properties": {
        "icao24": "398569",
        "callsign": "AFR59NP",
        "origin_country": "France",
        "time_position": 1786789974,
        "last_contact": 1786789974,
        "baro_altitude": 10972.8,
        "on_ground": false,
        "velocity": 226.38,
        "true_track": 294,
        "vertical_rate": 0,
        "geo_altitude": 11513.82,
        "squawk": "1000",
        "spi": false,
        "position_source": 0
      }
    },
    {
      "type": "Feature",
      "geometry": {
        "type": "Point",
        "coordinates": [
          11.8694,
          45.8422
        ]
      },
      "properties": {
        "icao24": "47bfb3",
        "callsign": "NOZ1853",
        "origin_country": "Norway",
        "time_position": 1786789974,
        "last_contact": 1786789974,
        "baro_altitude": 10972.8,
        "on_ground": false,
        "velocity": 229.18,
        "true_track": 343.44,
        "vertical_rate": 0,
        "geo_altitude": 11521.44,
        "squawk": "1204",
        "spi": false,
        "position_source": 0
      }
    },
    {
      "type": "Feature",
      "geometry": {
        "type": "Point",
        "coordinates": [
          15.4007,
          46.9465
        ]
      },
      "properties": {
        "icao24": "aa7839",
        "callsign": "JUMPER1",
        "origin_country": "United States",
        "time_position": 1786789973,
        "last_contact": 1786789973,
        "baro_altitude": 777.24,
        "on_ground": false,
        "velocity": 67.19,
        "true_track": 242.65,
        "vertical_rate": 8.13,
        "geo_altitude": 891.54,
        "squawk": "7000",
        "spi": false,
        "position_source": 0
      }
    }
  ]
}