{
  "type": "FeatureCollection",
  "source": "opensky",
  "dataset": "aircraft_italy",
  "generated_at": "2026-08-23T08:43:02.505635+00:00",
  "opensky_time": 1787474580,
  "count": 891,
  "features": [
    {
      "type": "Feature",
      "geometry": {
        "type": "Point",
        "coordinates": [
          18.1971,
          39.2086
        ]
      },
      "properties": {
        "icao24": "39de4b",
        "callsign": "TVF10HW",
        "origin_country": "France",
        "time_position": 1787474579,
        "last_contact": 1787474579,
        "baro_altitude": 11269.98,
        "on_ground": false,
        "velocity": 237.69,
        "true_track": 127.61,
        "vertical_rate": 0.65,
        "geo_altitude": 11910.06,
        "squawk": "0426",
        "spi": false,
        "position_source": 0
      }
    },
    {
      "type": "Feature",
      "geometry": {
        "type": "Point",
        "coordinates": [
          11.8451,
          41.2465
        ]
      },
      "properties": {
        "icao24": "39de4a",
        "callsign": "TVF49MD",
        "origin_country": "France",
        "time_position": 1787474579,
        "last_contact": 1787474579,
        "baro_altitude": 11269.98,
        "on_ground": false,
        "velocity": 240.39,
        "true_track": 128.83,
        "vertical_rate": 0,
        "geo_altitude": 11887.2,
        "squawk": "1260",
        "spi": false,
        "position_source": 0
      }
    },
    {
      "type": "Feature",
      "geometry": {
        "type": "Point",
        "coordinates": [
          14.7534,
          35.719
        ]
      },
      "properties": {
        "icao24": "39de4d",
        "callsign": "TVF163D",
        "origin_country": "France",
        "time_position": 1787474579,
        "last_contact": 1787474579,
        "baro_altitude": 1455.42,
        "on_ground": false,
        "velocity": 122.25,
        "true_track": 223.98,
        "vertical_rate": -3.25,
        "geo_altitude": 1623.06,
        "squawk": "7634",
        "spi": false,
        "position_source": 0
      }
    },
    {
      "type": "Feature",
      "geometry": {
        "type": "Point",
        "coordinates": [
          12.7702,
          44.5285
        ]
      },
      "properties": {
        "icao24": "39de54",
        "callsign": "TVF33XD",
        "origin_country": "France",
        "time_position": 1787474580,
        "last_contact": 1787474580,
        "baro_altitude": 11590.02,
        "on_ground": false,
        "velocity": 213.27,
        "true_track": 296.5,
        "vertical_rate": 0,
        "geo_altitude": 12131.04,
        "squawk": "7350",
        "spi": false,
        "position_source": 0
      }
    },
    {
      "type": "Feature",
      "geometry": {
        "type": "Point",
        "coordinates": [
          16.0145,
          43.4156
        ]
      },
      "properties": {
        "icao24": "39de48",
        "callsign": "TVF58RR",
        "origin_country": "France",
        "time_position": 1787474577,
        "last_contact": 1787474578,
        "baro_altitude": 11582.4,
        "on_ground": false,
        "velocity": 212.02,
        "true_track": 301.61,
        "vertical_rate": 0,
        "geo_altitude": 12161.52,
        "squawk": "5604",
        "spi": false,
        "position_source": 0
      }
    },
    {
      "type": "Feature",
      "geometry": {
        "type": "Point",
        "coordinates": [
          17.7986,
          40.0656
        ]
      },
      "properties": {
        "icao24": "39de44",
        "callsign": "TVF53ZY",
        "origin_country": "France",
        "time_position": 1787474579,
        "last_contact": 1787474579,
        "baro_altitude": 11277.6,
        "on_ground": false,
        "velocity": 237.19,
        "true_track": 129.46,
        "vertical_rate": -0.33,
        "geo_altitude": 11910.06,
        "squawk": "0665",
        "spi": false,
        "position_source": 0
      }
    },
    {
      "type": "Feature",
      "geometry": {
        "type": "Point",
        "coordinates": [
          13.4814,
          45.8235
        ]
      },
      "properties": {
        "icao24": "511187",
        "callsign": "MBU3AX",
        "origin_country": "Estonia",
        "time_position": 1787474577,
        "last_contact": 1787474577,
        "baro_altitude": null,
        "on_ground": true,
        "velocity": 6.69,
        "true_track": 137.81,
        "vertical_rate": null,
        "geo_altitude": null,
        "squawk": "1125",
        "spi": false,
        "position_source": 0
      }
    },
    {
      "type": "Feature",
      "geometry": {
        "type": "Point",
        "coordinates": [
          6.0061,
          46.8738
        ]
      },
      "properties": {
        "icao24": "44028c",
        "callsign": "EJU89VG",
        "origin_country": "Austria",
        "time_position": 1787474579,
        "last_contact": 1787474579,
        "baro_altitude": 8366.76,
        "on_ground": false,
        "velocity": 202.88,
        "true_track": 219.34,
        "vertical_rate": 6.83,
        "geo_altitude": 8755.38,
        "squawk": "6741",
        "spi": false,
        "position_source": 0
      }
    },
    {
      "type": "Feature",
      "geometry": {
        "type": "Point",
        "coordinates": [
          6.6806,
          45.2987
        ]
      },
      "properties": {
        "icao24": "511189",
        "callsign": "CFG2MW",
        "origin_country": "Estonia",
        "time_position": 1787474579,
        "last_contact": 1787474579,
        "baro_altitude": 11582.4,
        "on_ground": false,
        "velocity": 240.28,
        "true_track": 0.98,
        "vertical_rate": 0,
        "geo_altitude": 12108.18,
        "squawk": "1000",
        "spi": false,
        "position_source": 0
      }
    },
    {
      "type": "Feature",
      "geometry": {
        "type": "Point",
        "coordinates": [
          16.5012,
          40.6469
        ]
      },
      "properties": {
        "icao24": "4bc8c2",
        "callsign": "PGT995E",
        "origin_country": "Turkey",
        "time_position": 1787474580,
        "last_contact": 1787474580,
        "baro_altitude": 10370.82,
        "on_ground": false,
        "velocity": 226.24,
        "true_track": 273.39,
        "vertical_rate": 0,
        "geo_altitude": 10980.42,
        "squawk": "2346",
        "spi": false,
        "position_source": 0
      }
    },
    {
      "type": "Feature",
      "geometry": {
        "type": "Point",
        "coordinates": [
          15.8041,
          41.0168
        ]
      },
      "properties": {
        "icao24": "4bc8c3",
        "callsign": "PGT1099",
        "origin_country": "Turkey",
        "time_position": 1787474579,
        "last_contact": 1787474579,
        "baro_altitude": 10370.82,
        "on_ground": false,
        "velocity": 224.02,
        "true_track": 272.63,
        "vertical_rate": 0,
        "geo_altitude": 10972.8,
        "squawk": "2313",
        "spi": false,
        "position_source": 0
      }
    },
    {
      "type": "Feature",
      "geometry": {
        "type": "Point",
        "coordinates": [
          16.8845,
          41.5826
        ]
      },
      "properties": {
        "icao24": "511171",
        "callsign": "CFG2CN",
        "origin_country": "Estonia",
        "time_position": 1787474578,
        "last_contact": 1787474579,
        "baro_altitude": 10965.18,
        "on_ground": false,
        "velocity": 223.17,
        "true_track": 323.34,
        "vertical_rate": 0,
        "geo_altitude": 11574.78,
        "squawk": null,
        "spi": false,
        "position_source": 0
      }
    },
    {
      "type": "Feature",
      "geometry": {
        "type": "Point",
        "coordinates": [
          9.9082,
          45.6303
        ]
      },
      "properties": {
        "icao24": "4bc8d4",
        "callsign": "PGT82MC",
        "origin_country": "Turkey",
        "time_position": 1787474577,
        "last_contact": 1787474579,
        "baro_altitude": 960.12,
        "on_ground": false,
        "velocity": 96.96,
        "true_track": 285.07,
        "vertical_rate": -5.53,
        "geo_altitude": 1104.9,
        "squawk": "2331",
        "spi": false,
        "position_source": 0
      }
    },
    {
      "type": "Feature",
      "geometry": {
        "type": "Point",
        "coordinates": [
          6.286,
          43.8628
        ]
      },
      "properties": {
        "icao24": "511194",
        "callsign": "MBU6VG",
        "origin_country": "Estonia",
        "time_position": 1787474579,
        "last_contact": 1787474579,
        "baro_altitude": 10972.8,
        "on_ground": false,
        "velocity": 237.9,
        "true_track": 20.9,
        "vertical_rate": 0,
        "geo_altitude": 11498.58,
        "squawk": "5315",
        "spi": false,
        "position_source": 0
      }
    },
    {
      "type": "Feature",
      "geometry": {
        "type": "Point",
        "coordinates": [
          9.7116,
          47.4455
        ]
      },
      "properties": {
        "icao24": "440250",
        "callsign": "OEALK",
        "origin_country": "Austria",
        "time_position": 1787474579,
        "last_contact": 1787474579,
        "baro_altitude": 822.96,
        "on_ground": false,
        "velocity": 41.67,
        "true_track": 0,
        "vertical_rate": 2.28,
        "geo_altitude": 952.5,
        "squawk": "7000",
        "spi": false,
        "position_source": 0
      }
    },
    {
      "type": "Feature",
      "geometry": {
        "type": "Point",
        "coordinates": [
          18.0612,
          46.9616
        ]
      },
      "properties": {
        "icao24": "3c5ee8",
        "callsign": "EWG66Q",
        "origin_country": "Germany",
        "time_position": 1787474579,
        "last_contact": 1787474579,
        "baro_altitude": 11574.78,
        "on_ground": false,
        "velocity": 207.65,
        "true_track": 323.87,
        "vertical_rate": 0,
        "geo_altitude": 12016.74,
        "squawk": "1751",
        "spi": false,
        "position_source": 0
      }
    },
    {
      "type": "Feature",
      "geometry": {
        "type": "Point",
        "coordinates": [
          10.0407,
          41.8365
        ]
      },
      "properties": {
        "icao24": "3c5ee9",
        "callsign": "EWG25A",
        "origin_country": "Germany",
        "time_position": 1787474579,
        "last_contact": 1787474579,
        "baro_altitude": 7810.5,
        "on_ground": false,
        "velocity": 220.48,
        "true_track": 353.7,
        "vertical_rate": 10.08,
        "geo_altitude": 8267.7,
        "squawk": null,
        "spi": false,
        "position_source": 0
      }
    },
    {
      "type": "Feature",
      "geometry": {
        "type": "Point",
        "coordinates": [
          9.3276,
          43.0019
        ]
      },
      "properties": {
        "icao24": "3c5ee3",
        "callsign": "EWG7DN",
        "origin_country": "Germany",
        "time_position": 1787474580,
        "last_contact": 1787474580,
        "baro_altitude": 11582.4,
        "on_ground": false,
        "velocity": 230.73,
        "true_track": 7.17,
        "vertical_rate": 0.33,
        "geo_altitude": 12161.52,
        "squawk": "4025",
        "spi": false,
        "position_source": 0
      }
    },
    {
      "type": "Feature",
      "geometry": {
        "type": "Point",
        "coordinates": [
          12.845,
          39.1743
        ]
      },
      "properties": {
        "icao24": "3c5ef8",
        "callsign": "EWG38N",
        "origin_country": "Germany",
        "time_position": 1787474579,
        "last_contact": 1787474579,
        "baro_altitude": 11582.4,
        "on_ground": false,
        "velocity": 222.94,
        "true_track": 350.97,
        "vertical_rate": 0,
        "geo_altitude": 12230.1,
        "squawk": "6561",
        "spi": false,
        "position_source": 0
      }
    },
    {
      "type": "Feature",
      "geometry": {
        "type": "Point",
        "coordinates": [
          11.7096,
          46.6044
        ]
      },
      "properties": {
        "icao24": "3c5eea",
        "callsign": "EWG79EB",
        "origin_country": "Germany",
        "time_position": 1787474579,
        "last_contact": 1787474579,
        "baro_altitude": 10957.56,
        "on_ground": false,
        "velocity": 205.89,
        "true_track": 315,
        "vertical_rate": -10.4,
        "geo_altitude": 11452.86,
        "squawk": "6053",
        "spi": false,
        "position_source": 0
      }
    },
    {
      "type": "Feature",
      "geometry": {
        "type": "Point",
        "coordinates": [
          14.4958,
          47.1066
        ]
      },
      "properties": {
        "icao24": "3c5ef0",
        "callsign": "EWG4EW",
        "origin_country": "Germany",
        "time_position": 1787474579,
        "last_contact": 1787474580,
        "baro_altitude": 11590.02,
        "on_ground": false,
        "velocity": 208.35,
        "true_track": 319.51,
        "vertical_rate": 0.33,
        "geo_altitude": 12047.22,
        "squawk": "1330",
        "spi": false,
        "position_source": 0
      }
    },
    {
      "type": "Feature",
      "geometry": {
        "type": "Point",
        "coordinates": [
          7.3665,
          41.8338
        ]
      },
      "properties": {
        "icao24": "3c5ef2",
        "callsign": "EWG98MQ",
        "origin_country": "Germany",
        "time_position": 1787474579,
        "last_contact": 1787474579,
        "baro_altitude": 11582.4,
        "on_ground": false,
        "velocity": 239.43,
        "true_track": 36.53,
        "vertical_rate": 0,
        "geo_altitude": 12161.52,
        "squawk": "5346",
        "spi": false,
        "position_source": 0
      }
    },
    {
      "type": "Feature",
      "geometry": {
        "type": "Point",
        "coordinates": [
          7.8016,
          43.8634
        ]
      },
      "properties": {
        "icao24": "440219",
        "callsign": "EJU12TM",
        "origin_country": "Austria",
        "time_position": 1787474580,
        "last_contact": 1787474580,
        "baro_altitude": 11574.78,
        "on_ground": false,
        "velocity": 244.7,
        "true_track": 39.88,
        "vertical_rate": 0,
        "geo_altitude": 12146.28,
        "squawk": "1000",
        "spi": false,
        "position_source": 0
      }
    },
    {
      "type": "Feature",
      "geometry": {
        "type": "Point",
        "coordinates": [
          14.7428,
          46.8604
        ]
      },
      "properties": {
        "icao24": "46b838",
        "callsign": "AEE5DL",
        "origin_country": "Greece",
        "time_position": 1787474579,
        "last_contact": 1787474579,
        "baro_altitude": 10965.18,
        "on_ground": false,
        "velocity": 206.76,
        "true_track": 320.25,
        "vertical_rate": 0,
        "geo_altitude": 11430,
        "squawk": "2666",
        "spi": false,
        "position_source": 0
      }
    },
    {
      "type": "Feature",
      "geometry": {
        "type": "Point",
        "coordinates": [
          10.466,
          47.4688
        ]
      },
      "properties": {
        "icao24": "46b825",
        "callsign": "AEE6AV",
        "origin_country": "Greece",
        "time_position": 1787474579,
        "last_contact": 1787474579,
        "baro_altitude": 10972.8,
        "on_ground": false,
        "velocity": 204.59,
        "true_track": 317.24,
        "vertical_rate": 0,
        "geo_altitude": 11399.52,
        "squawk": "3557",
        "spi": false,
        "position_source": 0
      }
    },
    {
      "type": "Feature",
      "geometry": {
        "type": "Point",
        "coordinates": [
          12.1476,
          46.2063
        ]
      },
      "properties": {
        "icao24": "46b822",
        "callsign": "AEE9W",
        "origin_country": "Greece",
        "time_position": 1787474579,
        "last_contact": 1787474579,
        "baro_altitude": 10972.8,
        "on_ground": false,
        "velocity": 211.15,
        "true_track": 319.05,
        "vertical_rate": -0.33,
        "geo_altitude": 11475.72,
        "squawk": "1000",
        "spi": false,
        "position_source": 0
      }
    },
    {
      "type": "Feature",
      "geometry": {
        "type": "Point",
        "coordinates": [
          8.1628,
          40.7975
        ]
      },
      "properties": {
        "icao24": "343194",
        "callsign": "VLG3VR",
        "origin_country": "Spain",
        "time_position": 1787474579,
        "last_contact": 1787474580,
        "baro_altitude": 10980.42,
        "on_ground": false,
        "velocity": 216.31,
        "true_track": 297.78,
        "vertical_rate": 0,
        "geo_altitude": 11574.78,
        "squawk": "1000",
        "spi": false,
        "position_source": 0
      }
    },
    {
      "type": "Feature",
      "geometry": {
        "type": "Point",
        "coordinates": [
          10.5984,
          45.4561
        ]
      },
      "properties": {
        "icao24": "4aca85",
        "callsign": "NSZ8YC",
        "origin_country": "Sweden",
        "time_position": 1787474579,
        "last_contact": 1787474579,
        "baro_altitude": 10980.42,
        "on_ground": false,
        "velocity": 257.57,
        "true_track": 40.63,
        "vertical_rate": 0,
        "geo_altitude": 11498.58,
        "squawk": "0443",
        "spi": false,
        "position_source": 0
      }
    },
    {
      "type": "Feature",
      "geometry": {
        "type": "Point",
        "coordinates": [
          11.614,
          46.0635
        ]
      },
      "properties": {
        "icao24": "4aca93",
        "callsign": "NSZ3731",
        "origin_country": "Sweden",
        "time_position": 1787474579,
        "last_contact": 1787474579,
        "baro_altitude": 11582.4,
        "on_ground": false,
        "velocity": 231.95,
        "true_track": 356.44,
        "vertical_rate": 0,
        "geo_altitude": 12092.94,
        "squawk": "1222",
        "spi": false,
        "position_source": 0
      }
    },
    {
      "type": "Feature",
      "geometry": {
        "type": "Point",
        "coordinates": [
          18.6044,
          41.1523
        ]
      },
      "properties": {
        "icao24": "3c5eee",
        "callsign": "EWG94H",
        "origin_country": "Germany",
        "time_position": 1787474579,
        "last_contact": 1787474579,
        "baro_altitude": 11582.4,
        "on_ground": false,
        "velocity": 224.09,
        "true_track": 314.63,
        "vertical_rate": -0.33,
        "geo_altitude": 12199.62,
        "squawk": null,
        "spi": false,
        "position_source": 0
      }
    },
    {
      "type": "Feature",
      "geometry": {
        "type": "Point",
        "coordinates": [
          15.265,
          46.1928
        ]
      },
      "properties": {
        "icao24": "4400f4",
        "callsign": "OEKWJ",
        "origin_country": "Austria",
        "time_position": 1787474580,
        "last_contact": 1787474580,
        "baro_altitude": 2049.78,
        "on_ground": false,
        "velocity": 57.6,
        "true_track": 197.14,
        "vertical_rate": -0.33,
        "geo_altitude": 2141.22,
        "squawk": "7000",
        "spi": false,
        "position_source": 0
      }
    },
    {
      "type": "Feature",
      "geometry": {
        "type": "Point",
        "coordinates": [
          8.7168,
          45.6274
        ]
      },
      "properties": {
        "icao24": "e48ba8",
        "callsign": "TAM8072",
        "origin_country": "Brazil",
        "time_position": 1787474298,
        "last_contact": 1787474304,
        "baro_altitude": null,
        "on_ground": true,
        "velocity": 0,
        "true_track": 331.88,
        "vertical_rate": null,
        "geo_altitude": null,
        "squawk": "1000",
        "spi": false,
        "position_source": 0
      }
    },
    {
      "type": "Feature",
      "geometry": {
        "type": "Point",
        "coordinates": [
          12.5026,
          40.8908
        ]
      },
      "properties": {
        "icao24": "471f6d",
        "callsign": "WMT546",
        "origin_country": "Hungary",
        "time_position": 1787474580,
        "last_contact": 1787474580,
        "baro_altitude": 10972.8,
        "on_ground": false,
        "velocity": 245.63,
        "true_track": 92.52,
        "vertical_rate": 0,
        "geo_altitude": 11574.78,
        "squawk": "1204",
        "spi": false,
        "position_source": 0
      }
    },
    {
      "type": "Feature",
      "geometry": {
        "type": "Point",
        "coordinates": [
          12.2252,
          43.7495
        ]
      },
      "properties": {
        "icao24": "4a2022",
        "callsign": "HLJ5AF",
        "origin_country": "Romania",
        "time_position": 1787474579,
        "last_contact": 1787474579,
        "baro_altitude": 10965.18,
        "on_ground": false,
        "velocity": 240.16,
        "true_track": 12.37,
        "vertical_rate": 0,
        "geo_altitude": 11521.44,
        "squawk": "6167",
        "spi": false,
        "position_source": 0
      }
    },
    {
      "type": "Feature",
      "geometry": {
        "type": "Point",
        "coordinates": [
          11.9255,
          40.1914
        ]
      },
      "properties": {
        "icao24": "4a2023",
        "callsign": "HLJ4AE",
        "origin_country": "Romania",
        "time_position": 1787474578,
        "last_contact": 1787474579,
        "baro_altitude": 10363.2,
        "on_ground": false,
        "velocity": 244.02,
        "true_track": 2.17,
        "vertical_rate": 0,
        "geo_altitude": 10980.42,
        "squawk": "6144",
        "spi": false,
        "position_source": 0
      }
    },
    {
      "type": "Feature",
      "geometry": {
        "type": "Point",
        "coordinates": [
          16.3258,
          43.4729
        ]
      },
      "properties": {
        "icao24": "471f65",
        "callsign": "WMT5CB",
        "origin_country": "Hungary",
        "time_position": 1787474556,
        "last_contact": 1787474560,
        "baro_altitude": 10668,
        "on_ground": false,
        "velocity": 246.01,
        "true_track": 126.58,
        "vertical_rate": 0.33,
        "geo_altitude": 11231.88,
        "squawk": "4364",
        "spi": false,
        "position_source": 0
      }
    },
    {
      "type": "Feature",
      "geometry": {
        "type": "Point",
        "coordinates": [
          17.7409,
          40.7875
        ]
      },
      "properties": {
        "icao24": "4400c8",
        "callsign": "EJU36KU",
        "origin_country": "Austria",
        "time_position": 1787474575,
        "last_contact": 1787474579,
        "baro_altitude": 9997.44,
        "on_ground": false,
        "velocity": 225.99,
        "true_track": 297.97,
        "vertical_rate": 4.55,
        "geo_altitude": 10591.8,
        "squawk": null,
        "spi": false,
        "position_source": 0
      }
    },
    {
      "type": "Feature",
      "geometry": {
        "type": "Point",
        "coordinates": [
          7.0243,
          45.3201
        ]
      },
      "properties": {
        "icao24": "344445",
        "callsign": "EVE776",
        "origin_country": "Spain",
        "time_position": 1787474580,
        "last_contact": 1787474580,
        "baro_altitude": 10972.8,
        "on_ground": false,
        "velocity": 209.47,
        "true_track": 282.19,
        "vertical_rate": 0,
        "geo_altitude": 11498.58,
        "squawk": "5707",
        "spi": false,
        "position_source": 0
      }
    },
    {
      "type": "Feature",
      "geometry": {
        "type": "Point",
        "coordinates": [
          11.0886,
          47.6813
        ]
      },
      "properties": {
        "icao24": "471f77",
        "callsign": "WMT6BD",
        "origin_country": "Hungary",
        "time_position": 1787474579,
        "last_contact": 1787474579,
        "baro_altitude": 11262.36,
        "on_ground": false,
        "velocity": 260.29,
        "true_track": 124.7,
        "vertical_rate": 0,
        "geo_altitude": 11673.84,
        "squawk": "0107",
        "spi": false,
        "position_source": 0
      }
    },
    {
      "type": "Feature",
      "geometry": {
        "type": "Point",
        "coordinates": [
          11.1387,
          41.5448
        ]
      },
      "properties": {
        "icao24": "344409",
        "callsign": "VLG836X",
        "origin_country": "Spain",
        "time_position": 1787474579,
        "last_contact": 1787474580,
        "baro_altitude": 11277.6,
        "on_ground": false,
        "velocity": 218.85,
        "true_track": 254.04,
        "vertical_rate": 0,
        "geo_altitude": 11887.2,
        "squawk": "1000",
        "spi": false,
        "position_source": 0
      }
    },
    {
      "type": "Feature",
      "geometry": {
        "type": "Point",
        "coordinates": [
          13.3055,
          43.6073
        ]
      },
      "properties": {
        "icao24": "300ad8",
        "callsign": "IBBTT",
        "origin_country": "Italy",
        "time_position": 1787474482,
        "last_contact": 1787474550,
        "baro_altitude": 396.24,
        "on_ground": false,
        "velocity": 33.24,
        "true_track": 68.2,
        "vertical_rate": -1.3,
        "geo_altitude": 487.68,
        "squawk": null,
        "spi": false,
        "position_source": 0
      }
    },
    {
      "type": "Feature",
      "geometry": {
        "type": "Point",
        "coordinates": [
          7.8162,
          46.9722
        ]
      },
      "properties": {
        "icao24": "4b404f",
        "callsign": "HBYJF",
        "origin_country": "Switzerland",
        "time_position": 1787474579,
        "last_contact": 1787474579,
        "baro_altitude": 1600.2,
        "on_ground": false,
        "velocity": 57.85,
        "true_track": 185.1,
        "vertical_rate": 2.28,
        "geo_altitude": 1760.22,
        "squawk": "7000",
        "spi": false,
        "position_source": 0
      }
    },
    {
      "type": "Feature",
      "geometry": {
        "type": "Point",
        "coordinates": [
          16.222,
          45.0016
        ]
      },
      "properties": {
        "icao24": "a4d989",
        "callsign": "N411TJ",
        "origin_country": "United States",
        "time_position": 1787474579,
        "last_contact": 1787474579,
        "baro_altitude": 10972.8,
        "on_ground": false,
        "velocity": 225.69,
        "true_track": 321.85,
        "vertical_rate": -0.33,
        "geo_altitude": 11521.44,
        "squawk": "2640",
        "spi": false,
        "position_source": 0
      }
    },
    {
      "type": "Feature",
      "geometry": {
        "type": "Point",
        "coordinates": [
          13.0303,
          41.7023
        ]
      },
      "properties": {
        "icao24": "500365",
        "callsign": "T7688JH",
        "origin_country": "San Marino",
        "time_position": 1787474577,
        "last_contact": 1787474578,
        "baro_altitude": 1501.14,
        "on_ground": false,
        "velocity": 67.38,
        "true_track": 312.21,
        "vertical_rate": 0,
        "geo_altitude": 1653.54,
        "squawk": null,
        "spi": false,
        "position_source": 0
      }
    },
    {
      "type": "Feature",
      "geometry": {
        "type": "Point",
        "coordinates": [
          16.6119,
          44.3826
        ]
      },
      "properties": {
        "icao24": "500388",
        "callsign": "T7MAHA",
        "origin_country": "San Marino",
        "time_position": 1787474579,
        "last_contact": 1787474580,
        "baro_altitude": 12496.8,
        "on_ground": false,
        "velocity": 273.19,
        "true_track": 134.77,
        "vertical_rate": 0,
        "geo_altitude": 13075.92,
        "squawk": "7301",
        "spi": false,
        "position_source": 0
      }
    },
    {
      "type": "Feature",
      "geometry": {
        "type": "Point",
        "coordinates": [
          13.7776,
          47.1995
        ]
      },
      "properties": {
        "icao24": "ab4ae9",
        "callsign": "AAL292",
        "origin_country": "United States",
        "time_position": 1787474580,
        "last_contact": 1787474580,
        "baro_altitude": 11269.98,
        "on_ground": false,
        "velocity": 291.31,
        "true_track": 97.82,
        "vertical_rate": 0,
        "geo_altitude": 11734.8,
        "squawk": "7536",
        "spi": false,
        "position_source": 0
      }
    },
    {
      "type": "Feature",
      "geometry": {
        "type": "Point",
        "coordinates": [
          11.6134,
          41.3355
        ]
      },
      "properties": {
        "icao24": "3430cc",
        "callsign": "VLG3957",
        "origin_country": "Spain",
        "time_position": 1787474580,
        "last_contact": 1787474580,
        "baro_altitude": 5692.14,
        "on_ground": false,
        "velocity": 188.29,
        "true_track": 250.03,
        "vertical_rate": 9.75,
        "geo_altitude": 6065.52,
        "squawk": null,
        "spi": false,
        "position_source": 0
      }
    },
    {
      "type": "Feature",
      "geometry": {
        "type": "Point",
        "coordinates": [
          8.7262,
          45.6375
        ]
      },
      "properties": {
        "icao24": "440389",
        "callsign": "EJU926U",
        "origin_country": "Austria",
        "time_position": 1787474578,
        "last_contact": 1787474578,
        "baro_altitude": null,
        "on_ground": true,
        "velocity": 12.86,
        "true_track": 168.75,
        "vertical_rate": null,
        "geo_altitude": null,
        "squawk": null,
        "spi": false,
        "position_source": 0
      }
    },
    {
      "type": "Feature",
      "geometry": {
        "type": "Point",
        "coordinates": [
          11.4839,
          47.6943
        ]
      },
      "properties": {
        "icao24": "440385",
        "callsign": "OECWI",
        "origin_country": "Austria",
        "time_position": 1787474579,
        "last_contact": 1787474579,
        "baro_altitude": 2514.6,
        "on_ground": false,
        "velocity": 63.07,
        "true_track": 303.69,
        "vertical_rate": 0,
        "geo_altitude": 2674.62,
        "squawk": "4453",
        "spi": false,
        "position_source": 0
      }
    },
    {
      "type": "Feature",
      "geometry": {
        "type": "Point",
        "coordinates": [
          15.9292,
          46.357
        ]
      },
      "properties": {
        "icao24": "506fd2",
        "callsign": "S5DEG",
        "origin_country": "Slovenia",
        "time_position": 1787474580,
        "last_contact": 1787474580,
        "baro_altitude": 784.86,
        "on_ground": false,
        "velocity": 54.66,
        "true_track": 161.91,
        "vertical_rate": 0.65,
        "geo_altitude": 906.78,
        "squawk": "3324",
        "spi": false,
        "position_source": 0
      }
    },
    {
      "type": "Feature",
      "geometry": {
        "type": "Point",
        "coordinates": [
          12.3554,
          47.7628
        ]
      },
      "properties": {
        "icao24": "3edb8e",
        "callsign": "DKYCK",
        "origin_country": "Germany",
        "time_position": 1787474579,
        "last_contact": 1787474579,
        "baro_altitude": 1821.18,
        "on_ground": false,
        "velocity": 27.35,
        "true_track": 253.61,
        "vertical_rate": 3.25,
        "geo_altitude": 1996.44,
        "squawk": "4453",
        "spi": false,
        "position_source": 0
      }
    },
    {
      "type": "Feature",
      "geometry": {
        "type": "Point",
        "coordinates": [
          8.1219,
          43.9102
        ]
      },
      "properties": {
        "icao24": "505cd1",
        "callsign": "OMS370",
        "origin_country": "Slovakia",
        "time_position": 1787474580,
        "last_contact": 1787474580,
        "baro_altitude": 868.68,
        "on_ground": false,
        "velocity": 49.14,
        "true_track": 47.12,
        "vertical_rate": 0,
        "geo_altitude": 990.6,
        "squawk": null,
        "spi": false,
        "position_source": 0
      }
    },
    {
      "type": "Feature",
      "geometry": {
        "type": "Point",
        "coordinates": [
          9.0587,
          47.5762
        ]
      },
      "properties": {
        "icao24": "4b50ee",
        "callsign": "HB3143",
        "origin_country": "Switzerland",
        "time_position": 1787474579,
        "last_contact": 1787474580,
        "baro_altitude": 754.38,
        "on_ground": false,
        "velocity": 24.98,
        "true_track": 32.38,
        "vertical_rate": -0.33,
        "geo_altitude": 899.16,
        "squawk": "7000",
        "spi": false,
        "position_source": 0
      }
    },
    {
      "type": "Feature",
      "geometry": {
        "type": "Point",
        "coordinates": [
          16.217,
          41.4415
        ]
      },
      "properties": {
        "icao24": "4401e9",
        "callsign": "EJU69WF",
        "origin_country": "Austria",
        "time_position": 1787474579,
        "last_contact": 1787474579,
        "baro_altitude": 10972.8,
        "on_ground": false,
        "velocity": 223.52,
        "true_track": 302.12,
        "vertical_rate": 0,
        "geo_altitude": 11597.64,
        "squawk": null,
        "spi": false,
        "position_source": 0
      }
    },
    {
      "type": "Feature",
      "geometry": {
        "type": "Point",
        "coordinates": [
          17.9742,
          40.9202
        ]
      },
      "properties": {
        "icao24": "4bc84e",
        "callsign": "PGT362H",
        "origin_country": "Turkey",
        "time_position": 1787474578,
        "last_contact": 1787474578,
        "baro_altitude": 10355.58,
        "on_ground": false,
        "velocity": 226.49,
        "true_track": 271.95,
        "vertical_rate": 0,
        "geo_altitude": 10965.18,
        "squawk": null,
        "spi": false,
        "position_source": 0
      }
    },
    {
      "type": "Feature",
      "geometry": {
        "type": "Point",
        "coordinates": [
          16.8124,
          44.0057
        ]
      },
      "properties": {
        "icao24": "4bb51a",
        "callsign": "HMZ701",
        "origin_country": "Turkey",
        "time_position": 1787474579,
        "last_contact": 1787474580,
        "baro_altitude": 12496.8,
        "on_ground": false,
        "velocity": 268.53,
        "true_track": 115.53,
        "vertical_rate": 0,
        "geo_altitude": 13060.68,
        "squawk": "0227",
        "spi": false,
        "position_source": 0
      }
    },
    {
      "type": "Feature",
      "geometry": {
        "type": "Point",
        "coordinates": [
          14.8522,
          37.4486
        ]
      },
      "properties": {
        "icao24": "4521cf",
        "callsign": "AEZ155Z",
        "origin_country": "Bulgaria",
        "time_position": 1787474394,
        "last_contact": 1787474394,
        "baro_altitude": 906.78,
        "on_ground": false,
        "velocity": 108.11,
        "true_track": 83.99,
        "vertical_rate": -5.53,
        "geo_altitude": 1059.18,
        "squawk": "7053",
        "spi": false,
        "position_source": 0
      }
    },
    {
      "type": "Feature",
      "geometry": {
        "type": "Point",
        "coordinates": [
          8.5503,
          47.459
        ]
      },
      "properties": {
        "icao24": "4bc846",
        "callsign": "PGT27MP",
        "origin_country": "Turkey",
        "time_position": 1787474579,
        "last_contact": 1787474579,
        "baro_altitude": null,
        "on_ground": true,
        "velocity": 0,
        "true_track": 154.69,
        "vertical_rate": null,
        "geo_altitude": null,
        "squawk": "3222",
        "spi": false,
        "position_source": 0
      }
    },
    {
      "type": "Feature",
      "geometry": {
        "type": "Point",
        "coordinates": [
          13.5173,
          47.632
        ]
      },
      "properties": {
        "icao24": "4bc843",
        "callsign": "PGT75CK",
        "origin_country": "Turkey",
        "time_position": 1787474579,
        "last_contact": 1787474580,
        "baro_altitude": 9304.02,
        "on_ground": false,
        "velocity": 198.93,
        "true_track": 304.68,
        "vertical_rate": -5.2,
        "geo_altitude": 9723.12,
        "squawk": "3251",
        "spi": false,
        "position_source": 0
      }
    },
    {
      "type": "Feature",
      "geometry": {
        "type": "Point",
        "coordinates": [
          9.2987,
          45.2349
        ]
      },
      "properties": {
        "icao24": "4401f7",
        "callsign": "EJU98PT",
        "origin_country": "Austria",
        "time_position": 1787474579,
        "last_contact": 1787474580,
        "baro_altitude": 853.44,
        "on_ground": false,
        "velocity": 113.25,
        "true_track": 357.92,
        "vertical_rate": -0.33,
        "geo_altitude": 990.6,
        "squawk": "1000",
        "spi": false,
        "position_source": 0
      }
    },
    {
      "type": "Feature",
      "geometry": {
        "type": "Point",
        "coordinates": [
          11.3798,
          47.3826
        ]
      },
      "properties": {
        "icao24": "4bc88a",
        "callsign": "PGT1133",
        "origin_country": "Turkey",
        "time_position": 1787474579,
        "last_contact": 1787474579,
        "baro_altitude": 10363.2,
        "on_ground": false,
        "velocity": 194.6,
        "true_track": 287.38,
        "vertical_rate": 0,
        "geo_altitude": 10789.92,
        "squawk": "3561",
        "spi": false,
        "position_source": 0
      }
    },
    {
      "type": "Feature",
      "geometry": {
        "type": "Point",
        "coordinates": [
          9.4053,
          45.5978
        ]
      },
      "properties": {
        "icao24": "505e7d",
        "callsign": "OMS507",
        "origin_country": "Slovakia",
        "time_position": 1787474579,
        "last_contact": 1787474579,
        "baro_altitude": 533.4,
        "on_ground": false,
        "velocity": 73,
        "true_track": 119.09,
        "vertical_rate": -0.33,
        "geo_altitude": null,
        "squawk": "2000",
        "spi": false,
        "position_source": 0
      }
    },
    {
      "type": "Feature",
      "geometry": {
        "type": "Point",
        "coordinates": [
          11.9434,
          46.0574
        ]
      },
      "properties": {
        "icao24": "505e7c",
        "callsign": "OMS497",
        "origin_country": "Slovakia",
        "time_position": 1787474569,
        "last_contact": 1787474575,
        "baro_altitude": 1828.8,
        "on_ground": false,
        "velocity": 77.64,
        "true_track": 260.85,
        "vertical_rate": -0.65,
        "geo_altitude": 2004.06,
        "squawk": "7000",
        "spi": false,
        "position_source": 0
      }
    },
    {
      "type": "Feature",
      "geometry": {
        "type": "Point",
        "coordinates": [
          9.7111,
          47.435
        ]
      },
      "properties": {
        "icao24": "3ffac2",
        "callsign": "DMFXH",
        "origin_country": "Germany",
        "time_position": 1787474578,
        "last_contact": 1787474579,
        "baro_altitude": 845.82,
        "on_ground": false,
        "velocity": 47.92,
        "true_track": 14.93,
        "vertical_rate": 2.28,
        "geo_altitude": 975.36,
        "squawk": null,
        "spi": false,
        "position_source": 0
      }
    },
    {
      "type": "Feature",
      "geometry": {
        "type": "Point",
        "coordinates": [
          17.8304,
          47.2299
        ]
      },
      "properties": {
        "icao24": "4bc887",
        "callsign": "PGT741B",
        "origin_country": "Turkey",
        "time_position": 1787474579,
        "last_contact": 1787474580,
        "baro_altitude": 10363.2,
        "on_ground": false,
        "velocity": 202.22,
        "true_track": 300.41,
        "vertical_rate": 0,
        "geo_altitude": 10820.4,
        "squawk": "5320",
        "spi": false,
        "position_source": 0
      }
    },
    {
      "type": "Feature",
      "geometry": {
        "type": "Point",
        "coordinates": [
          11.9202,
          43.5448
        ]
      },
      "properties": {
        "icao24": "73806d",
        "callsign": "ELY381",
        "origin_country": "Israel",
        "time_position": 1787474579,
        "last_contact": 1787474580,
        "baro_altitude": 11231.88,
        "on_ground": false,
        "velocity": 212.79,
        "true_track": 306.15,
        "vertical_rate": -4.88,
        "geo_altitude": 11788.14,
        "squawk": "4151",
        "spi": false,
        "position_source": 0
      }
    },
    {
      "type": "Feature",
      "geometry": {
        "type": "Point",
        "coordinates": [
          18.9122,
          40.0824
        ]
      },
      "properties": {
        "icao24": "73806b",
        "callsign": "ELY285",
        "origin_country": "Israel",
        "time_position": 1787474569,
        "last_contact": 1787474569,
        "baro_altitude": 10972.8,
        "on_ground": false,
        "velocity": 226.71,
        "true_track": 291.15,
        "vertical_rate": 0,
        "geo_altitude": 11582.4,
        "squawk": null,
        "spi": false,
        "position_source": 0
      }
    },
    {
      "type": "Feature",
      "geometry": {
        "type": "Point",
        "coordinates": [
          11.1346,
          45.6684
        ]
      },
      "properties": {
        "icao24": "738063",
        "callsign": "ELY347",
        "origin_country": "Israel",
        "time_position": 1787474579,
        "last_contact": 1787474579,
        "baro_altitude": 11582.4,
        "on_ground": false,
        "velocity": 209.68,
        "true_track": 317.19,
        "vertical_rate": 0,
        "geo_altitude": 12108.18,
        "squawk": "2272",
        "spi": false,
        "position_source": 0
      }
    },
    {
      "type": "Feature",
      "geometry": {
        "type": "Point",
        "coordinates": [
          15.8541,
          47.1117
        ]
      },
      "properties": {
        "icao24": "44004c",
        "callsign": "OEKMA",
        "origin_country": "Austria",
        "time_position": 1787474579,
        "last_contact": 1787474579,
        "baro_altitude": 922.02,
        "on_ground": false,
        "velocity": 67.4,
        "true_track": 36,
        "vertical_rate": 0,
        "geo_altitude": 1051.56,
        "squawk": "7000",
        "spi": false,
        "position_source": 0
      }
    },
    {
      "type": "Feature",
      "geometry": {
        "type": "Point",
        "coordinates": [
          6.6217,
          46.1849
        ]
      },
      "properties": {
        "icao24": "440047",
        "callsign": "EJU38YB",
        "origin_country": "Austria",
        "time_position": 1787474579,
        "last_contact": 1787474579,
        "baro_altitude": 10972.8,
        "on_ground": false,
        "velocity": 209.19,
        "true_track": 315.9,
        "vertical_rate": 0,
        "geo_altitude": 11460.48,
        "squawk": "1000",
        "spi": false,
        "position_source": 0
      }
    },
    {
      "type": "Feature",
      "geometry": {
        "type": "Point",
        "coordinates": [
          11.758,
          39.2694
        ]
      },
      "properties": {
        "icao24": "440053",
        "callsign": "EJU53HE",
        "origin_country": "Austria",
        "time_position": 1787474579,
        "last_contact": 1787474579,
        "baro_altitude": 9593.58,
        "on_ground": false,
        "velocity": 221.86,
        "true_track": 318.1,
        "vertical_rate": 5.85,
        "geo_altitude": 10157.46,
        "squawk": null,
        "spi": false,
        "position_source": 0
      }
    },
    {
      "type": "Feature",
      "geometry": {
        "type": "Point",
        "coordinates": [
          13.7003,
          41.253
        ]
      },
      "properties": {
        "icao24": "738052",
        "callsign": "ELY322",
        "origin_country": "Israel",
        "time_position": 1787474579,
        "last_contact": 1787474579,
        "baro_altitude": 10668,
        "on_ground": false,
        "velocity": 247.59,
        "true_track": 113.9,
        "vertical_rate": 0,
        "geo_altitude": 11269.98,
        "squawk": "1232",
        "spi": false,
        "position_source": 0
      }
    },
    {
      "type": "Feature",
      "geometry": {
        "type": "Point",
        "coordinates": [
          18.5904,
          47.5098
        ]
      },
      "properties": {
        "icao24": "44006d",
        "callsign": "AUA872",
        "origin_country": "Austria",
        "time_position": 1787474580,
        "last_contact": 1787474580,
        "baro_altitude": 8450.58,
        "on_ground": false,
        "velocity": 180.27,
        "true_track": 294.44,
        "vertical_rate": -8.78,
        "geo_altitude": 8831.58,
        "squawk": "6445",
        "spi": false,
        "position_source": 0
      }
    },
    {
      "type": "Feature",
      "geometry": {
        "type": "Point",
        "coordinates": [
          12.319,
          45.4796
        ]
      },
      "properties": {
        "icao24": "484fdf",
        "callsign": "KLM93W",
        "origin_country": "Kingdom of the Netherlands",
        "time_position": 1787474520,
        "last_contact": 1787474520,
        "baro_altitude": 76.2,
        "on_ground": false,
        "velocity": 70.66,
        "true_track": 42.05,
        "vertical_rate": -2.93,
        "geo_altitude": 182.88,
        "squawk": "1000",
        "spi": false,
        "position_source": 0
      }
    },
    {
      "type": "Feature",
      "geometry": {
        "type": "Point",
        "coordinates": [
          17.7231,
          41.2351
        ]
      },
      "properties": {
        "icao24": "ac3448",
        "callsign": "AAL161",
        "origin_country": "United States",
        "time_position": 1787474559,
        "last_contact": 1787474560,
        "baro_altitude": 10965.18,
        "on_ground": false,
        "velocity": 248.94,
        "true_track": 332.96,
        "vertical_rate": 0,
        "geo_altitude": 11574.78,
        "squawk": null,
        "spi": false,
        "position_source": 0
      }
    },
    {
      "type": "Feature",
      "geometry": {
        "type": "Point",
        "coordinates": [
          7.4117,
          43.5894
        ]
      },
      "properties": {
        "icao24": "70209e",
        "callsign": "BBC306",
        "origin_country": "Bangladesh",
        "time_position": 1787474578,
        "last_contact": 1787474579,
        "baro_altitude": 11887.2,
        "on_ground": false,
        "velocity": 267.97,
        "true_track": 123.17,
        "vertical_rate": -0.33,
        "geo_altitude": 12458.7,
        "squawk": "2276",
        "spi": false,
        "position_source": 0
      }
    },
    {
      "type": "Feature",
      "geometry": {
        "type": "Point",
        "coordinates": [
          10.2067,
          42.6833
        ]
      },
      "properties": {
        "icao24": "440019",
        "callsign": "EJU51AR",
        "origin_country": "Austria",
        "time_position": 1787474579,
        "last_contact": 1787474579,
        "baro_altitude": 10988.04,
        "on_ground": false,
        "velocity": 222.85,
        "true_track": 336.75,
        "vertical_rate": -0.33,
        "geo_altitude": 11559.54,
        "squawk": "1000",
        "spi": false,
        "position_source": 0
      }
    },
    {
      "type": "Feature",
      "geometry": {
        "type": "Point",
        "coordinates": [
          9.9381,
          47.3524
        ]
      },
      "properties": {
        "icao24": "3d3606",
        "callsign": "DESSC",
        "origin_country": "Germany",
        "time_position": 1787474580,
        "last_contact": 1787474580,
        "baro_altitude": 1783.08,
        "on_ground": false,
        "velocity": 45.51,
        "true_track": 132.71,
        "vertical_rate": 0,
        "geo_altitude": 1943.1,
        "squawk": "7000",
        "spi": false,
        "position_source": 0
      }
    },
    {
      "type": "Feature",
      "geometry": {
        "type": "Point",
        "coordinates": [
          12.5448,
          46.0977
        ]
      },
      "properties": {
        "icao24": "44001b",
        "callsign": "AUA374V",
        "origin_country": "Austria",
        "time_position": 1787474580,
        "last_contact": 1787474580,
        "baro_altitude": 10972.8,
        "on_ground": false,
        "velocity": 250.83,
        "true_track": 40.09,
        "vertical_rate": 0,
        "geo_altitude": 11490.96,
        "squawk": "1000",
        "spi": false,
        "position_source": 0
      }
    },
    {
      "type": "Feature",
      "geometry": {
        "type": "Point",
        "coordinates": [
          11.034,
          41.8618
        ]
      },
      "properties": {
        "icao24": "44001a",
        "callsign": "AUA584Q",
        "origin_country": "Austria",
        "time_position": 1787474579,
        "last_contact": 1787474579,
        "baro_altitude": 11155.68,
        "on_ground": false,
        "velocity": 248.7,
        "true_track": 33.95,
        "vertical_rate": 3.25,
        "geo_altitude": 11765.28,
        "squawk": "1274",
        "spi": false,
        "position_source": 0
      }
    },
    {
      "type": "Feature",
      "geometry": {
        "type": "Point",
        "coordinates": [
          11.3773,
          44.5403
        ]
      },
      "properties": {
        "icao24": "344197",
        "callsign": "ANE8400",
        "origin_country": "Spain",
        "time_position": 1787474579,
        "last_contact": 1787474579,
        "baro_altitude": 7117.08,
        "on_ground": false,
        "velocity": 234.03,
        "true_track": 86.35,
        "vertical_rate": -8.45,
        "geo_altitude": 7498.08,
        "squawk": "1000",
        "spi": false,
        "position_source": 0
      }
    },
    {
      "type": "Feature",
      "geometry": {
        "type": "Point",
        "coordinates": [
          9.3732,
          40.7181
        ]
      },
      "properties": {
        "icao24": "a4c34c",
        "callsign": "DAL223",
        "origin_country": "United States",
        "time_position": 1787474579,
        "last_contact": 1787474579,
        "baro_altitude": 10546.08,
        "on_ground": false,
        "velocity": 234.9,
        "true_track": 294.04,
        "vertical_rate": 4.88,
        "geo_altitude": 11132.82,
        "squawk": null,
        "spi": false,
        "position_source": 0
      }
    },
    {
      "type": "Feature",
      "geometry": {
        "type": "Point",
        "coordinates": [
          8.676,
          46.2814
        ]
      },
      "properties": {
        "icao24": "500227",
        "callsign": "T736A",
        "origin_country": "San Marino",
        "time_position": 1787474579,
        "last_contact": 1787474580,
        "baro_altitude": 2849.88,
        "on_ground": false,
        "velocity": 62.5,
        "true_track": 327.09,
        "vertical_rate": 4.55,
        "geo_altitude": 3040.38,
        "squawk": "7000",
        "spi": false,
        "position_source": 0
      }
    },
    {
      "type": "Feature",
      "geometry": {
        "type": "Point",
        "coordinates": [
          18.4403,
          47.4076
        ]
      },
      "properties": {
        "icao24": "ab271f",
        "callsign": "AAL97",
        "origin_country": "United States",
        "time_position": 1787474579,
        "last_contact": 1787474579,
        "baro_altitude": 5471.16,
        "on_ground": false,
        "velocity": 210.71,
        "true_track": 289.54,
        "vertical_rate": 10.73,
        "geo_altitude": 5737.86,
        "squawk": "4207",
        "spi": false,
        "position_source": 0
      }
    },
    {
      "type": "Feature",
      "geometry": {
        "type": "Point",
        "coordinates": [
          12.9126,
          47.3756
        ]
      },
      "properties": {
        "icao24": "4891ad",
        "callsign": "ENT6062",
        "origin_country": "Poland",
        "time_position": 1787474579,
        "last_contact": 1787474579,
        "baro_altitude": 11887.2,
        "on_ground": false,
        "velocity": 252.19,
        "true_track": 136.57,
        "vertical_rate": 0,
        "geo_altitude": 12344.4,
        "squawk": "2525",
        "spi": false,
        "position_source": 0
      }
    },
    {
      "type": "Feature",
      "geometry": {
        "type": "Point",
        "coordinates": [
          13.4203,
          44.3454
        ]
      },
      "properties": {
        "icao24": "471d6e",
        "callsign": "WZZ5WS",
        "origin_country": "Hungary",
        "time_position": 1787474579,
        "last_contact": 1787474579,
        "baro_altitude": 10675.62,
        "on_ground": false,
        "velocity": 226.15,
        "true_track": 209.13,
        "vertical_rate": -0.33,
        "geo_altitude": 11216.64,
        "squawk": "1000",
        "spi": false,
        "position_source": 0
      }
    },
    {
      "type": "Feature",
      "geometry": {
        "type": "Point",
        "coordinates": [
          17.0149,
          46.9639
        ]
      },
      "properties": {
        "icao24": "471d62",
        "callsign": "WZZ3CR",
        "origin_country": "Hungary",
        "time_position": 1787474579,
        "last_contact": 1787474580,
        "baro_altitude": 10058.4,
        "on_ground": false,
        "velocity": 255.48,
        "true_track": 127.31,
        "vertical_rate": 0,
        "geo_altitude": 10500.36,
        "squawk": "0172",
        "spi": false,
        "position_source": 0
      }
    },
    {
      "type": "Feature",
      "geometry": {
        "type": "Point",
        "coordinates": [
          11.5231,
          45.7081
        ]
      },
      "properties": {
        "icao24": "471d61",
        "callsign": "WZZ573",
        "origin_country": "Hungary",
        "time_position": 1787474579,
        "last_contact": 1787474580,
        "baro_altitude": 10668,
        "on_ground": false,
        "velocity": 212.13,
        "true_track": 242.88,
        "vertical_rate": 0,
        "geo_altitude": 11186.16,
        "squawk": "1000",
        "spi": false,
        "position_source": 0
      }
    },
    {
      "type": "Feature",
      "geometry": {
        "type": "Point",
        "coordinates": [
          17.8476,
          44.4152
        ]
      },
      "properties": {
        "icao24": "471d66",
        "callsign": "WZZ4343",
        "origin_country": "Hungary",
        "time_position": 1787474580,
        "last_contact": 1787474580,
        "baro_altitude": 11277.6,
        "on_ground": false,
        "velocity": 249.65,
        "true_track": 133.33,
        "vertical_rate": 0,
        "geo_altitude": 11849.1,
        "squawk": "7664",
        "spi": false,
        "position_source": 0
      }
    },
    {
      "type": "Feature",
      "geometry": {
        "type": "Point",
        "coordinates": [
          6.9381,
          43.1814
        ]
      },
      "properties": {
        "icao24": "3d4973",
        "callsign": "DFABJ",
        "origin_country": "Germany",
        "time_position": 1787474579,
        "last_contact": 1787474579,
        "baro_altitude": 3101.34,
        "on_ground": false,
        "velocity": 93.71,
        "true_track": 98.84,
        "vertical_rate": 7.15,
        "geo_altitude": 3329.94,
        "squawk": "5675",
        "spi": false,
        "position_source": 0
      }
    },
    {
      "type": "Feature",
      "geometry": {
        "type": "Point",
        "coordinates": [
          6.3283,
          45.6262
        ]
      },
      "properties": {
        "icao24": "38113c",
        "callsign": "FJTIG",
        "origin_country": "France",
        "time_position": 1787474576,
        "last_contact": 1787474576,
        "baro_altitude": 259.08,
        "on_ground": false,
        "velocity": 21.21,
        "true_track": 230.91,
        "vertical_rate": 0,
        "geo_altitude": 381,
        "squawk": null,
        "spi": false,
        "position_source": 0
      }
    },
    {
      "type": "Feature",
      "geometry": {
        "type": "Point",
        "coordinates": [
          8.728,
          45.6627
        ]
      },
      "properties": {
        "icao24": "471d72",
        "callsign": "WMT3178",
        "origin_country": "Hungary",
        "time_position": 1787474580,
        "last_contact": 1787474580,
        "baro_altitude": 701.04,
        "on_ground": false,
        "velocity": 84.92,
        "true_track": 358.26,
        "vertical_rate": 13,
        "geo_altitude": 815.34,
        "squawk": "4615",
        "spi": false,
        "position_source": 0
      }
    },
    {
      "type": "Feature",
      "geometry": {
        "type": "Point",
        "coordinates": [
          8.1211,
          40.7648
        ]
      },
      "properties": {
        "icao24": "471d5a",
        "callsign": "WZZ166",
        "origin_country": "Hungary",
        "time_position": 1787474579,
        "last_contact": 1787474579,
        "baro_altitude": 10355.58,
        "on_ground": false,
        "velocity": 244.56,
        "true_track": 63.65,
        "vertical_rate": 0,
        "geo_altitude": 10942.32,
        "squawk": "1000",
        "spi": false,
        "position_source": 0
      }
    },
    {
      "type": "Feature",
      "geometry": {
        "type": "Point",
        "coordinates": [
          12.7653,
          45.2898
        ]
      },
      "properties": {
        "icao24": "471d5f",
        "callsign": "WMT906",
        "origin_country": "Hungary",
        "time_position": 1787474579,
        "last_contact": 1787474579,
        "baro_altitude": 4335.78,
        "on_ground": false,
        "velocity": 169.08,
        "true_track": 256.81,
        "vertical_rate": -5.2,
        "geo_altitude": 4610.1,
        "squawk": "1000",
        "spi": false,
        "position_source": 0
      }
    },
    {
      "type": "Feature",
      "geometry": {
        "type": "Point",
        "coordinates": [
          6.8577,
          43.4038
        ]
      },
      "properties": {
        "icao24": "505d36",
        "callsign": "3AUEU",
        "origin_country": "Slovakia",
        "time_position": 1787474579,
        "last_contact": 1787474579,
        "baro_altitude": 289.56,
        "on_ground": false,
        "velocity": 47.51,
        "true_track": 252.35,
        "vertical_rate": -0.33,
        "geo_altitude": 381,
        "squawk": null,
        "spi": false,
        "position_source": 0
      }
    },
    {
      "type": "Feature",
      "geometry": {
        "type": "Point",
        "coordinates": [
          6.012,
          43.211
        ]
      },
      "properties": {
        "icao24": "398d74",
        "callsign": "FHDLU",
        "origin_country": "France",
        "time_position": 1787474516,
        "last_contact": 1787474516,
        "baro_altitude": 838.2,
        "on_ground": false,
        "velocity": 52.72,
        "true_track": 95.6,
        "vertical_rate": 0,
        "geo_altitude": 960.12,
        "squawk": "7000",
        "spi": false,
        "position_source": 0
      }
    },
    {
      "type": "Feature",
      "geometry": {
        "type": "Point",
        "coordinates": [
          10.9335,
          37.135
        ]
      },
      "properties": {
        "icao24": "04200a",
        "callsign": "3CEGE",
        "origin_country": "Equatorial Guinea",
        "time_position": 1787474579,
        "last_contact": 1787474579,
        "baro_altitude": 11582.4,
        "on_ground": false,
        "velocity": 234.85,
        "true_track": 14.98,
        "vertical_rate": 0,
        "geo_altitude": 12268.2,
        "squawk": "4202",
        "spi": false,
        "position_source": 0
      }
    },
    {
      "type": "Feature",
      "geometry": {
        "type": "Point",
        "coordinates": [
          8.4101,
          42.8719
        ]
      },
      "properties": {
        "icao24": "39dd48",
        "callsign": "CCM66ZK",
        "origin_country": "France",
        "time_position": 1787474578,
        "last_contact": 1787474579,
        "baro_altitude": 2156.46,
        "on_ground": false,
        "velocity": 114.33,
        "true_track": 321.94,
        "vertical_rate": 2.93,
        "geo_altitude": 2324.1,
        "squawk": null,
        "spi": false,
        "position_source": 0
      }
    },
    {
      "type": "Feature",
      "geometry": {
        "type": "Point",
        "coordinates": [
          8.0291,
          42.7096
        ]
      },
      "properties": {
        "icao24": "39dd42",
        "callsign": "CCM77ZT",
        "origin_country": "France",
        "time_position": 1787474579,
        "last_contact": 1787474579,
        "baro_altitude": 8526.78,
        "on_ground": false,
        "velocity": 221.63,
        "true_track": 336.47,
        "vertical_rate": 8.45,
        "geo_altitude": 9029.7,
        "squawk": "1000",
        "spi": false,
        "position_source": 0
      }
    },
    {
      "type": "Feature",
      "geometry": {
        "type": "Point",
        "coordinates": [
          11.063,
          47.0623
        ]
      },
      "properties": {
        "icao24": "506dff",
        "callsign": "S5DSM",
        "origin_country": "Slovenia",
        "time_position": 1787474578,
        "last_contact": 1787474580,
        "baro_altitude": 3627.12,
        "on_ground": false,
        "velocity": 79.14,
        "true_track": 149.1,
        "vertical_rate": 0,
        "geo_altitude": 3832.86,
        "squawk": "7000",
        "spi": false,
        "position_source": 0
      }
    },
    {
      "type": "Feature",
      "geometry": {
        "type": "Point",
        "coordinates": [
          9.4394,
          47.1172
        ]
      },
      "properties": {
        "icao24": "452164",
        "callsign": "LZB492",
        "origin_country": "Bulgaria",
        "time_position": 1787474579,
        "last_contact": 1787474580,
        "baro_altitude": 6400.8,
        "on_ground": false,
        "velocity": 214.64,
        "true_track": 127.5,
        "vertical_rate": 7.15,
        "geo_altitude": 6720.84,
        "squawk": "3071",
        "spi": false,
        "position_source": 0
      }
    },
    {
      "type": "Feature",
      "geometry": {
        "type": "Point",
        "coordinates": [
          8.7725,
          45.4504
        ]
      },
      "properties": {
        "icao24": "440179",
        "callsign": "EJU69YL",
        "origin_country": "Austria",
        "time_position": 1787474579,
        "last_contact": 1787474579,
        "baro_altitude": 1135.38,
        "on_ground": false,
        "velocity": 98.57,
        "true_track": 348.87,
        "vertical_rate": -5.53,
        "geo_altitude": 1280.16,
        "squawk": "1000",
        "spi": false,
        "position_source": 0
      }
    },
    {
      "type": "Feature",
      "geometry": {
        "type": "Point",
        "coordinates": [
          15.4383,
          47.004
        ]
      },
      "properties": {
        "icao24": "440169",
        "callsign": "OEAAM",
        "origin_country": "Austria",
        "time_position": 1787474579,
        "last_contact": 1787474579,
        "baro_altitude": 243.84,
        "on_ground": false,
        "velocity": 0,
        "true_track": 0,
        "vertical_rate": -0.33,
        "geo_altitude": 388.62,
        "squawk": null,
        "spi": false,
        "position_source": 0
      }
    },
    {
      "type": "Feature",
      "geometry": {
        "type": "Point",
        "coordinates": [
          18.6976,
          39.7653
        ]
      },
      "properties": {
        "icao24": "45213d",
        "callsign": "MSC2942",
        "origin_country": "Bulgaria",
        "time_position": 1787474580,
        "last_contact": 1787474580,
        "baro_altitude": 10370.82,
        "on_ground": false,
        "velocity": 233.98,
        "true_track": 333.49,
        "vertical_rate": 0,
        "geo_altitude": 10988.04,
        "squawk": null,
        "spi": false,
        "position_source": 0
      }
    },
    {
      "type": "Feature",
      "geometry": {
        "type": "Point",
        "coordinates": [
          16.5317,
          47.7679
        ]
      },
      "properties": {
        "icao24": "440165",
        "callsign": "OEADW",
        "origin_country": "Austria",
        "time_position": 1787474579,
        "last_contact": 1787474579,
        "baro_altitude": 678.18,
        "on_ground": false,
        "velocity": 51.09,
        "true_track": 154.98,
        "vertical_rate": 0.65,
        "geo_altitude": 815.34,
        "squawk": "7000",
        "spi": false,
        "position_source": 0
      }
    },
    {
      "type": "Feature",
      "geometry": {
        "type": "Point",
        "coordinates": [
          12.9934,
          45.4357
        ]
      },
      "properties": {
        "icao24": "452144",
        "callsign": "ELY280",
        "origin_country": "Bulgaria",
        "time_position": 1787474579,
        "last_contact": 1787474579,
        "baro_altitude": 3779.52,
        "on_ground": false,
        "velocity": 198.45,
        "true_track": 96.85,
        "vertical_rate": 13.33,
        "geo_altitude": 4015.74,
        "squawk": "0277",
        "spi": false,
        "position_source": 0
      }
    },
    {
      "type": "Feature",
      "geometry": {
        "type": "Point",
        "coordinates": [
          7.8553,
          42.0999
        ]
      },
      "properties": {
        "icao24": "39dd58",
        "callsign": "CCM70CI",
        "origin_country": "France",
        "time_position": 1787474579,
        "last_contact": 1787474579,
        "baro_altitude": 4732.02,
        "on_ground": false,
        "velocity": 95.98,
        "true_track": 288.43,
        "vertical_rate": 2.28,
        "geo_altitude": 5036.82,
        "squawk": null,
        "spi": false,
        "position_source": 0
      }
    },
    {
      "type": "Feature",
      "geometry": {
        "type": "Point",
        "coordinates": [
          7.2892,
          43.6543
        ]
      },
      "properties": {
        "icao24": "300a9d",
        "callsign": "ITY637",
        "origin_country": "Italy",
        "time_position": 1787474579,
        "last_contact": 1787474580,
        "baro_altitude": 12496.8,
        "on_ground": false,
        "velocity": 252.55,
        "true_track": 123.37,
        "vertical_rate": 0,
        "geo_altitude": 13060.68,
        "squawk": "0534",
        "spi": false,
        "position_source": 0
      }
    },
    {
      "type": "Feature",
      "geometry": {
        "type": "Point",
        "coordinates": [
          9.1274,
          45.5661
        ]
      },
      "properties": {
        "icao24": "45caa8",
        "callsign": "EXS13WJ",
        "origin_country": "Denmark",
        "time_position": 1787474580,
        "last_contact": 1787474580,
        "baro_altitude": 10660.38,
        "on_ground": false,
        "velocity": 236.41,
        "true_track": 150.26,
        "vertical_rate": -0.33,
        "geo_altitude": 11186.16,
        "squawk": "5216",
        "spi": false,
        "position_source": 0
      }
    },
    {
      "type": "Feature",
      "geometry": {
        "type": "Point",
        "coordinates": [
          15.2375,
          46.3028
        ]
      },
      "properties": {
        "icao24": "440135",
        "callsign": "MOZ98",
        "origin_country": "Austria",
        "time_position": 1787474579,
        "last_contact": 1787474579,
        "baro_altitude": 10668,
        "on_ground": false,
        "velocity": 241.99,
        "true_track": 92.31,
        "vertical_rate": 0,
        "geo_altitude": 11148.06,
        "squawk": "2743",
        "spi": false,
        "position_source": 0
      }
    },
    {
      "type": "Feature",
      "geometry": {
        "type": "Point",
        "coordinates": [
          11.6544,
          45.339
        ]
      },
      "properties": {
        "icao24": "300a7c",
        "callsign": "DLA6MH",
        "origin_country": "Italy",
        "time_position": 1787474580,
        "last_contact": 1787474580,
        "baro_altitude": 6705.6,
        "on_ground": false,
        "velocity": 217.16,
        "true_track": 1.36,
        "vertical_rate": 7.8,
        "geo_altitude": 7086.6,
        "squawk": "1000",
        "spi": false,
        "position_source": 0
      }
    },
    {
      "type": "Feature",
      "geometry": {
        "type": "Point",
        "coordinates": [
          9.2976,
          47.479
        ]
      },
      "properties": {
        "icao24": "4b0e43",
        "callsign": "HBFKL",
        "origin_country": "Switzerland",
        "time_position": 1787474579,
        "last_contact": 1787474580,
        "baro_altitude": 1036.32,
        "on_ground": false,
        "velocity": 41.16,
        "true_track": 161.79,
        "vertical_rate": 3.9,
        "geo_altitude": 1188.72,
        "squawk": "4273",
        "spi": false,
        "position_source": 0
      }
    },
    {
      "type": "Feature",
      "geometry": {
        "type": "Point",
        "coordinates": [
          11.2267,
          47.1806
        ]
      },
      "properties": {
        "icao24": "300a7b",
        "callsign": "DLA5RW",
        "origin_country": "Italy",
        "time_position": 1787474579,
        "last_contact": 1787474580,
        "baro_altitude": 7018.02,
        "on_ground": false,
        "velocity": 201.36,
        "true_track": 2.64,
        "vertical_rate": -8.13,
        "geo_altitude": 7338.06,
        "squawk": "1000",
        "spi": false,
        "position_source": 0
      }
    },
    {
      "type": "Feature",
      "geometry": {
        "type": "Point",
        "coordinates": [
          12.738,
          45.3081
        ]
      },
      "properties": {
        "icao24": "452113",
        "callsign": "CFG9DX",
        "origin_country": "Bulgaria",
        "time_position": 1787474580,
        "last_contact": 1787474580,
        "baro_altitude": 10980.42,
        "on_ground": false,
        "velocity": 215.08,
        "true_track": 327.6,
        "vertical_rate": 0,
        "geo_altitude": 11521.44,
        "squawk": "5510",
        "spi": false,
        "position_source": 0
      }
    },
    {
      "type": "Feature",
      "geometry": {
        "type": "Point",
        "coordinates": [
          16.6952,
          41.449
        ]
      },
      "properties": {
        "icao24": "300a95",
        "callsign": "SIO007",
        "origin_country": "Italy",
        "time_position": 1787474473,
        "last_contact": 1787474507,
        "baro_altitude": 6751.32,
        "on_ground": false,
        "velocity": 223.76,
        "true_track": 129.22,
        "vertical_rate": -9.1,
        "geo_altitude": 7170.42,
        "squawk": "1000",
        "spi": false,
        "position_source": 0
      }
    },
    {
      "type": "Feature",
      "geometry": {
        "type": "Point",
        "coordinates": [
          11.0049,
          40.6368
        ]
      },
      "properties": {
        "icao24": "300a62",
        "callsign": "ITY679",
        "origin_country": "Italy",
        "time_position": 1787474580,
        "last_contact": 1787474580,
        "baro_altitude": 8686.8,
        "on_ground": false,
        "velocity": 254.85,
        "true_track": 38.44,
        "vertical_rate": -2.93,
        "geo_altitude": 9235.44,
        "squawk": "4411",
        "spi": false,
        "position_source": 0
      }
    },
    {
      "type": "Feature",
      "geometry": {
        "type": "Point",
        "coordinates": [
          8.7294,
          45.6071
        ]
      },
      "properties": {
        "icao24": "440159",
        "callsign": "EJU68HG",
        "origin_country": "Austria",
        "time_position": 1787474579,
        "last_contact": 1787474579,
        "baro_altitude": 205.74,
        "on_ground": false,
        "velocity": 71.74,
        "true_track": 349.25,
        "vertical_rate": -3.25,
        "geo_altitude": 320.04,
        "squawk": "1000",
        "spi": false,
        "position_source": 0
      }
    },
    {
      "type": "Feature",
      "geometry": {
        "type": "Point",
        "coordinates": [
          11.5923,
          44.5167
        ]
      },
      "properties": {
        "icao24": "300a6b",
        "callsign": "IZZPD",
        "origin_country": "Italy",
        "time_position": 1787474580,
        "last_contact": 1787474580,
        "baro_altitude": 312.42,
        "on_ground": false,
        "velocity": 44.4,
        "true_track": 46.88,
        "vertical_rate": 0.98,
        "geo_altitude": 411.48,
        "squawk": null,
        "spi": false,
        "position_source": 0
      }
    },
    {
      "type": "Feature",
      "geometry": {
        "type": "Point",
        "coordinates": [
          14.5944,
          44.2798
        ]
      },
      "properties": {
        "icao24": "4bd8c3",
        "callsign": "TKJ7LT",
        "origin_country": "Turkey",
        "time_position": 1787474579,
        "last_contact": 1787474580,
        "baro_altitude": 10972.8,
        "on_ground": false,
        "velocity": 214.66,
        "true_track": 279.94,
        "vertical_rate": 0,
        "geo_altitude": 11521.44,
        "squawk": "6530",
        "spi": false,
        "position_source": 0
      }
    },
    {
      "type": "Feature",
      "geometry": {
        "type": "Point",
        "coordinates": [
          18.7474,
          46.4245
        ]
      },
      "properties": {
        "icao24": "471db3",
        "callsign": "WZZ9980",
        "origin_country": "Hungary",
        "time_position": 1787474579,
        "last_contact": 1787474579,
        "baro_altitude": 6454.14,
        "on_ground": false,
        "velocity": 208.76,
        "true_track": 24.92,
        "vertical_rate": -2.28,
        "geo_altitude": 6797.04,
        "squawk": "5507",
        "spi": false,
        "position_source": 0
      }
    },
    {
      "type": "Feature",
      "geometry": {
        "type": "Point",
        "coordinates": [
          18.6736,
          41.1626
        ]
      },
      "properties": {
        "icao24": "471db0",
        "callsign": "WMT9KP",
        "origin_country": "Hungary",
        "time_position": 1787474578,
        "last_contact": 1787474578,
        "baro_altitude": 9753.6,
        "on_ground": false,
        "velocity": 219.15,
        "true_track": 270,
        "vertical_rate": 0,
        "geo_altitude": 10340.34,
        "squawk": null,
        "spi": false,
        "position_source": 0
      }
    },
    {
      "type": "Feature",
      "geometry": {
        "type": "Point",
        "coordinates": [
          12.4707,
          40.615
        ]
      },
      "properties": {
        "icao24": "300a3b",
        "callsign": "ITY1731",
        "origin_country": "Italy",
        "time_position": 1787474579,
        "last_contact": 1787474579,
        "baro_altitude": 8496.3,
        "on_ground": false,
        "velocity": 217.36,
        "true_track": 160.79,
        "vertical_rate": 6.83,
        "geo_altitude": 9037.32,
        "squawk": null,
        "spi": false,
        "position_source": 0
      }
    },
    {
      "type": "Feature",
      "geometry": {
        "type": "Point",
        "coordinates": [
          11.9772,
          44.2125
        ]
      },
      "properties": {
        "icao24": "440115",
        "callsign": "EJU53NU",
        "origin_country": "Austria",
        "time_position": 1787474579,
        "last_contact": 1787474579,
        "baro_altitude": 11894.82,
        "on_ground": false,
        "velocity": 247.4,
        "true_track": 120.35,
        "vertical_rate": 0,
        "geo_altitude": 12451.08,
        "squawk": "0466",
        "spi": false,
        "position_source": 0
      }
    },
    {
      "type": "Feature",
      "geometry": {
        "type": "Point",
        "coordinates": [
          11.5508,
          44.484
        ]
      },
      "properties": {
        "icao24": "300a20",
        "callsign": "IOZZV",
        "origin_country": "Italy",
        "time_position": 1787474579,
        "last_contact": 1787474579,
        "baro_altitude": 121.92,
        "on_ground": false,
        "velocity": 36.88,
        "true_track": 30.14,
        "vertical_rate": 4.23,
        "geo_altitude": 220.98,
        "squawk": null,
        "spi": false,
        "position_source": 0
      }
    },
    {
      "type": "Feature",
      "geometry": {
        "type": "Point",
        "coordinates": [
          12.5984,
          43.8125
        ]
      },
      "properties": {
        "icao24": "300a1f",
        "callsign": "IOZZU",
        "origin_country": "Italy",
        "time_position": 1787474578,
        "last_contact": 1787474578,
        "baro_altitude": 716.28,
        "on_ground": false,
        "velocity": 42.82,
        "true_track": 125.22,
        "vertical_rate": -0.33,
        "geo_altitude": 822.96,
        "squawk": null,
        "spi": false,
        "position_source": 0
      }
    },
    {
      "type": "Feature",
      "geometry": {
        "type": "Point",
        "coordinates": [
          12.7662,
          41.4232
        ]
      },
      "properties": {
        "icao24": "300a31",
        "callsign": "IOORS",
        "origin_country": "Italy",
        "time_position": 1787474579,
        "last_contact": 1787474579,
        "baro_altitude": 1790.7,
        "on_ground": false,
        "velocity": 64.02,
        "true_track": 315,
        "vertical_rate": 0,
        "geo_altitude": 1958.34,
        "squawk": null,
        "spi": false,
        "position_source": 0
      }
    },
    {
      "type": "Feature",
      "geometry": {
        "type": "Point",
        "coordinates": [
          10.5488,
          45.2031
        ]
      },
      "properties": {
        "icao24": "4892c9",
        "callsign": "ENT7MH",
        "origin_country": "Poland",
        "time_position": 1787474579,
        "last_contact": 1787474579,
        "baro_altitude": 11277.6,
        "on_ground": false,
        "velocity": 209.5,
        "true_track": 235.1,
        "vertical_rate": 0,
        "geo_altitude": 11803.38,
        "squawk": "1000",
        "spi": false,
        "position_source": 0
      }
    },
    {
      "type": "Feature",
      "geometry": {
        "type": "Point",
        "coordinates": [
          14.2854,
          40.4808
        ]
      },
      "properties": {
        "icao24": "34568d",
        "callsign": "VOE7VT",
        "origin_country": "Spain",
        "time_position": 1787474579,
        "last_contact": 1787474579,
        "baro_altitude": 5737.86,
        "on_ground": false,
        "velocity": 168.47,
        "true_track": 20.37,
        "vertical_rate": -8.13,
        "geo_altitude": 6172.2,
        "squawk": null,
        "spi": false,
        "position_source": 0
      }
    },
    {
      "type": "Feature",
      "geometry": {
        "type": "Point",
        "coordinates": [
          9.4794,
          44.6586
        ]
      },
      "properties": {
        "icao24": "345699",
        "callsign": "VOE50KV",
        "origin_country": "Spain",
        "time_position": 1787474580,
        "last_contact": 1787474580,
        "baro_altitude": 11879.58,
        "on_ground": false,
        "velocity": 247.89,
        "true_track": 101.01,
        "vertical_rate": 0,
        "geo_altitude": 12420.6,
        "squawk": "1000",
        "spi": false,
        "position_source": 0
      }
    },
    {
      "type": "Feature",
      "geometry": {
        "type": "Point",
        "coordinates": [
          9.2298,
          40.6556
        ]
      },
      "properties": {
        "icao24": "7380c0",
        "callsign": "ELY117",
        "origin_country": "Israel",
        "time_position": 1787474579,
        "last_contact": 1787474579,
        "baro_altitude": 10660.38,
        "on_ground": false,
        "velocity": 239.49,
        "true_track": 282.78,
        "vertical_rate": -0.33,
        "geo_altitude": 11269.98,
        "squawk": "4274",
        "spi": false,
        "position_source": 0
      }
    },
    {
      "type": "Feature",
      "geometry": {
        "type": "Point",
        "coordinates": [
          11.8878,
          42.0899
        ]
      },
      "properties": {
        "icao24": "ab00d6",
        "callsign": "DAL206",
        "origin_country": "United States",
        "time_position": 1787474579,
        "last_contact": 1787474579,
        "baro_altitude": 2788.92,
        "on_ground": false,
        "velocity": 139.9,
        "true_track": 64.28,
        "vertical_rate": -10.08,
        "geo_altitude": 3017.52,
        "squawk": "2247",
        "spi": false,
        "position_source": 0
      }
    },
    {
      "type": "Feature",
      "geometry": {
        "type": "Point",
        "coordinates": [
          6.8374,
          43.3104
        ]
      },
      "properties": {
        "icao24": "471e5e",
        "callsign": "WZZ8EU",
        "origin_country": "Hungary",
        "time_position": 1787474579,
        "last_contact": 1787474579,
        "baro_altitude": 10972.8,
        "on_ground": false,
        "velocity": 247.57,
        "true_track": 52.34,
        "vertical_rate": 0,
        "geo_altitude": 11529.06,
        "squawk": "1000",
        "spi": false,
        "position_source": 0
      }
    },
    {
      "type": "Feature",
      "geometry": {
        "type": "Point",
        "coordinates": [
          9.7307,
          40.6549
        ]
      },
      "properties": {
        "icao24": "39dd05",
        "callsign": "TVF8337",
        "origin_country": "France",
        "time_position": 1787474575,
        "last_contact": 1787474577,
        "baro_altitude": 11590.02,
        "on_ground": false,
        "velocity": 230,
        "true_track": 3.98,
        "vertical_rate": 0,
        "geo_altitude": 12214.86,
        "squawk": "6154",
        "spi": false,
        "position_source": 0
      }
    },
    {
      "type": "Feature",
      "geometry": {
        "type": "Point",
        "coordinates": [
          7.7698,
          45.5154
        ]
      },
      "properties": {
        "icao24": "39dd00",
        "callsign": "TVF11JJ",
        "origin_country": "France",
        "time_position": 1787474580,
        "last_contact": 1787474580,
        "baro_altitude": 10972.8,
        "on_ground": false,
        "velocity": 215.78,
        "true_track": 313.55,
        "vertical_rate": 0,
        "geo_altitude": 11490.96,
        "squawk": "1000",
        "spi": false,
        "position_source": 0
      }
    },
    {
      "type": "Feature",
      "geometry": {
        "type": "Point",
        "coordinates": [
          15.3101,
          46.0669
        ]
      },
      "properties": {
        "icao24": "506f68",
        "callsign": "COUGAR2",
        "origin_country": "Slovenia",
        "time_position": 1787474574,
        "last_contact": 1787474574,
        "baro_altitude": 800.1,
        "on_ground": false,
        "velocity": 65.82,
        "true_track": 207.97,
        "vertical_rate": -0.98,
        "geo_altitude": 952.5,
        "squawk": null,
        "spi": false,
        "position_source": 0
      }
    },
    {
      "type": "Feature",
      "geometry": {
        "type": "Point",
        "coordinates": [
          11.9978,
          41.7349
        ]
      },
      "properties": {
        "icao24": "3d32a8",
        "callsign": "DERKY",
        "origin_country": "Germany",
        "time_position": 1787474579,
        "last_contact": 1787474579,
        "baro_altitude": 3352.8,
        "on_ground": false,
        "velocity": 69.98,
        "true_track": 218.13,
        "vertical_rate": -0.33,
        "geo_altitude": 3596.64,
        "squawk": null,
        "spi": false,
        "position_source": 0
      }
    },
    {
      "type": "Feature",
      "geometry": {
        "type": "Point",
        "coordinates": [
          17.7657,
          47.1886
        ]
      },
      "properties": {
        "icao24": "4079f7",
        "callsign": "BAW802",
        "origin_country": "United Kingdom",
        "time_position": 1787474579,
        "last_contact": 1787474579,
        "baro_altitude": 11887.2,
        "on_ground": false,
        "velocity": 252.05,
        "true_track": 118.4,
        "vertical_rate": 0,
        "geo_altitude": 12359.64,
        "squawk": "1337",
        "spi": false,
        "position_source": 0
      }
    },
    {
      "type": "Feature",
      "geometry": {
        "type": "Point",
        "coordinates": [
          12.6387,
          44.6744
        ]
      },
      "properties": {
        "icao24": "4bb264",
        "callsign": "THY1AS",
        "origin_country": "Turkey",
        "time_position": 1787474579,
        "last_contact": 1787474579,
        "baro_altitude": 7642.86,
        "on_ground": false,
        "velocity": 239.1,
        "true_track": 99.04,
        "vertical_rate": 8.78,
        "geo_altitude": 8069.58,
        "squawk": "0273",
        "spi": false,
        "position_source": 0
      }
    },
    {
      "type": "Feature",
      "geometry": {
        "type": "Point",
        "coordinates": [
          18.291,
          46.1678
        ]
      },
      "properties": {
        "icao24": "4bb261",
        "callsign": "THY6DR",
        "origin_country": "Turkey",
        "time_position": 1787474580,
        "last_contact": 1787474580,
        "baro_altitude": 10972.8,
        "on_ground": false,
        "velocity": 207.11,
        "true_track": 297.84,
        "vertical_rate": 0,
        "geo_altitude": 11468.1,
        "squawk": "3244",
        "spi": false,
        "position_source": 0
      }
    },
    {
      "type": "Feature",
      "geometry": {
        "type": "Point",
        "coordinates": [
          7.5295,
          47.5996
        ]
      },
      "properties": {
        "icao24": "4bb296",
        "callsign": "TKJ51D",
        "origin_country": "Turkey",
        "time_position": 1787474465,
        "last_contact": 1787474470,
        "baro_altitude": null,
        "on_ground": true,
        "velocity": 0,
        "true_track": 154.69,
        "vertical_rate": null,
        "geo_altitude": null,
        "squawk": "3256",
        "spi": false,
        "position_source": 0
      }
    },
    {
      "type": "Feature",
      "geometry": {
        "type": "Point",
        "coordinates": [
          17.555,
          39.01
        ]
      },
      "properties": {
        "icao24": "4bb290",
        "callsign": "THY1JB",
        "origin_country": "Turkey",
        "time_position": 1787474579,
        "last_contact": 1787474579,
        "baro_altitude": 10355.58,
        "on_ground": false,
        "velocity": 225.84,
        "true_track": 255.49,
        "vertical_rate": 0,
        "geo_altitude": 10972.8,
        "squawk": "2321",
        "spi": false,
        "position_source": 0
      }
    },
    {
      "type": "Feature",
      "geometry": {
        "type": "Point",
        "coordinates": [
          9.4395,
          39.3619
        ]
      },
      "properties": {
        "icao24": "44cdcd",
        "callsign": "BEL4MR",
        "origin_country": "Belgium",
        "time_position": 1787474580,
        "last_contact": 1787474580,
        "baro_altitude": 10972.8,
        "on_ground": false,
        "velocity": 229.85,
        "true_track": 346.8,
        "vertical_rate": 0,
        "geo_altitude": 11612.88,
        "squawk": null,
        "spi": false,
        "position_source": 0
      }
    },
    {
      "type": "Feature",
      "geometry": {
        "type": "Point",
        "coordinates": [
          12.2038,
          42.6861
        ]
      },
      "properties": {
        "icao24": "896408",
        "callsign": "ETD5HJ",
        "origin_country": "United Arab Emirates",
        "time_position": 1787474579,
        "last_contact": 1787474579,
        "baro_altitude": 11887.2,
        "on_ground": false,
        "velocity": 264.43,
        "true_track": 126.54,
        "vertical_rate": 0,
        "geo_altitude": 12489.18,
        "squawk": "5761",
        "spi": false,
        "position_source": 0
      }
    },
    {
      "type": "Feature",
      "geometry": {
        "type": "Point",
        "coordinates": [
          8.6289,
          47.7025
        ]
      },
      "properties": {
        "icao24": "4b0d1e",
        "callsign": "HBEZE",
        "origin_country": "Switzerland",
        "time_position": 1787474580,
        "last_contact": 1787474580,
        "baro_altitude": 998.22,
        "on_ground": false,
        "velocity": 53.15,
        "true_track": 284.57,
        "vertical_rate": 0,
        "geo_altitude": 1135.38,
        "squawk": "7000",
        "spi": false,
        "position_source": 0
      }
    },
    {
      "type": "Feature",
      "geometry": {
        "type": "Point",
        "coordinates": [
          18.6053,
          42.6426
        ]
      },
      "properties": {
        "icao24": "44cdc6",
        "callsign": "BEL1WH",
        "origin_country": "Belgium",
        "time_position": 1787474567,
        "last_contact": 1787474576,
        "baro_altitude": 10668,
        "on_ground": false,
        "velocity": 252.01,
        "true_track": 140.13,
        "vertical_rate": 0,
        "geo_altitude": 11254.74,
        "squawk": "0104",
        "spi": false,
        "position_source": 0
      }
    },
    {
      "type": "Feature",
      "geometry": {
        "type": "Point",
        "coordinates": [
          14.9689,
          36.2128
        ]
      },
      "properties": {
        "icao24": "4bb1a3",
        "callsign": "THY2CP",
        "origin_country": "Turkey",
        "time_position": 1787474579,
        "last_contact": 1787474579,
        "baro_altitude": 5867.4,
        "on_ground": false,
        "velocity": 214.78,
        "true_track": 69.09,
        "vertical_rate": 15.61,
        "geo_altitude": 6316.98,
        "squawk": "6575",
        "spi": false,
        "position_source": 0
      }
    },
    {
      "type": "Feature",
      "geometry": {
        "type": "Point",
        "coordinates": [
          11.9032,
          45.1745
        ]
      },
      "properties": {
        "icao24": "020145",
        "callsign": "MAC471M",
        "origin_country": "Morocco",
        "time_position": 1787474579,
        "last_contact": 1787474579,
        "baro_altitude": 2156.46,
        "on_ground": false,
        "velocity": 139.78,
        "true_track": 47.09,
        "vertical_rate": -4.23,
        "geo_altitude": 2346.96,
        "squawk": "1000",
        "spi": false,
        "position_source": 0
      }
    },
    {
      "type": "Feature",
      "geometry": {
        "type": "Point",
        "coordinates": [
          14.1732,
          46.2131
        ]
      },
      "properties": {
        "icao24": "31e067",
        "callsign": "IE567",
        "origin_country": "Italy",
        "time_position": 1787474580,
        "last_contact": 1787474580,
        "baro_altitude": 1706.88,
        "on_ground": false,
        "velocity": 50.13,
        "true_track": 231.25,
        "vertical_rate": 3.25,
        "geo_altitude": 1859.28,
        "squawk": null,
        "spi": false,
        "position_source": 0
      }
    },
    {
      "type": "Feature",
      "geometry": {
        "type": "Point",
        "coordinates": [
          8.5734,
          47.3394
        ]
      },
      "properties": {
        "icao24": "405457",
        "callsign": "EFW741W",
        "origin_country": "United Kingdom",
        "time_position": 1787474579,
        "last_contact": 1787474579,
        "baro_altitude": 10668,
        "on_ground": false,
        "velocity": 263.47,
        "true_track": 120.12,
        "vertical_rate": 0,
        "geo_altitude": 11087.1,
        "squawk": "2707",
        "spi": false,
        "position_source": 0
      }
    },
    {
      "type": "Feature",
      "geometry": {
        "type": "Point",
        "coordinates": [
          9.7934,
          45.3062
        ]
      },
      "properties": {
        "icao24": "44ce76",
        "callsign": "BEL5FJ",
        "origin_country": "Belgium",
        "time_position": 1787474579,
        "last_contact": 1787474580,
        "baro_altitude": 9441.18,
        "on_ground": false,
        "velocity": 208.26,
        "true_track": 160.67,
        "vertical_rate": -7.48,
        "geo_altitude": 9921.24,
        "squawk": "1000",
        "spi": false,
        "position_source": 0
      }
    },
    {
      "type": "Feature",
      "geometry": {
        "type": "Point",
        "coordinates": [
          14.5872,
          35.7688
        ]
      },
      "properties": {
        "icao24": "406752",
        "callsign": "EZY35JL",
        "origin_country": "United Kingdom",
        "time_position": 1787474580,
        "last_contact": 1787474580,
        "baro_altitude": 563.88,
        "on_ground": false,
        "velocity": 92.03,
        "true_track": 314.77,
        "vertical_rate": -4.88,
        "geo_altitude": 678.18,
        "squawk": "7312",
        "spi": false,
        "position_source": 0
      }
    },
    {
      "type": "Feature",
      "geometry": {
        "type": "Point",
        "coordinates": [
          10.5277,
          47.0435
        ]
      },
      "properties": {
        "icao24": "44ce66",
        "callsign": "BEL2HV",
        "origin_country": "Belgium",
        "time_position": 1787474580,
        "last_contact": 1787474580,
        "baro_altitude": 11894.82,
        "on_ground": false,
        "velocity": 235.27,
        "true_track": 155.45,
        "vertical_rate": -0.33,
        "geo_altitude": 12352.02,
        "squawk": "1000",
        "spi": false,
        "position_source": 0
      }
    },
    {
      "type": "Feature",
      "geometry": {
        "type": "Point",
        "coordinates": [
          18.8704,
          46.4238
        ]
      },
      "properties": {
        "icao24": "896318",
        "callsign": "UAE33T",
        "origin_country": "United Arab Emirates",
        "time_position": 1787474579,
        "last_contact": 1787474579,
        "baro_altitude": 11582.4,
        "on_ground": false,
        "velocity": 229.19,
        "true_track": 315.73,
        "vertical_rate": 0,
        "geo_altitude": 12085.32,
        "squawk": "6110",
        "spi": false,
        "position_source": 0
      }
    },
    {
      "type": "Feature",
      "geometry": {
        "type": "Point",
        "coordinates": [
          11.4536,
          44.4158
        ]
      },
      "properties": {
        "icao24": "346611",
        "callsign": "VOE84SM",
        "origin_country": "Spain",
        "time_position": 1787474579,
        "last_contact": 1787474579,
        "baro_altitude": 8229.6,
        "on_ground": false,
        "velocity": 205.94,
        "true_track": 186.17,
        "vertical_rate": 5.85,
        "geo_altitude": 8686.8,
        "squawk": "7423",
        "spi": false,
        "position_source": 0
      }
    },
    {
      "type": "Feature",
      "geometry": {
        "type": "Point",
        "coordinates": [
          11.9724,
          47.2112
        ]
      },
      "properties": {
        "icao24": "505b03",
        "callsign": "OMXCX",
        "origin_country": "Slovakia",
        "time_position": 1787474420,
        "last_contact": 1787474420,
        "baro_altitude": 2529.84,
        "on_ground": false,
        "velocity": 61.53,
        "true_track": 227.37,
        "vertical_rate": 0.65,
        "geo_altitude": 2674.62,
        "squawk": "7000",
        "spi": false,
        "position_source": 0
      }
    },
    {
      "type": "Feature",
      "geometry": {
        "type": "Point",
        "coordinates": [
          16.7833,
          40.9837
        ]
      },
      "properties": {
        "icao24": "4bb206",
        "callsign": "THY3UH",
        "origin_country": "Turkey",
        "time_position": 1787474573,
        "last_contact": 1787474573,
        "baro_altitude": 10363.2,
        "on_ground": false,
        "velocity": 224.15,
        "true_track": 266.71,
        "vertical_rate": 0,
        "geo_altitude": 10988.04,
        "squawk": null,
        "spi": false,
        "position_source": 0
      }
    },
    {
      "type": "Feature",
      "geometry": {
        "type": "Point",
        "coordinates": [
          17.9834,
          40.6857
        ]
      },
      "properties": {
        "icao24": "4bb212",
        "callsign": "THY8JE",
        "origin_country": "Turkey",
        "time_position": 1787474569,
        "last_contact": 1787474569,
        "baro_altitude": 11277.6,
        "on_ground": false,
        "velocity": 245.82,
        "true_track": 96.25,
        "vertical_rate": 0,
        "geo_altitude": 11925.3,
        "squawk": null,
        "spi": false,
        "position_source": 0
      }
    },
    {
      "type": "Feature",
      "geometry": {
        "type": "Point",
        "coordinates": [
          14.9143,
          45.9528
        ]
      },
      "properties": {
        "icao24": "506e27",
        "callsign": "S5DOT",
        "origin_country": "Slovenia",
        "time_position": 1787474579,
        "last_contact": 1787474579,
        "baro_altitude": 3779.52,
        "on_ground": false,
        "velocity": 37.68,
        "true_track": 255.77,
        "vertical_rate": 5.85,
        "geo_altitude": 3970.02,
        "squawk": "7005",
        "spi": false,
        "position_source": 0
      }
    },
    {
      "type": "Feature",
      "geometry": {
        "type": "Point",
        "coordinates": [
          8.3335,
          46.7677
        ]
      },
      "properties": {
        "icao24": "780a1c",
        "callsign": "CPA068",
        "origin_country": "China",
        "time_position": 1787474579,
        "last_contact": 1787474579,
        "baro_altitude": 8229.6,
        "on_ground": false,
        "velocity": 230.3,
        "true_track": 170.1,
        "vertical_rate": -0.33,
        "geo_altitude": 8618.22,
        "squawk": "1000",
        "spi": false,
        "position_source": 0
      }
    },
    {
      "type": "Feature",
      "geometry": {
        "type": "Point",
        "coordinates": [
          18.4341,
          35.5249
        ]
      },
      "properties": {
        "icao24": "8963f4",
        "callsign": "UAE7AM",
        "origin_country": "United Arab Emirates",
        "time_position": 1787474579,
        "last_contact": 1787474579,
        "baro_altitude": 11582.4,
        "on_ground": false,
        "velocity": 245.8,
        "true_track": 282.2,
        "vertical_rate": 0,
        "geo_altitude": 12252.96,
        "squawk": null,
        "spi": false,
        "position_source": 0
      }
    },
    {
      "type": "Feature",
      "geometry": {
        "type": "Point",
        "coordinates": [
          8.3143,
          47.7166
        ]
      },
      "properties": {
        "icao24": "489226",
        "callsign": "ENT3EA",
        "origin_country": "Poland",
        "time_position": 1787474579,
        "last_contact": 1787474580,
        "baro_altitude": 6187.44,
        "on_ground": false,
        "velocity": 189.71,
        "true_track": 340.68,
        "vertical_rate": -7.8,
        "geo_altitude": 6492.24,
        "squawk": "1000",
        "spi": false,
        "position_source": 0
      }
    },
    {
      "type": "Feature",
      "geometry": {
        "type": "Point",
        "coordinates": [
          17.373,
          46.8033
        ]
      },
      "properties": {
        "icao24": "8963df",
        "callsign": "UAE161",
        "origin_country": "United Arab Emirates",
        "time_position": 1787474579,
        "last_contact": 1787474579,
        "baro_altitude": 10363.2,
        "on_ground": false,
        "velocity": 227.05,
        "true_track": 308.38,
        "vertical_rate": 0,
        "geo_altitude": 10820.4,
        "squawk": "6111",
        "spi": false,
        "position_source": 0
      }
    },
    {
      "type": "Feature",
      "geometry": {
        "type": "Point",
        "coordinates": [
          15.0224,
          46.5891
        ]
      },
      "properties": {
        "icao24": "8963eb",
        "callsign": "UAE34Y",
        "origin_country": "United Arab Emirates",
        "time_position": 1787474579,
        "last_contact": 1787474579,
        "baro_altitude": 12192,
        "on_ground": false,
        "velocity": 219.19,
        "true_track": 300,
        "vertical_rate": 0,
        "geo_altitude": null,
        "squawk": "7223",
        "spi": false,
        "position_source": 0
      }
    },
    {
      "type": "Feature",
      "geometry": {
        "type": "Point",
        "coordinates": [
          9.7193,
          46.5978
        ]
      },
      "properties": {
        "icao24": "4067c4",
        "callsign": "EXS51ER",
        "origin_country": "United Kingdom",
        "time_position": 1787474580,
        "last_contact": 1787474580,
        "baro_altitude": 10378.44,
        "on_ground": false,
        "velocity": 190.04,
        "true_track": 296.36,
        "vertical_rate": 0,
        "geo_altitude": 10812.78,
        "squawk": "2740",
        "spi": false,
        "position_source": 0
      }
    },
    {
      "type": "Feature",
      "geometry": {
        "type": "Point",
        "coordinates": [
          15.2083,
          44.6873
        ]
      },
      "properties": {
        "icao24": "4bb10b",
        "callsign": "THY5QF",
        "origin_country": "Turkey",
        "time_position": 1787474579,
        "last_contact": 1787474579,
        "baro_altitude": 10668,
        "on_ground": false,
        "velocity": 241.95,
        "true_track": 104.66,
        "vertical_rate": 0,
        "geo_altitude": 11186.16,
        "squawk": "0263",
        "spi": false,
        "position_source": 0
      }
    },
    {
      "type": "Feature",
      "geometry": {
        "type": "Point",
        "coordinates": [
          17.0713,
          42.0885
        ]
      },
      "properties": {
        "icao24": "4067f0",
        "callsign": "TOM3LA",
        "origin_country": "United Kingdom",
        "time_position": 1787474576,
        "last_contact": 1787474577,
        "baro_altitude": 11277.6,
        "on_ground": false,
        "velocity": 245.49,
        "true_track": 140.27,
        "vertical_rate": 0,
        "geo_altitude": 11879.58,
        "squawk": "3465",
        "spi": false,
        "position_source": 0
      }
    },
    {
      "type": "Feature",
      "geometry": {
        "type": "Point",
        "coordinates": [
          7.6059,
          43.4502
        ]
      },
      "properties": {
        "icao24": "896539",
        "callsign": "ETD8AQ",
        "origin_country": "United Arab Emirates",
        "time_position": 1787474580,
        "last_contact": 1787474580,
        "baro_altitude": 3032.76,
        "on_ground": false,
        "velocity": 163.49,
        "true_track": 121.49,
        "vertical_rate": 14.31,
        "geo_altitude": 3238.5,
        "squawk": null,
        "spi": false,
        "position_source": 0
      }
    },
    {
      "type": "Feature",
      "geometry": {
        "type": "Point",
        "coordinates": [
          9.4677,
          43.0501
        ]
      },
      "properties": {
        "icao24": "4d02ab",
        "callsign": "JFA34N",
        "origin_country": "Luxembourg",
        "time_position": 1787474579,
        "last_contact": 1787474579,
        "baro_altitude": 7315.2,
        "on_ground": false,
        "velocity": 126.83,
        "true_track": 294.69,
        "vertical_rate": -0.33,
        "geo_altitude": 7764.78,
        "squawk": "1000",
        "spi": false,
        "position_source": 0
      }
    },
    {
      "type": "Feature",
      "geometry": {
        "type": "Point",
        "coordinates": [
          11.6143,
          40.7947
        ]
      },
      "properties": {
        "icao24": "344158",
        "callsign": "VLG8AZ",
        "origin_country": "Spain",
        "time_position": 1787474580,
        "last_contact": 1787474580,
        "baro_altitude": 10668,
        "on_ground": false,
        "velocity": 209.61,
        "true_track": 272.67,
        "vertical_rate": 0,
        "geo_altitude": 11269.98,
        "squawk": null,
        "spi": false,
        "position_source": 0
      }
    },
    {
      "type": "Feature",
      "geometry": {
        "type": "Point",
        "coordinates": [
          9.6936,
          46.7008
        ]
      },
      "properties": {
        "icao24": "896448",
        "callsign": "ROJ007",
        "origin_country": "United Arab Emirates",
        "time_position": 1787474579,
        "last_contact": 1787474579,
        "baro_altitude": 10668,
        "on_ground": false,
        "velocity": 253.39,
        "true_track": 132.7,
        "vertical_rate": 0,
        "geo_altitude": 11117.58,
        "squawk": "7567",
        "spi": false,
        "position_source": 0
      }
    },
    {
      "type": "Feature",
      "geometry": {
        "type": "Point",
        "coordinates": [
          12.999,
          36.1295
        ]
      },
      "properties": {
        "icao24": "896453",
        "callsign": "UAE3MV",
        "origin_country": "United Arab Emirates",
        "time_position": 1787474579,
        "last_contact": 1787474579,
        "baro_altitude": 10363.2,
        "on_ground": false,
        "velocity": 237.68,
        "true_track": 291.46,
        "vertical_rate": 0,
        "geo_altitude": 11003.28,
        "squawk": "0566",
        "spi": false,
        "position_source": 0
      }
    },
    {
      "type": "Feature",
      "geometry": {
        "type": "Point",
        "coordinates": [
          12.3633,
          35.9724
        ]
      },
      "properties": {
        "icao24": "896456",
        "callsign": "UAE751",
        "origin_country": "United Arab Emirates",
        "time_position": 1787474579,
        "last_contact": 1787474579,
        "baro_altitude": 11582.4,
        "on_ground": false,
        "velocity": 237.88,
        "true_track": 275.83,
        "vertical_rate": 0,
        "geo_altitude": 12268.2,
        "squawk": "5523",
        "spi": false,
        "position_source": 0
      }
    },
    {
      "type": "Feature",
      "geometry": {
        "type": "Point",
        "coordinates": [
          8.7976,
          44.3998
        ]
      },
      "properties": {
        "icao24": "4d02e2",
        "callsign": null,
        "origin_country": "Luxembourg",
        "time_position": 1787474577,
        "last_contact": 1787474577,
        "baro_altitude": 815.34,
        "on_ground": false,
        "velocity": 89.19,
        "true_track": 196.76,
        "vertical_rate": 5.2,
        "geo_altitude": 937.26,
        "squawk": null,
        "spi": false,
        "position_source": 0
      }
    },
    {
      "type": "Feature",
      "geometry": {
        "type": "Point",
        "coordinates": [
          14.9251,
          43.6939
        ]
      },
      "properties": {
        "icao24": "3965a5",
        "callsign": "AFR654",
        "origin_country": "France",
        "time_position": 1787474580,
        "last_contact": 1787474580,
        "baro_altitude": 9448.8,
        "on_ground": false,
        "velocity": 264.46,
        "true_track": 135.08,
        "vertical_rate": 0,
        "geo_altitude": 9966.96,
        "squawk": "7564",
        "spi": false,
        "position_source": 0
      }
    },
    {
      "type": "Feature",
      "geometry": {
        "type": "Point",
        "coordinates": [
          16.6689,
          47.6937
        ]
      },
      "properties": {
        "icao24": "4bb025",
        "callsign": "TKJ5143",
        "origin_country": "Turkey",
        "time_position": 1787474579,
        "last_contact": 1787474579,
        "baro_altitude": 10668,
        "on_ground": false,
        "velocity": 262.19,
        "true_track": 119.63,
        "vertical_rate": 0,
        "geo_altitude": 11087.1,
        "squawk": "7642",
        "spi": false,
        "position_source": 0
      }
    },
    {
      "type": "Feature",
      "geometry": {
        "type": "Point",
        "coordinates": [
          12.1914,
          41.7768
        ]
      },
      "properties": {
        "icao24": "8964f9",
        "callsign": "ETD78G",
        "origin_country": "United Arab Emirates",
        "time_position": 1787474579,
        "last_contact": 1787474580,
        "baro_altitude": 495.3,
        "on_ground": false,
        "velocity": 105.66,
        "true_track": 219.27,
        "vertical_rate": 8.45,
        "geo_altitude": 594.36,
        "squawk": null,
        "spi": false,
        "position_source": 0
      }
    },
    {
      "type": "Feature",
      "geometry": {
        "type": "Point",
        "coordinates": [
          12.2831,
          47.6339
        ]
      },
      "properties": {
        "icao24": "3c49ce",
        "callsign": "EWG8RW",
        "origin_country": "Germany",
        "time_position": 1787474579,
        "last_contact": 1787474579,
        "baro_altitude": 11269.98,
        "on_ground": false,
        "velocity": 246.42,
        "true_track": 139.83,
        "vertical_rate": -0.33,
        "geo_altitude": 11689.08,
        "squawk": "7710",
        "spi": false,
        "position_source": 0
      }
    },
    {
      "type": "Feature",
      "geometry": {
        "type": "Point",
        "coordinates": [
          11.7639,
          46.5135
        ]
      },
      "properties": {
        "icao24": "3c49cb",
        "callsign": "EWG3A",
        "origin_country": "Germany",
        "time_position": 1787474579,
        "last_contact": 1787474579,
        "baro_altitude": 10553.7,
        "on_ground": false,
        "velocity": 204.9,
        "true_track": 318.87,
        "vertical_rate": -5.2,
        "geo_altitude": 11041.38,
        "squawk": "7211",
        "spi": false,
        "position_source": 0
      }
    },
    {
      "type": "Feature",
      "geometry": {
        "type": "Point",
        "coordinates": [
          10.5758,
          44.8945
        ]
      },
      "properties": {
        "icao24": "8964fc",
        "callsign": "ETD36V",
        "origin_country": "United Arab Emirates",
        "time_position": 1787474579,
        "last_contact": 1787474579,
        "baro_altitude": 7917.18,
        "on_ground": false,
        "velocity": 265.21,
        "true_track": 128.94,
        "vertical_rate": 6.5,
        "geo_altitude": 8351.52,
        "squawk": "3755",
        "spi": false,
        "position_source": 0
      }
    },
    {
      "type": "Feature",
      "geometry": {
        "type": "Point",
        "coordinates": [
          17.4908,
          41.3086
        ]
      },
      "properties": {
        "icao24": "4064a4",
        "callsign": "TOM57W",
        "origin_country": "United Kingdom",
        "time_position": 1787474579,
        "last_contact": 1787474579,
        "baro_altitude": 11231.88,
        "on_ground": false,
        "velocity": 236.95,
        "true_track": 165.54,
        "vertical_rate": -3.9,
        "geo_altitude": 11849.1,
        "squawk": "3471",
        "spi": false,
        "position_source": 0
      }
    },
    {
      "type": "Feature",
      "geometry": {
        "type": "Point",
        "coordinates": [
          7.6899,
          47.7179
        ]
      },
      "properties": {
        "icao24": "3ddc74",
        "callsign": "CHX54",
        "origin_country": "Germany",
        "time_position": 1787474579,
        "last_contact": 1787474579,
        "baro_altitude": 914.4,
        "on_ground": false,
        "velocity": 64.31,
        "true_track": 196.26,
        "vertical_rate": -3.9,
        "geo_altitude": 1051.56,
        "squawk": "0020",
        "spi": false,
        "position_source": 0
      }
    },
    {
      "type": "Feature",
      "geometry": {
        "type": "Point",
        "coordinates": [
          15.2737,
          46.7392
        ]
      },
      "properties": {
        "icao24": "3e63e9",
        "callsign": "DKDAN",
        "origin_country": "Germany",
        "time_position": 1787474578,
        "last_contact": 1787474579,
        "baro_altitude": 1264.92,
        "on_ground": false,
        "velocity": 46.03,
        "true_track": 208,
        "vertical_rate": -0.33,
        "geo_altitude": 1409.7,
        "squawk": "7000",
        "spi": false,
        "position_source": 0
      }
    },
    {
      "type": "Feature",
      "geometry": {
        "type": "Point",
        "coordinates": [
          12.7171,
          41.857
        ]
      },
      "properties": {
        "icao24": "3008ed",
        "callsign": "ILRJR",
        "origin_country": "Italy",
        "time_position": 1787474525,
        "last_contact": 1787474525,
        "baro_altitude": 441.96,
        "on_ground": false,
        "velocity": 59.62,
        "true_track": 129.05,
        "vertical_rate": 0.33,
        "geo_altitude": 541.02,
        "squawk": null,
        "spi": false,
        "position_source": 0
      }
    },
    {
      "type": "Feature",
      "geometry": {
        "type": "Point",
        "coordinates": [
          12.5371,
          45.3318
        ]
      },
      "properties": {
        "icao24": "3008e2",
        "callsign": "IESVR",
        "origin_country": "Italy",
        "time_position": 1787474548,
        "last_contact": 1787474573,
        "baro_altitude": 419.1,
        "on_ground": false,
        "velocity": 66.35,
        "true_track": 33.94,
        "vertical_rate": 0.65,
        "geo_altitude": 480.06,
        "squawk": "2121",
        "spi": false,
        "position_source": 0
      }
    },
    {
      "type": "Feature",
      "geometry": {
        "type": "Point",
        "coordinates": [
          6.772,
          40.6447
        ]
      },
      "properties": {
        "icao24": "346385",
        "callsign": "AEA1301",
        "origin_country": "Spain",
        "time_position": 1787474579,
        "last_contact": 1787474579,
        "baro_altitude": 11209.02,
        "on_ground": false,
        "velocity": 271.81,
        "true_track": 98.16,
        "vertical_rate": 2.6,
        "geo_altitude": 11826.24,
        "squawk": "1440",
        "spi": false,
        "position_source": 0
      }
    },
    {
      "type": "Feature",
      "geometry": {
        "type": "Point",
        "coordinates": [
          15.0052,
          38.1389
        ]
      },
      "properties": {
        "icao24": "3008f0",
        "callsign": "IMYAR",
        "origin_country": "Italy",
        "time_position": 1787474574,
        "last_contact": 1787474575,
        "baro_altitude": 685.8,
        "on_ground": false,
        "velocity": 64.44,
        "true_track": 266.34,
        "vertical_rate": -0.33,
        "geo_altitude": 784.86,
        "squawk": null,
        "spi": false,
        "position_source": 0
      }
    },
    {
      "type": "Feature",
      "geometry": {
        "type": "Point",
        "coordinates": [
          10.7288,
          35.1837
        ]
      },
      "properties": {
        "icao24": "018086",
        "callsign": "LWA801",
        "origin_country": "Libyan Arab Jamahiriya",
        "time_position": 1787474457,
        "last_contact": 1787474577,
        "baro_altitude": 10058.4,
        "on_ground": false,
        "velocity": 235.61,
        "true_track": 152.71,
        "vertical_rate": 0,
        "geo_altitude": 10660.38,
        "squawk": null,
        "spi": false,
        "position_source": 0
      }
    },
    {
      "type": "Feature",
      "geometry": {
        "type": "Point",
        "coordinates": [
          6.7533,
          46.3289
        ]
      },
      "properties": {
        "icao24": "34768c",
        "callsign": "VLG1869",
        "origin_country": "Spain",
        "time_position": 1787474578,
        "last_contact": 1787474579,
        "baro_altitude": 10668,
        "on_ground": false,
        "velocity": 205.04,
        "true_track": 213.33,
        "vertical_rate": 0,
        "geo_altitude": 11132.82,
        "squawk": "0122",
        "spi": false,
        "position_source": 0
      }
    },
    {
      "type": "Feature",
      "geometry": {
        "type": "Point",
        "coordinates": [
          8.4654,
          46.2911
        ]
      },
      "properties": {
        "icao24": "484c51",
        "callsign": "KLC73Y",
        "origin_country": "Kingdom of the Netherlands",
        "time_position": 1787474579,
        "last_contact": 1787474579,
        "baro_altitude": 9006.84,
        "on_ground": false,
        "velocity": 221.48,
        "true_track": 172.66,
        "vertical_rate": -4.23,
        "geo_altitude": 9448.8,
        "squawk": "1000",
        "spi": false,
        "position_source": 0
      }
    },
    {
      "type": "Feature",
      "geometry": {
        "type": "Point",
        "coordinates": [
          15.3776,
          45.938
        ]
      },
      "properties": {
        "icao24": "89659b",
        "callsign": "ETD9SM",
        "origin_country": "United Arab Emirates",
        "time_position": 1787474579,
        "last_contact": 1787474580,
        "baro_altitude": 11887.2,
        "on_ground": false,
        "velocity": 273.78,
        "true_track": 116.57,
        "vertical_rate": 0.33,
        "geo_altitude": 12390.12,
        "squawk": "5261",
        "spi": false,
        "position_source": 0
      }
    },
    {
      "type": "Feature",
      "geometry": {
        "type": "Point",
        "coordinates": [
          8.5576,
          47.4551
        ]
      },
      "properties": {
        "icao24": "461f9b",
        "callsign": "FIN2WC",
        "origin_country": "Finland",
        "time_position": 1787474575,
        "last_contact": 1787474579,
        "baro_altitude": 350.52,
        "on_ground": true,
        "velocity": 0,
        "true_track": 95.62,
        "vertical_rate": null,
        "geo_altitude": null,
        "squawk": "3015",
        "spi": false,
        "position_source": 0
      }
    },
    {
      "type": "Feature",
      "geometry": {
        "type": "Point",
        "coordinates": [
          8.1275,
          47.4643
        ]
      },
      "properties": {
        "icao24": "346458",
        "callsign": "IBE06LP",
        "origin_country": "Spain",
        "time_position": 1787474580,
        "last_contact": 1787474580,
        "baro_altitude": 3291.84,
        "on_ground": false,
        "velocity": 143.71,
        "true_track": 60.87,
        "vertical_rate": -6.83,
        "geo_altitude": 3489.96,
        "squawk": "1000",
        "spi": false,
        "position_source": 0
      }
    },
    {
      "type": "Feature",
      "geometry": {
        "type": "Point",
        "coordinates": [
          14.5499,
          36.4618
        ]
      },
      "properties": {
        "icao24": "48af10",
        "callsign": "LOT671",
        "origin_country": "Poland",
        "time_position": 1787474579,
        "last_contact": 1787474579,
        "baro_altitude": 4922.52,
        "on_ground": false,
        "velocity": 189.38,
        "true_track": 162.45,
        "vertical_rate": -10.73,
        "geo_altitude": 5318.76,
        "squawk": "5565",
        "spi": false,
        "position_source": 0
      }
    },
    {
      "type": "Feature",
      "geometry": {
        "type": "Point",
        "coordinates": [
          8.5702,
          47.4566
        ]
      },
      "properties": {
        "icao24": "48af01",
        "callsign": "LOT2CH",
        "origin_country": "Poland",
        "time_position": 1787474579,
        "last_contact": 1787474580,
        "baro_altitude": 350.52,
        "on_ground": true,
        "velocity": 2.06,
        "true_track": 345.94,
        "vertical_rate": null,
        "geo_altitude": null,
        "squawk": "1000",
        "spi": false,
        "position_source": 0
      }
    },
    {
      "type": "Feature",
      "geometry": {
        "type": "Point",
        "coordinates": [
          15.4011,
          38.3899
        ]
      },
      "properties": {
        "icao24": "461f65",
        "callsign": "FIN1806",
        "origin_country": "Finland",
        "time_position": 1787474579,
        "last_contact": 1787474579,
        "baro_altitude": 7917.18,
        "on_ground": false,
        "velocity": 217.42,
        "true_track": 5.02,
        "vertical_rate": 7.48,
        "geo_altitude": 8458.2,
        "squawk": null,
        "spi": false,
        "position_source": 0
      }
    },
    {
      "type": "Feature",
      "geometry": {
        "type": "Point",
        "coordinates": [
          6.773,
          45.0694
        ]
      },
      "properties": {
        "icao24": "44cc47",
        "callsign": "BEL5HH",
        "origin_country": "Belgium",
        "time_position": 1787474579,
        "last_contact": 1787474579,
        "baro_altitude": 11582.4,
        "on_ground": false,
        "velocity": 233.29,
        "true_track": 357.35,
        "vertical_rate": 0,
        "geo_altitude": 12108.18,
        "squawk": "5370",
        "spi": false,
        "position_source": 0
      }
    },
    {
      "type": "Feature",
      "geometry": {
        "type": "Point",
        "coordinates": [
          8.5657,
          40.1391
        ]
      },
      "properties": {
        "icao24": "407838",
        "callsign": "EZY73GW",
        "origin_country": "United Kingdom",
        "time_position": 1787474579,
        "last_contact": 1787474580,
        "baro_altitude": 10675.62,
        "on_ground": false,
        "velocity": 247.79,
        "true_track": 152.96,
        "vertical_rate": 0.33,
        "geo_altitude": 11285.22,
        "squawk": "2222",
        "spi": false,
        "position_source": 0
      }
    },
    {
      "type": "Feature",
      "geometry": {
        "type": "Point",
        "coordinates": [
          13.8172,
          46.3069
        ]
      },
      "properties": {
        "icao24": "407837",
        "callsign": "EZY57AZ",
        "origin_country": "United Kingdom",
        "time_position": 1787474579,
        "last_contact": 1787474580,
        "baro_altitude": 10668,
        "on_ground": false,
        "velocity": 256.11,
        "true_track": 127.49,
        "vertical_rate": 0,
        "geo_altitude": 11163.3,
        "squawk": "0545",
        "spi": false,
        "position_source": 0
      }
    },
    {
      "type": "Feature",
      "geometry": {
        "type": "Point",
        "coordinates": [
          17.0288,
          45.4008
        ]
      },
      "properties": {
        "icao24": "461f35",
        "callsign": "FIN8YL",
        "origin_country": "Finland",
        "time_position": 1787474579,
        "last_contact": 1787474580,
        "baro_altitude": 11277.6,
        "on_ground": false,
        "velocity": 234.28,
        "true_track": 17.64,
        "vertical_rate": 0,
        "geo_altitude": 11803.38,
        "squawk": "4451",
        "spi": false,
        "position_source": 0
      }
    },
    {
      "type": "Feature",
      "geometry": {
        "type": "Point",
        "coordinates": [
          6.7081,
          46.4849
        ]
      },
      "properties": {
        "icao24": "4b1bdd",
        "callsign": "HBKOJ",
        "origin_country": "Switzerland",
        "time_position": 1787474579,
        "last_contact": 1787474579,
        "baro_altitude": 1203.96,
        "on_ground": false,
        "velocity": 67.3,
        "true_track": 281.91,
        "vertical_rate": -2.93,
        "geo_altitude": 1341.12,
        "squawk": "7000",
        "spi": false,
        "position_source": 0
      }
    },
    {
      "type": "Feature",
      "geometry": {
        "type": "Point",
        "coordinates": [
          6.7095,
          45.7541
        ]
      },
      "properties": {
        "icao24": "39c9ae",
        "callsign": "FHSNO",
        "origin_country": "France",
        "time_position": 1787474579,
        "last_contact": 1787474579,
        "baro_altitude": 3048,
        "on_ground": false,
        "velocity": 0,
        "true_track": 0,
        "vertical_rate": 0,
        "geo_altitude": 2087.88,
        "squawk": null,
        "spi": false,
        "position_source": 0
      }
    },
    {
      "type": "Feature",
      "geometry": {
        "type": "Point",
        "coordinates": [
          12.5584,
          39.9708
        ]
      },
      "properties": {
        "icao24": "3c48ee",
        "callsign": "EWG2665",
        "origin_country": "Germany",
        "time_position": 1787474578,
        "last_contact": 1787474578,
        "baro_altitude": 11582.4,
        "on_ground": false,
        "velocity": 224.44,
        "true_track": 351.96,
        "vertical_rate": 0,
        "geo_altitude": 12192,
        "squawk": "6567",
        "spi": false,
        "position_source": 0
      }
    },
    {
      "type": "Feature",
      "geometry": {
        "type": "Point",
        "coordinates": [
          16.1798,
          44.1609
        ]
      },
      "properties": {
        "icao24": "49130f",
        "callsign": "NJE250C",
        "origin_country": "Portugal",
        "time_position": 1787474579,
        "last_contact": 1787474579,
        "baro_altitude": 12192,
        "on_ground": false,
        "velocity": 202.75,
        "true_track": 340.28,
        "vertical_rate": 0,
        "geo_altitude": 12725.4,
        "squawk": "5622",
        "spi": false,
        "position_source": 0
      }
    },
    {
      "type": "Feature",
      "geometry": {
        "type": "Point",
        "coordinates": [
          8.9447,
          46.1357
        ]
      },
      "properties": {
        "icao24": "4b1bbc",
        "callsign": "HBKNC",
        "origin_country": "Switzerland",
        "time_position": 1787474579,
        "last_contact": 1787474579,
        "baro_altitude": 1409.7,
        "on_ground": false,
        "velocity": 38.66,
        "true_track": 64.8,
        "vertical_rate": 3.25,
        "geo_altitude": 1569.72,
        "squawk": null,
        "spi": false,
        "position_source": 0
      }
    },
    {
      "type": "Feature",
      "geometry": {
        "type": "Point",
        "coordinates": [
          7.7035,
          45.2024
        ]
      },
      "properties": {
        "icao24": "4b1bbe",
        "callsign": "HBKNE",
        "origin_country": "Switzerland",
        "time_position": 1787474580,
        "last_contact": 1787474580,
        "baro_altitude": 548.64,
        "on_ground": false,
        "velocity": 49.9,
        "true_track": 270.59,
        "vertical_rate": 1.63,
        "geo_altitude": 670.56,
        "squawk": "4612",
        "spi": false,
        "position_source": 0
      }
    },
    {
      "type": "Feature",
      "geometry": {
        "type": "Point",
        "coordinates": [
          7.2752,
          47.5177
        ]
      },
      "properties": {
        "icao24": "4b1bf6",
        "callsign": "HBKPI",
        "origin_country": "Switzerland",
        "time_position": 1787474578,
        "last_contact": 1787474579,
        "baro_altitude": 1280.16,
        "on_ground": false,
        "velocity": 38.39,
        "true_track": 197.95,
        "vertical_rate": 3.25,
        "geo_altitude": 1424.94,
        "squawk": "3410",
        "spi": false,
        "position_source": 0
      }
    },
    {
      "type": "Feature",
      "geometry": {
        "type": "Point",
        "coordinates": [
          15.6944,
          45.3294
        ]
      },
      "properties": {
        "icao24": "4078f0",
        "callsign": "EZY26AP",
        "origin_country": "United Kingdom",
        "time_position": 1787474579,
        "last_contact": 1787474579,
        "baro_altitude": 11285.22,
        "on_ground": false,
        "velocity": 251,
        "true_track": 128.09,
        "vertical_rate": -0.33,
        "geo_altitude": 11811,
        "squawk": "2727",
        "spi": false,
        "position_source": 0
      }
    },
    {
      "type": "Feature",
      "geometry": {
        "type": "Point",
        "coordinates": [
          8.7231,
          45.6167
        ]
      },
      "properties": {
        "icao24": "461fa3",
        "callsign": "FIN4LK",
        "origin_country": "Finland",
        "time_position": 1787474580,
        "last_contact": 1787474580,
        "baro_altitude": null,
        "on_ground": true,
        "velocity": 13.89,
        "true_track": 168.75,
        "vertical_rate": null,
        "geo_altitude": null,
        "squawk": "0423",
        "spi": false,
        "position_source": 0
      }
    },
    {
      "type": "Feature",
      "geometry": {
        "type": "Point",
        "coordinates": [
          9.283,
          45.3893
        ]
      },
      "properties": {
        "icao24": "346499",
        "callsign": "IBE06AD",
        "origin_country": "Spain",
        "time_position": 1787474579,
        "last_contact": 1787474579,
        "baro_altitude": 312.42,
        "on_ground": false,
        "velocity": 70.71,
        "true_track": 355.41,
        "vertical_rate": -2.93,
        "geo_altitude": 426.72,
        "squawk": "1000",
        "spi": false,
        "position_source": 0
      }
    },
    {
      "type": "Feature",
      "geometry": {
        "type": "Point",
        "coordinates": [
          6.7128,
          43.4225
        ]
      },
      "properties": {
        "icao24": "38483d",
        "callsign": "FJCET",
        "origin_country": "France",
        "time_position": 1787474413,
        "last_contact": 1787474414,
        "baro_altitude": 15.24,
        "on_ground": false,
        "velocity": 24.62,
        "true_track": 243.97,
        "vertical_rate": -0.33,
        "geo_altitude": 160.02,
        "squawk": null,
        "spi": false,
        "position_source": 0
      }
    },
    {
      "type": "Feature",
      "geometry": {
        "type": "Point",
        "coordinates": [
          17.2651,
          41.8982
        ]
      },
      "properties": {
        "icao24": "40660c",
        "callsign": "TOM1WK",
        "origin_country": "United Kingdom",
        "time_position": 1787474578,
        "last_contact": 1787474579,
        "baro_altitude": 11269.98,
        "on_ground": false,
        "velocity": 242.03,
        "true_track": 153.22,
        "vertical_rate": 0,
        "geo_altitude": 11879.58,
        "squawk": "1074",
        "spi": false,
        "position_source": 0
      }
    },
    {
      "type": "Feature",
      "geometry": {
        "type": "Point",
        "coordinates": [
          16.8317,
          43.1979
        ]
      },
      "properties": {
        "icao24": "34654b",
        "callsign": "IBE09PZ",
        "origin_country": "Spain",
        "time_position": 1787474300,
        "last_contact": 1787474300,
        "baro_altitude": 5494.02,
        "on_ground": false,
        "velocity": 209.13,
        "true_track": 121.93,
        "vertical_rate": -10.73,
        "geo_altitude": 5859.78,
        "squawk": "1000",
        "spi": false,
        "position_source": 0
      }
    },
    {
      "type": "Feature",
      "geometry": {
        "type": "Point",
        "coordinates": [
          7.9767,
          47.421
        ]
      },
      "properties": {
        "icao24": "4b1c67",
        "callsign": "HBKTR",
        "origin_country": "Switzerland",
        "time_position": 1787474579,
        "last_contact": 1787474579,
        "baro_altitude": 1310.64,
        "on_ground": false,
        "velocity": 49.94,
        "true_track": 182.36,
        "vertical_rate": 3.25,
        "geo_altitude": 1455.42,
        "squawk": "7000",
        "spi": false,
        "position_source": 0
      }
    },
    {
      "type": "Feature",
      "geometry": {
        "type": "Point",
        "coordinates": [
          8.5324,
          47.4592
        ]
      },
      "properties": {
        "icao24": "345212",
        "callsign": "VLG4TG",
        "origin_country": "Spain",
        "time_position": 1787474579,
        "last_contact": 1787474579,
        "baro_altitude": 571.5,
        "on_ground": false,
        "velocity": 89.99,
        "true_track": 275.91,
        "vertical_rate": 16.91,
        "geo_altitude": 701.04,
        "squawk": "1000",
        "spi": false,
        "position_source": 0
      }
    },
    {
      "type": "Feature",
      "geometry": {
        "type": "Point",
        "coordinates": [
          8.9416,
          43.1294
        ]
      },
      "properties": {
        "icao24": "4d00c6",
        "callsign": "LGL32CG",
        "origin_country": "Luxembourg",
        "time_position": 1787474579,
        "last_contact": 1787474579,
        "baro_altitude": 7315.2,
        "on_ground": false,
        "velocity": 176.13,
        "true_track": 2.68,
        "vertical_rate": 0,
        "geo_altitude": 7772.4,
        "squawk": null,
        "spi": false,
        "position_source": 0
      }
    },
    {
      "type": "Feature",
      "geometry": {
        "type": "Point",
        "coordinates": [
          9.7907,
          38.1774
        ]
      },
      "properties": {
        "icao24": "4d00c3",
        "callsign": "LGL204",
        "origin_country": "Luxembourg",
        "time_position": 1787474489,
        "last_contact": 1787474579,
        "baro_altitude": 11582.4,
        "on_ground": false,
        "velocity": 218.75,
        "true_track": 346.81,
        "vertical_rate": 0,
        "geo_altitude": 12230.1,
        "squawk": null,
        "spi": false,
        "position_source": 0
      }
    },
    {
      "type": "Feature",
      "geometry": {
        "type": "Point",
        "coordinates": [
          7.2994,
          47.4512
        ]
      },
      "properties": {
        "icao24": "346516",
        "callsign": "LAV5113",
        "origin_country": "Spain",
        "time_position": 1787474579,
        "last_contact": 1787474579,
        "baro_altitude": 3131.82,
        "on_ground": false,
        "velocity": 148.59,
        "true_track": 4.37,
        "vertical_rate": -2.93,
        "geo_altitude": 3322.32,
        "squawk": "1000",
        "spi": false,
        "position_source": 0
      }
    },
    {
      "type": "Feature",
      "geometry": {
        "type": "Point",
        "coordinates": [
          7.3343,
          45.8299
        ]
      },
      "properties": {
        "icao24": "748051",
        "callsign": "MEA211",
        "origin_country": "Lebanon",
        "time_position": 1787474579,
        "last_contact": 1787474580,
        "baro_altitude": 11582.4,
        "on_ground": false,
        "velocity": 217.08,
        "true_track": 312.12,
        "vertical_rate": 0,
        "geo_altitude": 12100.56,
        "squawk": "1000",
        "spi": false,
        "position_source": 0
      }
    },
    {
      "type": "Feature",
      "geometry": {
        "type": "Point",
        "coordinates": [
          15.4362,
          43.1603
        ]
      },
      "properties": {
        "icao24": "4d00d6",
        "callsign": "LGL512",
        "origin_country": "Luxembourg",
        "time_position": 1787474573,
        "last_contact": 1787474579,
        "baro_altitude": 7315.2,
        "on_ground": false,
        "velocity": 163.24,
        "true_track": 311.68,
        "vertical_rate": 0,
        "geo_altitude": 7772.4,
        "squawk": "1000",
        "spi": false,
        "position_source": 0
      }
    },
    {
      "type": "Feature",
      "geometry": {
        "type": "Point",
        "coordinates": [
          9.3969,
          47.1251
        ]
      },
      "properties": {
        "icao24": "4d00de",
        "callsign": "LGL578",
        "origin_country": "Luxembourg",
        "time_position": 1787474580,
        "last_contact": 1787474580,
        "baro_altitude": 11399.52,
        "on_ground": false,
        "velocity": 216.52,
        "true_track": 352.22,
        "vertical_rate": -5.2,
        "geo_altitude": 11833.86,
        "squawk": "1000",
        "spi": false,
        "position_source": 0
      }
    },
    {
      "type": "Feature",
      "geometry": {
        "type": "Point",
        "coordinates": [
          11.5364,
          44.1854
        ]
      },
      "properties": {
        "icao24": "4d00dd",
        "callsign": "LGL6552",
        "origin_country": "Luxembourg",
        "time_position": 1787474579,
        "last_contact": 1787474579,
        "baro_altitude": 11582.4,
        "on_ground": false,
        "velocity": 226.97,
        "true_track": 353.1,
        "vertical_rate": 0,
        "geo_altitude": 12123.42,
        "squawk": "1000",
        "spi": false,
        "position_source": 0
      }
    },
    {
      "type": "Feature",
      "geometry": {
        "type": "Point",
        "coordinates": [
          10.1456,
          40.6371
        ]
      },
      "properties": {
        "icao24": "4d00f3",
        "callsign": "LGL942",
        "origin_country": "Luxembourg",
        "time_position": 1787474579,
        "last_contact": 1787474579,
        "baro_altitude": 10972.8,
        "on_ground": false,
        "velocity": 240.25,
        "true_track": 6.52,
        "vertical_rate": 0,
        "geo_altitude": 11582.4,
        "squawk": null,
        "spi": false,
        "position_source": 0
      }
    },
    {
      "type": "Feature",
      "geometry": {
        "type": "Point",
        "coordinates": [
          12.9755,
          43.3471
        ]
      },
      "properties": {
        "icao24": "4d00e8",
        "callsign": "LGL8CT",
        "origin_country": "Luxembourg",
        "time_position": 1787474579,
        "last_contact": 1787474579,
        "baro_altitude": 10972.8,
        "on_ground": false,
        "velocity": 227.95,
        "true_track": 351.3,
        "vertical_rate": 0,
        "geo_altitude": 11544.3,
        "squawk": "1215",
        "spi": false,
        "position_source": 0
      }
    },
    {
      "type": "Feature",
      "geometry": {
        "type": "Point",
        "coordinates": [
          15.4442,
          46.993
        ]
      },
      "properties": {
        "icao24": "4b1ba0",
        "callsign": "HBKMA",
        "origin_country": "Switzerland",
        "time_position": 1787474526,
        "last_contact": 1787474531,
        "baro_altitude": null,
        "on_ground": true,
        "velocity": 0,
        "true_track": 340.31,
        "vertical_rate": null,
        "geo_altitude": null,
        "squawk": "1000",
        "spi": false,
        "position_source": 0
      }
    },
    {
      "type": "Feature",
      "geometry": {
        "type": "Point",
        "coordinates": [
          11.7466,
          45.7448
        ]
      },
      "properties": {
        "icao24": "4ab530",
        "callsign": null,
        "origin_country": "Sweden",
        "time_position": 1787474573,
        "last_contact": 1787474573,
        "baro_altitude": 403.86,
        "on_ground": false,
        "velocity": 70.01,
        "true_track": 267.89,
        "vertical_rate": -0.65,
        "geo_altitude": 518.16,
        "squawk": "7000",
        "spi": false,
        "position_source": 0
      }
    },
    {
      "type": "Feature",
      "geometry": {
        "type": "Point",
        "coordinates": [
          8.7378,
          46.1294
        ]
      },
      "properties": {
        "icao24": "4b1bc2",
        "callsign": "HBKNI",
        "origin_country": "Switzerland",
        "time_position": 1787474278,
        "last_contact": 1787474296,
        "baro_altitude": 982.98,
        "on_ground": false,
        "velocity": 54.77,
        "true_track": 118.01,
        "vertical_rate": 0.33,
        "geo_altitude": 1112.52,
        "squawk": null,
        "spi": false,
        "position_source": 0
      }
    },
    {
      "type": "Feature",
      "geometry": {
        "type": "Point",
        "coordinates": [
          9.0045,
          45.375
        ]
      },
      "properties": {
        "icao24": "4b1bb6",
        "callsign": "HBKMW",
        "origin_country": "Switzerland",
        "time_position": 1787474579,
        "last_contact": 1787474579,
        "baro_altitude": 563.88,
        "on_ground": false,
        "velocity": 56.65,
        "true_track": 193.66,
        "vertical_rate": 0,
        "geo_altitude": 678.18,
        "squawk": "4612",
        "spi": false,
        "position_source": 0
      }
    },
    {
      "type": "Feature",
      "geometry": {
        "type": "Point",
        "coordinates": [
          11.2883,
          42.3384
        ]
      },
      "properties": {
        "icao24": "31d98e",
        "callsign": "IA952",
        "origin_country": "Italy",
        "time_position": 1787474579,
        "last_contact": 1787474579,
        "baro_altitude": 2263.14,
        "on_ground": false,
        "velocity": 63.45,
        "true_track": 94.18,
        "vertical_rate": -0.33,
        "geo_altitude": null,
        "squawk": null,
        "spi": false,
        "position_source": 0
      }
    },
    {
      "type": "Feature",
      "geometry": {
        "type": "Point",
        "coordinates": [
          15.2243,
          47.6373
        ]
      },
      "properties": {
        "icao24": "49d3d5",
        "callsign": "TVS2249",
        "origin_country": "Czech Republic",
        "time_position": 1787474579,
        "last_contact": 1787474579,
        "baro_altitude": 10355.58,
        "on_ground": false,
        "velocity": 209.56,
        "true_track": 335.95,
        "vertical_rate": 0.33,
        "geo_altitude": 10767.06,
        "squawk": "2070",
        "spi": false,
        "position_source": 0
      }
    },
    {
      "type": "Feature",
      "geometry": {
        "type": "Point",
        "coordinates": [
          10.3317,
          47.3855
        ]
      },
      "properties": {
        "icao24": "406f87",
        "callsign": "EXS27KL",
        "origin_country": "United Kingdom",
        "time_position": 1787474579,
        "last_contact": 1787474579,
        "baro_altitude": 11277.6,
        "on_ground": false,
        "velocity": 243.86,
        "true_track": 138.68,
        "vertical_rate": 0.33,
        "geo_altitude": 11696.7,
        "squawk": "3445",
        "spi": false,
        "position_source": 0
      }
    },
    {
      "type": "Feature",
      "geometry": {
        "type": "Point",
        "coordinates": [
          17.2868,
          46.8417
        ]
      },
      "properties": {
        "icao24": "3c8483",
        "callsign": "ADN75C",
        "origin_country": "Germany",
        "time_position": 1787474579,
        "last_contact": 1787474579,
        "baro_altitude": 10668,
        "on_ground": false,
        "velocity": 213.24,
        "true_track": 128.14,
        "vertical_rate": 0,
        "geo_altitude": 11125.2,
        "squawk": "5463",
        "spi": false,
        "position_source": 0
      }
    },
    {
      "type": "Feature",
      "geometry": {
        "type": "Point",
        "coordinates": [
          13.576,
          41.0724
        ]
      },
      "properties": {
        "icao24": "a13391",
        "callsign": "DAL233",
        "origin_country": "United States",
        "time_position": 1787474579,
        "last_contact": 1787474579,
        "baro_altitude": 5074.92,
        "on_ground": false,
        "velocity": 202.39,
        "true_track": 281.14,
        "vertical_rate": 11.38,
        "geo_altitude": 5402.58,
        "squawk": null,
        "spi": false,
        "position_source": 0
      }
    },
    {
      "type": "Feature",
      "geometry": {
        "type": "Point",
        "coordinates": [
          14.1991,
          39.2529
        ]
      },
      "properties": {
        "icao24": "485123",
        "callsign": "TRA9B",
        "origin_country": "Kingdom of the Netherlands",
        "time_position": 1787474579,
        "last_contact": 1787474579,
        "baro_altitude": 11277.6,
        "on_ground": false,
        "velocity": 234.3,
        "true_track": 167.7,
        "vertical_rate": 0,
        "geo_altitude": 11910.06,
        "squawk": "3130",
        "spi": false,
        "position_source": 0
      }
    },
    {
      "type": "Feature",
      "geometry": {
        "type": "Point",
        "coordinates": [
          6.972,
          43.3215
        ]
      },
      "properties": {
        "icao24": "486444",
        "callsign": "PHSKP",
        "origin_country": "Kingdom of the Netherlands",
        "time_position": 1787474580,
        "last_contact": 1787474580,
        "baro_altitude": 579.12,
        "on_ground": false,
        "velocity": 86.84,
        "true_track": 21.55,
        "vertical_rate": 0,
        "geo_altitude": 685.8,
        "squawk": "0167",
        "spi": false,
        "position_source": 0
      }
    },
    {
      "type": "Feature",
      "geometry": {
        "type": "Point",
        "coordinates": [
          7.234,
          47.6716
        ]
      },
      "properties": {
        "icao24": "3c1aeb",
        "callsign": "KLM1944",
        "origin_country": "Germany",
        "time_position": 1787474579,
        "last_contact": 1787474579,
        "baro_altitude": 3444.24,
        "on_ground": false,
        "velocity": 159.4,
        "true_track": 330.62,
        "vertical_rate": 12.03,
        "geo_altitude": 3642.36,
        "squawk": "1000",
        "spi": false,
        "position_source": 0
      }
    },
    {
      "type": "Feature",
      "geometry": {
        "type": "Point",
        "coordinates": [
          11.6549,
          41.4231
        ]
      },
      "properties": {
        "icao24": "502db4",
        "callsign": "SWR92T",
        "origin_country": "Latvia",
        "time_position": 1787474579,
        "last_contact": 1787474579,
        "baro_altitude": 10363.2,
        "on_ground": false,
        "velocity": 220.5,
        "true_track": 337.5,
        "vertical_rate": -0.33,
        "geo_altitude": 10942.32,
        "squawk": null,
        "spi": false,
        "position_source": 0
      }
    },
    {
      "type": "Feature",
      "geometry": {
        "type": "Point",
        "coordinates": [
          6.1311,
          45.6635
        ]
      },
      "properties": {
        "icao24": "383d24",
        "callsign": "FBPJE",
        "origin_country": "France",
        "time_position": 1787474578,
        "last_contact": 1787474579,
        "baro_altitude": 1950.72,
        "on_ground": false,
        "velocity": 71.41,
        "true_track": 276.2,
        "vertical_rate": -2.28,
        "geo_altitude": 2065.02,
        "squawk": null,
        "spi": false,
        "position_source": 0
      }
    },
    {
      "type": "Feature",
      "geometry": {
        "type": "Point",
        "coordinates": [
          8.702,
          47.7165
        ]
      },
      "properties": {
        "icao24": "a2a38e",
        "callsign": "UAL82",
        "origin_country": "United States",
        "time_position": 1787474579,
        "last_contact": 1787474579,
        "baro_altitude": 11277.6,
        "on_ground": false,
        "velocity": 290.57,
        "true_track": 101.23,
        "vertical_rate": 0,
        "geo_altitude": 11711.94,
        "squawk": "2215",
        "spi": false,
        "position_source": 0
      }
    },
    {
      "type": "Feature",
      "geometry": {
        "type": "Point",
        "coordinates": [
          13.3237,
          47.3411
        ]
      },
      "properties": {
        "icao24": "a1a8a2",
        "callsign": "N206DK",
        "origin_country": "United States",
        "time_position": 1787474578,
        "last_contact": 1787474579,
        "baro_altitude": 2773.68,
        "on_ground": false,
        "velocity": 69.35,
        "true_track": 80.61,
        "vertical_rate": 2.28,
        "geo_altitude": 2948.94,
        "squawk": null,
        "spi": false,
        "position_source": 0
      }
    },
    {
      "type": "Feature",
      "geometry": {
        "type": "Point",
        "coordinates": [
          11.6588,
          47.3232
        ]
      },
      "properties": {
        "icao24": "49c20a",
        "callsign": "OKMUU49",
        "origin_country": "Czech Republic",
        "time_position": 1787474566,
        "last_contact": 1787474566,
        "baro_altitude": 1150.62,
        "on_ground": false,
        "velocity": 48.37,
        "true_track": 231.91,
        "vertical_rate": 0.33,
        "geo_altitude": 1287.78,
        "squawk": null,
        "spi": false,
        "position_source": 0
      }
    },
    {
      "type": "Feature",
      "geometry": {
        "type": "Point",
        "coordinates": [
          12.4782,
          42.2476
        ]
      },
      "properties": {
        "icao24": "4ca536",
        "callsign": "SAS49L",
        "origin_country": "Ireland",
        "time_position": 1787474580,
        "last_contact": 1787474580,
        "baro_altitude": 3436.62,
        "on_ground": false,
        "velocity": 141.92,
        "true_track": 175.43,
        "vertical_rate": -4.23,
        "geo_altitude": 3710.94,
        "squawk": "0744",
        "spi": false,
        "position_source": 0
      }
    },
    {
      "type": "Feature",
      "geometry": {
        "type": "Point",
        "coordinates": [
          12.6595,
          39.1484
        ]
      },
      "properties": {
        "icao24": "4ca56d",
        "callsign": "RYR4916",
        "origin_country": "Ireland",
        "time_position": 1787474576,
        "last_contact": 1787474577,
        "baro_altitude": 7353.3,
        "on_ground": false,
        "velocity": 235.24,
        "true_track": 335.17,
        "vertical_rate": 8.45,
        "geo_altitude": 7840.98,
        "squawk": null,
        "spi": false,
        "position_source": 0
      }
    },
    {
      "type": "Feature",
      "geometry": {
        "type": "Point",
        "coordinates": [
          13.8246,
          43.2698
        ]
      },
      "properties": {
        "icao24": "4ca56a",
        "callsign": "RYR28SK",
        "origin_country": "Ireland",
        "time_position": 1787474580,
        "last_contact": 1787474580,
        "baro_altitude": 10668,
        "on_ground": false,
        "velocity": 241.96,
        "true_track": 125.48,
        "vertical_rate": 0,
        "geo_altitude": 11216.64,
        "squawk": "1000",
        "spi": false,
        "position_source": 0
      }
    },
    {
      "type": "Feature",
      "geometry": {
        "type": "Point",
        "coordinates": [
          13.8649,
          39.5823
        ]
      },
      "properties": {
        "icao24": "aba95e",
        "callsign": "N850WT",
        "origin_country": "United States",
        "time_position": 1787474579,
        "last_contact": 1787474579,
        "baro_altitude": 8839.2,
        "on_ground": false,
        "velocity": 163.84,
        "true_track": 103.25,
        "vertical_rate": 0,
        "geo_altitude": 9380.22,
        "squawk": null,
        "spi": false,
        "position_source": 0
      }
    },
    {
      "type": "Feature",
      "geometry": {
        "type": "Point",
        "coordinates": [
          9.9479,
          47.611
        ]
      },
      "properties": {
        "icao24": "34134e",
        "callsign": "IBE0741",
        "origin_country": "Spain",
        "time_position": 1787474579,
        "last_contact": 1787474579,
        "baro_altitude": 8282.94,
        "on_ground": false,
        "velocity": 271.96,
        "true_track": 83.26,
        "vertical_rate": -5.2,
        "geo_altitude": 8648.7,
        "squawk": "1000",
        "spi": false,
        "position_source": 0
      }
    },
    {
      "type": "Feature",
      "geometry": {
        "type": "Point",
        "coordinates": [
          15.503,
          47.2326
        ]
      },
      "properties": {
        "icao24": "502d0d",
        "callsign": "SWR9YD",
        "origin_country": "Latvia",
        "time_position": 1787474580,
        "last_contact": 1787474580,
        "baro_altitude": 9144,
        "on_ground": false,
        "velocity": 191.49,
        "true_track": 278.65,
        "vertical_rate": 0,
        "geo_altitude": 9547.86,
        "squawk": "1000",
        "spi": false,
        "position_source": 0
      }
    },
    {
      "type": "Feature",
      "geometry": {
        "type": "Point",
        "coordinates": [
          15.5348,
          43.3296
        ]
      },
      "properties": {
        "icao24": "44d1c2",
        "callsign": "JAF3EM",
        "origin_country": "Belgium",
        "time_position": 1787474578,
        "last_contact": 1787474578,
        "baro_altitude": 11582.4,
        "on_ground": false,
        "velocity": 215.91,
        "true_track": 317.41,
        "vertical_rate": 0,
        "geo_altitude": 12153.9,
        "squawk": "3701",
        "spi": false,
        "position_source": 0
      }
    },
    {
      "type": "Feature",
      "geometry": {
        "type": "Point",
        "coordinates": [
          10.2903,
          44.5037
        ]
      },
      "properties": {
        "icao24": "502d28",
        "callsign": "SWR4TL",
        "origin_country": "Latvia",
        "time_position": 1787474579,
        "last_contact": 1787474579,
        "baro_altitude": 9144,
        "on_ground": false,
        "velocity": 231.96,
        "true_track": 329.62,
        "vertical_rate": 0,
        "geo_altitude": 9616.44,
        "squawk": "1000",
        "spi": false,
        "position_source": 0
      }
    },
    {
      "type": "Feature",
      "geometry": {
        "type": "Point",
        "coordinates": [
          17.4274,
          41.6762
        ]
      },
      "properties": {
        "icao24": "06a391",
        "callsign": "QTR8483",
        "origin_country": "Qatar",
        "time_position": 1787474540,
        "last_contact": 1787474540,
        "baro_altitude": 10668,
        "on_ground": false,
        "velocity": 253.31,
        "true_track": 153.07,
        "vertical_rate": 0,
        "geo_altitude": 11262.36,
        "squawk": "0115",
        "spi": false,
        "position_source": 0
      }
    },
    {
      "type": "Feature",
      "geometry": {
        "type": "Point",
        "coordinates": [
          18.4184,
          45.0245
        ]
      },
      "properties": {
        "icao24": "502d44",
        "callsign": "AUA74K",
        "origin_country": "Latvia",
        "time_position": 1787474579,
        "last_contact": 1787474579,
        "baro_altitude": 8839.2,
        "on_ground": false,
        "velocity": 235.08,
        "true_track": 161.37,
        "vertical_rate": 0,
        "geo_altitude": 9319.26,
        "squawk": "5156",
        "spi": false,
        "position_source": 0
      }
    },
    {
      "type": "Feature",
      "geometry": {
        "type": "Point",
        "coordinates": [
          10.3611,
          44.7943
        ]
      },
      "properties": {
        "icao24": "502d79",
        "callsign": "SWR2HC",
        "origin_country": "Latvia",
        "time_position": 1787474579,
        "last_contact": 1787474579,
        "baro_altitude": 10363.2,
        "on_ground": false,
        "velocity": 213.6,
        "true_track": 323.32,
        "vertical_rate": 0,
        "geo_altitude": 10881.36,
        "squawk": "1000",
        "spi": false,
        "position_source": 0
      }
    },
    {
      "type": "Feature",
      "geometry": {
        "type": "Point",
        "coordinates": [
          10.2322,
          43.8059
        ]
      },
      "properties": {
        "icao24": "502d65",
        "callsign": "UAG84C",
        "origin_country": "Latvia",
        "time_position": 1787474579,
        "last_contact": 1787474579,
        "baro_altitude": 10081.26,
        "on_ground": false,
        "velocity": 250.33,
        "true_track": 103.07,
        "vertical_rate": 4.23,
        "geo_altitude": 10645.14,
        "squawk": "0447",
        "spi": false,
        "position_source": 0
      }
    },
    {
      "type": "Feature",
      "geometry": {
        "type": "Point",
        "coordinates": [
          17.8521,
          47.541
        ]
      },
      "properties": {
        "icao24": "502d5e",
        "callsign": "AUA828",
        "origin_country": "Latvia",
        "time_position": 1787474579,
        "last_contact": 1787474579,
        "baro_altitude": 6073.14,
        "on_ground": false,
        "velocity": 200.55,
        "true_track": 311.05,
        "vertical_rate": -11.05,
        "geo_altitude": 6362.7,
        "squawk": "6456",
        "spi": false,
        "position_source": 0
      }
    },
    {
      "type": "Feature",
      "geometry": {
        "type": "Point",
        "coordinates": [
          7.2111,
          43.6505
        ]
      },
      "properties": {
        "icao24": "388161",
        "callsign": "MOUET1",
        "origin_country": "France",
        "time_position": 1787467928,
        "last_contact": 1787474579,
        "baro_altitude": null,
        "on_ground": true,
        "velocity": 3.6,
        "true_track": 303.75,
        "vertical_rate": null,
        "geo_altitude": null,
        "squawk": null,
        "spi": false,
        "position_source": 0
      }
    },
    {
      "type": "Feature",
      "geometry": {
        "type": "Point",
        "coordinates": [
          8.0202,
          46.7481
        ]
      },
      "properties": {
        "icao24": "4b3510",
        "callsign": "HBUCM",
        "origin_country": "Switzerland",
        "time_position": 1787474579,
        "last_contact": 1787474579,
        "baro_altitude": 1607.82,
        "on_ground": false,
        "velocity": 52.83,
        "true_track": 247.68,
        "vertical_rate": -0.33,
        "geo_altitude": 1752.6,
        "squawk": null,
        "spi": false,
        "position_source": 0
      }
    },
    {
      "type": "Feature",
      "geometry": {
        "type": "Point",
        "coordinates": [
          12.9331,
          47.2592
        ]
      },
      "properties": {
        "icao24": "06a2e4",
        "callsign": "QTR18T",
        "origin_country": "Qatar",
        "time_position": 1787474580,
        "last_contact": 1787474580,
        "baro_altitude": 7932.42,
        "on_ground": false,
        "velocity": 262.38,
        "true_track": 143.69,
        "vertical_rate": 8.78,
        "geo_altitude": 8305.8,
        "squawk": "6040",
        "spi": false,
        "position_source": 0
      }
    },
    {
      "type": "Feature",
      "geometry": {
        "type": "Point",
        "coordinates": [
          15.698,
          46.6626
        ]
      },
      "properties": {
        "icao24": "06a2f1",
        "callsign": "QTR83G",
        "origin_country": "Qatar",
        "time_position": 1787474579,
        "last_contact": 1787474580,
        "baro_altitude": 10668,
        "on_ground": false,
        "velocity": 280.78,
        "true_track": 125.38,
        "vertical_rate": 0,
        "geo_altitude": 11132.82,
        "squawk": "6437",
        "spi": false,
        "position_source": 0
      }
    },
    {
      "type": "Feature",
      "geometry": {
        "type": "Point",
        "coordinates": [
          6.0937,
          43.5637
        ]
      },
      "properties": {
        "icao24": "3cf8be",
        "callsign": "PTN451",
        "origin_country": "Germany",
        "time_position": 1787474579,
        "last_contact": 1787474579,
        "baro_altitude": 13662.66,
        "on_ground": false,
        "velocity": 183.6,
        "true_track": 239.34,
        "vertical_rate": 2.6,
        "geo_altitude": 14226.54,
        "squawk": "1000",
        "spi": false,
        "position_source": 0
      }
    },
    {
      "type": "Feature",
      "geometry": {
        "type": "Point",
        "coordinates": [
          9.2604,
          44.2283
        ]
      },
      "properties": {
        "icao24": "508305",
        "callsign": "LWG2603",
        "origin_country": "Ukraine",
        "time_position": 1787474579,
        "last_contact": 1787474579,
        "baro_altitude": 2072.64,
        "on_ground": false,
        "velocity": 117.14,
        "true_track": 348.34,
        "vertical_rate": -5.85,
        "geo_altitude": 2225.04,
        "squawk": null,
        "spi": false,
        "position_source": 0
      }
    },
    {
      "type": "Feature",
      "geometry": {
        "type": "Point",
        "coordinates": [
          18.8309,
          46.4797
        ]
      },
      "properties": {
        "icao24": "49d414",
        "callsign": "TVS3215",
        "origin_country": "Czech Republic",
        "time_position": 1787474579,
        "last_contact": 1787474579,
        "baro_altitude": 10972.8,
        "on_ground": false,
        "velocity": 214.61,
        "true_track": 319.67,
        "vertical_rate": 0,
        "geo_altitude": 1272.54,
        "squawk": "1740",
        "spi": false,
        "position_source": 0
      }
    },
    {
      "type": "Feature",
      "geometry": {
        "type": "Point",
        "coordinates": [
          16.7472,
          45.4194
        ]
      },
      "properties": {
        "icao24": "49d421",
        "callsign": "TVS32R",
        "origin_country": "Czech Republic",
        "time_position": 1787474579,
        "last_contact": 1787474579,
        "baro_altitude": 11582.4,
        "on_ground": false,
        "velocity": 218.27,
        "true_track": 329.08,
        "vertical_rate": 0,
        "geo_altitude": 12108.18,
        "squawk": "5165",
        "spi": false,
        "position_source": 0
      }
    },
    {
      "type": "Feature",
      "geometry": {
        "type": "Point",
        "coordinates": [
          17.7088,
          46.5975
        ]
      },
      "properties": {
        "icao24": "4ba9d3",
        "callsign": "THY8XZ",
        "origin_country": "Turkey",
        "time_position": 1787474579,
        "last_contact": 1787474579,
        "baro_altitude": 12192,
        "on_ground": false,
        "velocity": 220.41,
        "true_track": 307.7,
        "vertical_rate": 0,
        "geo_altitude": 12679.68,
        "squawk": "3257",
        "spi": false,
        "position_source": 0
      }
    },
    {
      "type": "Feature",
      "geometry": {
        "type": "Point",
        "coordinates": [
          17.0117,
          44.4962
        ]
      },
      "properties": {
        "icao24": "06a2b6",
        "callsign": "QTR65R",
        "origin_country": "Qatar",
        "time_position": 1787474575,
        "last_contact": 1787474579,
        "baro_altitude": 10668,
        "on_ground": false,
        "velocity": 264.64,
        "true_track": 127.34,
        "vertical_rate": 0,
        "geo_altitude": 11216.64,
        "squawk": "5237",
        "spi": false,
        "position_source": 0
      }
    },
    {
      "type": "Feature",
      "geometry": {
        "type": "Point",
        "coordinates": [
          12.617,
          44.5823
        ]
      },
      "properties": {
        "icao24": "407fae",
        "callsign": "TOM9CE",
        "origin_country": "United Kingdom",
        "time_position": 1787474578,
        "last_contact": 1787474579,
        "baro_altitude": 11277.6,
        "on_ground": false,
        "velocity": 247.36,
        "true_track": 138.12,
        "vertical_rate": 0,
        "geo_altitude": 11826.24,
        "squawk": "0540",
        "spi": false,
        "position_source": 0
      }
    },
    {
      "type": "Feature",
      "geometry": {
        "type": "Point",
        "coordinates": [
          11.4267,
          42.0077
        ]
      },
      "properties": {
        "icao24": "39bdaf",
        "callsign": "AFR14SR",
        "origin_country": "France",
        "time_position": 1787474579,
        "last_contact": 1787474579,
        "baro_altitude": 6096,
        "on_ground": false,
        "velocity": 165.34,
        "true_track": 300.47,
        "vertical_rate": 3.9,
        "geo_altitude": 6492.24,
        "squawk": null,
        "spi": false,
        "position_source": 0
      }
    },
    {
      "type": "Feature",
      "geometry": {
        "type": "Point",
        "coordinates": [
          7.6106,
          46.6928
        ]
      },
      "properties": {
        "icao24": "4b32fd",
        "callsign": "RGA03",
        "origin_country": "Switzerland",
        "time_position": 1787474578,
        "last_contact": 1787474579,
        "baro_altitude": 1127.76,
        "on_ground": false,
        "velocity": 65.12,
        "true_track": 25.76,
        "vertical_rate": -9.1,
        "geo_altitude": 1264.92,
        "squawk": null,
        "spi": false,
        "position_source": 0
      }
    },
    {
      "type": "Feature",
      "geometry": {
        "type": "Point",
        "coordinates": [
          14.2747,
          47.5462
        ]
      },
      "properties": {
        "icao24": "4ca2ad",
        "callsign": "RYR66EF",
        "origin_country": "Ireland",
        "time_position": 1787474579,
        "last_contact": 1787474579,
        "baro_altitude": 10972.8,
        "on_ground": false,
        "velocity": 195.16,
        "true_track": 242.02,
        "vertical_rate": 0,
        "geo_altitude": 11376.66,
        "squawk": "1000",
        "spi": false,
        "position_source": 0
      }
    },
    {
      "type": "Feature",
      "geometry": {
        "type": "Point",
        "coordinates": [
          12.2285,
          46.9173
        ]
      },
      "properties": {
        "icao24": "39bdb3",
        "callsign": "AFR24AP",
        "origin_country": "France",
        "time_position": 1787474580,
        "last_contact": 1787474580,
        "baro_altitude": 10058.4,
        "on_ground": false,
        "velocity": 262.09,
        "true_track": 112.99,
        "vertical_rate": 0,
        "geo_altitude": 10500.36,
        "squawk": "1000",
        "spi": false,
        "position_source": 0
      }
    },
    {
      "type": "Feature",
      "geometry": {
        "type": "Point",
        "coordinates": [
          6.2458,
          46.3314
        ]
      },
      "properties": {
        "icao24": "39bdb8",
        "callsign": "AFR43MU",
        "origin_country": "France",
        "time_position": 1787474579,
        "last_contact": 1787474580,
        "baro_altitude": 2026.92,
        "on_ground": false,
        "velocity": 125.22,
        "true_track": 37.15,
        "vertical_rate": 9.75,
        "geo_altitude": 2179.32,
        "squawk": "1000",
        "spi": false,
        "position_source": 0
      }
    },
    {
      "type": "Feature",
      "geometry": {
        "type": "Point",
        "coordinates": [
          14.0966,
          46.0079
        ]
      },
      "properties": {
        "icao24": "405a46",
        "callsign": "EFW82TW",
        "origin_country": "United Kingdom",
        "time_position": 1787474580,
        "last_contact": 1787474580,
        "baro_altitude": 10668,
        "on_ground": false,
        "velocity": 253.69,
        "true_track": 138.62,
        "vertical_rate": 0,
        "geo_altitude": 11163.3,
        "squawk": "7326",
        "spi": false,
        "position_source": 0
      }
    },
    {
      "type": "Feature",
      "geometry": {
        "type": "Point",
        "coordinates": [
          8.5534,
          47.4608
        ]
      },
      "properties": {
        "icao24": "4ba92f",
        "callsign": "THY4WU",
        "origin_country": "Turkey",
        "time_position": 1787474578,
        "last_contact": 1787474579,
        "baro_altitude": 342.9,
        "on_ground": true,
        "velocity": 0,
        "true_track": 5.62,
        "vertical_rate": null,
        "geo_altitude": null,
        "squawk": "3023",
        "spi": false,
        "position_source": 0
      }
    },
    {
      "type": "Feature",
      "geometry": {
        "type": "Point",
        "coordinates": [
          15.0552,
          45.9747
        ]
      },
      "properties": {
        "icao24": "440870",
        "callsign": "OEDYU",
        "origin_country": "Austria",
        "time_position": 1787474579,
        "last_contact": 1787474580,
        "baro_altitude": 1463.04,
        "on_ground": false,
        "velocity": 49.95,
        "true_track": 212.38,
        "vertical_rate": -0.33,
        "geo_altitude": 1531.62,
        "squawk": "7000",
        "spi": false,
        "position_source": 0
      }
    },
    {
      "type": "Feature",
      "geometry": {
        "type": "Point",
        "coordinates": [
          17.4286,
          44.6228
        ]
      },
      "properties": {
        "icao24": "49d328",
        "callsign": "EWG9TB",
        "origin_country": "Czech Republic",
        "time_position": 1787474579,
        "last_contact": 1787474580,
        "baro_altitude": 10972.8,
        "on_ground": false,
        "velocity": 215.16,
        "true_track": 321.21,
        "vertical_rate": 0,
        "geo_altitude": 11513.82,
        "squawk": "5533",
        "spi": false,
        "position_source": 0
      }
    },
    {
      "type": "Feature",
      "geometry": {
        "type": "Point",
        "coordinates": [
          7.661,
          43.3457
        ]
      },
      "properties": {
        "icao24": "440866",
        "callsign": "GAC173Y",
        "origin_country": "Austria",
        "time_position": 1787474579,
        "last_contact": 1787474579,
        "baro_altitude": 2910.84,
        "on_ground": false,
        "velocity": 123.81,
        "true_track": 218.25,
        "vertical_rate": -5.53,
        "geo_altitude": 3124.2,
        "squawk": "5733",
        "spi": false,
        "position_source": 0
      }
    },
    {
      "type": "Feature",
      "geometry": {
        "type": "Point",
        "coordinates": [
          17.4131,
          45.4288
        ]
      },
      "properties": {
        "icao24": "44082c",
        "callsign": "AUA2112",
        "origin_country": "Austria",
        "time_position": 1787474579,
        "last_contact": 1787474579,
        "baro_altitude": 10668,
        "on_ground": false,
        "velocity": 215.59,
        "true_track": 320.42,
        "vertical_rate": 0.33,
        "geo_altitude": 11201.4,
        "squawk": "2024",
        "spi": false,
        "position_source": 0
      }
    },
    {
      "type": "Feature",
      "geometry": {
        "type": "Point",
        "coordinates": [
          16.0708,
          47.439
        ]
      },
      "properties": {
        "icao24": "440823",
        "callsign": "AUA2080",
        "origin_country": "Austria",
        "time_position": 1787474580,
        "last_contact": 1787474580,
        "baro_altitude": 4648.2,
        "on_ground": false,
        "velocity": 181.23,
        "true_track": 18.54,
        "vertical_rate": -6.5,
        "geo_altitude": 4876.8,
        "squawk": "1000",
        "spi": false,
        "position_source": 0
      }
    },
    {
      "type": "Feature",
      "geometry": {
        "type": "Point",
        "coordinates": [
          17.4214,
          47.242
        ]
      },
      "properties": {
        "icao24": "48e9f3",
        "callsign": "RYR47GE",
        "origin_country": "Poland",
        "time_position": 1787474579,
        "last_contact": 1787474579,
        "baro_altitude": 9631.68,
        "on_ground": false,
        "velocity": 206.42,
        "true_track": 262.7,
        "vertical_rate": 4.55,
        "geo_altitude": 10043.16,
        "squawk": "1000",
        "spi": false,
        "position_source": 0
      }
    },
    {
      "type": "Feature",
      "geometry": {
        "type": "Point",
        "coordinates": [
          11.2257,
          43.737
        ]
      },
      "properties": {
        "icao24": "45ac4f",
        "callsign": "SAS86N",
        "origin_country": "Denmark",
        "time_position": 1787474579,
        "last_contact": 1787474579,
        "baro_altitude": 1805.94,
        "on_ground": false,
        "velocity": 155.57,
        "true_track": 208.01,
        "vertical_rate": -7.15,
        "geo_altitude": 1981.2,
        "squawk": "0751",
        "spi": false,
        "position_source": 0
      }
    },
    {
      "type": "Feature",
      "geometry": {
        "type": "Point",
        "coordinates": [
          18.9315,
          45.9303
        ]
      },
      "properties": {
        "icao24": "4b8e03",
        "callsign": "PGT81WP",
        "origin_country": "Turkey",
        "time_position": 1787474580,
        "last_contact": 1787474580,
        "baro_altitude": 10972.8,
        "on_ground": false,
        "velocity": 215.14,
        "true_track": 307.23,
        "vertical_rate": 0,
        "geo_altitude": 11490.96,
        "squawk": "3221",
        "spi": false,
        "position_source": 0
      }
    },
    {
      "type": "Feature",
      "geometry": {
        "type": "Point",
        "coordinates": [
          8.718,
          45.6399
        ]
      },
      "properties": {
        "icao24": "31d79c",
        "callsign": "BCU2",
        "origin_country": "Italy",
        "time_position": 1787474439,
        "last_contact": 1787474439,
        "baro_altitude": null,
        "on_ground": true,
        "velocity": 12.86,
        "true_track": 104.06,
        "vertical_rate": null,
        "geo_altitude": null,
        "squawk": null,
        "spi": false,
        "position_source": 0
      }
    },
    {
      "type": "Feature",
      "geometry": {
        "type": "Point",
        "coordinates": [
          18.9699,
          47.7504
        ]
      },
      "properties": {
        "icao24": "45ac50",
        "callsign": "SAS780",
        "origin_country": "Denmark",
        "time_position": 1787474580,
        "last_contact": 1787474580,
        "baro_altitude": 4175.76,
        "on_ground": false,
        "velocity": 177.33,
        "true_track": 339.09,
        "vertical_rate": 13.33,
        "geo_altitude": 4358.64,
        "squawk": "4233",
        "spi": false,
        "position_source": 0
      }
    },
    {
      "type": "Feature",
      "geometry": {
        "type": "Point",
        "coordinates": [
          10.9401,
          43.9497
        ]
      },
      "properties": {
        "icao24": "4408c9",
        "callsign": "EJU51NB",
        "origin_country": "Austria",
        "time_position": 1787474580,
        "last_contact": 1787474580,
        "baro_altitude": 10005.06,
        "on_ground": false,
        "velocity": 221.99,
        "true_track": 294.07,
        "vertical_rate": -4.88,
        "geo_altitude": 10530.84,
        "squawk": "5526",
        "spi": false,
        "position_source": 0
      }
    },
    {
      "type": "Feature",
      "geometry": {
        "type": "Point",
        "coordinates": [
          7.4821,
          43.8605
        ]
      },
      "properties": {
        "icao24": "503cf5",
        "callsign": "EWG48K",
        "origin_country": "Lithuania",
        "time_position": 1787474579,
        "last_contact": 1787474579,
        "baro_altitude": 4198.62,
        "on_ground": false,
        "velocity": 156.97,
        "true_track": 181.69,
        "vertical_rate": -5.85,
        "geo_altitude": 4488.18,
        "squawk": "1000",
        "spi": false,
        "position_source": 0
      }
    },
    {
      "type": "Feature",
      "geometry": {
        "type": "Point",
        "coordinates": [
          17.9194,
          47.2459
        ]
      },
      "properties": {
        "icao24": "4ba90c",
        "callsign": "THY2LA",
        "origin_country": "Turkey",
        "time_position": 1787474579,
        "last_contact": 1787474580,
        "baro_altitude": 10972.8,
        "on_ground": false,
        "velocity": 206.87,
        "true_track": 317.82,
        "vertical_rate": 0.33,
        "geo_altitude": 11422.38,
        "squawk": "3255",
        "spi": false,
        "position_source": 0
      }
    },
    {
      "type": "Feature",
      "geometry": {
        "type": "Point",
        "coordinates": [
          14.2499,
          41.3262
        ]
      },
      "properties": {
        "icao24": "405b66",
        "callsign": "EZY85PB",
        "origin_country": "United Kingdom",
        "time_position": 1787474579,
        "last_contact": 1787474579,
        "baro_altitude": 3162.3,
        "on_ground": false,
        "velocity": 174.52,
        "true_track": 149.73,
        "vertical_rate": -10.73,
        "geo_altitude": 3436.62,
        "squawk": "2723",
        "spi": false,
        "position_source": 0
      }
    },
    {
      "type": "Feature",
      "geometry": {
        "type": "Point",
        "coordinates": [
          15.6211,
          45.856
        ]
      },
      "properties": {
        "icao24": "4ba91a",
        "callsign": "THY65X",
        "origin_country": "Turkey",
        "time_position": 1787474580,
        "last_contact": 1787474580,
        "baro_altitude": 7741.92,
        "on_ground": false,
        "velocity": 234.45,
        "true_track": 115.89,
        "vertical_rate": 9.1,
        "geo_altitude": 8130.54,
        "squawk": "4161",
        "spi": false,
        "position_source": 0
      }
    },
    {
      "type": "Feature",
      "geometry": {
        "type": "Point",
        "coordinates": [
          8.2986,
          39.7485
        ]
      },
      "properties": {
        "icao24": "4ba902",
        "callsign": "TKJ8AT",
        "origin_country": "Turkey",
        "time_position": 1787474579,
        "last_contact": 1787474579,
        "baro_altitude": 11277.6,
        "on_ground": false,
        "velocity": 212.1,
        "true_track": 257.82,
        "vertical_rate": 0,
        "geo_altitude": 11894.82,
        "squawk": "7343",
        "spi": false,
        "position_source": 0
      }
    },
    {
      "type": "Feature",
      "geometry": {
        "type": "Point",
        "coordinates": [
          16.0765,
          45.7193
        ]
      },
      "properties": {
        "icao24": "3423c4",
        "callsign": "IBE09GH",
        "origin_country": "Spain",
        "time_position": 1787474576,
        "last_contact": 1787474579,
        "baro_altitude": 1501.14,
        "on_ground": false,
        "velocity": 129.27,
        "true_track": 231.63,
        "vertical_rate": 8.13,
        "geo_altitude": 1630.68,
        "squawk": "1000",
        "spi": false,
        "position_source": 0
      }
    },
    {
      "type": "Feature",
      "geometry": {
        "type": "Point",
        "coordinates": [
          11.4475,
          41.5839
        ]
      },
      "properties": {
        "icao24": "3423c3",
        "callsign": "IBE06YE",
        "origin_country": "Spain",
        "time_position": 1787474579,
        "last_contact": 1787474579,
        "baro_altitude": 5090.16,
        "on_ground": false,
        "velocity": 210.14,
        "true_track": 69.66,
        "vertical_rate": -9.1,
        "geo_altitude": 5486.4,
        "squawk": "1000",
        "spi": false,
        "position_source": 0
      }
    },
    {
      "type": "Feature",
      "geometry": {
        "type": "Point",
        "coordinates": [
          16.0032,
          47.5953
        ]
      },
      "properties": {
        "icao24": "440968",
        "callsign": "OE7071",
        "origin_country": "Austria",
        "time_position": 1787474555,
        "last_contact": 1787474555,
        "baro_altitude": 1310.64,
        "on_ground": false,
        "velocity": 44.31,
        "true_track": 344.51,
        "vertical_rate": -0.33,
        "geo_altitude": null,
        "squawk": "7000",
        "spi": false,
        "position_source": 0
      }
    },
    {
      "type": "Feature",
      "geometry": {
        "type": "Point",
        "coordinates": [
          15.8319,
          41.2561
        ]
      },
      "properties": {
        "icao24": "440967",
        "callsign": "OEKTT",
        "origin_country": "Austria",
        "time_position": 1787474437,
        "last_contact": 1787474498,
        "baro_altitude": 1676.4,
        "on_ground": false,
        "velocity": 67.02,
        "true_track": 114.01,
        "vertical_rate": -0.33,
        "geo_altitude": null,
        "squawk": null,
        "spi": false,
        "position_source": 0
      }
    },
    {
      "type": "Feature",
      "geometry": {
        "type": "Point",
        "coordinates": [
          8.5553,
          46.9951
        ]
      },
      "properties": {
        "icao24": "4b3273",
        "callsign": "HBTCT",
        "origin_country": "Switzerland",
        "time_position": 1787474580,
        "last_contact": 1787474580,
        "baro_altitude": 2164.08,
        "on_ground": false,
        "velocity": 69.78,
        "true_track": 336.08,
        "vertical_rate": -0.33,
        "geo_altitude": 2308.86,
        "squawk": "7000",
        "spi": false,
        "position_source": 0
      }
    },
    {
      "type": "Feature",
      "geometry": {
        "type": "Point",
        "coordinates": [
          15.0682,
          45.6939
        ]
      },
      "properties": {
        "icao24": "503e9a",
        "callsign": "EWG5SK",
        "origin_country": "Lithuania",
        "time_position": 1787474579,
        "last_contact": 1787474579,
        "baro_altitude": 10972.8,
        "on_ground": false,
        "velocity": 223.03,
        "true_track": 331.78,
        "vertical_rate": 0,
        "geo_altitude": 11506.2,
        "squawk": "3713",
        "spi": false,
        "position_source": 0
      }
    },
    {
      "type": "Feature",
      "geometry": {
        "type": "Point",
        "coordinates": [
          6.3202,
          45.635
        ]
      },
      "properties": {
        "icao24": "407fc9",
        "callsign": "BAW658",
        "origin_country": "United Kingdom",
        "time_position": 1787474579,
        "last_contact": 1787474580,
        "baro_altitude": 10675.62,
        "on_ground": false,
        "velocity": 246.34,
        "true_track": 131.61,
        "vertical_rate": 0,
        "geo_altitude": 11186.16,
        "squawk": "7303",
        "spi": false,
        "position_source": 0
      }
    },
    {
      "type": "Feature",
      "geometry": {
        "type": "Point",
        "coordinates": [
          11.3408,
          41.7846
        ]
      },
      "properties": {
        "icao24": "4ca24f",
        "callsign": "RYR1438",
        "origin_country": "Ireland",
        "time_position": 1787474578,
        "last_contact": 1787474579,
        "baro_altitude": 11308.08,
        "on_ground": false,
        "velocity": 234.4,
        "true_track": 163.55,
        "vertical_rate": 5.53,
        "geo_altitude": 11887.2,
        "squawk": "1000",
        "spi": false,
        "position_source": 0
      }
    },
    {
      "type": "Feature",
      "geometry": {
        "type": "Point",
        "coordinates": [
          6.5927,
          45.7993
        ]
      },
      "properties": {
        "icao24": "4ca256",
        "callsign": "RYR9HL",
        "origin_country": "Ireland",
        "time_position": 1787474579,
        "last_contact": 1787474579,
        "baro_altitude": 11582.4,
        "on_ground": false,
        "velocity": 230.95,
        "true_track": 346.21,
        "vertical_rate": 0,
        "geo_altitude": 12085.32,
        "squawk": "5536",
        "spi": false,
        "position_source": 0
      }
    },
    {
      "type": "Feature",
      "geometry": {
        "type": "Point",
        "coordinates": [
          9.9219,
          47.6672
        ]
      },
      "properties": {
        "icao24": "4ca25a",
        "callsign": "RYR9QX",
        "origin_country": "Ireland",
        "time_position": 1787474579,
        "last_contact": 1787474579,
        "baro_altitude": 11277.6,
        "on_ground": false,
        "velocity": 247.28,
        "true_track": 145.68,
        "vertical_rate": 0,
        "geo_altitude": 11681.46,
        "squawk": "2253",
        "spi": false,
        "position_source": 0
      }
    },
    {
      "type": "Feature",
      "geometry": {
        "type": "Point",
        "coordinates": [
          14.3735,
          44.7697
        ]
      },
      "properties": {
        "icao24": "49d05b",
        "callsign": "OKSEE",
        "origin_country": "Czech Republic",
        "time_position": 1787474580,
        "last_contact": 1787474580,
        "baro_altitude": 1440.18,
        "on_ground": false,
        "velocity": 50.16,
        "true_track": 21.04,
        "vertical_rate": 1.63,
        "geo_altitude": 1577.34,
        "squawk": "0007",
        "spi": false,
        "position_source": 0
      }
    },
    {
      "type": "Feature",
      "geometry": {
        "type": "Point",
        "coordinates": [
          16.0793,
          47.7082
        ]
      },
      "properties": {
        "icao24": "4405e7",
        "callsign": "OEDTB",
        "origin_country": "Austria",
        "time_position": 1787474579,
        "last_contact": 1787474579,
        "baro_altitude": 1325.88,
        "on_ground": false,
        "velocity": 58.14,
        "true_track": 59.12,
        "vertical_rate": -0.98,
        "geo_altitude": 1463.04,
        "squawk": "7000",
        "spi": false,
        "position_source": 0
      }
    },
    {
      "type": "Feature",
      "geometry": {
        "type": "Point",
        "coordinates": [
          10.4391,
          36.0814
        ]
      },
      "properties": {
        "icao24": "407e7b",
        "callsign": "TOM580",
        "origin_country": "United Kingdom",
        "time_position": 1787474449,
        "last_contact": 1787474453,
        "baro_altitude": null,
        "on_ground": true,
        "velocity": 0.06,
        "true_track": 345.94,
        "vertical_rate": null,
        "geo_altitude": null,
        "squawk": "2313",
        "spi": false,
        "position_source": 0
      }
    },
    {
      "type": "Feature",
      "geometry": {
        "type": "Point",
        "coordinates": [
          9.4769,
          47.1753
        ]
      },
      "properties": {
        "icao24": "4b43e1",
        "callsign": "LAS7",
        "origin_country": "Switzerland",
        "time_position": 1787474579,
        "last_contact": 1787474580,
        "baro_altitude": 685.8,
        "on_ground": false,
        "velocity": 37.55,
        "true_track": 350.54,
        "vertical_rate": 6.18,
        "geo_altitude": 830.58,
        "squawk": null,
        "spi": false,
        "position_source": 0
      }
    },
    {
      "type": "Feature",
      "geometry": {
        "type": "Point",
        "coordinates": [
          12.9365,
          38.3643
        ]
      },
      "properties": {
        "icao24": "48e97a",
        "callsign": "LOT6669",
        "origin_country": "Poland",
        "time_position": 1787474342,
        "last_contact": 1787474342,
        "baro_altitude": 1508.76,
        "on_ground": false,
        "velocity": 116.49,
        "true_track": 273.54,
        "vertical_rate": 0.33,
        "geo_altitude": 1668.78,
        "squawk": null,
        "spi": false,
        "position_source": 0
      }
    },
    {
      "type": "Feature",
      "geometry": {
        "type": "Point",
        "coordinates": [
          18.0686,
          39.8586
        ]
      },
      "properties": {
        "icao24": "39ceb2",
        "callsign": "TVF42CU",
        "origin_country": "France",
        "time_position": 1787474575,
        "last_contact": 1787474579,
        "baro_altitude": 11582.4,
        "on_ground": false,
        "velocity": 220.32,
        "true_track": 307.89,
        "vertical_rate": 0,
        "geo_altitude": 12222.48,
        "squawk": null,
        "spi": false,
        "position_source": 0
      }
    },
    {
      "type": "Feature",
      "geometry": {
        "type": "Point",
        "coordinates": [
          11.5511,
          44.7479
        ]
      },
      "properties": {
        "icao24": "3420ca",
        "callsign": "IBE06HR",
        "origin_country": "Spain",
        "time_position": 1787474579,
        "last_contact": 1787474579,
        "baro_altitude": 5288.28,
        "on_ground": false,
        "velocity": 213.66,
        "true_track": 57.69,
        "vertical_rate": -9.43,
        "geo_altitude": 5608.32,
        "squawk": "1000",
        "spi": false,
        "position_source": 0
      }
    },
    {
      "type": "Feature",
      "geometry": {
        "type": "Point",
        "coordinates": [
          12.7143,
          42.6669
        ]
      },
      "properties": {
        "icao24": "39ceb1",
        "callsign": "TVF10CY",
        "origin_country": "France",
        "time_position": 1787474579,
        "last_contact": 1787474579,
        "baro_altitude": 11582.4,
        "on_ground": false,
        "velocity": 215.01,
        "true_track": 300.8,
        "vertical_rate": 0,
        "geo_altitude": 12169.14,
        "squawk": "1000",
        "spi": false,
        "position_source": 0
      }
    },
    {
      "type": "Feature",
      "geometry": {
        "type": "Point",
        "coordinates": [
          12.9202,
          44.1805
        ]
      },
      "properties": {
        "icao24": "39cea2",
        "callsign": "TVF40MZ",
        "origin_country": "France",
        "time_position": 1787474579,
        "last_contact": 1787474580,
        "baro_altitude": 11277.6,
        "on_ground": false,
        "velocity": 240.22,
        "true_track": 136.91,
        "vertical_rate": 0,
        "geo_altitude": 11818.62,
        "squawk": "0675",
        "spi": false,
        "position_source": 0
      }
    },
    {
      "type": "Feature",
      "geometry": {
        "type": "Point",
        "coordinates": [
          10.7994,
          46.2234
        ]
      },
      "properties": {
        "icao24": "48e959",
        "callsign": "LOT437",
        "origin_country": "Poland",
        "time_position": 1787474579,
        "last_contact": 1787474579,
        "baro_altitude": 11277.6,
        "on_ground": false,
        "velocity": 203.1,
        "true_track": 238.89,
        "vertical_rate": 0,
        "geo_altitude": 11772.9,
        "squawk": "1000",
        "spi": false,
        "position_source": 0
      }
    },
    {
      "type": "Feature",
      "geometry": {
        "type": "Point",
        "coordinates": [
          14.828,
          44.0368
        ]
      },
      "properties": {
        "icao24": "407e46",
        "callsign": "EXS65MW",
        "origin_country": "United Kingdom",
        "time_position": 1787474579,
        "last_contact": 1787474579,
        "baro_altitude": 11285.22,
        "on_ground": false,
        "velocity": 241.45,
        "true_track": 139.15,
        "vertical_rate": 0,
        "geo_altitude": 11833.86,
        "squawk": "0526",
        "spi": false,
        "position_source": 0
      }
    },
    {
      "type": "Feature",
      "geometry": {
        "type": "Point",
        "coordinates": [
          15.4387,
          46.9938
        ]
      },
      "properties": {
        "icao24": "440659",
        "callsign": "OEFVI",
        "origin_country": "Austria",
        "time_position": 1787474580,
        "last_contact": 1787474580,
        "baro_altitude": 411.48,
        "on_ground": false,
        "velocity": 52.27,
        "true_track": 349.8,
        "vertical_rate": 1.63,
        "geo_altitude": 548.64,
        "squawk": "4131",
        "spi": false,
        "position_source": 0
      }
    },
    {
      "type": "Feature",
      "geometry": {
        "type": "Point",
        "coordinates": [
          10.2817,
          45.7805
        ]
      },
      "properties": {
        "icao24": "440666",
        "callsign": "AUA52HS",
        "origin_country": "Austria",
        "time_position": 1787474580,
        "last_contact": 1787474580,
        "baro_altitude": 6736.08,
        "on_ground": false,
        "velocity": 220.94,
        "true_track": 64.93,
        "vertical_rate": 10.4,
        "geo_altitude": 7094.22,
        "squawk": "1000",
        "spi": false,
        "position_source": 0
      }
    },
    {
      "type": "Feature",
      "geometry": {
        "type": "Point",
        "coordinates": [
          9.0941,
          45.8329
        ]
      },
      "properties": {
        "icao24": "44065c",
        "callsign": "AUA45M",
        "origin_country": "Austria",
        "time_position": 1787474579,
        "last_contact": 1787474579,
        "baro_altitude": 10119.36,
        "on_ground": false,
        "velocity": 214.07,
        "true_track": 245.28,
        "vertical_rate": 3.9,
        "geo_altitude": 10591.8,
        "squawk": "0267",
        "spi": false,
        "position_source": 0
      }
    },
    {
      "type": "Feature",
      "geometry": {
        "type": "Point",
        "coordinates": [
          8.725,
          45.6395
        ]
      },
      "properties": {
        "icao24": "440611",
        "callsign": "EJU3748",
        "origin_country": "Austria",
        "time_position": 1787474579,
        "last_contact": 1787474579,
        "baro_altitude": null,
        "on_ground": true,
        "velocity": 6.43,
        "true_track": 78.75,
        "vertical_rate": null,
        "geo_altitude": null,
        "squawk": "1000",
        "spi": false,
        "position_source": 0
      }
    },
    {
      "type": "Feature",
      "geometry": {
        "type": "Point",
        "coordinates": [
          14.1902,
          45.7093
        ]
      },
      "properties": {
        "icao24": "48c1bb",
        "callsign": "RYR51VB",
        "origin_country": "Poland",
        "time_position": 1787474579,
        "last_contact": 1787474579,
        "baro_altitude": 11582.4,
        "on_ground": false,
        "velocity": 252.42,
        "true_track": 75.48,
        "vertical_rate": 0,
        "geo_altitude": 12100.56,
        "squawk": "1000",
        "spi": false,
        "position_source": 0
      }
    },
    {
      "type": "Feature",
      "geometry": {
        "type": "Point",
        "coordinates": [
          7.8445,
          46.084
        ]
      },
      "properties": {
        "icao24": "4b4438",
        "callsign": "HBZVS",
        "origin_country": "Switzerland",
        "time_position": 1787474516,
        "last_contact": 1787474516,
        "baro_altitude": 3947.16,
        "on_ground": false,
        "velocity": 29.14,
        "true_track": 312.14,
        "vertical_rate": -10.4,
        "geo_altitude": 4236.72,
        "squawk": "7000",
        "spi": false,
        "position_source": 0
      }
    },
    {
      "type": "Feature",
      "geometry": {
        "type": "Point",
        "coordinates": [
          9.7692,
          41.2526
        ]
      },
      "properties": {
        "icao24": "a8b760",
        "callsign": "UAL510",
        "origin_country": "United States",
        "time_position": 1787474580,
        "last_contact": 1787474580,
        "baro_altitude": 10972.8,
        "on_ground": false,
        "velocity": 257.32,
        "true_track": 74.94,
        "vertical_rate": 0,
        "geo_altitude": 11567.16,
        "squawk": "1000",
        "spi": false,
        "position_source": 0
      }
    },
    {
      "type": "Feature",
      "geometry": {
        "type": "Point",
        "coordinates": [
          11.6803,
          43.9476
        ]
      },
      "properties": {
        "icao24": "44061c",
        "callsign": "EJU54YE",
        "origin_country": "Austria",
        "time_position": 1787474579,
        "last_contact": 1787474579,
        "baro_altitude": 9624.06,
        "on_ground": false,
        "velocity": 211.85,
        "true_track": 164.07,
        "vertical_rate": -10.08,
        "geo_altitude": 10165.08,
        "squawk": "1000",
        "spi": false,
        "position_source": 0
      }
    },
    {
      "type": "Feature",
      "geometry": {
        "type": "Point",
        "coordinates": [
          8.7507,
          47.1075
        ]
      },
      "properties": {
        "icao24": "4b4482",
        "callsign": "HBZYO",
        "origin_country": "Switzerland",
        "time_position": 1787474579,
        "last_contact": 1787474579,
        "baro_altitude": 1767.84,
        "on_ground": false,
        "velocity": 53.84,
        "true_track": 207.3,
        "vertical_rate": 0,
        "geo_altitude": 1912.62,
        "squawk": "5046",
        "spi": false,
        "position_source": 0
      }
    },
    {
      "type": "Feature",
      "geometry": {
        "type": "Point",
        "coordinates": [
          12.0326,
          46.3146
        ]
      },
      "properties": {
        "icao24": "06a081",
        "callsign": "QTR57L",
        "origin_country": "Qatar",
        "time_position": 1787474580,
        "last_contact": 1787474580,
        "baro_altitude": 10698.48,
        "on_ground": false,
        "velocity": 220.41,
        "true_track": 285.43,
        "vertical_rate": -4.23,
        "geo_altitude": 11178.54,
        "squawk": "6533",
        "spi": false,
        "position_source": 0
      }
    },
    {
      "type": "Feature",
      "geometry": {
        "type": "Point",
        "coordinates": [
          6.9892,
          43.5289
        ]
      },
      "properties": {
        "icao24": "39bc27",
        "callsign": "FHPBH",
        "origin_country": "France",
        "time_position": 1787474579,
        "last_contact": 1787474579,
        "baro_altitude": 563.88,
        "on_ground": false,
        "velocity": 68.33,
        "true_track": 251.57,
        "vertical_rate": 1.63,
        "geo_altitude": 670.56,
        "squawk": null,
        "spi": false,
        "position_source": 0
      }
    },
    {
      "type": "Feature",
      "geometry": {
        "type": "Point",
        "coordinates": [
          16.7837,
          43.6351
        ]
      },
      "properties": {
        "icao24": "4010da",
        "callsign": "EFW9UQ",
        "origin_country": "United Kingdom",
        "time_position": 1787474566,
        "last_contact": 1787474576,
        "baro_altitude": 10660.38,
        "on_ground": false,
        "velocity": 246.9,
        "true_track": 141,
        "vertical_rate": 0,
        "geo_altitude": 11201.4,
        "squawk": "4751",
        "spi": false,
        "position_source": 0
      }
    },
    {
      "type": "Feature",
      "geometry": {
        "type": "Point",
        "coordinates": [
          6.4144,
          46.5158
        ]
      },
      "properties": {
        "icao24": "4406f0",
        "callsign": "EJU45NF",
        "origin_country": "Austria",
        "time_position": 1787474579,
        "last_contact": 1787474579,
        "baro_altitude": 9456.42,
        "on_ground": false,
        "velocity": 184.93,
        "true_track": 238.65,
        "vertical_rate": -0.33,
        "geo_altitude": 9867.9,
        "squawk": "3002",
        "spi": false,
        "position_source": 0
      }
    },
    {
      "type": "Feature",
      "geometry": {
        "type": "Point",
        "coordinates": [
          8.423,
          41.2242
        ]
      },
      "properties": {
        "icao24": "406c71",
        "callsign": "EZY51DK",
        "origin_country": "United Kingdom",
        "time_position": 1787474579,
        "last_contact": 1787474579,
        "baro_altitude": 5486.4,
        "on_ground": false,
        "velocity": 226.91,
        "true_track": 127.91,
        "vertical_rate": -13.66,
        "geo_altitude": 5913.12,
        "squawk": "7574",
        "spi": false,
        "position_source": 0
      }
    },
    {
      "type": "Feature",
      "geometry": {
        "type": "Point",
        "coordinates": [
          15.9914,
          47.6086
        ]
      },
      "properties": {
        "icao24": "3fec17",
        "callsign": "DMPPC",
        "origin_country": "Germany",
        "time_position": 1787474579,
        "last_contact": 1787474579,
        "baro_altitude": 1341.12,
        "on_ground": false,
        "velocity": 41.69,
        "true_track": 344.25,
        "vertical_rate": -0.33,
        "geo_altitude": null,
        "squawk": "7000",
        "spi": false,
        "position_source": 0
      }
    },
    {
      "type": "Feature",
      "geometry": {
        "type": "Point",
        "coordinates": [
          8.6969,
          43.791
        ]
      },
      "properties": {
        "icao24": "392651",
        "callsign": "FGJSR",
        "origin_country": "France",
        "time_position": 1787474580,
        "last_contact": 1787474580,
        "baro_altitude": 2400.3,
        "on_ground": false,
        "velocity": 74.74,
        "true_track": 86.45,
        "vertical_rate": 0,
        "geo_altitude": 2575.56,
        "squawk": null,
        "spi": false,
        "position_source": 0
      }
    },
    {
      "type": "Feature",
      "geometry": {
        "type": "Point",
        "coordinates": [
          13.2338,
          45.3166
        ]
      },
      "properties": {
        "icao24": "407f96",
        "callsign": "TOM5XV",
        "origin_country": "United Kingdom",
        "time_position": 1787474579,
        "last_contact": 1787474579,
        "baro_altitude": 7208.52,
        "on_ground": false,
        "velocity": 206.37,
        "true_track": 299.25,
        "vertical_rate": 10.08,
        "geo_altitude": 7581.9,
        "squawk": "0223",
        "spi": false,
        "position_source": 0
      }
    },
    {
      "type": "Feature",
      "geometry": {
        "type": "Point",
        "coordinates": [
          14.5013,
          45.653
        ]
      },
      "properties": {
        "icao24": "407f7b",
        "callsign": "EXS5TG",
        "origin_country": "United Kingdom",
        "time_position": 1787474580,
        "last_contact": 1787474580,
        "baro_altitude": 11277.6,
        "on_ground": false,
        "velocity": 242.4,
        "true_track": 139.82,
        "vertical_rate": 0,
        "geo_altitude": 11788.14,
        "squawk": "0530",
        "spi": false,
        "position_source": 0
      }
    },
    {
      "type": "Feature",
      "geometry": {
        "type": "Point",
        "coordinates": [
          6.4849,
          44.404
        ]
      },
      "properties": {
        "icao24": "407f7a",
        "callsign": "EZY27QE",
        "origin_country": "United Kingdom",
        "time_position": 1787474579,
        "last_contact": 1787474579,
        "baro_altitude": 8724.9,
        "on_ground": false,
        "velocity": 226.71,
        "true_track": 330.35,
        "vertical_rate": 7.15,
        "geo_altitude": 9204.96,
        "squawk": "6751",
        "spi": false,
        "position_source": 0
      }
    },
    {
      "type": "Feature",
      "geometry": {
        "type": "Point",
        "coordinates": [
          9.2808,
          45.4357
        ]
      },
      "properties": {
        "icao24": "407f65",
        "callsign": "EZY39HL",
        "origin_country": "United Kingdom",
        "time_position": 1787474579,
        "last_contact": 1787474579,
        "baro_altitude": null,
        "on_ground": true,
        "velocity": 4.12,
        "true_track": 174.38,
        "vertical_rate": null,
        "geo_altitude": null,
        "squawk": "0427",
        "spi": false,
        "position_source": 0
      }
    },
    {
      "type": "Feature",
      "geometry": {
        "type": "Point",
        "coordinates": [
          15.6326,
          45.6456
        ]
      },
      "properties": {
        "icao24": "44076d",
        "callsign": "OEKBW",
        "origin_country": "Austria",
        "time_position": 1787474305,
        "last_contact": 1787474305,
        "baro_altitude": 1653.54,
        "on_ground": false,
        "velocity": 51.7,
        "true_track": 211.16,
        "vertical_rate": -1.3,
        "geo_altitude": 1722.12,
        "squawk": "6776",
        "spi": false,
        "position_source": 0
      }
    },
    {
      "type": "Feature",
      "geometry": {
        "type": "Point",
        "coordinates": [
          7.8833,
          46.0439
        ]
      },
      "properties": {
        "icao24": "4b4338",
        "callsign": "HBZLW",
        "origin_country": "Switzerland",
        "time_position": 1787474580,
        "last_contact": 1787474580,
        "baro_altitude": 3886.2,
        "on_ground": false,
        "velocity": 55.23,
        "true_track": 152.24,
        "vertical_rate": -3.25,
        "geo_altitude": 4168.14,
        "squawk": "7000",
        "spi": false,
        "position_source": 0
      }
    },
    {
      "type": "Feature",
      "geometry": {
        "type": "Point",
        "coordinates": [
          16.3461,
          43.0648
        ]
      },
      "properties": {
        "icao24": "48c2b3",
        "callsign": "RYR27AY",
        "origin_country": "Poland",
        "time_position": 1787474578,
        "last_contact": 1787474579,
        "baro_altitude": 11277.6,
        "on_ground": false,
        "velocity": 228.52,
        "true_track": 201.25,
        "vertical_rate": 0,
        "geo_altitude": 11864.34,
        "squawk": "6030",
        "spi": false,
        "position_source": 0
      }
    },
    {
      "type": "Feature",
      "geometry": {
        "type": "Point",
        "coordinates": [
          8.5738,
          47.4546
        ]
      },
      "properties": {
        "icao24": "4b302d",
        "callsign": "HBSGJ",
        "origin_country": "Switzerland",
        "time_position": 1787474574,
        "last_contact": 1787474579,
        "baro_altitude": null,
        "on_ground": true,
        "velocity": 0,
        "true_track": 188.44,
        "vertical_rate": null,
        "geo_altitude": null,
        "squawk": "1410",
        "spi": false,
        "position_source": 0
      }
    },
    {
      "type": "Feature",
      "geometry": {
        "type": "Point",
        "coordinates": [
          8.1298,
          47.2815
        ]
      },
      "properties": {
        "icao24": "a89d59",
        "callsign": "UAL322",
        "origin_country": "United States",
        "time_position": 1787474579,
        "last_contact": 1787474580,
        "baro_altitude": 9144,
        "on_ground": false,
        "velocity": 217.3,
        "true_track": 300.75,
        "vertical_rate": 0,
        "geo_altitude": 9494.52,
        "squawk": "7521",
        "spi": false,
        "position_source": 0
      }
    },
    {
      "type": "Feature",
      "geometry": {
        "type": "Point",
        "coordinates": [
          7.3888,
          46.6044
        ]
      },
      "properties": {
        "icao24": "4b3021",
        "callsign": "HBSFX",
        "origin_country": "Switzerland",
        "time_position": 1787474579,
        "last_contact": 1787474579,
        "baro_altitude": 1905,
        "on_ground": false,
        "velocity": 57.7,
        "true_track": 21.99,
        "vertical_rate": 0.98,
        "geo_altitude": 2057.4,
        "squawk": "7000",
        "spi": false,
        "position_source": 0
      }
    },
    {
      "type": "Feature",
      "geometry": {
        "type": "Point",
        "coordinates": [
          13.232,
          45.8291
        ]
      },
      "properties": {
        "icao24": "45ab4f",
        "callsign": "FIN8KR",
        "origin_country": "Denmark",
        "time_position": 1787474579,
        "last_contact": 1787474579,
        "baro_altitude": 5829.3,
        "on_ground": false,
        "velocity": 224.46,
        "true_track": 65.49,
        "vertical_rate": 13.33,
        "geo_altitude": 6118.86,
        "squawk": "0264",
        "spi": false,
        "position_source": 0
      }
    },
    {
      "type": "Feature",
      "geometry": {
        "type": "Point",
        "coordinates": [
          15.6643,
          46.5672
        ]
      },
      "properties": {
        "icao24": "503c5e",
        "callsign": "LYSUF",
        "origin_country": "Lithuania",
        "time_position": 1787474578,
        "last_contact": 1787474579,
        "baro_altitude": 944.88,
        "on_ground": false,
        "velocity": 72.89,
        "true_track": 185.67,
        "vertical_rate": -1.63,
        "geo_altitude": 1097.28,
        "squawk": "7000",
        "spi": false,
        "position_source": 0
      }
    },
    {
      "type": "Feature",
      "geometry": {
        "type": "Point",
        "coordinates": [
          10.2862,
          45.6397
        ]
      },
      "properties": {
        "icao24": "49d020",
        "callsign": "OKDSH",
        "origin_country": "Czech Republic",
        "time_position": 1787474579,
        "last_contact": 1787474579,
        "baro_altitude": 5494.02,
        "on_ground": false,
        "velocity": 97.02,
        "true_track": 216.81,
        "vertical_rate": -1.63,
        "geo_altitude": 5798.82,
        "squawk": "1000",
        "spi": false,
        "position_source": 0
      }
    },
    {
      "type": "Feature",
      "geometry": {
        "type": "Point",
        "coordinates": [
          15.6132,
          47.0768
        ]
      },
      "properties": {
        "icao24": "49d034",
        "callsign": "TVS2KL",
        "origin_country": "Czech Republic",
        "time_position": 1787474579,
        "last_contact": 1787474580,
        "baro_altitude": 11582.4,
        "on_ground": false,
        "velocity": 217.48,
        "true_track": 339.51,
        "vertical_rate": 0,
        "geo_altitude": 12039.6,
        "squawk": "2065",
        "spi": false,
        "position_source": 0
      }
    },
    {
      "type": "Feature",
      "geometry": {
        "type": "Point",
        "coordinates": [
          15.2047,
          46.6557
        ]
      },
      "properties": {
        "icao24": "48b093",
        "callsign": "SPMEU",
        "origin_country": "Poland",
        "time_position": 1787474579,
        "last_contact": 1787474579,
        "baro_altitude": 7315.2,
        "on_ground": false,
        "velocity": 114.22,
        "true_track": 220.43,
        "vertical_rate": 0,
        "geo_altitude": 7658.1,
        "squawk": "1000",
        "spi": false,
        "position_source": 0
      }
    },
    {
      "type": "Feature",
      "geometry": {
        "type": "Point",
        "coordinates": [
          10.2445,
          47.7843
        ]
      },
      "properties": {
        "icao24": "3d27d2",
        "callsign": "DENIG",
        "origin_country": "Germany",
        "time_position": 1787474579,
        "last_contact": 1787474579,
        "baro_altitude": 1158.24,
        "on_ground": false,
        "velocity": 46.41,
        "true_track": 125.98,
        "vertical_rate": -0.33,
        "geo_altitude": null,
        "squawk": null,
        "spi": false,
        "position_source": 0
      }
    },
    {
      "type": "Feature",
      "geometry": {
        "type": "Point",
        "coordinates": [
          15.44,
          47.0032
        ]
      },
      "properties": {
        "icao24": "3d27d1",
        "callsign": "DENIF",
        "origin_country": "Germany",
        "time_position": 1787474577,
        "last_contact": 1787474578,
        "baro_altitude": 243.84,
        "on_ground": false,
        "velocity": 0,
        "true_track": 0,
        "vertical_rate": -0.33,
        "geo_altitude": 381,
        "squawk": null,
        "spi": false,
        "position_source": 0
      }
    },
    {
      "type": "Feature",
      "geometry": {
        "type": "Point",
        "coordinates": [
          15.4387,
          47.0038
        ]
      },
      "properties": {
        "icao24": "4403ae",
        "callsign": "OECTT",
        "origin_country": "Austria",
        "time_position": 1787474575,
        "last_contact": 1787474575,
        "baro_altitude": null,
        "on_ground": true,
        "velocity": 0,
        "true_track": 300.94,
        "vertical_rate": null,
        "geo_altitude": null,
        "squawk": null,
        "spi": false,
        "position_source": 0
      }
    },
    {
      "type": "Feature",
      "geometry": {
        "type": "Point",
        "coordinates": [
          17.0259,
          45.617
        ]
      },
      "properties": {
        "icao24": "48c12e",
        "callsign": "RYR87ZH",
        "origin_country": "Poland",
        "time_position": 1787474579,
        "last_contact": 1787474579,
        "baro_altitude": 10972.8,
        "on_ground": false,
        "velocity": 239.09,
        "true_track": 14.96,
        "vertical_rate": 0,
        "geo_altitude": 11490.96,
        "squawk": "6573",
        "spi": false,
        "position_source": 0
      }
    },
    {
      "type": "Feature",
      "geometry": {
        "type": "Point",
        "coordinates": [
          11.2565,
          45.3223
        ]
      },
      "properties": {
        "icao24": "48c133",
        "callsign": "RYR3CX",
        "origin_country": "Poland",
        "time_position": 1787474579,
        "last_contact": 1787474579,
        "baro_altitude": 11582.4,
        "on_ground": false,
        "velocity": 248.69,
        "true_track": 33.53,
        "vertical_rate": 0,
        "geo_altitude": 12100.56,
        "squawk": "1000",
        "spi": false,
        "position_source": 0
      }
    },
    {
      "type": "Feature",
      "geometry": {
        "type": "Point",
        "coordinates": [
          16.3259,
          42.2851
        ]
      },
      "properties": {
        "icao24": "48c124",
        "callsign": "RYR7W",
        "origin_country": "Poland",
        "time_position": 1787474578,
        "last_contact": 1787474578,
        "baro_altitude": 11887.2,
        "on_ground": false,
        "velocity": 244.97,
        "true_track": 83.37,
        "vertical_rate": 0,
        "geo_altitude": 12489.18,
        "squawk": "3737",
        "spi": false,
        "position_source": 0
      }
    },
    {
      "type": "Feature",
      "geometry": {
        "type": "Point",
        "coordinates": [
          9.9587,
          41.5502
        ]
      },
      "properties": {
        "icao24": "48c125",
        "callsign": "RYR9834",
        "origin_country": "Poland",
        "time_position": 1787474579,
        "last_contact": 1787474579,
        "baro_altitude": 8115.3,
        "on_ground": false,
        "velocity": 231.65,
        "true_track": 15.46,
        "vertical_rate": 9.43,
        "geo_altitude": 8602.98,
        "squawk": null,
        "spi": false,
        "position_source": 0
      }
    },
    {
      "type": "Feature",
      "geometry": {
        "type": "Point",
        "coordinates": [
          9.8391,
          45.2532
        ]
      },
      "properties": {
        "icao24": "a31ee6",
        "callsign": "N30VT",
        "origin_country": "United States",
        "time_position": 1787474578,
        "last_contact": 1787474579,
        "baro_altitude": 1844.04,
        "on_ground": false,
        "velocity": 93.73,
        "true_track": 323.26,
        "vertical_rate": -4.23,
        "geo_altitude": 1981.2,
        "squawk": "5105",
        "spi": false,
        "position_source": 0
      }
    },
    {
      "type": "Feature",
      "geometry": {
        "type": "Point",
        "coordinates": [
          11.7802,
          44.466
        ]
      },
      "properties": {
        "icao24": "3444cf",
        "callsign": "VLG71UF",
        "origin_country": "Spain",
        "time_position": 1787474579,
        "last_contact": 1787474579,
        "baro_altitude": 10972.8,
        "on_ground": false,
        "velocity": 211.56,
        "true_track": 274.46,
        "vertical_rate": 0,
        "geo_altitude": 11513.82,
        "squawk": "1000",
        "spi": false,
        "position_source": 0
      }
    },
    {
      "type": "Feature",
      "geometry": {
        "type": "Point",
        "coordinates": [
          11.0544,
          43.1792
        ]
      },
      "properties": {
        "icao24": "3444c8",
        "callsign": "VOE1XP",
        "origin_country": "Spain",
        "time_position": 1787474579,
        "last_contact": 1787474580,
        "baro_altitude": 9753.6,
        "on_ground": false,
        "velocity": 231.71,
        "true_track": 37.15,
        "vertical_rate": 0,
        "geo_altitude": 10294.62,
        "squawk": "5415",
        "spi": false,
        "position_source": 0
      }
    },
    {
      "type": "Feature",
      "geometry": {
        "type": "Point",
        "coordinates": [
          12.0096,
          47.2392
        ]
      },
      "properties": {
        "icao24": "407c26",
        "callsign": "TOM1KT",
        "origin_country": "United Kingdom",
        "time_position": 1787474579,
        "last_contact": 1787474579,
        "baro_altitude": 10668,
        "on_ground": false,
        "velocity": 259.49,
        "true_track": 125.23,
        "vertical_rate": 0,
        "geo_altitude": 11109.96,
        "squawk": "4772",
        "spi": false,
        "position_source": 0
      }
    },
    {
      "type": "Feature",
      "geometry": {
        "type": "Point",
        "coordinates": [
          18.4296,
          40.1771
        ]
      },
      "properties": {
        "icao24": "407ac1",
        "callsign": "TOM6PN",
        "origin_country": "United Kingdom",
        "time_position": 1787474579,
        "last_contact": 1787474579,
        "baro_altitude": 11277.6,
        "on_ground": false,
        "velocity": 235.59,
        "true_track": 153.27,
        "vertical_rate": 0,
        "geo_altitude": 11910.06,
        "squawk": "3462",
        "spi": false,
        "position_source": 0
      }
    },
    {
      "type": "Feature",
      "geometry": {
        "type": "Point",
        "coordinates": [
          15.6518,
          38.0709
        ]
      },
      "properties": {
        "icao24": "a3d7e5",
        "callsign": "N347G",
        "origin_country": "United States",
        "time_position": 1787474579,
        "last_contact": 1787474579,
        "baro_altitude": null,
        "on_ground": true,
        "velocity": 5.14,
        "true_track": 216.56,
        "vertical_rate": null,
        "geo_altitude": null,
        "squawk": null,
        "spi": false,
        "position_source": 0
      }
    },
    {
      "type": "Feature",
      "geometry": {
        "type": "Point",
        "coordinates": [
          16.3097,
          46.0461
        ]
      },
      "properties": {
        "icao24": "4bb848",
        "callsign": "PGT60NC",
        "origin_country": "Turkey",
        "time_position": 1787474579,
        "last_contact": 1787474579,
        "baro_altitude": 11285.22,
        "on_ground": false,
        "velocity": 253.69,
        "true_track": 123.34,
        "vertical_rate": 0,
        "geo_altitude": 11788.14,
        "squawk": "6434",
        "spi": false,
        "position_source": 0
      }
    },
    {
      "type": "Feature",
      "geometry": {
        "type": "Point",
        "coordinates": [
          10.8289,
          40.7507
        ]
      },
      "properties": {
        "icao24": "4402f1",
        "callsign": "EJU19PK",
        "origin_country": "Austria",
        "time_position": 1787474579,
        "last_contact": 1787474579,
        "baro_altitude": 6964.68,
        "on_ground": false,
        "velocity": 188.8,
        "true_track": 270.31,
        "vertical_rate": -5.2,
        "geo_altitude": 7452.36,
        "squawk": null,
        "spi": false,
        "position_source": 0
      }
    },
    {
      "type": "Feature",
      "geometry": {
        "type": "Point",
        "coordinates": [
          18.3411,
          47.496
        ]
      },
      "properties": {
        "icao24": "4bb865",
        "callsign": "PGT541A",
        "origin_country": "Turkey",
        "time_position": 1787474579,
        "last_contact": 1787474579,
        "baro_altitude": 11277.6,
        "on_ground": false,
        "velocity": 248.01,
        "true_track": 144.2,
        "vertical_rate": 0,
        "geo_altitude": 11719.56,
        "squawk": "6411",
        "spi": false,
        "position_source": 0
      }
    },
    {
      "type": "Feature",
      "geometry": {
        "type": "Point",
        "coordinates": [
          17.5233,
          47.7379
        ]
      },
      "properties": {
        "icao24": "4bb85a",
        "callsign": "PGT37PD",
        "origin_country": "Turkey",
        "time_position": 1787474577,
        "last_contact": 1787474579,
        "baro_altitude": 4389.12,
        "on_ground": false,
        "velocity": 165.3,
        "true_track": 298.64,
        "vertical_rate": -10.73,
        "geo_altitude": 4602.48,
        "squawk": "5315",
        "spi": false,
        "position_source": 0
      }
    },
    {
      "type": "Feature",
      "geometry": {
        "type": "Point",
        "coordinates": [
          8.9941,
          40.8917
        ]
      },
      "properties": {
        "icao24": "504e87",
        "callsign": "FIA5401",
        "origin_country": "Republic of Moldova",
        "time_position": 1787474579,
        "last_contact": 1787474579,
        "baro_altitude": 10058.4,
        "on_ground": false,
        "velocity": 218.8,
        "true_track": 247.17,
        "vertical_rate": 0,
        "geo_altitude": 10629.9,
        "squawk": "7353",
        "spi": false,
        "position_source": 0
      }
    },
    {
      "type": "Feature",
      "geometry": {
        "type": "Point",
        "coordinates": [
          8.1247,
          45.6839
        ]
      },
      "properties": {
        "icao24": "4402b9",
        "callsign": "EJU62UV",
        "origin_country": "Austria",
        "time_position": 1787474579,
        "last_contact": 1787474580,
        "baro_altitude": 10972.8,
        "on_ground": false,
        "velocity": 211.36,
        "true_track": 304.89,
        "vertical_rate": 0,
        "geo_altitude": 11490.96,
        "squawk": "1000",
        "spi": false,
        "position_source": 0
      }
    },
    {
      "type": "Feature",
      "geometry": {
        "type": "Point",
        "coordinates": [
          17.2864,
          45.9689
        ]
      },
      "properties": {
        "icao24": "47a05e",
        "callsign": "NOZ1951",
        "origin_country": "Norway",
        "time_position": 1787474579,
        "last_contact": 1787474580,
        "baro_altitude": 11277.6,
        "on_ground": false,
        "velocity": 240.98,
        "true_track": 15.22,
        "vertical_rate": 0,
        "geo_altitude": 11788.14,
        "squawk": "4552",
        "spi": false,
        "position_source": 0
      }
    },
    {
      "type": "Feature",
      "geometry": {
        "type": "Point",
        "coordinates": [
          8.7828,
          44.2862
        ]
      },
      "properties": {
        "icao24": "a9c1ab",
        "callsign": "N728EC",
        "origin_country": "United States",
        "time_position": 1787474579,
        "last_contact": 1787474579,
        "baro_altitude": 3116.58,
        "on_ground": false,
        "velocity": 148.46,
        "true_track": 298.34,
        "vertical_rate": 10.4,
        "geo_altitude": 3322.32,
        "squawk": "0440",
        "spi": false,
        "position_source": 0
      }
    },
    {
      "type": "Feature",
      "geometry": {
        "type": "Point",
        "coordinates": [
          14.4338,
          46.3463
        ]
      },
      "properties": {
        "icao24": "406a63",
        "callsign": "EXS5PH",
        "origin_country": "United Kingdom",
        "time_position": 1787474579,
        "last_contact": 1787474579,
        "baro_altitude": 11277.6,
        "on_ground": false,
        "velocity": 247,
        "true_track": 135.08,
        "vertical_rate": 0,
        "geo_altitude": 11765.28,
        "squawk": "4755",
        "spi": false,
        "position_source": 0
      }
    },
    {
      "type": "Feature",
      "geometry": {
        "type": "Point",
        "coordinates": [
          11.6827,
          46.3595
        ]
      },
      "properties": {
        "icao24": "48c26c",
        "callsign": "RYS7727",
        "origin_country": "Poland",
        "time_position": 1787474579,
        "last_contact": 1787474579,
        "baro_altitude": 11887.2,
        "on_ground": false,
        "velocity": 207.12,
        "true_track": 218.75,
        "vertical_rate": 0,
        "geo_altitude": 12352.02,
        "squawk": "1000",
        "spi": false,
        "position_source": 0
      }
    },
    {
      "type": "Feature",
      "geometry": {
        "type": "Point",
        "coordinates": [
          18.2272,
          47.4473
        ]
      },
      "properties": {
        "icao24": "4021cd",
        "callsign": "INV06",
        "origin_country": "United Kingdom",
        "time_position": 1787474579,
        "last_contact": 1787474579,
        "baro_altitude": 1912.62,
        "on_ground": false,
        "velocity": 62.25,
        "true_track": 270,
        "vertical_rate": 0,
        "geo_altitude": 2065.02,
        "squawk": "4241",
        "spi": false,
        "position_source": 0
      }
    },
    {
      "type": "Feature",
      "geometry": {
        "type": "Point",
        "coordinates": [
          11.8764,
          44.2646
        ]
      },
      "properties": {
        "icao24": "06a124",
        "callsign": "QTR778",
        "origin_country": "Qatar",
        "time_position": 1787474579,
        "last_contact": 1787474579,
        "baro_altitude": 11277.6,
        "on_ground": false,
        "velocity": 267.18,
        "true_track": 98.97,
        "vertical_rate": 0,
        "geo_altitude": 11826.24,
        "squawk": "0456",
        "spi": false,
        "position_source": 0
      }
    },
    {
      "type": "Feature",
      "geometry": {
        "type": "Point",
        "coordinates": [
          16.0551,
          45.1352
        ]
      },
      "properties": {
        "icao24": "06a122",
        "callsign": "QTR87Q",
        "origin_country": "Qatar",
        "time_position": 1787474579,
        "last_contact": 1787474580,
        "baro_altitude": 11277.6,
        "on_ground": false,
        "velocity": 269.87,
        "true_track": 128.42,
        "vertical_rate": -0.33,
        "geo_altitude": 11818.62,
        "squawk": "5270",
        "spi": false,
        "position_source": 0
      }
    },
    {
      "type": "Feature",
      "geometry": {
        "type": "Point",
        "coordinates": [
          17.5362,
          41.45
        ]
      },
      "properties": {
        "icao24": "406a3e",
        "callsign": "BAW654",
        "origin_country": "United Kingdom",
        "time_position": 1787474535,
        "last_contact": 1787474535,
        "baro_altitude": 10668,
        "on_ground": false,
        "velocity": 240.49,
        "true_track": 152.06,
        "vertical_rate": 0,
        "geo_altitude": 11285.22,
        "squawk": "7320",
        "spi": false,
        "position_source": 0
      }
    },
    {
      "type": "Feature",
      "geometry": {
        "type": "Point",
        "coordinates": [
          8.9274,
          44.7847
        ]
      },
      "properties": {
        "icao24": "06a11d",
        "callsign": "QTR22B",
        "origin_country": "Qatar",
        "time_position": 1787474579,
        "last_contact": 1787474580,
        "baro_altitude": 11887.2,
        "on_ground": false,
        "velocity": 267.71,
        "true_track": 100.29,
        "vertical_rate": 0.33,
        "geo_altitude": 12420.6,
        "squawk": "0405",
        "spi": false,
        "position_source": 0
      }
    },
    {
      "type": "Feature",
      "geometry": {
        "type": "Point",
        "coordinates": [
          16.4988,
          44.6114
        ]
      },
      "properties": {
        "icao24": "4404cc",
        "callsign": "GDK47Z",
        "origin_country": "Austria",
        "time_position": 1787474579,
        "last_contact": 1787474579,
        "baro_altitude": 6705.6,
        "on_ground": false,
        "velocity": 134.84,
        "true_track": 354.75,
        "vertical_rate": 0,
        "geo_altitude": 7094.22,
        "squawk": "6771",
        "spi": false,
        "position_source": 0
      }
    },
    {
      "type": "Feature",
      "geometry": {
        "type": "Point",
        "coordinates": [
          6.2852,
          43.5598
        ]
      },
      "properties": {
        "icao24": "407d75",
        "callsign": "BAW328",
        "origin_country": "United Kingdom",
        "time_position": 1787474579,
        "last_contact": 1787474579,
        "baro_altitude": 3451.86,
        "on_ground": false,
        "velocity": 203.39,
        "true_track": 117.08,
        "vertical_rate": -7.15,
        "geo_altitude": 3703.32,
        "squawk": "6323",
        "spi": false,
        "position_source": 0
      }
    },
    {
      "type": "Feature",
      "geometry": {
        "type": "Point",
        "coordinates": [
          13.673,
          46.4099
        ]
      },
      "properties": {
        "icao24": "06a12c",
        "callsign": "QTR1X",
        "origin_country": "Qatar",
        "time_position": 1787474579,
        "last_contact": 1787474579,
        "baro_altitude": 11887.2,
        "on_ground": false,
        "velocity": 268.44,
        "true_track": 126.58,
        "vertical_rate": 0,
        "geo_altitude": 12374.88,
        "squawk": "5267",
        "spi": false,
        "position_source": 0
      }
    },
    {
      "type": "Feature",
      "geometry": {
        "type": "Point",
        "coordinates": [
          15.876,
          45.82
        ]
      },
      "properties": {
        "icao24": "06a146",
        "callsign": "QTR29R",
        "origin_country": "Qatar",
        "time_position": 1787474579,
        "last_contact": 1787474579,
        "baro_altitude": 11277.6,
        "on_ground": false,
        "velocity": 272.65,
        "true_track": 117.29,
        "vertical_rate": 0,
        "geo_altitude": 11795.76,
        "squawk": "7560",
        "spi": false,
        "position_source": 0
      }
    },
    {
      "type": "Feature",
      "geometry": {
        "type": "Point",
        "coordinates": [
          12.3814,
          43.2055
        ]
      },
      "properties": {
        "icao24": "48c22e",
        "callsign": "RYR3ZC",
        "origin_country": "Poland",
        "time_position": 1787474580,
        "last_contact": 1787474580,
        "baro_altitude": 11582.4,
        "on_ground": false,
        "velocity": 243.6,
        "true_track": 32.58,
        "vertical_rate": 0,
        "geo_altitude": 12161.52,
        "squawk": "0203",
        "spi": false,
        "position_source": 0
      }
    },
    {
      "type": "Feature",
      "geometry": {
        "type": "Point",
        "coordinates": [
          12.8042,
          44.9607
        ]
      },
      "properties": {
        "icao24": "48c231",
        "callsign": "RYR72GH",
        "origin_country": "Poland",
        "time_position": 1787474579,
        "last_contact": 1787474579,
        "baro_altitude": 4503.42,
        "on_ground": false,
        "velocity": 148.27,
        "true_track": 286.74,
        "vertical_rate": -1.95,
        "geo_altitude": 4770.12,
        "squawk": "5556",
        "spi": false,
        "position_source": 0
      }
    },
    {
      "type": "Feature",
      "geometry": {
        "type": "Point",
        "coordinates": [
          14.3744,
          45.999
        ]
      },
      "properties": {
        "icao24": "48c224",
        "callsign": "RYR7009",
        "origin_country": "Poland",
        "time_position": 1787474579,
        "last_contact": 1787474579,
        "baro_altitude": 10972.8,
        "on_ground": false,
        "velocity": 245,
        "true_track": 55.61,
        "vertical_rate": 0,
        "geo_altitude": 11468.1,
        "squawk": "1000",
        "spi": false,
        "position_source": 0
      }
    },
    {
      "type": "Feature",
      "geometry": {
        "type": "Point",
        "coordinates": [
          8.721,
          45.6458
        ]
      },
      "properties": {
        "icao24": "4404a4",
        "callsign": "EJU3623",
        "origin_country": "Austria",
        "time_position": 1787474574,
        "last_contact": 1787474574,
        "baro_altitude": null,
        "on_ground": true,
        "velocity": 0,
        "true_track": 168.75,
        "vertical_rate": null,
        "geo_altitude": null,
        "squawk": null,
        "spi": false,
        "position_source": 0
      }
    },
    {
      "type": "Feature",
      "geometry": {
        "type": "Point",
        "coordinates": [
          7.4879,
          43.7387
        ]
      },
      "properties": {
        "icao24": "505eaa",
        "callsign": "OMNXT",
        "origin_country": "Slovakia",
        "time_position": 1787474579,
        "last_contact": 1787474579,
        "baro_altitude": 3718.56,
        "on_ground": false,
        "velocity": 167.7,
        "true_track": 134.88,
        "vertical_rate": -5.2,
        "geo_altitude": 3970.02,
        "squawk": "1000",
        "spi": false,
        "position_source": 0
      }
    },
    {
      "type": "Feature",
      "geometry": {
        "type": "Point",
        "coordinates": [
          17.9113,
          44.5984
        ]
      },
      "properties": {
        "icao24": "407d00",
        "callsign": "WUK9497",
        "origin_country": "United Kingdom",
        "time_position": 1787474572,
        "last_contact": 1787474578,
        "baro_altitude": 10058.4,
        "on_ground": false,
        "velocity": 247.3,
        "true_track": 128.16,
        "vertical_rate": 0,
        "geo_altitude": 10591.8,
        "squawk": "2174",
        "spi": false,
        "position_source": 0
      }
    },
    {
      "type": "Feature",
      "geometry": {
        "type": "Point",
        "coordinates": [
          10.4059,
          42.5632
        ]
      },
      "properties": {
        "icao24": "abbb2c",
        "callsign": "DAL279",
        "origin_country": "United States",
        "time_position": 1787474580,
        "last_contact": 1787474580,
        "baro_altitude": 10363.2,
        "on_ground": false,
        "velocity": 236.94,
        "true_track": 309.18,
        "vertical_rate": 0,
        "geo_altitude": 10942.32,
        "squawk": "1207",
        "spi": false,
        "position_source": 0
      }
    },
    {
      "type": "Feature",
      "geometry": {
        "type": "Point",
        "coordinates": [
          12.4543,
          38.1366
        ]
      },
      "properties": {
        "icao24": "3445d4",
        "callsign": "IBE0693",
        "origin_country": "Spain",
        "time_position": 1787474580,
        "last_contact": 1787474580,
        "baro_altitude": 10660.38,
        "on_ground": false,
        "velocity": 242.44,
        "true_track": 107.28,
        "vertical_rate": 0,
        "geo_altitude": 11300.46,
        "squawk": "7030",
        "spi": false,
        "position_source": 0
      }
    },
    {
      "type": "Feature",
      "geometry": {
        "type": "Point",
        "coordinates": [
          6.411,
          47.2007
        ]
      },
      "properties": {
        "icao24": "440582",
        "callsign": "EJU72HF",
        "origin_country": "Austria",
        "time_position": 1787474579,
        "last_contact": 1787474579,
        "baro_altitude": 6979.92,
        "on_ground": false,
        "velocity": 221.52,
        "true_track": 220.38,
        "vertical_rate": 13.33,
        "geo_altitude": 7292.34,
        "squawk": "6742",
        "spi": false,
        "position_source": 0
      }
    },
    {
      "type": "Feature",
      "geometry": {
        "type": "Point",
        "coordinates": [
          6.474,
          42.233
        ]
      },
      "properties": {
        "icao24": "392463",
        "callsign": "FGJDD",
        "origin_country": "France",
        "time_position": 1787474579,
        "last_contact": 1787474579,
        "baro_altitude": 5806.44,
        "on_ground": false,
        "velocity": 82.86,
        "true_track": 204.97,
        "vertical_rate": 0.33,
        "geo_altitude": 6187.44,
        "squawk": "1732",
        "spi": false,
        "position_source": 0
      }
    },
    {
      "type": "Feature",
      "geometry": {
        "type": "Point",
        "coordinates": [
          12.2358,
          45.7993
        ]
      },
      "properties": {
        "icao24": "06a109",
        "callsign": "QTR6F",
        "origin_country": "Qatar",
        "time_position": 1787474579,
        "last_contact": 1787474579,
        "baro_altitude": 11490.96,
        "on_ground": false,
        "velocity": 274.95,
        "true_track": 124.02,
        "vertical_rate": 2.6,
        "geo_altitude": 11993.88,
        "squawk": "3076",
        "spi": false,
        "position_source": 0
      }
    },
    {
      "type": "Feature",
      "geometry": {
        "type": "Point",
        "coordinates": [
          17.4137,
          46.7276
        ]
      },
      "properties": {
        "icao24": "440549",
        "callsign": "AUA761M",
        "origin_country": "Austria",
        "time_position": 1787474580,
        "last_contact": 1787474580,
        "baro_altitude": 9349.74,
        "on_ground": false,
        "velocity": 243.97,
        "true_track": 151.81,
        "vertical_rate": 7.8,
        "geo_altitude": 9776.46,
        "squawk": "4254",
        "spi": false,
        "position_source": 0
      }
    },
    {
      "type": "Feature",
      "geometry": {
        "type": "Point",
        "coordinates": [
          11.1947,
          46.5446
        ]
      },
      "properties": {
        "icao24": "3d397b",
        "callsign": "DEUAD",
        "origin_country": "Germany",
        "time_position": 1787474385,
        "last_contact": 1787474386,
        "baro_altitude": 1234.44,
        "on_ground": false,
        "velocity": 66.97,
        "true_track": 133.13,
        "vertical_rate": -7.48,
        "geo_altitude": 1371.6,
        "squawk": null,
        "spi": false,
        "position_source": 0
      }
    },
    {
      "type": "Feature",
      "geometry": {
        "type": "Point",
        "coordinates": [
          7.0276,
          45.0159
        ]
      },
      "properties": {
        "icao24": "06a0e9",
        "callsign": "QTR728",
        "origin_country": "Qatar",
        "time_position": 1787474579,
        "last_contact": 1787474580,
        "baro_altitude": 11887.2,
        "on_ground": false,
        "velocity": 271.8,
        "true_track": 101.35,
        "vertical_rate": 0,
        "geo_altitude": 12405.36,
        "squawk": "3741",
        "spi": true,
        "position_source": 0
      }
    },
    {
      "type": "Feature",
      "geometry": {
        "type": "Point",
        "coordinates": [
          16.4066,
          38.9356
        ]
      },
      "properties": {
        "icao24": "3d3999",
        "callsign": null,
        "origin_country": "Germany",
        "time_position": 1787474579,
        "last_contact": 1787474579,
        "baro_altitude": 861.06,
        "on_ground": false,
        "velocity": 46.44,
        "true_track": 94.45,
        "vertical_rate": 1.3,
        "geo_altitude": 982.98,
        "squawk": null,
        "spi": false,
        "position_source": 0
      }
    },
    {
      "type": "Feature",
      "geometry": {
        "type": "Point",
        "coordinates": [
          14.5545,
          42.4729
        ]
      },
      "properties": {
        "icao24": "06a0f9",
        "callsign": "QTR124",
        "origin_country": "Qatar",
        "time_position": 1787474579,
        "last_contact": 1787474579,
        "baro_altitude": 11887.2,
        "on_ground": false,
        "velocity": 263.39,
        "true_track": 131.91,
        "vertical_rate": 0,
        "geo_altitude": 12496.8,
        "squawk": "0454",
        "spi": false,
        "position_source": 0
      }
    },
    {
      "type": "Feature",
      "geometry": {
        "type": "Point",
        "coordinates": [
          17.0843,
          40.2524
        ]
      },
      "properties": {
        "icao24": "06a0fc",
        "callsign": "QTR2R",
        "origin_country": "Qatar",
        "time_position": 1787474579,
        "last_contact": 1787474580,
        "baro_altitude": 11887.2,
        "on_ground": false,
        "velocity": 262.03,
        "true_track": 122.41,
        "vertical_rate": 0,
        "geo_altitude": 12534.9,
        "squawk": null,
        "spi": false,
        "position_source": 0
      }
    },
    {
      "type": "Feature",
      "geometry": {
        "type": "Point",
        "coordinates": [
          7.2956,
          47.1118
        ]
      },
      "properties": {
        "icao24": "4b4126",
        "callsign": "HBYRM",
        "origin_country": "Switzerland",
        "time_position": 1787474579,
        "last_contact": 1787474579,
        "baro_altitude": 739.14,
        "on_ground": false,
        "velocity": 57.55,
        "true_track": 227.9,
        "vertical_rate": -0.33,
        "geo_altitude": 876.3,
        "squawk": "7000",
        "spi": false,
        "position_source": 0
      }
    },
    {
      "type": "Feature",
      "geometry": {
        "type": "Point",
        "coordinates": [
          9.0955,
          39.2156
        ]
      },
      "properties": {
        "icao24": "5004d0",
        "callsign": "T7YES",
        "origin_country": "San Marino",
        "time_position": 1787474387,
        "last_contact": 1787474387,
        "baro_altitude": 899.16,
        "on_ground": false,
        "velocity": 66.69,
        "true_track": 138.44,
        "vertical_rate": 10.73,
        "geo_altitude": 1013.46,
        "squawk": "5165",
        "spi": false,
        "position_source": 0
      }
    },
    {
      "type": "Feature",
      "geometry": {
        "type": "Point",
        "coordinates": [
          7.3168,
          47.0911
        ]
      },
      "properties": {
        "icao24": "4b4137",
        "callsign": "HBYSD",
        "origin_country": "Switzerland",
        "time_position": 1787474579,
        "last_contact": 1787474579,
        "baro_altitude": 678.18,
        "on_ground": false,
        "velocity": 56.09,
        "true_track": 82.09,
        "vertical_rate": -1.63,
        "geo_altitude": 792.48,
        "squawk": "7000",
        "spi": false,
        "position_source": 0
      }
    },
    {
      "type": "Feature",
      "geometry": {
        "type": "Point",
        "coordinates": [
          10.5665,
          45.7204
        ]
      },
      "properties": {
        "icao24": "5004c9",
        "callsign": null,
        "origin_country": "San Marino",
        "time_position": 1787474377,
        "last_contact": 1787474377,
        "baro_altitude": 1539.24,
        "on_ground": false,
        "velocity": 60.02,
        "true_track": 321.26,
        "vertical_rate": -0.33,
        "geo_altitude": 1676.4,
        "squawk": null,
        "spi": false,
        "position_source": 0
      }
    },
    {
      "type": "Feature",
      "geometry": {
        "type": "Point",
        "coordinates": [
          14.538,
          36.9696
        ]
      },
      "properties": {
        "icao24": "4a2185",
        "callsign": "AEZ218D",
        "origin_country": "Romania",
        "time_position": 1787474579,
        "last_contact": 1787474579,
        "baro_altitude": 2331.72,
        "on_ground": false,
        "velocity": 117.27,
        "true_track": 246.47,
        "vertical_rate": -5.53,
        "geo_altitude": 2560.32,
        "squawk": "5156",
        "spi": false,
        "position_source": 0
      }
    },
    {
      "type": "Feature",
      "geometry": {
        "type": "Point",
        "coordinates": [
          18.0736,
          44.1173
        ]
      },
      "properties": {
        "icao24": "4403bb",
        "callsign": "EJU98EL",
        "origin_country": "Austria",
        "time_position": 1787474579,
        "last_contact": 1787474579,
        "baro_altitude": 10972.8,
        "on_ground": false,
        "velocity": 224.69,
        "true_track": 338.37,
        "vertical_rate": 0,
        "geo_altitude": 11544.3,
        "squawk": "5140",
        "spi": false,
        "position_source": 0
      }
    },
    {
      "type": "Feature",
      "geometry": {
        "type": "Point",
        "coordinates": [
          12.1986,
          47.3304
        ]
      },
      "properties": {
        "icao24": "39bb24",
        "callsign": "AFR32GL",
        "origin_country": "France",
        "time_position": 1787474579,
        "last_contact": 1787474579,
        "baro_altitude": 11887.2,
        "on_ground": false,
        "velocity": 253.23,
        "true_track": 95.48,
        "vertical_rate": 0,
        "geo_altitude": 12329.16,
        "squawk": "1000",
        "spi": false,
        "position_source": 0
      }
    },
    {
      "type": "Feature",
      "geometry": {
        "type": "Point",
        "coordinates": [
          9.5274,
          40.9045
        ]
      },
      "properties": {
        "icao24": "5004e9",
        "callsign": null,
        "origin_country": "San Marino",
        "time_position": 1787474570,
        "last_contact": 1787474570,
        "baro_altitude": 129.54,
        "on_ground": false,
        "velocity": 54.33,
        "true_track": 24.62,
        "vertical_rate": 8.13,
        "geo_altitude": 220.98,
        "squawk": null,
        "spi": false,
        "position_source": 0
      }
    },
    {
      "type": "Feature",
      "geometry": {
        "type": "Point",
        "coordinates": [
          8.2574,
          47.1705
        ]
      },
      "properties": {
        "icao24": "4b4184",
        "callsign": "HBYVC",
        "origin_country": "Switzerland",
        "time_position": 1787474579,
        "last_contact": 1787474579,
        "baro_altitude": 1531.62,
        "on_ground": false,
        "velocity": 46.83,
        "true_track": 88.74,
        "vertical_rate": 0.33,
        "geo_altitude": 1676.4,
        "squawk": "7000",
        "spi": false,
        "position_source": 0
      }
    },
    {
      "type": "Feature",
      "geometry": {
        "type": "Point",
        "coordinates": [
          12.1495,
          47.5713
        ]
      },
      "properties": {
        "icao24": "4403dd",
        "callsign": "HELI3",
        "origin_country": "Austria",
        "time_position": 1787474438,
        "last_contact": 1787474438,
        "baro_altitude": null,
        "on_ground": true,
        "velocity": 0.45,
        "true_track": 112.5,
        "vertical_rate": null,
        "geo_altitude": null,
        "squawk": "7000",
        "spi": false,
        "position_source": 0
      }
    },
    {
      "type": "Feature",
      "geometry": {
        "type": "Point",
        "coordinates": [
          14.4489,
          44.6322
        ]
      },
      "properties": {
        "icao24": "4b1819",
        "callsign": "SWR9LA",
        "origin_country": "Switzerland",
        "time_position": 1787474578,
        "last_contact": 1787474579,
        "baro_altitude": 11292.84,
        "on_ground": false,
        "velocity": 248.74,
        "true_track": 128.96,
        "vertical_rate": 0.33,
        "geo_altitude": 11849.1,
        "squawk": "3047",
        "spi": false,
        "position_source": 0
      }
    },
    {
      "type": "Feature",
      "geometry": {
        "type": "Point",
        "coordinates": [
          8.5612,
          47.442
        ]
      },
      "properties": {
        "icao24": "4b1809",
        "callsign": "SWR9EX",
        "origin_country": "Switzerland",
        "time_position": 1787474567,
        "last_contact": 1787474567,
        "baro_altitude": null,
        "on_ground": true,
        "velocity": 0,
        "true_track": 244.69,
        "vertical_rate": null,
        "geo_altitude": null,
        "squawk": "2000",
        "spi": false,
        "position_source": 0
      }
    },
    {
      "type": "Feature",
      "geometry": {
        "type": "Point",
        "coordinates": [
          16.7521,
          44.9823
        ]
      },
      "properties": {
        "icao24": "4b181d",
        "callsign": "SWR5DA",
        "origin_country": "Switzerland",
        "time_position": 1787474579,
        "last_contact": 1787474579,
        "baro_altitude": 10126.98,
        "on_ground": false,
        "velocity": 221.65,
        "true_track": 310.01,
        "vertical_rate": 7.48,
        "geo_altitude": 10637.52,
        "squawk": "1000",
        "spi": false,
        "position_source": 0
      }
    },
    {
      "type": "Feature",
      "geometry": {
        "type": "Point",
        "coordinates": [
          10.0953,
          44.2763
        ]
      },
      "properties": {
        "icao24": "4952d0",
        "callsign": "TAP86PZ",
        "origin_country": "Portugal",
        "time_position": 1787474580,
        "last_contact": 1787474580,
        "baro_altitude": 10363.2,
        "on_ground": false,
        "velocity": 230.95,
        "true_track": 75.69,
        "vertical_rate": 0,
        "geo_altitude": 10873.74,
        "squawk": "1000",
        "spi": false,
        "position_source": 0
      }
    },
    {
      "type": "Feature",
      "geometry": {
        "type": "Point",
        "coordinates": [
          8.5691,
          47.4557
        ]
      },
      "properties": {
        "icao24": "4b181a",
        "callsign": "SWR8PZ",
        "origin_country": "Switzerland",
        "time_position": 1787474579,
        "last_contact": 1787474579,
        "baro_altitude": null,
        "on_ground": true,
        "velocity": 3.09,
        "true_track": 95.62,
        "vertical_rate": null,
        "geo_altitude": null,
        "squawk": "3066",
        "spi": false,
        "position_source": 0
      }
    },
    {
      "type": "Feature",
      "geometry": {
        "type": "Point",
        "coordinates": [
          8.2503,
          46.5905
        ]
      },
      "properties": {
        "icao24": "4b1858",
        "callsign": "HBJFS",
        "origin_country": "Switzerland",
        "time_position": 1787474579,
        "last_contact": 1787474579,
        "baro_altitude": 9197.34,
        "on_ground": false,
        "velocity": 261.66,
        "true_track": 143.72,
        "vertical_rate": 10.4,
        "geo_altitude": 9631.68,
        "squawk": "1000",
        "spi": false,
        "position_source": 0
      }
    },
    {
      "type": "Feature",
      "geometry": {
        "type": "Point",
        "coordinates": [
          8.4477,
          46.4809
        ]
      },
      "properties": {
        "icao24": "38c59b",
        "callsign": "FPTUN",
        "origin_country": "France",
        "time_position": 1787474411,
        "last_contact": 1787474412,
        "baro_altitude": 2849.88,
        "on_ground": false,
        "velocity": 59.3,
        "true_track": 266.02,
        "vertical_rate": 0.33,
        "geo_altitude": 3009.9,
        "squawk": null,
        "spi": false,
        "position_source": 0
      }
    },
    {
      "type": "Feature",
      "geometry": {
        "type": "Point",
        "coordinates": [
          9.8434,
          44.2927
        ]
      },
      "properties": {
        "icao24": "3c667a",
        "callsign": "DLH4WE",
        "origin_country": "Germany",
        "time_position": 1787474579,
        "last_contact": 1787474580,
        "baro_altitude": 10668,
        "on_ground": false,
        "velocity": 235.91,
        "true_track": 159.31,
        "vertical_rate": 0,
        "geo_altitude": 11178.54,
        "squawk": "0632",
        "spi": false,
        "position_source": 0
      }
    },
    {
      "type": "Feature",
      "geometry": {
        "type": "Point",
        "coordinates": [
          6.1505,
          46.6155
        ]
      },
      "properties": {
        "icao24": "3c666f",
        "callsign": "DLH02F",
        "origin_country": "Germany",
        "time_position": 1787474579,
        "last_contact": 1787474579,
        "baro_altitude": 10668,
        "on_ground": false,
        "velocity": 207.63,
        "true_track": 229.52,
        "vertical_rate": 0,
        "geo_altitude": 11117.58,
        "squawk": "1000",
        "spi": false,
        "position_source": 0
      }
    },
    {
      "type": "Feature",
      "geometry": {
        "type": "Point",
        "coordinates": [
          14.5588,
          36.1327
        ]
      },
      "properties": {
        "icao24": "716ffc",
        "callsign": "SVA227",
        "origin_country": "Saudi Arabia",
        "time_position": 1787474579,
        "last_contact": 1787474579,
        "baro_altitude": 10363.2,
        "on_ground": false,
        "velocity": 232.69,
        "true_track": 280.32,
        "vertical_rate": 0,
        "geo_altitude": 11010.9,
        "squawk": "2051",
        "spi": false,
        "position_source": 0
      }
    },
    {
      "type": "Feature",
      "geometry": {
        "type": "Point",
        "coordinates": [
          8.3576,
          47.6122
        ]
      },
      "properties": {
        "icao24": "4b187a",
        "callsign": "SWR4Y",
        "origin_country": "Switzerland",
        "time_position": 1787474579,
        "last_contact": 1787474579,
        "baro_altitude": 1394.46,
        "on_ground": false,
        "velocity": 101.92,
        "true_track": 137.05,
        "vertical_rate": -5.53,
        "geo_altitude": 1562.1,
        "squawk": "1000",
        "spi": false,
        "position_source": 0
      }
    },
    {
      "type": "Feature",
      "geometry": {
        "type": "Point",
        "coordinates": [
          7.1945,
          47.384
        ]
      },
      "properties": {
        "icao24": "4b1885",
        "callsign": "SWR16F",
        "origin_country": "Switzerland",
        "time_position": 1787474579,
        "last_contact": 1787474580,
        "baro_altitude": 6096,
        "on_ground": false,
        "velocity": 189.12,
        "true_track": 280.03,
        "vertical_rate": 5.85,
        "geo_altitude": 6393.18,
        "squawk": "3001",
        "spi": false,
        "position_source": 0
      }
    },
    {
      "type": "Feature",
      "geometry": {
        "type": "Point",
        "coordinates": [
          16.0532,
          46.7856
        ]
      },
      "properties": {
        "icao24": "4b1882",
        "callsign": "SWR154",
        "origin_country": "Switzerland",
        "time_position": 1787474579,
        "last_contact": 1787474579,
        "baro_altitude": 10058.4,
        "on_ground": false,
        "velocity": 266.6,
        "true_track": 100.23,
        "vertical_rate": 0,
        "geo_altitude": 10515.6,
        "squawk": "3032",
        "spi": false,
        "position_source": 0
      }
    },
    {
      "type": "Feature",
      "geometry": {
        "type": "Point",
        "coordinates": [
          12.0356,
          42.1604
        ]
      },
      "properties": {
        "icao24": "3c65e1",
        "callsign": "DLH3PF",
        "origin_country": "Germany",
        "time_position": 1787474579,
        "last_contact": 1787474579,
        "baro_altitude": 4251.96,
        "on_ground": false,
        "velocity": 196.98,
        "true_track": 350.83,
        "vertical_rate": 11.05,
        "geo_altitude": 4556.76,
        "squawk": null,
        "spi": false,
        "position_source": 0
      }
    },
    {
      "type": "Feature",
      "geometry": {
        "type": "Point",
        "coordinates": [
          6.391,
          46.7251
        ]
      },
      "properties": {
        "icao24": "3c65e2",
        "callsign": "DLH39X",
        "origin_country": "Germany",
        "time_position": 1787474579,
        "last_contact": 1787474579,
        "baro_altitude": 10058.4,
        "on_ground": false,
        "velocity": 208.74,
        "true_track": 230.7,
        "vertical_rate": 0,
        "geo_altitude": 10507.98,
        "squawk": "2521",
        "spi": false,
        "position_source": 0
      }
    },
    {
      "type": "Feature",
      "geometry": {
        "type": "Point",
        "coordinates": [
          18.3573,
          43.7902
        ]
      },
      "properties": {
        "icao24": "516042",
        "callsign": "MNE344",
        "origin_country": "Montenegro",
        "time_position": 1787474579,
        "last_contact": 1787474579,
        "baro_altitude": 8496.3,
        "on_ground": false,
        "velocity": 207.91,
        "true_track": 341.39,
        "vertical_rate": 5.53,
        "geo_altitude": 8999.22,
        "squawk": "5162",
        "spi": false,
        "position_source": 0
      }
    },
    {
      "type": "Feature",
      "geometry": {
        "type": "Point",
        "coordinates": [
          8.8419,
          45.7011
        ]
      },
      "properties": {
        "icao24": "3c65da",
        "callsign": "DLH1322",
        "origin_country": "Germany",
        "time_position": 1787474579,
        "last_contact": 1787474579,
        "baro_altitude": 11269.98,
        "on_ground": false,
        "velocity": 230.11,
        "true_track": 163.1,
        "vertical_rate": 0.98,
        "geo_altitude": 11765.28,
        "squawk": "0136",
        "spi": false,
        "position_source": 0
      }
    },
    {
      "type": "Feature",
      "geometry": {
        "type": "Point",
        "coordinates": [
          6.8213,
          45.2823
        ]
      },
      "properties": {
        "icao24": "440cff",
        "callsign": "EJU72ZN",
        "origin_country": "Austria",
        "time_position": 1787474579,
        "last_contact": 1787474579,
        "baro_altitude": 7703.82,
        "on_ground": false,
        "velocity": 191.06,
        "true_track": 292.15,
        "vertical_rate": -5.2,
        "geo_altitude": 8115.3,
        "squawk": "1000",
        "spi": false,
        "position_source": 0
      }
    },
    {
      "type": "Feature",
      "geometry": {
        "type": "Point",
        "coordinates": [
          12.4698,
          45.7675
        ]
      },
      "properties": {
        "icao24": "31dd97",
        "callsign": "ID040",
        "origin_country": "Italy",
        "time_position": 1787474571,
        "last_contact": 1787474571,
        "baro_altitude": 769.62,
        "on_ground": false,
        "velocity": 55.79,
        "true_track": 327.04,
        "vertical_rate": 1.95,
        "geo_altitude": 830.58,
        "squawk": "7000",
        "spi": false,
        "position_source": 0
      }
    },
    {
      "type": "Feature",
      "geometry": {
        "type": "Point",
        "coordinates": [
          13.576,
          46.3485
        ]
      },
      "properties": {
        "icao24": "3c675a",
        "callsign": "DLH4PP",
        "origin_country": "Germany",
        "time_position": 1787474579,
        "last_contact": 1787474579,
        "baro_altitude": 11277.6,
        "on_ground": false,
        "velocity": 246.92,
        "true_track": 147.77,
        "vertical_rate": 0,
        "geo_altitude": 11772.9,
        "squawk": "1344",
        "spi": false,
        "position_source": 0
      }
    },
    {
      "type": "Feature",
      "geometry": {
        "type": "Point",
        "coordinates": [
          16.503,
          44.8743
        ]
      },
      "properties": {
        "icao24": "408051",
        "callsign": "EZY95TZ",
        "origin_country": "United Kingdom",
        "time_position": 1787474579,
        "last_contact": 1787474579,
        "baro_altitude": 11277.6,
        "on_ground": false,
        "velocity": 244.16,
        "true_track": 128.58,
        "vertical_rate": 0,
        "geo_altitude": 11826.24,
        "squawk": "0513",
        "spi": false,
        "position_source": 0
      }
    },
    {
      "type": "Feature",
      "geometry": {
        "type": "Point",
        "coordinates": [
          16.3317,
          46.5814
        ]
      },
      "properties": {
        "icao24": "440cab",
        "callsign": "AUA842",
        "origin_country": "Austria",
        "time_position": 1787474579,
        "last_contact": 1787474579,
        "baro_altitude": 8915.4,
        "on_ground": false,
        "velocity": 192.77,
        "true_track": 345.63,
        "vertical_rate": -4.55,
        "geo_altitude": 9342.12,
        "squawk": "6630",
        "spi": false,
        "position_source": 0
      }
    },
    {
      "type": "Feature",
      "geometry": {
        "type": "Point",
        "coordinates": [
          14.964,
          42.1937
        ]
      },
      "properties": {
        "icao24": "440cac",
        "callsign": "AUA57C",
        "origin_country": "Austria",
        "time_position": 1787474579,
        "last_contact": 1787474579,
        "baro_altitude": 10081.26,
        "on_ground": false,
        "velocity": 246.38,
        "true_track": 11.69,
        "vertical_rate": 6.5,
        "geo_altitude": 10660.38,
        "squawk": null,
        "spi": false,
        "position_source": 0
      }
    },
    {
      "type": "Feature",
      "geometry": {
        "type": "Point",
        "coordinates": [
          12.4693,
          46.9993
        ]
      },
      "properties": {
        "icao24": "440cdb",
        "callsign": "JFL993",
        "origin_country": "Austria",
        "time_position": 1787474579,
        "last_contact": 1787474580,
        "baro_altitude": 8404.86,
        "on_ground": false,
        "velocity": 172.79,
        "true_track": 213.22,
        "vertical_rate": 9.1,
        "geo_altitude": 8785.86,
        "squawk": "1000",
        "spi": false,
        "position_source": 0
      }
    },
    {
      "type": "Feature",
      "geometry": {
        "type": "Point",
        "coordinates": [
          10.3004,
          41.6857
        ]
      },
      "properties": {
        "icao24": "3c6585",
        "callsign": "DLH8PF",
        "origin_country": "Germany",
        "time_position": 1787474577,
        "last_contact": 1787474579,
        "baro_altitude": 6530.34,
        "on_ground": false,
        "velocity": 184.81,
        "true_track": 193.03,
        "vertical_rate": -5.2,
        "geo_altitude": 6957.06,
        "squawk": "7431",
        "spi": false,
        "position_source": 0
      }
    },
    {
      "type": "Feature",
      "geometry": {
        "type": "Point",
        "coordinates": [
          14.3336,
          39.7554
        ]
      },
      "properties": {
        "icao24": "02a1a6",
        "callsign": "LBT7613",
        "origin_country": "Tunisia",
        "time_position": 1787474579,
        "last_contact": 1787474579,
        "baro_altitude": 11285.22,
        "on_ground": false,
        "velocity": 224.61,
        "true_track": 203.63,
        "vertical_rate": -0.33,
        "geo_altitude": 11925.3,
        "squawk": "5616",
        "spi": false,
        "position_source": 0
      }
    },
    {
      "type": "Feature",
      "geometry": {
        "type": "Point",
        "coordinates": [
          9.8708,
          43.2056
        ]
      },
      "properties": {
        "icao24": "02a1a3",
        "callsign": "LBT554",
        "origin_country": "Tunisia",
        "time_position": 1787474579,
        "last_contact": 1787474579,
        "baro_altitude": 10949.94,
        "on_ground": false,
        "velocity": 235.09,
        "true_track": 10.72,
        "vertical_rate": 0,
        "geo_altitude": 11513.82,
        "squawk": "6146",
        "spi": false,
        "position_source": 0
      }
    },
    {
      "type": "Feature",
      "geometry": {
        "type": "Point",
        "coordinates": [
          15.3639,
          43.8262
        ]
      },
      "properties": {
        "icao24": "a4bf95",
        "callsign": "DAL212",
        "origin_country": "United States",
        "time_position": 1787474579,
        "last_contact": 1787474579,
        "baro_altitude": 11887.2,
        "on_ground": false,
        "velocity": 260.1,
        "true_track": 126.96,
        "vertical_rate": 0,
        "geo_altitude": 12458.7,
        "squawk": "2256",
        "spi": false,
        "position_source": 0
      }
    },
    {
      "type": "Feature",
      "geometry": {
        "type": "Point",
        "coordinates": [
          17.2137,
          43.26
        ]
      },
      "properties": {
        "icao24": "40820f",
        "callsign": "EXS97P",
        "origin_country": "United Kingdom",
        "time_position": 1787474571,
        "last_contact": 1787474579,
        "baro_altitude": 11201.4,
        "on_ground": false,
        "velocity": 245,
        "true_track": 145.61,
        "vertical_rate": 2.28,
        "geo_altitude": 11811,
        "squawk": "0511",
        "spi": false,
        "position_source": 0
      }
    },
    {
      "type": "Feature",
      "geometry": {
        "type": "Point",
        "coordinates": [
          16.3252,
          41.5759
        ]
      },
      "properties": {
        "icao24": "39d30b",
        "callsign": "TVF38EG",
        "origin_country": "France",
        "time_position": 1787474579,
        "last_contact": 1787474579,
        "baro_altitude": 6073.14,
        "on_ground": false,
        "velocity": 182.22,
        "true_track": 308.81,
        "vertical_rate": 13,
        "geo_altitude": 6438.9,
        "squawk": null,
        "spi": false,
        "position_source": 0
      }
    },
    {
      "type": "Feature",
      "geometry": {
        "type": "Point",
        "coordinates": [
          14.7921,
          37.4382
        ]
      },
      "properties": {
        "icao24": "3c6549",
        "callsign": "LHX5KY",
        "origin_country": "Germany",
        "time_position": 1787474579,
        "last_contact": 1787474579,
        "baro_altitude": 1501.14,
        "on_ground": false,
        "velocity": 144.29,
        "true_track": 66.91,
        "vertical_rate": -0.65,
        "geo_altitude": 1668.78,
        "squawk": "5546",
        "spi": false,
        "position_source": 0
      }
    },
    {
      "type": "Feature",
      "geometry": {
        "type": "Point",
        "coordinates": [
          8.557,
          47.4538
        ]
      },
      "properties": {
        "icao24": "4b5da1",
        "callsign": "ATL780",
        "origin_country": "Switzerland",
        "time_position": 1787470916,
        "last_contact": 1787474578,
        "baro_altitude": null,
        "on_ground": true,
        "velocity": 0.64,
        "true_track": 317.81,
        "vertical_rate": null,
        "geo_altitude": null,
        "squawk": null,
        "spi": false,
        "position_source": 0
      }
    },
    {
      "type": "Feature",
      "geometry": {
        "type": "Point",
        "coordinates": [
          6.1617,
          46.5933
        ]
      },
      "properties": {
        "icao24": "39e68e",
        "callsign": "AFR32YE",
        "origin_country": "France",
        "time_position": 1787474579,
        "last_contact": 1787474579,
        "baro_altitude": 10363.2,
        "on_ground": false,
        "velocity": 209.4,
        "true_track": 317.69,
        "vertical_rate": 0,
        "geo_altitude": 10812.78,
        "squawk": "1000",
        "spi": false,
        "position_source": 0
      }
    },
    {
      "type": "Feature",
      "geometry": {
        "type": "Point",
        "coordinates": [
          7.6796,
          47.5509
        ]
      },
      "properties": {
        "icao24": "39e682",
        "callsign": "AFR35BQ",
        "origin_country": "France",
        "time_position": 1787474579,
        "last_contact": 1787474580,
        "baro_altitude": 9448.8,
        "on_ground": false,
        "velocity": 259.79,
        "true_track": 154.55,
        "vertical_rate": 0.33,
        "geo_altitude": 9829.8,
        "squawk": "1000",
        "spi": false,
        "position_source": 0
      }
    },
    {
      "type": "Feature",
      "geometry": {
        "type": "Point",
        "coordinates": [
          8.5565,
          47.4536
        ]
      },
      "properties": {
        "icao24": "39e695",
        "callsign": "AFR78RM",
        "origin_country": "France",
        "time_position": 1787474548,
        "last_contact": 1787474575,
        "baro_altitude": 350.52,
        "on_ground": true,
        "velocity": 0,
        "true_track": 5.62,
        "vertical_rate": null,
        "geo_altitude": null,
        "squawk": "1000",
        "spi": false,
        "position_source": 0
      }
    },
    {
      "type": "Feature",
      "geometry": {
        "type": "Point",
        "coordinates": [
          8.5581,
          47.4507
        ]
      },
      "properties": {
        "icao24": "4b5db2",
        "callsign": "RTT16",
        "origin_country": "Switzerland",
        "time_position": 1787474445,
        "last_contact": 1787474445,
        "baro_altitude": null,
        "on_ground": true,
        "velocity": 0.06,
        "true_track": 8.44,
        "vertical_rate": null,
        "geo_altitude": null,
        "squawk": null,
        "spi": false,
        "position_source": 0
      }
    },
    {
      "type": "Feature",
      "geometry": {
        "type": "Point",
        "coordinates": [
          6.6608,
          42.9164
        ]
      },
      "properties": {
        "icao24": "3995a6",
        "callsign": "FHFNG",
        "origin_country": "France",
        "time_position": 1787474579,
        "last_contact": 1787474579,
        "baro_altitude": 1965.96,
        "on_ground": false,
        "velocity": 50.03,
        "true_track": 274.13,
        "vertical_rate": 0.33,
        "geo_altitude": 2156.46,
        "squawk": null,
        "spi": false,
        "position_source": 0
      }
    },
    {
      "type": "Feature",
      "geometry": {
        "type": "Point",
        "coordinates": [
          7.6094,
          47.7072
        ]
      },
      "properties": {
        "icao24": "3c64a6",
        "callsign": "DLH26C",
        "origin_country": "Germany",
        "time_position": 1787474579,
        "last_contact": 1787474579,
        "baro_altitude": 10668,
        "on_ground": false,
        "velocity": 212.23,
        "true_track": 196.77,
        "vertical_rate": 0,
        "geo_altitude": 11079.48,
        "squawk": "1000",
        "spi": false,
        "position_source": 0
      }
    },
    {
      "type": "Feature",
      "geometry": {
        "type": "Point",
        "coordinates": [
          12.4568,
          38.8533
        ]
      },
      "properties": {
        "icao24": "4080f7",
        "callsign": "EZY78NT",
        "origin_country": "United Kingdom",
        "time_position": 1787474566,
        "last_contact": 1787474566,
        "baro_altitude": 4373.88,
        "on_ground": false,
        "velocity": 206.38,
        "true_track": 156.18,
        "vertical_rate": -4.23,
        "geo_altitude": 4762.5,
        "squawk": "0525",
        "spi": false,
        "position_source": 0
      }
    },
    {
      "type": "Feature",
      "geometry": {
        "type": "Point",
        "coordinates": [
          18.6759,
          38.4422
        ]
      },
      "properties": {
        "icao24": "02a1ac",
        "callsign": "LBT691",
        "origin_country": "Tunisia",
        "time_position": 1787474579,
        "last_contact": 1787474579,
        "baro_altitude": 10957.56,
        "on_ground": false,
        "velocity": 227.35,
        "true_track": 253.16,
        "vertical_rate": -0.33,
        "geo_altitude": 11597.64,
        "squawk": "2312",
        "spi": false,
        "position_source": 0
      }
    },
    {
      "type": "Feature",
      "geometry": {
        "type": "Point",
        "coordinates": [
          11.0302,
          36.8128
        ]
      },
      "properties": {
        "icao24": "02a1ab",
        "callsign": "LBT7493",
        "origin_country": "Tunisia",
        "time_position": 1787474544,
        "last_contact": 1787474545,
        "baro_altitude": 7467.6,
        "on_ground": false,
        "velocity": 235.3,
        "true_track": 202.36,
        "vertical_rate": -15.61,
        "geo_altitude": 8008.62,
        "squawk": "5566",
        "spi": false,
        "position_source": 0
      }
    },
    {
      "type": "Feature",
      "geometry": {
        "type": "Point",
        "coordinates": [
          17.9942,
          43.1372
        ]
      },
      "properties": {
        "icao24": "4080a4",
        "callsign": "EXS49FP",
        "origin_country": "United Kingdom",
        "time_position": 1787474578,
        "last_contact": 1787474578,
        "baro_altitude": 11277.6,
        "on_ground": false,
        "velocity": 239.64,
        "true_track": 144.88,
        "vertical_rate": 0,
        "geo_altitude": 11856.72,
        "squawk": "0503",
        "spi": false,
        "position_source": 0
      }
    },
    {
      "type": "Feature",
      "geometry": {
        "type": "Point",
        "coordinates": [
          7.7226,
          47.2267
        ]
      },
      "properties": {
        "icao24": "39e4ac",
        "callsign": "AFR1061",
        "origin_country": "France",
        "time_position": 1787474579,
        "last_contact": 1787474579,
        "baro_altitude": 10972.8,
        "on_ground": false,
        "velocity": 193.15,
        "true_track": 283.56,
        "vertical_rate": 0,
        "geo_altitude": 11422.38,
        "squawk": "0262",
        "spi": false,
        "position_source": 0
      }
    },
    {
      "type": "Feature",
      "geometry": {
        "type": "Point",
        "coordinates": [
          10.1962,
          42.9872
        ]
      },
      "properties": {
        "icao24": "4a08e9",
        "callsign": "ROT401Z",
        "origin_country": "Romania",
        "time_position": 1787474580,
        "last_contact": 1787474580,
        "baro_altitude": 10180.32,
        "on_ground": false,
        "velocity": 221.91,
        "true_track": 264.01,
        "vertical_rate": -4.88,
        "geo_altitude": 10744.2,
        "squawk": "1356",
        "spi": false,
        "position_source": 0
      }
    },
    {
      "type": "Feature",
      "geometry": {
        "type": "Point",
        "coordinates": [
          15.5122,
          41.7763
        ]
      },
      "properties": {
        "icao24": "494105",
        "callsign": "NJE824W",
        "origin_country": "Portugal",
        "time_position": 1787474579,
        "last_contact": 1787474579,
        "baro_altitude": 12900.66,
        "on_ground": false,
        "velocity": 196.95,
        "true_track": 317.22,
        "vertical_rate": 3.58,
        "geo_altitude": 13540.74,
        "squawk": null,
        "spi": false,
        "position_source": 0
      }
    },
    {
      "type": "Feature",
      "geometry": {
        "type": "Point",
        "coordinates": [
          8.9412,
          45.6411
        ]
      },
      "properties": {
        "icao24": "4080c2",
        "callsign": "RUK89LH",
        "origin_country": "United Kingdom",
        "time_position": 1787474579,
        "last_contact": 1787474579,
        "baro_altitude": 5455.92,
        "on_ground": false,
        "velocity": 193.93,
        "true_track": 265.89,
        "vertical_rate": 11.7,
        "geo_altitude": 5745.48,
        "squawk": "0445",
        "spi": false,
        "position_source": 0
      }
    },
    {
      "type": "Feature",
      "geometry": {
        "type": "Point",
        "coordinates": [
          9.0421,
          47.5742
        ]
      },
      "properties": {
        "icao24": "4b4b05",
        "callsign": "HB1630",
        "origin_country": "Switzerland",
        "time_position": 1787474565,
        "last_contact": 1787474565,
        "baro_altitude": 327.66,
        "on_ground": false,
        "velocity": 1.15,
        "true_track": 243.43,
        "vertical_rate": -0.33,
        "geo_altitude": 464.82,
        "squawk": "7000",
        "spi": false,
        "position_source": 0
      }
    },
    {
      "type": "Feature",
      "geometry": {
        "type": "Point",
        "coordinates": [
          8.3372,
          44.9771
        ]
      },
      "properties": {
        "icao24": "31de9f",
        "callsign": "ID578",
        "origin_country": "Italy",
        "time_position": 1787474559,
        "last_contact": 1787474559,
        "baro_altitude": 365.76,
        "on_ground": false,
        "velocity": 34.49,
        "true_track": 342.65,
        "vertical_rate": -0.33,
        "geo_altitude": 502.92,
        "squawk": null,
        "spi": false,
        "position_source": 0
      }
    },
    {
      "type": "Feature",
      "geometry": {
        "type": "Point",
        "coordinates": [
          8.4463,
          47.5477
        ]
      },
      "properties": {
        "icao24": "4b15d7",
        "callsign": "EDW35Y",
        "origin_country": "Switzerland",
        "time_position": 1787474579,
        "last_contact": 1787474579,
        "baro_altitude": 876.3,
        "on_ground": false,
        "velocity": 83.37,
        "true_track": 137.25,
        "vertical_rate": -4.23,
        "geo_altitude": 1021.08,
        "squawk": "1000",
        "spi": false,
        "position_source": 0
      }
    },
    {
      "type": "Feature",
      "geometry": {
        "type": "Point",
        "coordinates": [
          7.7183,
          46.6361
        ]
      },
      "properties": {
        "icao24": "3c7989",
        "callsign": "CFG9XT",
        "origin_country": "Germany",
        "time_position": 1787474579,
        "last_contact": 1787474579,
        "baro_altitude": 6659.88,
        "on_ground": false,
        "velocity": 238.65,
        "true_track": 25.13,
        "vertical_rate": -5.2,
        "geo_altitude": 7002.78,
        "squawk": "1000",
        "spi": false,
        "position_source": 0
      }
    },
    {
      "type": "Feature",
      "geometry": {
        "type": "Point",
        "coordinates": [
          14.3692,
          39.7881
        ]
      },
      "properties": {
        "icao24": "3c6659",
        "callsign": "DLH307",
        "origin_country": "Germany",
        "time_position": 1787474579,
        "last_contact": 1787474579,
        "baro_altitude": 9944.1,
        "on_ground": false,
        "velocity": 236.05,
        "true_track": 333.04,
        "vertical_rate": 4.88,
        "geo_altitude": 10530.84,
        "squawk": null,
        "spi": false,
        "position_source": 0
      }
    },
    {
      "type": "Feature",
      "geometry": {
        "type": "Point",
        "coordinates": [
          14.6648,
          46.3335
        ]
      },
      "properties": {
        "icao24": "3c7983",
        "callsign": "CFG7JV",
        "origin_country": "Germany",
        "time_position": 1787474579,
        "last_contact": 1787474579,
        "baro_altitude": 10355.58,
        "on_ground": false,
        "velocity": 208.59,
        "true_track": 329.96,
        "vertical_rate": -0.33,
        "geo_altitude": 10843.26,
        "squawk": "3726",
        "spi": false,
        "position_source": 0
      }
    },
    {
      "type": "Feature",
      "geometry": {
        "type": "Point",
        "coordinates": [
          14.8636,
          45.5415
        ]
      },
      "properties": {
        "icao24": "39d307",
        "callsign": "TVF39LN",
        "origin_country": "France",
        "time_position": 1787474579,
        "last_contact": 1787474579,
        "baro_altitude": 11277.6,
        "on_ground": false,
        "velocity": 244.5,
        "true_track": 136.19,
        "vertical_rate": 0,
        "geo_altitude": 11795.76,
        "squawk": "7561",
        "spi": false,
        "position_source": 0
      }
    },
    {
      "type": "Feature",
      "geometry": {
        "type": "Point",
        "coordinates": [
          8.7706,
          47.5111
        ]
      },
      "properties": {
        "icao24": "4b4b99",
        "callsign": "HB1778",
        "origin_country": "Switzerland",
        "time_position": 1787474577,
        "last_contact": 1787474579,
        "baro_altitude": 365.76,
        "on_ground": false,
        "velocity": 0,
        "true_track": 0,
        "vertical_rate": -0.33,
        "geo_altitude": 510.54,
        "squawk": "7000",
        "spi": false,
        "position_source": 0
      }
    },
    {
      "type": "Feature",
      "geometry": {
        "type": "Point",
        "coordinates": [
          8.5578,
          47.455
        ]
      },
      "properties": {
        "icao24": "4b5d9b",
        "callsign": "ATL781",
        "origin_country": "Switzerland",
        "time_position": 1787474573,
        "last_contact": 1787474573,
        "baro_altitude": null,
        "on_ground": true,
        "velocity": 1.54,
        "true_track": 174.38,
        "vertical_rate": null,
        "geo_altitude": null,
        "squawk": null,
        "spi": false,
        "position_source": 0
      }
    },
    {
      "type": "Feature",
      "geometry": {
        "type": "Point",
        "coordinates": [
          16.5659,
          38.8666
        ]
      },
      "properties": {
        "icao24": "3c648e",
        "callsign": "DLH6EV",
        "origin_country": "Germany",
        "time_position": 1787474555,
        "last_contact": 1787474555,
        "baro_altitude": 1143,
        "on_ground": false,
        "velocity": 113.18,
        "true_track": 269.48,
        "vertical_rate": -3.25,
        "geo_altitude": 1325.88,
        "squawk": "1000",
        "spi": false,
        "position_source": 0
      }
    },
    {
      "type": "Feature",
      "geometry": {
        "type": "Point",
        "coordinates": [
          18.8341,
          42.1394
        ]
      },
      "properties": {
        "icao24": "3c648d",
        "callsign": "DLH1712",
        "origin_country": "Germany",
        "time_position": 1787474566,
        "last_contact": 1787474567,
        "baro_altitude": 8122.92,
        "on_ground": false,
        "velocity": 246.01,
        "true_track": 136.69,
        "vertical_rate": -14.63,
        "geo_altitude": 8610.6,
        "squawk": "5570",
        "spi": false,
        "position_source": 0
      }
    },
    {
      "type": "Feature",
      "geometry": {
        "type": "Point",
        "coordinates": [
          10.9203,
          46.5803
        ]
      },
      "properties": {
        "icao24": "3c6495",
        "callsign": "EWG7DL",
        "origin_country": "Germany",
        "time_position": 1787474580,
        "last_contact": 1787474580,
        "baro_altitude": 10972.8,
        "on_ground": false,
        "velocity": 260.93,
        "true_track": 43.32,
        "vertical_rate": -0.33,
        "geo_altitude": 11445.24,
        "squawk": "1000",
        "spi": false,
        "position_source": 0
      }
    },
    {
      "type": "Feature",
      "geometry": {
        "type": "Point",
        "coordinates": [
          8.1224,
          47.6284
        ]
      },
      "properties": {
        "icao24": "4b1619",
        "callsign": "SWR2XL",
        "origin_country": "Switzerland",
        "time_position": 1787474579,
        "last_contact": 1787474579,
        "baro_altitude": 1821.18,
        "on_ground": false,
        "velocity": 117.07,
        "true_track": 40.9,
        "vertical_rate": -1.63,
        "geo_altitude": 1988.82,
        "squawk": "1000",
        "spi": false,
        "position_source": 0
      }
    },
    {
      "type": "Feature",
      "geometry": {
        "type": "Point",
        "coordinates": [
          16.6619,
          47.7912
        ]
      },
      "properties": {
        "icao24": "440c8d",
        "callsign": "AUA79",
        "origin_country": "Austria",
        "time_position": 1787474579,
        "last_contact": 1787474579,
        "baro_altitude": 3223.26,
        "on_ground": false,
        "velocity": 176.55,
        "true_track": 139.25,
        "vertical_rate": 4.55,
        "geo_altitude": 3406.14,
        "squawk": "6021",
        "spi": false,
        "position_source": 0
      }
    },
    {
      "type": "Feature",
      "geometry": {
        "type": "Point",
        "coordinates": [
          6.7274,
          46.9246
        ]
      },
      "properties": {
        "icao24": "4b293f",
        "callsign": "HBPQD",
        "origin_country": "Switzerland",
        "time_position": 1787474579,
        "last_contact": 1787474579,
        "baro_altitude": 1630.68,
        "on_ground": false,
        "velocity": 60.15,
        "true_track": 228.81,
        "vertical_rate": -0.98,
        "geo_altitude": 1744.98,
        "squawk": "7000",
        "spi": false,
        "position_source": 0
      }
    },
    {
      "type": "Feature",
      "geometry": {
        "type": "Point",
        "coordinates": [
          9.2746,
          45.4676
        ]
      },
      "properties": {
        "icao24": "440c83",
        "callsign": "EJU58NR",
        "origin_country": "Austria",
        "time_position": 1787474580,
        "last_contact": 1787474580,
        "baro_altitude": 441.96,
        "on_ground": false,
        "velocity": 86.31,
        "true_track": 354.53,
        "vertical_rate": 16.91,
        "geo_altitude": 541.02,
        "squawk": "1000",
        "spi": false,
        "position_source": 0
      }
    },
    {
      "type": "Feature",
      "geometry": {
        "type": "Point",
        "coordinates": [
          11.4531,
          47.6103
        ]
      },
      "properties": {
        "icao24": "4b1693",
        "callsign": "SWR4CX",
        "origin_country": "Switzerland",
        "time_position": 1787474579,
        "last_contact": 1787474579,
        "baro_altitude": 10751.82,
        "on_ground": false,
        "velocity": 188.89,
        "true_track": 280.51,
        "vertical_rate": -4.88,
        "geo_altitude": 11170.92,
        "squawk": "1000",
        "spi": false,
        "position_source": 0
      }
    },
    {
      "type": "Feature",
      "geometry": {
        "type": "Point",
        "coordinates": [
          14.739,
          45.212
        ]
      },
      "properties": {
        "icao24": "440c2d",
        "callsign": "OEDLC",
        "origin_country": "Austria",
        "time_position": 1787474579,
        "last_contact": 1787474579,
        "baro_altitude": 2247.9,
        "on_ground": false,
        "velocity": 73.65,
        "true_track": 201.73,
        "vertical_rate": 0,
        "geo_altitude": 2430.78,
        "squawk": "7000",
        "spi": false,
        "position_source": 0
      }
    },
    {
      "type": "Feature",
      "geometry": {
        "type": "Point",
        "coordinates": [
          6.8024,
          45.0798
        ]
      },
      "properties": {
        "icao24": "495146",
        "callsign": "TAP22MX",
        "origin_country": "Portugal",
        "time_position": 1787474579,
        "last_contact": 1787474579,
        "baro_altitude": 8008.62,
        "on_ground": false,
        "velocity": 237.31,
        "true_track": 111.22,
        "vertical_rate": -7.15,
        "geo_altitude": 8450.58,
        "squawk": "1170",
        "spi": false,
        "position_source": 0
      }
    },
    {
      "type": "Feature",
      "geometry": {
        "type": "Point",
        "coordinates": [
          12.041,
          43.1456
        ]
      },
      "properties": {
        "icao24": "440c31",
        "callsign": "EJU72XR",
        "origin_country": "Austria",
        "time_position": 1787474579,
        "last_contact": 1787474579,
        "baro_altitude": 7505.7,
        "on_ground": false,
        "velocity": 206.73,
        "true_track": 168.66,
        "vertical_rate": -11.38,
        "geo_altitude": 7978.14,
        "squawk": "1000",
        "spi": false,
        "position_source": 0
      }
    },
    {
      "type": "Feature",
      "geometry": {
        "type": "Point",
        "coordinates": [
          11.6385,
          46.6519
        ]
      },
      "properties": {
        "icao24": "4b169a",
        "callsign": "SWR2267",
        "origin_country": "Switzerland",
        "time_position": 1787474579,
        "last_contact": 1787474579,
        "baro_altitude": 9151.62,
        "on_ground": false,
        "velocity": 197.89,
        "true_track": 315,
        "vertical_rate": -0.98,
        "geo_altitude": 9585.96,
        "squawk": "1000",
        "spi": false,
        "position_source": 0
      }
    },
    {
      "type": "Feature",
      "geometry": {
        "type": "Point",
        "coordinates": [
          7.0578,
          44.6075
        ]
      },
      "properties": {
        "icao24": "440c36",
        "callsign": "EJU792Q",
        "origin_country": "Austria",
        "time_position": 1787474579,
        "last_contact": 1787474580,
        "baro_altitude": 8519.16,
        "on_ground": false,
        "velocity": 203.49,
        "true_track": 170.39,
        "vertical_rate": -5.2,
        "geo_altitude": 8983.98,
        "squawk": "1000",
        "spi": false,
        "position_source": 0
      }
    },
    {
      "type": "Feature",
      "geometry": {
        "type": "Point",
        "coordinates": [
          12.1363,
          47.5682
        ]
      },
      "properties": {
        "icao24": "440c1d",
        "callsign": "OEKTA",
        "origin_country": "Austria",
        "time_position": 1787474329,
        "last_contact": 1787474334,
        "baro_altitude": 457.2,
        "on_ground": false,
        "velocity": 40.53,
        "true_track": 246.04,
        "vertical_rate": -4.23,
        "geo_altitude": 586.74,
        "squawk": "7000",
        "spi": false,
        "position_source": 0
      }
    },
    {
      "type": "Feature",
      "geometry": {
        "type": "Point",
        "coordinates": [
          6.1099,
          45.2223
        ]
      },
      "properties": {
        "icao24": "ab0d15",
        "callsign": "AAL130",
        "origin_country": "United States",
        "time_position": 1787474579,
        "last_contact": 1787474579,
        "baro_altitude": 11879.58,
        "on_ground": false,
        "velocity": 273.04,
        "true_track": 107.21,
        "vertical_rate": 0,
        "geo_altitude": 12397.74,
        "squawk": "1000",
        "spi": false,
        "position_source": 0
      }
    },
    {
      "type": "Feature",
      "geometry": {
        "type": "Point",
        "coordinates": [
          11.7664,
          45.8861
        ]
      },
      "properties": {
        "icao24": "400804",
        "callsign": "BAW59FT",
        "origin_country": "United Kingdom",
        "time_position": 1787474579,
        "last_contact": 1787474579,
        "baro_altitude": 7536.18,
        "on_ground": false,
        "velocity": 192.45,
        "true_track": 314.24,
        "vertical_rate": 11.7,
        "geo_altitude": 7917.18,
        "squawk": "0230",
        "spi": false,
        "position_source": 0
      }
    },
    {
      "type": "Feature",
      "geometry": {
        "type": "Point",
        "coordinates": [
          8.8566,
          47.7588
        ]
      },
      "properties": {
        "icao24": "3cfc54",
        "callsign": "MCK202",
        "origin_country": "Germany",
        "time_position": 1787474579,
        "last_contact": 1787474579,
        "baro_altitude": 10485.12,
        "on_ground": false,
        "velocity": 202.38,
        "true_track": 156.95,
        "vertical_rate": 7.8,
        "geo_altitude": 10881.36,
        "squawk": "2561",
        "spi": false,
        "position_source": 0
      }
    },
    {
      "type": "Feature",
      "geometry": {
        "type": "Point",
        "coordinates": [
          10.924,
          37.3437
        ]
      },
      "properties": {
        "icao24": "4b027c",
        "callsign": "EZS26LA",
        "origin_country": "Switzerland",
        "time_position": 1787474576,
        "last_contact": 1787474576,
        "baro_altitude": 7063.74,
        "on_ground": false,
        "velocity": 181.81,
        "true_track": 208.02,
        "vertical_rate": -5.2,
        "geo_altitude": 7574.28,
        "squawk": "0220",
        "spi": false,
        "position_source": 0
      }
    },
    {
      "type": "Feature",
      "geometry": {
        "type": "Point",
        "coordinates": [
          12.776,
          39.3232
        ]
      },
      "properties": {
        "icao24": "4b0281",
        "callsign": "EZS64QE",
        "origin_country": "Switzerland",
        "time_position": 1787474579,
        "last_contact": 1787474579,
        "baro_altitude": 9425.94,
        "on_ground": false,
        "velocity": 218.53,
        "true_track": 340.33,
        "vertical_rate": 4.88,
        "geo_altitude": 10012.68,
        "squawk": "1000",
        "spi": false,
        "position_source": 0
      }
    },
    {
      "type": "Feature",
      "geometry": {
        "type": "Point",
        "coordinates": [
          9.1523,
          45.3196
        ]
      },
      "properties": {
        "icao24": "4b028f",
        "callsign": "SWR1792",
        "origin_country": "Switzerland",
        "time_position": 1787474580,
        "last_contact": 1787474580,
        "baro_altitude": 10668,
        "on_ground": false,
        "velocity": 239.58,
        "true_track": 159.78,
        "vertical_rate": 0.33,
        "geo_altitude": 11163.3,
        "squawk": "3051",
        "spi": false,
        "position_source": 0
      }
    },
    {
      "type": "Feature",
      "geometry": {
        "type": "Point",
        "coordinates": [
          18.315,
          43.1885
        ]
      },
      "properties": {
        "icao24": "4b028b",
        "callsign": "SWR1TW",
        "origin_country": "Switzerland",
        "time_position": 1787474573,
        "last_contact": 1787474578,
        "baro_altitude": 11582.4,
        "on_ground": false,
        "velocity": 220.17,
        "true_track": 316.61,
        "vertical_rate": 0,
        "geo_altitude": 12184.38,
        "squawk": null,
        "spi": false,
        "position_source": 0
      }
    },
    {
      "type": "Feature",
      "geometry": {
        "type": "Point",
        "coordinates": [
          8.5569,
          47.4559
        ]
      },
      "properties": {
        "icao24": "4b0293",
        "callsign": "SWR7AK",
        "origin_country": "Switzerland",
        "time_position": 1787474387,
        "last_contact": 1787474392,
        "baro_altitude": 342.9,
        "on_ground": true,
        "velocity": 0,
        "true_track": 5.62,
        "vertical_rate": null,
        "geo_altitude": null,
        "squawk": "1000",
        "spi": false,
        "position_source": 0
      }
    },
    {
      "type": "Feature",
      "geometry": {
        "type": "Point",
        "coordinates": [
          14.1947,
          43.3052
        ]
      },
      "properties": {
        "icao24": "4b0291",
        "callsign": "OAW322",
        "origin_country": "Switzerland",
        "time_position": 1787474579,
        "last_contact": 1787474579,
        "baro_altitude": 11277.6,
        "on_ground": false,
        "velocity": 249.63,
        "true_track": 136.5,
        "vertical_rate": -0.33,
        "geo_altitude": 11849.1,
        "squawk": "2741",
        "spi": false,
        "position_source": 0
      }
    },
    {
      "type": "Feature",
      "geometry": {
        "type": "Point",
        "coordinates": [
          18.729,
          39.5523
        ]
      },
      "properties": {
        "icao24": "3991e0",
        "callsign": "AFR57JR",
        "origin_country": "France",
        "time_position": 1787474579,
        "last_contact": 1787474579,
        "baro_altitude": 11277.6,
        "on_ground": false,
        "velocity": 231.8,
        "true_track": 140.76,
        "vertical_rate": 0.33,
        "geo_altitude": 11910.06,
        "squawk": "0663",
        "spi": false,
        "position_source": 0
      }
    },
    {
      "type": "Feature",
      "geometry": {
        "type": "Point",
        "coordinates": [
          11.0842,
          46.6041
        ]
      },
      "properties": {
        "icao24": "3d2ec1",
        "callsign": "DEPYN",
        "origin_country": "Germany",
        "time_position": 1787474579,
        "last_contact": 1787474579,
        "baro_altitude": 7010.4,
        "on_ground": false,
        "velocity": 140.79,
        "true_track": 134.26,
        "vertical_rate": 0,
        "geo_altitude": 7383.78,
        "squawk": "2224",
        "spi": false,
        "position_source": 0
      }
    },
    {
      "type": "Feature",
      "geometry": {
        "type": "Point",
        "coordinates": [
          6.2623,
          44.5453
        ]
      },
      "properties": {
        "icao24": "390968",
        "callsign": "FGCLI",
        "origin_country": "France",
        "time_position": 1787474579,
        "last_contact": 1787474580,
        "baro_altitude": 1737.36,
        "on_ground": false,
        "velocity": 44.8,
        "true_track": 291.56,
        "vertical_rate": 1.3,
        "geo_altitude": 1889.76,
        "squawk": "7005",
        "spi": false,
        "position_source": 0
      }
    },
    {
      "type": "Feature",
      "geometry": {
        "type": "Point",
        "coordinates": [
          8.7993,
          45.3537
        ]
      },
      "properties": {
        "icao24": "40097e",
        "callsign": "BAW582",
        "origin_country": "United Kingdom",
        "time_position": 1787474579,
        "last_contact": 1787474579,
        "baro_altitude": 876.3,
        "on_ground": false,
        "velocity": 106.93,
        "true_track": 346.36,
        "vertical_rate": -0.65,
        "geo_altitude": 1013.46,
        "squawk": "0542",
        "spi": false,
        "position_source": 0
      }
    },
    {
      "type": "Feature",
      "geometry": {
        "type": "Point",
        "coordinates": [
          8.0522,
          47.4274
        ]
      },
      "properties": {
        "icao24": "392af0",
        "callsign": "AFR12HA",
        "origin_country": "France",
        "time_position": 1787474579,
        "last_contact": 1787474579,
        "baro_altitude": 11277.6,
        "on_ground": false,
        "velocity": 253.83,
        "true_track": 124.01,
        "vertical_rate": 0,
        "geo_altitude": 11696.7,
        "squawk": "5617",
        "spi": false,
        "position_source": 0
      }
    },
    {
      "type": "Feature",
      "geometry": {
        "type": "Point",
        "coordinates": [
          7.2425,
          46.3013
        ]
      },
      "properties": {
        "icao24": "4b2837",
        "callsign": "HBPFZ",
        "origin_country": "Switzerland",
        "time_position": 1787474578,
        "last_contact": 1787474578,
        "baro_altitude": 3459.48,
        "on_ground": false,
        "velocity": 60.26,
        "true_track": 238.62,
        "vertical_rate": -1.3,
        "geo_altitude": 3672.84,
        "squawk": "4520",
        "spi": false,
        "position_source": 0
      }
    },
    {
      "type": "Feature",
      "geometry": {
        "type": "Point",
        "coordinates": [
          7.8342,
          43.1499
        ]
      },
      "properties": {
        "icao24": "392af3",
        "callsign": "AFR56SN",
        "origin_country": "France",
        "time_position": 1787474580,
        "last_contact": 1787474580,
        "baro_altitude": 10363.2,
        "on_ground": false,
        "velocity": 222.11,
        "true_track": 324.62,
        "vertical_rate": 0,
        "geo_altitude": 10911.84,
        "squawk": "1000",
        "spi": false,
        "position_source": 0
      }
    },
    {
      "type": "Feature",
      "geometry": {
        "type": "Point",
        "coordinates": [
          12.3422,
          44.0037
        ]
      },
      "properties": {
        "icao24": "392af4",
        "callsign": "AFR51YQ",
        "origin_country": "France",
        "time_position": 1787474579,
        "last_contact": 1787474579,
        "baro_altitude": 10668,
        "on_ground": false,
        "velocity": 234.21,
        "true_track": 147.74,
        "vertical_rate": 0,
        "geo_altitude": 11201.4,
        "squawk": "1000",
        "spi": false,
        "position_source": 0
      }
    },
    {
      "type": "Feature",
      "geometry": {
        "type": "Point",
        "coordinates": [
          18.8604,
          39.4403
        ]
      },
      "properties": {
        "icao24": "392af2",
        "callsign": "AFR87AC",
        "origin_country": "France",
        "time_position": 1787474578,
        "last_contact": 1787474579,
        "baro_altitude": 10668,
        "on_ground": false,
        "velocity": 234.94,
        "true_track": 127.97,
        "vertical_rate": 0.33,
        "geo_altitude": 11277.6,
        "squawk": "0661",
        "spi": false,
        "position_source": 0
      }
    },
    {
      "type": "Feature",
      "geometry": {
        "type": "Point",
        "coordinates": [
          6.626,
          42.9818
        ]
      },
      "properties": {
        "icao24": "440d6f",
        "callsign": "EJU32GK",
        "origin_country": "Austria",
        "time_position": 1787474579,
        "last_contact": 1787474579,
        "baro_altitude": 8237.22,
        "on_ground": false,
        "velocity": 198.05,
        "true_track": 236.76,
        "vertical_rate": 5.53,
        "geo_altitude": 8724.9,
        "squawk": "6755",
        "spi": false,
        "position_source": 0
      }
    },
    {
      "type": "Feature",
      "geometry": {
        "type": "Point",
        "coordinates": [
          6.3041,
          47.6819
        ]
      },
      "properties": {
        "icao24": "3c5099",
        "callsign": "LBT206",
        "origin_country": "Germany",
        "time_position": 1787474579,
        "last_contact": 1787474579,
        "baro_altitude": 10965.18,
        "on_ground": false,
        "velocity": 235.42,
        "true_track": 356.99,
        "vertical_rate": 0,
        "geo_altitude": 11399.52,
        "squawk": "1000",
        "spi": false,
        "position_source": 0
      }
    },
    {
      "type": "Feature",
      "geometry": {
        "type": "Point",
        "coordinates": [
          9.171,
          47.591
        ]
      },
      "properties": {
        "icao24": "440d71",
        "callsign": "AUA135P",
        "origin_country": "Austria",
        "time_position": 1787474579,
        "last_contact": 1787474580,
        "baro_altitude": 3939.54,
        "on_ground": false,
        "velocity": 121.47,
        "true_track": 254.02,
        "vertical_rate": -2.93,
        "geo_altitude": 4152.9,
        "squawk": "1000",
        "spi": false,
        "position_source": 0
      }
    },
    {
      "type": "Feature",
      "geometry": {
        "type": "Point",
        "coordinates": [
          10.0254,
          42.8151
        ]
      },
      "properties": {
        "icao24": "a05627",
        "callsign": "UAL971",
        "origin_country": "United States",
        "time_position": 1787474579,
        "last_contact": 1787474579,
        "baro_altitude": 8214.36,
        "on_ground": false,
        "velocity": 262.35,
        "true_track": 327.9,
        "vertical_rate": 6.5,
        "geo_altitude": 8709.66,
        "squawk": null,
        "spi": false,
        "position_source": 0
      }
    },
    {
      "type": "Feature",
      "geometry": {
        "type": "Point",
        "coordinates": [
          13.9946,
          41.245
        ]
      },
      "properties": {
        "icao24": "ac7060",
        "callsign": "N900NH",
        "origin_country": "United States",
        "time_position": 1787474579,
        "last_contact": 1787474579,
        "baro_altitude": 5349.24,
        "on_ground": false,
        "velocity": 181.81,
        "true_track": 331.98,
        "vertical_rate": 16.91,
        "geo_altitude": 5722.62,
        "squawk": null,
        "spi": false,
        "position_source": 0
      }
    },
    {
      "type": "Feature",
      "geometry": {
        "type": "Point",
        "coordinates": [
          10.9489,
          42.6007
        ]
      },
      "properties": {
        "icao24": "400960",
        "callsign": "BAW548",
        "origin_country": "United Kingdom",
        "time_position": 1787474579,
        "last_contact": 1787474579,
        "baro_altitude": 5257.8,
        "on_ground": false,
        "velocity": 216.9,
        "true_track": 122.9,
        "vertical_rate": -9.75,
        "geo_altitude": 5623.56,
        "squawk": "2266",
        "spi": false,
        "position_source": 0
      }
    },
    {
      "type": "Feature",
      "geometry": {
        "type": "Point",
        "coordinates": [
          18.9227,
          44.6105
        ]
      },
      "properties": {
        "icao24": "440d4d",
        "callsign": "FDX4774",
        "origin_country": "Austria",
        "time_position": 1787474579,
        "last_contact": 1787474579,
        "baro_altitude": 10972.8,
        "on_ground": false,
        "velocity": 211.04,
        "true_track": 292.5,
        "vertical_rate": 0,
        "geo_altitude": 11521.44,
        "squawk": "3206",
        "spi": false,
        "position_source": 0
      }
    },
    {
      "type": "Feature",
      "geometry": {
        "type": "Point",
        "coordinates": [
          15.3326,
          41.1509
        ]
      },
      "properties": {
        "icao24": "a0566a",
        "callsign": "UAL125",
        "origin_country": "United States",
        "time_position": 1787474579,
        "last_contact": 1787474579,
        "baro_altitude": 10363.2,
        "on_ground": false,
        "velocity": 246.73,
        "true_track": 294.91,
        "vertical_rate": 0,
        "geo_altitude": 10965.18,
        "squawk": null,
        "spi": false,
        "position_source": 0
      }
    },
    {
      "type": "Feature",
      "geometry": {
        "type": "Point",
        "coordinates": [
          15.8472,
          44.0335
        ]
      },
      "properties": {
        "icao24": "4c348c",
        "callsign": "FUU231A",
        "origin_country": "Serbia",
        "time_position": 1787474579,
        "last_contact": 1787474579,
        "baro_altitude": 12192,
        "on_ground": false,
        "velocity": 181.14,
        "true_track": 305.41,
        "vertical_rate": 0,
        "geo_altitude": 12748.26,
        "squawk": "5614",
        "spi": false,
        "position_source": 0
      }
    },
    {
      "type": "Feature",
      "geometry": {
        "type": "Point",
        "coordinates": [
          17.6672,
          35.4242
        ]
      },
      "properties": {
        "icao24": "7105ab",
        "callsign": "SVA373",
        "origin_country": "Saudi Arabia",
        "time_position": 1787474579,
        "last_contact": 1787474579,
        "baro_altitude": 10972.8,
        "on_ground": false,
        "velocity": 247.74,
        "true_track": 278.72,
        "vertical_rate": -0.65,
        "geo_altitude": 11643.36,
        "squawk": null,
        "spi": false,
        "position_source": 0
      }
    },
    {
      "type": "Feature",
      "geometry": {
        "type": "Point",
        "coordinates": [
          8.8019,
          43.9664
        ]
      },
      "properties": {
        "icao24": "495215",
        "callsign": "TAP874H",
        "origin_country": "Portugal",
        "time_position": 1787474580,
        "last_contact": 1787474580,
        "baro_altitude": 9654.54,
        "on_ground": false,
        "velocity": 245.48,
        "true_track": 79.37,
        "vertical_rate": -2.93,
        "geo_altitude": 10149.84,
        "squawk": "1000",
        "spi": false,
        "position_source": 0
      }
    },
    {
      "type": "Feature",
      "geometry": {
        "type": "Point",
        "coordinates": [
          7.7629,
          45.343
        ]
      },
      "properties": {
        "icao24": "485871",
        "callsign": "KLC72A",
        "origin_country": "Kingdom of the Netherlands",
        "time_position": 1787474579,
        "last_contact": 1787474579,
        "baro_altitude": 10363.2,
        "on_ground": false,
        "velocity": 212.2,
        "true_track": 327.27,
        "vertical_rate": 0,
        "geo_altitude": 10850.88,
        "squawk": "0444",
        "spi": false,
        "position_source": 0
      }
    },
    {
      "type": "Feature",
      "geometry": {
        "type": "Point",
        "coordinates": [
          11.3037,
          47.5108
        ]
      },
      "properties": {
        "icao24": "4b39e3",
        "callsign": "HBVXZ",
        "origin_country": "Switzerland",
        "time_position": 1787474579,
        "last_contact": 1787474580,
        "baro_altitude": 13106.4,
        "on_ground": false,
        "velocity": 199.68,
        "true_track": 358.38,
        "vertical_rate": 0,
        "geo_altitude": 13555.98,
        "squawk": "7351",
        "spi": false,
        "position_source": 0
      }
    },
    {
      "type": "Feature",
      "geometry": {
        "type": "Point",
        "coordinates": [
          9.2496,
          44.5982
        ]
      },
      "properties": {
        "icao24": "461852",
        "callsign": "OHJFM",
        "origin_country": "Finland",
        "time_position": 1787474580,
        "last_contact": 1787474580,
        "baro_altitude": 7924.8,
        "on_ground": false,
        "velocity": 124.16,
        "true_track": 312.48,
        "vertical_rate": 0.33,
        "geo_altitude": 8366.76,
        "squawk": "1247",
        "spi": false,
        "position_source": 0
      }
    },
    {
      "type": "Feature",
      "geometry": {
        "type": "Point",
        "coordinates": [
          8.5477,
          47.4659
        ]
      },
      "properties": {
        "icao24": "4b5c1a",
        "callsign": "GUSTI2",
        "origin_country": "Switzerland",
        "time_position": 1787474579,
        "last_contact": 1787474579,
        "baro_altitude": null,
        "on_ground": true,
        "velocity": 24.18,
        "true_track": 154.69,
        "vertical_rate": null,
        "geo_altitude": null,
        "squawk": null,
        "spi": false,
        "position_source": 0
      }
    },
    {
      "type": "Feature",
      "geometry": {
        "type": "Point",
        "coordinates": [
          14.8497,
          43.8811
        ]
      },
      "properties": {
        "icao24": "4ca9eb",
        "callsign": "RYR58ZM",
        "origin_country": "Ireland",
        "time_position": 1787474579,
        "last_contact": 1787474579,
        "baro_altitude": 11277.6,
        "on_ground": false,
        "velocity": 229.45,
        "true_track": 183.86,
        "vertical_rate": 0,
        "geo_altitude": 11833.86,
        "squawk": "1123",
        "spi": false,
        "position_source": 0
      }
    },
    {
      "type": "Feature",
      "geometry": {
        "type": "Point",
        "coordinates": [
          12.6347,
          44.201
        ]
      },
      "properties": {
        "icao24": "31dc19",
        "callsign": "IC017",
        "origin_country": "Italy",
        "time_position": 1787474579,
        "last_contact": 1787474579,
        "baro_altitude": 1645.92,
        "on_ground": false,
        "velocity": 56.22,
        "true_track": 34.56,
        "vertical_rate": 0.33,
        "geo_altitude": 1767.84,
        "squawk": "2146",
        "spi": false,
        "position_source": 0
      }
    },
    {
      "type": "Feature",
      "geometry": {
        "type": "Point",
        "coordinates": [
          7.2663,
          43.5512
        ]
      },
      "properties": {
        "icao24": "ab1fa7",
        "callsign": "AAL747",
        "origin_country": "United States",
        "time_position": 1787474579,
        "last_contact": 1787474579,
        "baro_altitude": 2186.94,
        "on_ground": false,
        "velocity": 113.02,
        "true_track": 247.52,
        "vertical_rate": 15.93,
        "geo_altitude": 2354.58,
        "squawk": null,
        "spi": false,
        "position_source": 0
      }
    },
    {
      "type": "Feature",
      "geometry": {
        "type": "Point",
        "coordinates": [
          12.4659,
          40.315
        ]
      },
      "properties": {
        "icao24": "4ca9cf",
        "callsign": "RYR89RA",
        "origin_country": "Ireland",
        "time_position": 1787474579,
        "last_contact": 1787474579,
        "baro_altitude": 11277.6,
        "on_ground": false,
        "velocity": 235.6,
        "true_track": 154.11,
        "vertical_rate": 0,
        "geo_altitude": 11902.44,
        "squawk": "6462",
        "spi": false,
        "position_source": 0
      }
    },
    {
      "type": "Feature",
      "geometry": {
        "type": "Point",
        "coordinates": [
          10.6901,
          47.6707
        ]
      },
      "properties": {
        "icao24": "4841a9",
        "callsign": "TRA36Q",
        "origin_country": "Kingdom of the Netherlands",
        "time_position": 1787474579,
        "last_contact": 1787474580,
        "baro_altitude": 11582.4,
        "on_ground": false,
        "velocity": 212.35,
        "true_track": 333.68,
        "vertical_rate": 0.33,
        "geo_altitude": 12009.12,
        "squawk": "1000",
        "spi": false,
        "position_source": 0
      }
    },
    {
      "type": "Feature",
      "geometry": {
        "type": "Point",
        "coordinates": [
          15.055,
          44.0509
        ]
      },
      "properties": {
        "icao24": "501f9e",
        "callsign": "HR855",
        "origin_country": "Croatia",
        "time_position": 1787474575,
        "last_contact": 1787474575,
        "baro_altitude": 1798.32,
        "on_ground": false,
        "velocity": 93.22,
        "true_track": 322.62,
        "vertical_rate": -1.95,
        "geo_altitude": 1988.82,
        "squawk": null,
        "spi": false,
        "position_source": 0
      }
    },
    {
      "type": "Feature",
      "geometry": {
        "type": "Point",
        "coordinates": [
          17.0758,
          46.9997
        ]
      },
      "properties": {
        "icao24": "4bab52",
        "callsign": "TKJ2GJ",
        "origin_country": "Turkey",
        "time_position": 1787474579,
        "last_contact": 1787474579,
        "baro_altitude": 10972.8,
        "on_ground": false,
        "velocity": 200.78,
        "true_track": 309.07,
        "vertical_rate": 0.33,
        "geo_altitude": 11430,
        "squawk": "3262",
        "spi": false,
        "position_source": 0
      }
    },
    {
      "type": "Feature",
      "geometry": {
        "type": "Point",
        "coordinates": [
          13.9509,
          40.9235
        ]
      },
      "properties": {
        "icao24": "490d0c",
        "callsign": "NJE443N",
        "origin_country": "Portugal",
        "time_position": 1787474571,
        "last_contact": 1787474578,
        "baro_altitude": 4465.32,
        "on_ground": false,
        "velocity": 199.53,
        "true_track": 119.67,
        "vertical_rate": -10.08,
        "geo_altitude": 4785.36,
        "squawk": "2731",
        "spi": false,
        "position_source": 0
      }
    },
    {
      "type": "Feature",
      "geometry": {
        "type": "Point",
        "coordinates": [
          7.4229,
          43.7217
        ]
      },
      "properties": {
        "icao24": "4d4039",
        "callsign": "3AMPJ",
        "origin_country": "Monaco",
        "time_position": 1787474579,
        "last_contact": 1787474580,
        "baro_altitude": 30.48,
        "on_ground": false,
        "velocity": 29.45,
        "true_track": 289.38,
        "vertical_rate": -4.23,
        "geo_altitude": 129.54,
        "squawk": null,
        "spi": false,
        "position_source": 0
      }
    },
    {
      "type": "Feature",
      "geometry": {
        "type": "Point",
        "coordinates": [
          8.4941,
          42.3423
        ]
      },
      "properties": {
        "icao24": "4d403e",
        "callsign": "3AMTT",
        "origin_country": "Monaco",
        "time_position": 1787474576,
        "last_contact": 1787474577,
        "baro_altitude": 182.88,
        "on_ground": false,
        "velocity": 64.56,
        "true_track": 139.2,
        "vertical_rate": -0.65,
        "geo_altitude": 266.7,
        "squawk": null,
        "spi": false,
        "position_source": 0
      }
    },
    {
      "type": "Feature",
      "geometry": {
        "type": "Point",
        "coordinates": [
          8.5468,
          47.4501
        ]
      },
      "properties": {
        "icao24": "3c7607",
        "callsign": "BVR404",
        "origin_country": "Germany",
        "time_position": 1787474558,
        "last_contact": 1787474574,
        "baro_altitude": 335.28,
        "on_ground": true,
        "velocity": 0.06,
        "true_track": 64.69,
        "vertical_rate": null,
        "geo_altitude": null,
        "squawk": "3052",
        "spi": false,
        "position_source": 0
      }
    },
    {
      "type": "Feature",
      "geometry": {
        "type": "Point",
        "coordinates": [
          13.3802,
          46.5608
        ]
      },
      "properties": {
        "icao24": "3c0ca7",
        "callsign": "TUI5GN",
        "origin_country": "Germany",
        "time_position": 1787474579,
        "last_contact": 1787474580,
        "baro_altitude": 7178.04,
        "on_ground": false,
        "velocity": 209.02,
        "true_track": 351.65,
        "vertical_rate": 10.4,
        "geo_altitude": 7520.94,
        "squawk": "7371",
        "spi": false,
        "position_source": 0
      }
    },
    {
      "type": "Feature",
      "geometry": {
        "type": "Point",
        "coordinates": [
          12.8842,
          38.3785
        ]
      },
      "properties": {
        "icao24": "4ca8e8",
        "callsign": "RYR4353",
        "origin_country": "Ireland",
        "time_position": 1787474580,
        "last_contact": 1787474580,
        "baro_altitude": 2225.04,
        "on_ground": false,
        "velocity": 131.59,
        "true_track": 66.74,
        "vertical_rate": -2.28,
        "geo_altitude": 2446.02,
        "squawk": "1000",
        "spi": false,
        "position_source": 0
      }
    },
    {
      "type": "Feature",
      "geometry": {
        "type": "Point",
        "coordinates": [
          13.4288,
          41.6151
        ]
      },
      "properties": {
        "icao24": "4ca8e6",
        "callsign": "RYR3074",
        "origin_country": "Ireland",
        "time_position": 1787474579,
        "last_contact": 1787474579,
        "baro_altitude": 8808.72,
        "on_ground": false,
        "velocity": 241.48,
        "true_track": 105.19,
        "vertical_rate": 12.35,
        "geo_altitude": 9326.88,
        "squawk": null,
        "spi": false,
        "position_source": 0
      }
    },
    {
      "type": "Feature",
      "geometry": {
        "type": "Point",
        "coordinates": [
          11.9766,
          37.0791
        ]
      },
      "properties": {
        "icao24": "4ca8f5",
        "callsign": "ITY1847",
        "origin_country": "Ireland",
        "time_position": 1787474579,
        "last_contact": 1787474579,
        "baro_altitude": 3840.48,
        "on_ground": false,
        "velocity": 158.05,
        "true_track": 2.24,
        "vertical_rate": 6.83,
        "geo_altitude": 4160.52,
        "squawk": "1000",
        "spi": false,
        "position_source": 0
      }
    },
    {
      "type": "Feature",
      "geometry": {
        "type": "Point",
        "coordinates": [
          18.1946,
          45.6202
        ]
      },
      "properties": {
        "icao24": "4ca8af",
        "callsign": "RYR6PC",
        "origin_country": "Ireland",
        "time_position": 1787474579,
        "last_contact": 1787474579,
        "baro_altitude": 11277.6,
        "on_ground": false,
        "velocity": 234.2,
        "true_track": 165.63,
        "vertical_rate": 0,
        "geo_altitude": 11795.76,
        "squawk": "7114",
        "spi": false,
        "position_source": 0
      }
    },
    {
      "type": "Feature",
      "geometry": {
        "type": "Point",
        "coordinates": [
          12.9691,
          45.6929
        ]
      },
      "properties": {
        "icao24": "4ca8d9",
        "callsign": "RYR78ZG",
        "origin_country": "Ireland",
        "time_position": 1787474579,
        "last_contact": 1787474579,
        "baro_altitude": 2080.26,
        "on_ground": false,
        "velocity": 145.66,
        "true_track": 38.69,
        "vertical_rate": -6.5,
        "geo_altitude": 2263.14,
        "squawk": "2655",
        "spi": false,
        "position_source": 0
      }
    },
    {
      "type": "Feature",
      "geometry": {
        "type": "Point",
        "coordinates": [
          9.8016,
          44.6544
        ]
      },
      "properties": {
        "icao24": "3c7439",
        "callsign": "TUI3VJ",
        "origin_country": "Germany",
        "time_position": 1787474579,
        "last_contact": 1787474579,
        "baro_altitude": 10972.8,
        "on_ground": false,
        "velocity": 244.33,
        "true_track": 26.24,
        "vertical_rate": 0,
        "geo_altitude": 11506.2,
        "squawk": "1000",
        "spi": false,
        "position_source": 0
      }
    },
    {
      "type": "Feature",
      "geometry": {
        "type": "Point",
        "coordinates": [
          6.2298,
          46.7092
        ]
      },
      "properties": {
        "icao24": "3c743a",
        "callsign": "TUI1AG",
        "origin_country": "Germany",
        "time_position": 1787474579,
        "last_contact": 1787474579,
        "baro_altitude": 10972.8,
        "on_ground": false,
        "velocity": 232.87,
        "true_track": 348.14,
        "vertical_rate": 0,
        "geo_altitude": 11437.62,
        "squawk": "1000",
        "spi": false,
        "position_source": 0
      }
    },
    {
      "type": "Feature",
      "geometry": {
        "type": "Point",
        "coordinates": [
          9.2195,
          47.6997
        ]
      },
      "properties": {
        "icao24": "3f2401",
        "callsign": "DLZNT",
        "origin_country": "Germany",
        "time_position": 1787474580,
        "last_contact": 1787474580,
        "baro_altitude": 640.08,
        "on_ground": false,
        "velocity": 16.44,
        "true_track": 110.14,
        "vertical_rate": 0,
        "geo_altitude": 777.24,
        "squawk": "7000",
        "spi": false,
        "position_source": 0
      }
    },
    {
      "type": "Feature",
      "geometry": {
        "type": "Point",
        "coordinates": [
          7.5269,
          47.5989
        ]
      },
      "properties": {
        "icao24": "4baa88",
        "callsign": "THY4DT",
        "origin_country": "Turkey",
        "time_position": 1787474580,
        "last_contact": 1787474580,
        "baro_altitude": null,
        "on_ground": true,
        "velocity": 1.03,
        "true_track": 154.69,
        "vertical_rate": null,
        "geo_altitude": null,
        "squawk": null,
        "spi": false,
        "position_source": 0
      }
    },
    {
      "type": "Feature",
      "geometry": {
        "type": "Point",
        "coordinates": [
          6.4697,
          46.1401
        ]
      },
      "properties": {
        "icao24": "3c7425",
        "callsign": "TUI21W",
        "origin_country": "Germany",
        "time_position": 1787474579,
        "last_contact": 1787474579,
        "baro_altitude": 10363.2,
        "on_ground": false,
        "velocity": 231.74,
        "true_track": 350.29,
        "vertical_rate": 0,
        "geo_altitude": 10835.64,
        "squawk": "1000",
        "spi": false,
        "position_source": 0
      }
    },
    {
      "type": "Feature",
      "geometry": {
        "type": "Point",
        "coordinates": [
          14.0892,
          44.4551
        ]
      },
      "properties": {
        "icao24": "3c7427",
        "callsign": "TUI6NX",
        "origin_country": "Germany",
        "time_position": 1787474579,
        "last_contact": 1787474580,
        "baro_altitude": 11582.4,
        "on_ground": false,
        "velocity": 216.88,
        "true_track": 316.54,
        "vertical_rate": 0,
        "geo_altitude": 12131.04,
        "squawk": "3711",
        "spi": false,
        "position_source": 0
      }
    },
    {
      "type": "Feature",
      "geometry": {
        "type": "Point",
        "coordinates": [
          6.7751,
          46.1064
        ]
      },
      "properties": {
        "icao24": "4868bc",
        "callsign": "KLM71N",
        "origin_country": "Kingdom of the Netherlands",
        "time_position": 1787474579,
        "last_contact": 1787474579,
        "baro_altitude": 11285.22,
        "on_ground": false,
        "velocity": 229.1,
        "true_track": 172,
        "vertical_rate": 0,
        "geo_altitude": 11772.9,
        "squawk": "1000",
        "spi": false,
        "position_source": 0
      }
    },
    {
      "type": "Feature",
      "geometry": {
        "type": "Point",
        "coordinates": [
          8.1048,
          43.9878
        ]
      },
      "properties": {
        "icao24": "4ca911",
        "callsign": "RYR93HA",
        "origin_country": "Ireland",
        "time_position": 1787474579,
        "last_contact": 1787474579,
        "baro_altitude": 9144,
        "on_ground": false,
        "velocity": 229.45,
        "true_track": 55.6,
        "vertical_rate": 0,
        "geo_altitude": 9631.68,
        "squawk": "1000",
        "spi": false,
        "position_source": 0
      }
    },
    {
      "type": "Feature",
      "geometry": {
        "type": "Point",
        "coordinates": [
          6.8762,
          46.6069
        ]
      },
      "properties": {
        "icao24": "4b7fdf",
        "callsign": "T334",
        "origin_country": "Switzerland",
        "time_position": 1787474579,
        "last_contact": 1787474579,
        "baro_altitude": 815.34,
        "on_ground": false,
        "velocity": 19.86,
        "true_track": 16.56,
        "vertical_rate": -2.93,
        "geo_altitude": 960.12,
        "squawk": "6100",
        "spi": false,
        "position_source": 0
      }
    },
    {
      "type": "Feature",
      "geometry": {
        "type": "Point",
        "coordinates": [
          11.1906,
          43.8007
        ]
      },
      "properties": {
        "icao24": "4868a6",
        "callsign": "KLC63V",
        "origin_country": "Kingdom of the Netherlands",
        "time_position": 1787474382,
        "last_contact": 1787474382,
        "baro_altitude": 53.34,
        "on_ground": false,
        "velocity": 68.87,
        "true_track": 48.33,
        "vertical_rate": -3.25,
        "geo_altitude": 137.16,
        "squawk": "1000",
        "spi": false,
        "position_source": 0
      }
    },
    {
      "type": "Feature",
      "geometry": {
        "type": "Point",
        "coordinates": [
          7.6133,
          40.5049
        ]
      },
      "properties": {
        "icao24": "4ca961",
        "callsign": "NOS27JX",
        "origin_country": "Ireland",
        "time_position": 1787474579,
        "last_contact": 1787474580,
        "baro_altitude": 10363.2,
        "on_ground": false,
        "velocity": 254.04,
        "true_track": 75.46,
        "vertical_rate": 0.33,
        "geo_altitude": 10949.94,
        "squawk": "1416",
        "spi": false,
        "position_source": 0
      }
    },
    {
      "type": "Feature",
      "geometry": {
        "type": "Point",
        "coordinates": [
          18.2256,
          43.5275
        ]
      },
      "properties": {
        "icao24": "4a068b",
        "callsign": "ROT403G",
        "origin_country": "Romania",
        "time_position": 1787474576,
        "last_contact": 1787474576,
        "baro_altitude": 5486.4,
        "on_ground": false,
        "velocity": 123.1,
        "true_track": 253.99,
        "vertical_rate": 0,
        "geo_altitude": 5814.06,
        "squawk": "4141",
        "spi": false,
        "position_source": 0
      }
    },
    {
      "type": "Feature",
      "geometry": {
        "type": "Point",
        "coordinates": [
          16.8893,
          41.4213
        ]
      },
      "properties": {
        "icao24": "4ca84b",
        "callsign": "RYR54FN",
        "origin_country": "Ireland",
        "time_position": 1787474578,
        "last_contact": 1787474579,
        "baro_altitude": 8702.04,
        "on_ground": false,
        "velocity": 246.64,
        "true_track": 134.66,
        "vertical_rate": -10.08,
        "geo_altitude": 9243.06,
        "squawk": "1000",
        "spi": false,
        "position_source": 0
      }
    },
    {
      "type": "Feature",
      "geometry": {
        "type": "Point",
        "coordinates": [
          6.0207,
          43.3725
        ]
      },
      "properties": {
        "icao24": "382f7c",
        "callsign": "FJIVG",
        "origin_country": "France",
        "time_position": 1787474488,
        "last_contact": 1787474492,
        "baro_altitude": 1013.46,
        "on_ground": false,
        "velocity": 45.81,
        "true_track": 192.32,
        "vertical_rate": -0.33,
        "geo_altitude": null,
        "squawk": null,
        "spi": false,
        "position_source": 0
      }
    },
    {
      "type": "Feature",
      "geometry": {
        "type": "Point",
        "coordinates": [
          6.8866,
          39.4939
        ]
      },
      "properties": {
        "icao24": "4ca85b",
        "callsign": "ITY800",
        "origin_country": "Ireland",
        "time_position": 1787474578,
        "last_contact": 1787474578,
        "baro_altitude": 11887.2,
        "on_ground": false,
        "velocity": 213.17,
        "true_track": 225.2,
        "vertical_rate": 0,
        "geo_altitude": 12534.9,
        "squawk": null,
        "spi": false,
        "position_source": 0
      }
    },
    {
      "type": "Feature",
      "geometry": {
        "type": "Point",
        "coordinates": [
          7.3897,
          47.2781
        ]
      },
      "properties": {
        "icao24": "4bbd05",
        "callsign": "TKJ9XD",
        "origin_country": "Turkey",
        "time_position": 1787474579,
        "last_contact": 1787474579,
        "baro_altitude": 10972.8,
        "on_ground": false,
        "velocity": 194.77,
        "true_track": 283.6,
        "vertical_rate": 0,
        "geo_altitude": 11414.76,
        "squawk": "2756",
        "spi": false,
        "position_source": 0
      }
    },
    {
      "type": "Feature",
      "geometry": {
        "type": "Point",
        "coordinates": [
          14.8465,
          42.5061
        ]
      },
      "properties": {
        "icao24": "4a04e4",
        "callsign": "AWG631",
        "origin_country": "Romania",
        "time_position": 1787474579,
        "last_contact": 1787474579,
        "baro_altitude": 11277.6,
        "on_ground": false,
        "velocity": 254.21,
        "true_track": 73.18,
        "vertical_rate": 0,
        "geo_altitude": 11887.2,
        "squawk": "0205",
        "spi": false,
        "position_source": 0
      }
    },
    {
      "type": "Feature",
      "geometry": {
        "type": "Point",
        "coordinates": [
          6.6759,
          43.4703
        ]
      },
      "properties": {
        "icao24": "390813",
        "callsign": "FGCAT",
        "origin_country": "France",
        "time_position": 1787474574,
        "last_contact": 1787474579,
        "baro_altitude": 853.44,
        "on_ground": false,
        "velocity": 58.73,
        "true_track": 288.91,
        "vertical_rate": 0.65,
        "geo_altitude": 929.64,
        "squawk": null,
        "spi": false,
        "position_source": 0
      }
    },
    {
      "type": "Feature",
      "geometry": {
        "type": "Point",
        "coordinates": [
          8.9671,
          47.5952
        ]
      },
      "properties": {
        "icao24": "501dd1",
        "callsign": "CTN460",
        "origin_country": "Croatia",
        "time_position": 1787474579,
        "last_contact": 1787474579,
        "baro_altitude": 2872.74,
        "on_ground": false,
        "velocity": 106.98,
        "true_track": 296.57,
        "vertical_rate": -5.85,
        "geo_altitude": 3055.62,
        "squawk": "1000",
        "spi": false,
        "position_source": 0
      }
    },
    {
      "type": "Feature",
      "geometry": {
        "type": "Point",
        "coordinates": [
          12.6961,
          41.7187
        ]
      },
      "properties": {
        "icao24": "4bbd14",
        "callsign": "TKJ15J",
        "origin_country": "Turkey",
        "time_position": 1787474579,
        "last_contact": 1787474579,
        "baro_altitude": 4229.1,
        "on_ground": false,
        "velocity": 152.49,
        "true_track": 316.78,
        "vertical_rate": -3.9,
        "geo_altitude": 4541.52,
        "squawk": "2322",
        "spi": false,
        "position_source": 0
      }
    },
    {
      "type": "Feature",
      "geometry": {
        "type": "Point",
        "coordinates": [
          17.3932,
          43.7388
        ]
      },
      "properties": {
        "icao24": "3c0c9e",
        "callsign": "TUI6MB",
        "origin_country": "Germany",
        "time_position": 1787474579,
        "last_contact": 1787474579,
        "baro_altitude": 11582.4,
        "on_ground": false,
        "velocity": 217.93,
        "true_track": 323.83,
        "vertical_rate": 0,
        "geo_altitude": 12161.52,
        "squawk": "2043",
        "spi": false,
        "position_source": 0
      }
    },
    {
      "type": "Feature",
      "geometry": {
        "type": "Point",
        "coordinates": [
          7.9105,
          42.3859
        ]
      },
      "properties": {
        "icao24": "4ca7b9",
        "callsign": "RYR84AL",
        "origin_country": "Ireland",
        "time_position": 1787474579,
        "last_contact": 1787474579,
        "baro_altitude": 10972.8,
        "on_ground": false,
        "velocity": 244.16,
        "true_track": 37.21,
        "vertical_rate": 0,
        "geo_altitude": 11551.92,
        "squawk": "1420",
        "spi": false,
        "position_source": 0
      }
    },
    {
      "type": "Feature",
      "geometry": {
        "type": "Point",
        "coordinates": [
          7.3527,
          45.7291
        ]
      },
      "properties": {
        "icao24": "4ca7b7",
        "callsign": "RYR37BC",
        "origin_country": "Ireland",
        "time_position": 1787474579,
        "last_contact": 1787474580,
        "baro_altitude": 10599.42,
        "on_ground": false,
        "velocity": 212.63,
        "true_track": 301.34,
        "vertical_rate": 6.83,
        "geo_altitude": 11087.1,
        "squawk": "1000",
        "spi": false,
        "position_source": 0
      }
    },
    {
      "type": "Feature",
      "geometry": {
        "type": "Point",
        "coordinates": [
          12.4604,
          44.1063
        ]
      },
      "properties": {
        "icao24": "49c4a0",
        "callsign": "OKFUG97",
        "origin_country": "Czech Republic",
        "time_position": 1787474579,
        "last_contact": 1787474579,
        "baro_altitude": 2567.94,
        "on_ground": false,
        "velocity": 56.66,
        "true_track": 32.39,
        "vertical_rate": -0.33,
        "geo_altitude": 2712.72,
        "squawk": null,
        "spi": false,
        "position_source": 0
      }
    },
    {
      "type": "Feature",
      "geometry": {
        "type": "Point",
        "coordinates": [
          8.7191,
          45.6277
        ]
      },
      "properties": {
        "icao24": "4ca7b3",
        "callsign": "RYR5914",
        "origin_country": "Ireland",
        "time_position": 1787474576,
        "last_contact": 1787474576,
        "baro_altitude": null,
        "on_ground": true,
        "velocity": 0,
        "true_track": 78.75,
        "vertical_rate": null,
        "geo_altitude": null,
        "squawk": "1000",
        "spi": false,
        "position_source": 0
      }
    },
    {
      "type": "Feature",
      "geometry": {
        "type": "Point",
        "coordinates": [
          18.288,
          46.9704
        ]
      },
      "properties": {
        "icao24": "4bbd0d",
        "callsign": "TKJ1YG",
        "origin_country": "Turkey",
        "time_position": 1787474579,
        "last_contact": 1787474579,
        "baro_altitude": 10972.8,
        "on_ground": false,
        "velocity": 204.96,
        "true_track": 300.3,
        "vertical_rate": 0,
        "geo_altitude": 11430,
        "squawk": "5337",
        "spi": false,
        "position_source": 0
      }
    },
    {
      "type": "Feature",
      "geometry": {
        "type": "Point",
        "coordinates": [
          10.987,
          46.7104
        ]
      },
      "properties": {
        "icao24": "a5cd55",
        "callsign": "GTI8284",
        "origin_country": "United States",
        "time_position": 1787474579,
        "last_contact": 1787474579,
        "baro_altitude": 9448.8,
        "on_ground": false,
        "velocity": 287.53,
        "true_track": 130.5,
        "vertical_rate": 0.65,
        "geo_altitude": 9860.28,
        "squawk": "4351",
        "spi": false,
        "position_source": 0
      }
    },
    {
      "type": "Feature",
      "geometry": {
        "type": "Point",
        "coordinates": [
          7.1898,
          43.4187
        ]
      },
      "properties": {
        "icao24": "49d5e8",
        "callsign": "NTF589E",
        "origin_country": "Czech Republic",
        "time_position": 1787474579,
        "last_contact": 1787474579,
        "baro_altitude": 883.92,
        "on_ground": false,
        "velocity": 122.96,
        "true_track": 314.32,
        "vertical_rate": -0.33,
        "geo_altitude": 1005.84,
        "squawk": "1000",
        "spi": false,
        "position_source": 0
      }
    },
    {
      "type": "Feature",
      "geometry": {
        "type": "Point",
        "coordinates": [
          13.6727,
          45.821
        ]
      },
      "properties": {
        "icao24": "4b10f7",
        "callsign": "SFS70",
        "origin_country": "Switzerland",
        "time_position": 1787474580,
        "last_contact": 1787474580,
        "baro_altitude": 2743.2,
        "on_ground": false,
        "velocity": 102.89,
        "true_track": 90,
        "vertical_rate": 0,
        "geo_altitude": 2926.08,
        "squawk": "0411",
        "spi": false,
        "position_source": 0
      }
    },
    {
      "type": "Feature",
      "geometry": {
        "type": "Point",
        "coordinates": [
          9.9019,
          39.2978
        ]
      },
      "properties": {
        "icao24": "44d2aa",
        "callsign": "JAF7PN",
        "origin_country": "Belgium",
        "time_position": 1787474580,
        "last_contact": 1787474580,
        "baro_altitude": 10972.8,
        "on_ground": false,
        "velocity": 226.66,
        "true_track": 357.01,
        "vertical_rate": 0,
        "geo_altitude": 11605.26,
        "squawk": null,
        "spi": false,
        "position_source": 0
      }
    },
    {
      "type": "Feature",
      "geometry": {
        "type": "Point",
        "coordinates": [
          17.2557,
          47.689
        ]
      },
      "properties": {
        "icao24": "49d5ee",
        "callsign": "TVS4NQ",
        "origin_country": "Czech Republic",
        "time_position": 1787474580,
        "last_contact": 1787474580,
        "baro_altitude": 10485.12,
        "on_ground": false,
        "velocity": 206.6,
        "true_track": 326.27,
        "vertical_rate": -4.55,
        "geo_altitude": 10888.98,
        "squawk": "2651",
        "spi": false,
        "position_source": 0
      }
    },
    {
      "type": "Feature",
      "geometry": {
        "type": "Point",
        "coordinates": [
          8.7167,
          45.6277
        ]
      },
      "properties": {
        "icao24": "02a199",
        "callsign": "TAR757",
        "origin_country": "Tunisia",
        "time_position": 1787474566,
        "last_contact": 1787474566,
        "baro_altitude": null,
        "on_ground": true,
        "velocity": 0,
        "true_track": 258.75,
        "vertical_rate": null,
        "geo_altitude": null,
        "squawk": "6156",
        "spi": false,
        "position_source": 0
      }
    },
    {
      "type": "Feature",
      "geometry": {
        "type": "Point",
        "coordinates": [
          9.6659,
          44.5054
        ]
      },
      "properties": {
        "icao24": "02a198",
        "callsign": "TAR744",
        "origin_country": "Tunisia",
        "time_position": 1787474579,
        "last_contact": 1787474580,
        "baro_altitude": 11574.78,
        "on_ground": false,
        "velocity": 238.92,
        "true_track": 357.53,
        "vertical_rate": -0.33,
        "geo_altitude": 12123.42,
        "squawk": "6162",
        "spi": false,
        "position_source": 0
      }
    },
    {
      "type": "Feature",
      "geometry": {
        "type": "Point",
        "coordinates": [
          7.5459,
          43.3076
        ]
      },
      "properties": {
        "icao24": "02a192",
        "callsign": "TAR250",
        "origin_country": "Tunisia",
        "time_position": 1787474578,
        "last_contact": 1787474578,
        "baro_altitude": 1783.08,
        "on_ground": false,
        "velocity": 133.49,
        "true_track": 280.66,
        "vertical_rate": -4.55,
        "geo_altitude": 1965.96,
        "squawk": "6137",
        "spi": false,
        "position_source": 0
      }
    },
    {
      "type": "Feature",
      "geometry": {
        "type": "Point",
        "coordinates": [
          12.0679,
          41.9391
        ]
      },
      "properties": {
        "icao24": "4ca6fb",
        "callsign": "RYR4WC",
        "origin_country": "Ireland",
        "time_position": 1787474579,
        "last_contact": 1787474579,
        "baro_altitude": 2339.34,
        "on_ground": false,
        "velocity": 145.15,
        "true_track": 344.58,
        "vertical_rate": 13.98,
        "geo_altitude": 2514.6,
        "squawk": null,
        "spi": false,
        "position_source": 0
      }
    },
    {
      "type": "Feature",
      "geometry": {
        "type": "Point",
        "coordinates": [
          8.172,
          47.7476
        ]
      },
      "properties": {
        "icao24": "4ca80e",
        "callsign": "RYR76VL",
        "origin_country": "Ireland",
        "time_position": 1787474579,
        "last_contact": 1787474579,
        "baro_altitude": 10972.8,
        "on_ground": false,
        "velocity": 196.15,
        "true_track": 223.41,
        "vertical_rate": 0,
        "geo_altitude": 11376.66,
        "squawk": "6662",
        "spi": false,
        "position_source": 0
      }
    },
    {
      "type": "Feature",
      "geometry": {
        "type": "Point",
        "coordinates": [
          9.0243,
          39.2777
        ]
      },
      "properties": {
        "icao24": "4ca816",
        "callsign": "RYR16HP",
        "origin_country": "Ireland",
        "time_position": 1787474539,
        "last_contact": 1787474539,
        "baro_altitude": 121.92,
        "on_ground": false,
        "velocity": 75.83,
        "true_track": 138.85,
        "vertical_rate": -3.9,
        "geo_altitude": 198.12,
        "squawk": "5135",
        "spi": false,
        "position_source": 0
      }
    },
    {
      "type": "Feature",
      "geometry": {
        "type": "Point",
        "coordinates": [
          12.5834,
          45.4732
        ]
      },
      "properties": {
        "icao24": "4ca811",
        "callsign": "RYR1GV",
        "origin_country": "Ireland",
        "time_position": 1787474580,
        "last_contact": 1787474580,
        "baro_altitude": 2788.92,
        "on_ground": false,
        "velocity": 133.42,
        "true_track": 131.25,
        "vertical_rate": 16.26,
        "geo_altitude": 2948.94,
        "squawk": "1000",
        "spi": false,
        "position_source": 0
      }
    },
    {
      "type": "Feature",
      "geometry": {
        "type": "Point",
        "coordinates": [
          7.3918,
          44.2933
        ]
      },
      "properties": {
        "icao24": "4ca812",
        "callsign": "RYR87KH",
        "origin_country": "Ireland",
        "time_position": 1787474579,
        "last_contact": 1787474579,
        "baro_altitude": 11277.6,
        "on_ground": false,
        "velocity": 211.78,
        "true_track": 235.19,
        "vertical_rate": 0,
        "geo_altitude": 11803.38,
        "squawk": "1000",
        "spi": false,
        "position_source": 0
      }
    },
    {
      "type": "Feature",
      "geometry": {
        "type": "Point",
        "coordinates": [
          8.698,
          45.3495
        ]
      },
      "properties": {
        "icao24": "44c062",
        "callsign": "PGC62Y",
        "origin_country": "Belgium",
        "time_position": 1787474579,
        "last_contact": 1787474580,
        "baro_altitude": 7620,
        "on_ground": false,
        "velocity": 117.93,
        "true_track": 261.98,
        "vertical_rate": 0,
        "geo_altitude": 8031.48,
        "squawk": "0241",
        "spi": false,
        "position_source": 0
      }
    },
    {
      "type": "Feature",
      "geometry": {
        "type": "Point",
        "coordinates": [
          15.1863,
          36.0802
        ]
      },
      "properties": {
        "icao24": "70605f",
        "callsign": "KAC121",
        "origin_country": "Kuwait",
        "time_position": 1787474579,
        "last_contact": 1787474579,
        "baro_altitude": 10972.8,
        "on_ground": false,
        "velocity": 240.14,
        "true_track": 280.49,
        "vertical_rate": 0,
        "geo_altitude": 11635.74,
        "squawk": "2055",
        "spi": false,
        "position_source": 0
      }
    },
    {
      "type": "Feature",
      "geometry": {
        "type": "Point",
        "coordinates": [
          6.5179,
          43.4607
        ]
      },
      "properties": {
        "icao24": "3929cc",
        "callsign": "DSO23MO",
        "origin_country": "France",
        "time_position": 1787474579,
        "last_contact": 1787474579,
        "baro_altitude": 9372.6,
        "on_ground": false,
        "velocity": 241.77,
        "true_track": 95.25,
        "vertical_rate": 6.18,
        "geo_altitude": 9852.66,
        "squawk": "5673",
        "spi": false,
        "position_source": 0
      }
    },
    {
      "type": "Feature",
      "geometry": {
        "type": "Point",
        "coordinates": [
          15.7033,
          45.7073
        ]
      },
      "properties": {
        "icao24": "4bcdec",
        "callsign": "SXS5ZP",
        "origin_country": "Turkey",
        "time_position": 1787474579,
        "last_contact": 1787474579,
        "baro_altitude": 11277.6,
        "on_ground": false,
        "velocity": 254.43,
        "true_track": 118.9,
        "vertical_rate": 0,
        "geo_altitude": 11795.76,
        "squawk": "3064",
        "spi": false,
        "position_source": 0
      }
    },
    {
      "type": "Feature",
      "geometry": {
        "type": "Point",
        "coordinates": [
          14.9507,
          43.4696
        ]
      },
      "properties": {
        "icao24": "4ca75f",
        "callsign": "RYR7CB",
        "origin_country": "Ireland",
        "time_position": 1787474580,
        "last_contact": 1787474580,
        "baro_altitude": 11582.4,
        "on_ground": false,
        "velocity": 215.93,
        "true_track": 299.86,
        "vertical_rate": 0,
        "geo_altitude": 12153.9,
        "squawk": "4143",
        "spi": false,
        "position_source": 0
      }
    },
    {
      "type": "Feature",
      "geometry": {
        "type": "Point",
        "coordinates": [
          17.3886,
          46.763
        ]
      },
      "properties": {
        "icao24": "4bcdf9",
        "callsign": "SXS2HQ",
        "origin_country": "Turkey",
        "time_position": 1787474579,
        "last_contact": 1787474580,
        "baro_altitude": 11277.6,
        "on_ground": false,
        "velocity": 258.05,
        "true_track": 127.3,
        "vertical_rate": -0.33,
        "geo_altitude": 11742.42,
        "squawk": "7667",
        "spi": false,
        "position_source": 0
      }
    },
    {
      "type": "Feature",
      "geometry": {
        "type": "Point",
        "coordinates": [
          12.9037,
          40.5443
        ]
      },
      "properties": {
        "icao24": "4ca769",
        "callsign": "RYR2LH",
        "origin_country": "Ireland",
        "time_position": 1787474579,
        "last_contact": 1787474579,
        "baro_altitude": 11582.4,
        "on_ground": false,
        "velocity": 225,
        "true_track": 320.19,
        "vertical_rate": 0,
        "geo_altitude": 12207.24,
        "squawk": null,
        "spi": false,
        "position_source": 0
      }
    },
    {
      "type": "Feature",
      "geometry": {
        "type": "Point",
        "coordinates": [
          11.0572,
          46.8736
        ]
      },
      "properties": {
        "icao24": "4ca766",
        "callsign": "RYR4CR",
        "origin_country": "Ireland",
        "time_position": 1787474579,
        "last_contact": 1787474579,
        "baro_altitude": 11178.54,
        "on_ground": false,
        "velocity": 220.97,
        "true_track": 337.55,
        "vertical_rate": 4.55,
        "geo_altitude": 11650.98,
        "squawk": "0253",
        "spi": false,
        "position_source": 0
      }
    },
    {
      "type": "Feature",
      "geometry": {
        "type": "Point",
        "coordinates": [
          6.9825,
          46.2366
        ]
      },
      "properties": {
        "icao24": "48663e",
        "callsign": "TRA6914",
        "origin_country": "Kingdom of the Netherlands",
        "time_position": 1787474580,
        "last_contact": 1787474580,
        "baro_altitude": 10980.42,
        "on_ground": false,
        "velocity": 221.29,
        "true_track": 329.86,
        "vertical_rate": 0.33,
        "geo_altitude": 11468.1,
        "squawk": "1000",
        "spi": false,
        "position_source": 0
      }
    },
    {
      "type": "Feature",
      "geometry": {
        "type": "Point",
        "coordinates": [
          11.2524,
          44.5391
        ]
      },
      "properties": {
        "icao24": "4ca739",
        "callsign": "RYR81LE",
        "origin_country": "Ireland",
        "time_position": 1787474579,
        "last_contact": 1787474579,
        "baro_altitude": 8526.78,
        "on_ground": false,
        "velocity": 204.23,
        "true_track": 274.04,
        "vertical_rate": 0.98,
        "geo_altitude": 8999.22,
        "squawk": "7357",
        "spi": false,
        "position_source": 0
      }
    },
    {
      "type": "Feature",
      "geometry": {
        "type": "Point",
        "coordinates": [
          13.7713,
          44.634
        ]
      },
      "properties": {
        "icao24": "48eaeb",
        "callsign": "SPLLI",
        "origin_country": "Poland",
        "time_position": 1787474578,
        "last_contact": 1787474578,
        "baro_altitude": 419.1,
        "on_ground": false,
        "velocity": 79.95,
        "true_track": 322.32,
        "vertical_rate": -0.33,
        "geo_altitude": 510.54,
        "squawk": null,
        "spi": false,
        "position_source": 0
      }
    },
    {
      "type": "Feature",
      "geometry": {
        "type": "Point",
        "coordinates": [
          6.3071,
          47.3851
        ]
      },
      "properties": {
        "icao24": "449682",
        "callsign": "JAF14T",
        "origin_country": "Belgium",
        "time_position": 1787474579,
        "last_contact": 1787474579,
        "baro_altitude": 12192,
        "on_ground": false,
        "velocity": 226.59,
        "true_track": 357.4,
        "vertical_rate": 0,
        "geo_altitude": 12611.1,
        "squawk": "1000",
        "spi": false,
        "position_source": 0
      }
    },
    {
      "type": "Feature",
      "geometry": {
        "type": "Point",
        "coordinates": [
          9.3884,
          46.7913
        ]
      },
      "properties": {
        "icao24": "491d8e",
        "callsign": "NJE747H",
        "origin_country": "Portugal",
        "time_position": 1787474579,
        "last_contact": 1787474579,
        "baro_altitude": 13716,
        "on_ground": false,
        "velocity": 267.42,
        "true_track": 124.58,
        "vertical_rate": -0.65,
        "geo_altitude": 14234.16,
        "squawk": "6713",
        "spi": false,
        "position_source": 0
      }
    },
    {
      "type": "Feature",
      "geometry": {
        "type": "Point",
        "coordinates": [
          9.1419,
          45.6513
        ]
      },
      "properties": {
        "icao24": "4ca6a6",
        "callsign": "RYR3TW",
        "origin_country": "Ireland",
        "time_position": 1787474579,
        "last_contact": 1787474579,
        "baro_altitude": 3779.52,
        "on_ground": false,
        "velocity": 181.27,
        "true_track": 267.4,
        "vertical_rate": 14.96,
        "geo_altitude": 3985.26,
        "squawk": "1000",
        "spi": false,
        "position_source": 0
      }
    },
    {
      "type": "Feature",
      "geometry": {
        "type": "Point",
        "coordinates": [
          6.5171,
          41.5354
        ]
      },
      "properties": {
        "icao24": "02a263",
        "callsign": "TAR750",
        "origin_country": "Tunisia",
        "time_position": 1787474579,
        "last_contact": 1787474579,
        "baro_altitude": 10370.82,
        "on_ground": false,
        "velocity": 233.12,
        "true_track": 334.79,
        "vertical_rate": 0,
        "geo_altitude": 10934.7,
        "squawk": "1000",
        "spi": false,
        "position_source": 0
      }
    },
    {
      "type": "Feature",
      "geometry": {
        "type": "Point",
        "coordinates": [
          7.0529,
          44.6486
        ]
      },
      "properties": {
        "icao24": "02a260",
        "callsign": "TAR703",
        "origin_country": "Tunisia",
        "time_position": 1787474579,
        "last_contact": 1787474579,
        "baro_altitude": 10668,
        "on_ground": false,
        "velocity": 231.01,
        "true_track": 164.63,
        "vertical_rate": 0,
        "geo_altitude": 11193.78,
        "squawk": "5702",
        "spi": false,
        "position_source": 0
      }
    },
    {
      "type": "Feature",
      "geometry": {
        "type": "Point",
        "coordinates": [
          9.9456,
          47.5785
        ]
      },
      "properties": {
        "icao24": "4ca5c8",
        "callsign": "EIN4CE",
        "origin_country": "Ireland",
        "time_position": 1787474579,
        "last_contact": 1787474579,
        "baro_altitude": 10386.06,
        "on_ground": false,
        "velocity": 235.22,
        "true_track": 142.55,
        "vertical_rate": -5.53,
        "geo_altitude": 10805.16,
        "squawk": "7302",
        "spi": false,
        "position_source": 0
      }
    },
    {
      "type": "Feature",
      "geometry": {
        "type": "Point",
        "coordinates": [
          18.7227,
          44.1034
        ]
      },
      "properties": {
        "icao24": "706132",
        "callsign": "JZR327",
        "origin_country": "Kuwait",
        "time_position": 1787474579,
        "last_contact": 1787474579,
        "baro_altitude": 3970.02,
        "on_ground": false,
        "velocity": 168.05,
        "true_track": 264.2,
        "vertical_rate": -4.55,
        "geo_altitude": 4251.96,
        "squawk": "2231",
        "spi": false,
        "position_source": 0
      }
    },
    {
      "type": "Feature",
      "geometry": {
        "type": "Point",
        "coordinates": [
          10.6468,
          43.2366
        ]
      },
      "properties": {
        "icao24": "4866f2",
        "callsign": "PHALP",
        "origin_country": "Kingdom of the Netherlands",
        "time_position": 1787474518,
        "last_contact": 1787474519,
        "baro_altitude": 2103.12,
        "on_ground": false,
        "velocity": 75.49,
        "true_track": 14.6,
        "vertical_rate": -0.33,
        "geo_altitude": 2270.76,
        "squawk": null,
        "spi": false,
        "position_source": 0
      }
    },
    {
      "type": "Feature",
      "geometry": {
        "type": "Point",
        "coordinates": [
          15.0309,
          45.1663
        ]
      },
      "properties": {
        "icao24": "501c5a",
        "callsign": "CTN413",
        "origin_country": "Croatia",
        "time_position": 1787474579,
        "last_contact": 1787474580,
        "baro_altitude": 9860.28,
        "on_ground": false,
        "velocity": 246.81,
        "true_track": 150.12,
        "vertical_rate": -5.2,
        "geo_altitude": 10347.96,
        "squawk": "1000",
        "spi": false,
        "position_source": 0
      }
    },
    {
      "type": "Feature",
      "geometry": {
        "type": "Point",
        "coordinates": [
          13.9259,
          46.9549
        ]
      },
      "properties": {
        "icao24": "48ea3b",
        "callsign": "ENT4091",
        "origin_country": "Poland",
        "time_position": 1787474579,
        "last_contact": 1787474579,
        "baro_altitude": 11887.2,
        "on_ground": false,
        "velocity": 215.87,
        "true_track": 187.53,
        "vertical_rate": 0,
        "geo_altitude": 12352.02,
        "squawk": "5567",
        "spi": false,
        "position_source": 0
      }
    },
    {
      "type": "Feature",
      "geometry": {
        "type": "Point",
        "coordinates": [
          12.319,
          47.2641
        ]
      },
      "properties": {
        "icao24": "48fd88",
        "callsign": "SPSMMI",
        "origin_country": "Poland",
        "time_position": 1787474455,
        "last_contact": 1787474489,
        "baro_altitude": 2339.34,
        "on_ground": false,
        "velocity": 66.13,
        "true_track": 76.5,
        "vertical_rate": -2.28,
        "geo_altitude": 2499.36,
        "squawk": "7000",
        "spi": false,
        "position_source": 0
      }
    },
    {
      "type": "Feature",
      "geometry": {
        "type": "Point",
        "coordinates": [
          16.371,
          45.4272
        ]
      },
      "properties": {
        "icao24": "a642a3",
        "callsign": "N502P",
        "origin_country": "United States",
        "time_position": 1787474579,
        "last_contact": 1787474579,
        "baro_altitude": 13106.4,
        "on_ground": false,
        "velocity": 252.42,
        "true_track": 326.89,
        "vertical_rate": 0,
        "geo_altitude": 13624.56,
        "squawk": "6620",
        "spi": false,
        "position_source": 0
      }
    },
    {
      "type": "Feature",
      "geometry": {
        "type": "Point",
        "coordinates": [
          18.1888,
          36.1273
        ]
      },
      "properties": {
        "icao24": "ae03e7",
        "callsign": "CNV5328",
        "origin_country": "United States",
        "time_position": 1787474579,
        "last_contact": 1787474580,
        "baro_altitude": 7002.78,
        "on_ground": false,
        "velocity": 151.64,
        "true_track": 109.42,
        "vertical_rate": 0,
        "geo_altitude": 7490.46,
        "squawk": "1277",
        "spi": false,
        "position_source": 0
      }
    },
    {
      "type": "Feature",
      "geometry": {
        "type": "Point",
        "coordinates": [
          11.903,
          44.6286
        ]
      },
      "properties": {
        "icao24": "48418a",
        "callsign": "KLM1669",
        "origin_country": "Kingdom of the Netherlands",
        "time_position": 1787474580,
        "last_contact": 1787474580,
        "baro_altitude": 11887.2,
        "on_ground": false,
        "velocity": 236.29,
        "true_track": 160.14,
        "vertical_rate": 0,
        "geo_altitude": 12435.84,
        "squawk": "3146",
        "spi": false,
        "position_source": 0
      }
    },
    {
      "type": "Feature",
      "geometry": {
        "type": "Point",
        "coordinates": [
          16.4105,
          43.3281
        ]
      },
      "properties": {
        "icao24": "48418d",
        "callsign": "KLM67E",
        "origin_country": "Kingdom of the Netherlands",
        "time_position": 1787474577,
        "last_contact": 1787474579,
        "baro_altitude": 11605.26,
        "on_ground": false,
        "velocity": 246.56,
        "true_track": 150.23,
        "vertical_rate": 6.5,
        "geo_altitude": 12184.38,
        "squawk": "3134",
        "spi": false,
        "position_source": 0
      }
    },
    {
      "type": "Feature",
      "geometry": {
        "type": "Point",
        "coordinates": [
          8.9265,
          41.9991
        ]
      },
      "properties": {
        "icao24": "39e023",
        "callsign": "FHYBD",
        "origin_country": "France",
        "time_position": 1787474393,
        "last_contact": 1787474393,
        "baro_altitude": 1325.88,
        "on_ground": false,
        "velocity": 73.7,
        "true_track": 240.75,
        "vertical_rate": -4.88,
        "geo_altitude": 1455.42,
        "squawk": null,
        "spi": false,
        "position_source": 0
      }
    },
    {
      "type": "Feature",
      "geometry": {
        "type": "Point",
        "coordinates": [
          11.5275,
          45.9618
        ]
      },
      "properties": {
        "icao24": "48415e",
        "callsign": "KLM23L",
        "origin_country": "Kingdom of the Netherlands",
        "time_position": 1787474580,
        "last_contact": 1787474580,
        "baro_altitude": 11887.2,
        "on_ground": false,
        "velocity": 238.65,
        "true_track": 154.87,
        "vertical_rate": 0,
        "geo_altitude": 12397.74,
        "squawk": "1000",
        "spi": false,
        "position_source": 0
      }
    },
    {
      "type": "Feature",
      "geometry": {
        "type": "Point",
        "coordinates": [
          8.8692,
          44.2042
        ]
      },
      "properties": {
        "icao24": "a895eb",
        "callsign": "UAL966",
        "origin_country": "United States",
        "time_position": 1787474579,
        "last_contact": 1787474579,
        "baro_altitude": 11277.6,
        "on_ground": false,
        "velocity": 265.12,
        "true_track": 111.04,
        "vertical_rate": 0,
        "geo_altitude": 11803.38,
        "squawk": "5203",
        "spi": false,
        "position_source": 0
      }
    },
    {
      "type": "Feature",
      "geometry": {
        "type": "Point",
        "coordinates": [
          13.1956,
          45.3313
        ]
      },
      "properties": {
        "icao24": "4bcda1",
        "callsign": "SXS9UL",
        "origin_country": "Turkey",
        "time_position": 1787474579,
        "last_contact": 1787474579,
        "baro_altitude": 10668,
        "on_ground": false,
        "velocity": 247,
        "true_track": 118.49,
        "vertical_rate": 0,
        "geo_altitude": 11178.54,
        "squawk": "0265",
        "spi": false,
        "position_source": 0
      }
    },
    {
      "type": "Feature",
      "geometry": {
        "type": "Point",
        "coordinates": [
          12.2266,
          42.0334
        ]
      },
      "properties": {
        "icao24": "4ca708",
        "callsign": "RYR3021",
        "origin_country": "Ireland",
        "time_position": 1787474579,
        "last_contact": 1787474579,
        "baro_altitude": 982.98,
        "on_ground": false,
        "velocity": 108.44,
        "true_track": 236.61,
        "vertical_rate": -3.58,
        "geo_altitude": 1120.14,
        "squawk": null,
        "spi": false,
        "position_source": 0
      }
    },
    {
      "type": "Feature",
      "geometry": {
        "type": "Point",
        "coordinates": [
          14.2089,
          42.4575
        ]
      },
      "properties": {
        "icao24": "4ca647",
        "callsign": "RYR80KA",
        "origin_country": "Ireland",
        "time_position": 1787474579,
        "last_contact": 1787474579,
        "baro_altitude": 419.1,
        "on_ground": false,
        "velocity": 89.32,
        "true_track": 33.96,
        "vertical_rate": 12.03,
        "geo_altitude": 510.54,
        "squawk": null,
        "spi": false,
        "position_source": 0
      }
    },
    {
      "type": "Feature",
      "geometry": {
        "type": "Point",
        "coordinates": [
          12.2551,
          42.7319
        ]
      },
      "properties": {
        "icao24": "405f13",
        "callsign": "EZY74NZ",
        "origin_country": "United Kingdom",
        "time_position": 1787474579,
        "last_contact": 1787474579,
        "baro_altitude": 10668,
        "on_ground": false,
        "velocity": 234.16,
        "true_track": 124.53,
        "vertical_rate": 0,
        "geo_altitude": 11247.12,
        "squawk": "6376",
        "spi": false,
        "position_source": 0
      }
    },
    {
      "type": "Feature",
      "geometry": {
        "type": "Point",
        "coordinates": [
          8.5512,
          47.4614
        ]
      },
      "properties": {
        "icao24": "4bccaa",
        "callsign": null,
        "origin_country": "Turkey",
        "time_position": 1787474579,
        "last_contact": 1787474579,
        "baro_altitude": null,
        "on_ground": true,
        "velocity": 0,
        "true_track": 64.69,
        "vertical_rate": null,
        "geo_altitude": null,
        "squawk": null,
        "spi": false,
        "position_source": 0
      }
    },
    {
      "type": "Feature",
      "geometry": {
        "type": "Point",
        "coordinates": [
          8.5754,
          46.4765
        ]
      },
      "properties": {
        "icao24": "486742",
        "callsign": "KLM85A",
        "origin_country": "Kingdom of the Netherlands",
        "time_position": 1787474579,
        "last_contact": 1787474579,
        "baro_altitude": 10660.38,
        "on_ground": false,
        "velocity": 241.96,
        "true_track": 150.16,
        "vertical_rate": 0,
        "geo_altitude": 11132.82,
        "squawk": "1000",
        "spi": false,
        "position_source": 0
      }
    },
    {
      "type": "Feature",
      "geometry": {
        "type": "Point",
        "coordinates": [
          12.8235,
          38.2386
        ]
      },
      "properties": {
        "icao24": "4ca61c",
        "callsign": "RYR80FQ",
        "origin_country": "Ireland",
        "time_position": 1787474392,
        "last_contact": 1787474407,
        "baro_altitude": 1691.64,
        "on_ground": false,
        "velocity": 124.7,
        "true_track": 156.93,
        "vertical_rate": -5.53,
        "geo_altitude": 1866.9,
        "squawk": "2550",
        "spi": false,
        "position_source": 0
      }
    },
    {
      "type": "Feature",
      "geometry": {
        "type": "Point",
        "coordinates": [
          10.8621,
          44.5315
        ]
      },
      "properties": {
        "icao24": "4ca61d",
        "callsign": "RYR7VF",
        "origin_country": "Ireland",
        "time_position": 1787474579,
        "last_contact": 1787474579,
        "baro_altitude": 8458.2,
        "on_ground": false,
        "velocity": 200.16,
        "true_track": 305.69,
        "vertical_rate": -10.73,
        "geo_altitude": 8907.78,
        "squawk": "5501",
        "spi": false,
        "position_source": 0
      }
    },
    {
      "type": "Feature",
      "geometry": {
        "type": "Point",
        "coordinates": [
          7.3704,
          45.7947
        ]
      },
      "properties": {
        "icao24": "02a181",
        "callsign": "TAR954",
        "origin_country": "Tunisia",
        "time_position": 1787474579,
        "last_contact": 1787474579,
        "baro_altitude": 10972.8,
        "on_ground": false,
        "velocity": 222.44,
        "true_track": 329.88,
        "vertical_rate": 0,
        "geo_altitude": 11475.72,
        "squawk": "1000",
        "spi": false,
        "position_source": 0
      }
    },
    {
      "type": "Feature",
      "geometry": {
        "type": "Point",
        "coordinates": [
          8.5683,
          44.5653
        ]
      },
      "properties": {
        "icao24": "8940c3",
        "callsign": "GFA024",
        "origin_country": "Bahrain",
        "time_position": 1787474579,
        "last_contact": 1787474579,
        "baro_altitude": 5189.22,
        "on_ground": false,
        "velocity": 178.62,
        "true_track": 1.98,
        "vertical_rate": -10.08,
        "geo_altitude": 5509.26,
        "squawk": "1000",
        "spi": false,
        "position_source": 0
      }
    },
    {
      "type": "Feature",
      "geometry": {
        "type": "Point",
        "coordinates": [
          7.6682,
          45.3007
        ]
      },
      "properties": {
        "icao24": "346188",
        "callsign": "VLG5EK",
        "origin_country": "Spain",
        "time_position": 1787474579,
        "last_contact": 1787474579,
        "baro_altitude": 10058.4,
        "on_ground": false,
        "velocity": 254.15,
        "true_track": 119.73,
        "vertical_rate": -0.33,
        "geo_altitude": 10538.46,
        "squawk": "1000",
        "spi": false,
        "position_source": 0
      }
    },
    {
      "type": "Feature",
      "geometry": {
        "type": "Point",
        "coordinates": [
          17.8272,
          44.5349
        ]
      },
      "properties": {
        "icao24": "407667",
        "callsign": "EZY76EZ",
        "origin_country": "United Kingdom",
        "time_position": 1787474578,
        "last_contact": 1787474578,
        "baro_altitude": 10668,
        "on_ground": false,
        "velocity": 251.48,
        "true_track": 126.1,
        "vertical_rate": 0,
        "geo_altitude": 11216.64,
        "squawk": "2725",
        "spi": false,
        "position_source": 0
      }
    },
    {
      "type": "Feature",
      "geometry": {
        "type": "Point",
        "coordinates": [
          13.8168,
          46.4765
        ]
      },
      "properties": {
        "icao24": "3c4906",
        "callsign": "EWG9JL",
        "origin_country": "Germany",
        "time_position": 1787474579,
        "last_contact": 1787474579,
        "baro_altitude": 11277.6,
        "on_ground": false,
        "velocity": 238.23,
        "true_track": 142.02,
        "vertical_rate": 0,
        "geo_altitude": 11757.66,
        "squawk": "1371",
        "spi": false,
        "position_source": 0
      }
    },
    {
      "type": "Feature",
      "geometry": {
        "type": "Point",
        "coordinates": [
          6.4327,
          43.19
        ]
      },
      "properties": {
        "icao24": "38dc9c",
        "callsign": "FJVLQ",
        "origin_country": "France",
        "time_position": 1787474580,
        "last_contact": 1787474580,
        "baro_altitude": 1973.58,
        "on_ground": false,
        "velocity": 61.15,
        "true_track": 280.18,
        "vertical_rate": 0,
        "geo_altitude": 2164.08,
        "squawk": null,
        "spi": false,
        "position_source": 0
      }
    },
    {
      "type": "Feature",
      "geometry": {
        "type": "Point",
        "coordinates": [
          14.1462,
          42.5058
        ]
      },
      "properties": {
        "icao24": "3006b0",
        "callsign": "GRIF069",
        "origin_country": "Italy",
        "time_position": 1787474579,
        "last_contact": 1787474579,
        "baro_altitude": 228.6,
        "on_ground": false,
        "velocity": 65.8,
        "true_track": 333.03,
        "vertical_rate": 1.63,
        "geo_altitude": 320.04,
        "squawk": null,
        "spi": false,
        "position_source": 0
      }
    },
    {
      "type": "Feature",
      "geometry": {
        "type": "Point",
        "coordinates": [
          16.0737,
          42.9761
        ]
      },
      "properties": {
        "icao24": "40768c",
        "callsign": "EZY59ZF",
        "origin_country": "United Kingdom",
        "time_position": 1787474571,
        "last_contact": 1787474579,
        "baro_altitude": 10668,
        "on_ground": false,
        "velocity": 245.75,
        "true_track": 140.01,
        "vertical_rate": 0,
        "geo_altitude": 11247.12,
        "squawk": "3473",
        "spi": false,
        "position_source": 0
      }
    },
    {
      "type": "Feature",
      "geometry": {
        "type": "Point",
        "coordinates": [
          7.3432,
          44.5429
        ]
      },
      "properties": {
        "icao24": "34744c",
        "callsign": "VLG6HX",
        "origin_country": "Spain",
        "time_position": 1787474579,
        "last_contact": 1787474579,
        "baro_altitude": 9448.8,
        "on_ground": false,
        "velocity": 205.92,
        "true_track": 228.54,
        "vertical_rate": 0,
        "geo_altitude": 9951.72,
        "squawk": "1000",
        "spi": false,
        "position_source": 0
      }
    },
    {
      "type": "Feature",
      "geometry": {
        "type": "Point",
        "coordinates": [
          15.6136,
          42.7369
        ]
      },
      "properties": {
        "icao24": "407688",
        "callsign": "EZY46RQ",
        "origin_country": "United Kingdom",
        "time_position": 1787474578,
        "last_contact": 1787474579,
        "baro_altitude": 11277.6,
        "on_ground": false,
        "velocity": 239.04,
        "true_track": 142.17,
        "vertical_rate": 0,
        "geo_altitude": 11864.34,
        "squawk": "3467",
        "spi": false,
        "position_source": 0
      }
    },
    {
      "type": "Feature",
      "geometry": {
        "type": "Point",
        "coordinates": [
          11.3869,
          45.7755
        ]
      },
      "properties": {
        "icao24": "34620b",
        "callsign": "IBE07VN",
        "origin_country": "Spain",
        "time_position": 1787474579,
        "last_contact": 1787474579,
        "baro_altitude": 10363.2,
        "on_ground": false,
        "velocity": 239.39,
        "true_track": 54.53,
        "vertical_rate": 0.33,
        "geo_altitude": 10858.5,
        "squawk": "1000",
        "spi": false,
        "position_source": 0
      }
    },
    {
      "type": "Feature",
      "geometry": {
        "type": "Point",
        "coordinates": [
          14.9607,
          45.2254
        ]
      },
      "properties": {
        "icao24": "3c496a",
        "callsign": "TUI4NH",
        "origin_country": "Germany",
        "time_position": 1787474579,
        "last_contact": 1787474579,
        "baro_altitude": 10957.56,
        "on_ground": false,
        "velocity": 216.98,
        "true_track": 332.46,
        "vertical_rate": -3.9,
        "geo_altitude": 11490.96,
        "squawk": "6635",
        "spi": false,
        "position_source": 0
      }
    },
    {
      "type": "Feature",
      "geometry": {
        "type": "Point",
        "coordinates": [
          15.4629,
          43.7709
        ]
      },
      "properties": {
        "icao24": "407600",
        "callsign": "BAW946",
        "origin_country": "United Kingdom",
        "time_position": 1787474366,
        "last_contact": 1787474366,
        "baro_altitude": 4389.12,
        "on_ground": false,
        "velocity": 203.7,
        "true_track": 131.62,
        "vertical_rate": -14.96,
        "geo_altitude": 4678.68,
        "squawk": "3472",
        "spi": false,
        "position_source": 0
      }
    },
    {
      "type": "Feature",
      "geometry": {
        "type": "Point",
        "coordinates": [
          12.9434,
          45.6115
        ]
      },
      "properties": {
        "icao24": "30087a",
        "callsign": "ICEST",
        "origin_country": "Italy",
        "time_position": 1787474579,
        "last_contact": 1787474579,
        "baro_altitude": 548.64,
        "on_ground": false,
        "velocity": 40.43,
        "true_track": 75.26,
        "vertical_rate": -0.33,
        "geo_altitude": 670.56,
        "squawk": "7000",
        "spi": false,
        "position_source": 0
      }
    },
    {
      "type": "Feature",
      "geometry": {
        "type": "Point",
        "coordinates": [
          10.8778,
          42.614
        ]
      },
      "properties": {
        "icao24": "c01723",
        "callsign": "ACA890",
        "origin_country": "Canada",
        "time_position": 1787474579,
        "last_contact": 1787474579,
        "baro_altitude": 6911.34,
        "on_ground": false,
        "velocity": 208.69,
        "true_track": 122.01,
        "vertical_rate": -4.88,
        "geo_altitude": 7360.92,
        "squawk": "5254",
        "spi": false,
        "position_source": 0
      }
    },
    {
      "type": "Feature",
      "geometry": {
        "type": "Point",
        "coordinates": [
          13.6137,
          45.2716
        ]
      },
      "properties": {
        "icao24": "4074b6",
        "callsign": "EZY37TN",
        "origin_country": "United Kingdom",
        "time_position": 1787474579,
        "last_contact": 1787474579,
        "baro_altitude": 11597.64,
        "on_ground": false,
        "velocity": 212.44,
        "true_track": 314.61,
        "vertical_rate": 0.33,
        "geo_altitude": 12123.42,
        "squawk": "0224",
        "spi": false,
        "position_source": 0
      }
    },
    {
      "type": "Feature",
      "geometry": {
        "type": "Point",
        "coordinates": [
          13.0856,
          45.8411
        ]
      },
      "properties": {
        "icao24": "300849",
        "callsign": "IXPLR",
        "origin_country": "Italy",
        "time_position": 1787474580,
        "last_contact": 1787474580,
        "baro_altitude": 457.2,
        "on_ground": false,
        "velocity": 52.64,
        "true_track": 248.2,
        "vertical_rate": 0,
        "geo_altitude": 586.74,
        "squawk": "4236",
        "spi": false,
        "position_source": 0
      }
    },
    {
      "type": "Feature",
      "geometry": {
        "type": "Point",
        "coordinates": [
          10.5698,
          44.6905
        ]
      },
      "properties": {
        "icao24": "300847",
        "callsign": "IOZZI",
        "origin_country": "Italy",
        "time_position": 1787474579,
        "last_contact": 1787474579,
        "baro_altitude": 861.06,
        "on_ground": false,
        "velocity": 62.11,
        "true_track": 129.62,
        "vertical_rate": -0.98,
        "geo_altitude": 952.5,
        "squawk": null,
        "spi": false,
        "position_source": 0
      }
    },
    {
      "type": "Feature",
      "geometry": {
        "type": "Point",
        "coordinates": [
          8.6392,
          47.453
        ]
      },
      "properties": {
        "icao24": "8966ab",
        "callsign": "ETD9GL",
        "origin_country": "United Arab Emirates",
        "time_position": 1787474580,
        "last_contact": 1787474580,
        "baro_altitude": 1584.96,
        "on_ground": false,
        "velocity": 101.26,
        "true_track": 42.12,
        "vertical_rate": 10.4,
        "geo_altitude": 1737.36,
        "squawk": "3062",
        "spi": false,
        "position_source": 0
      }
    },
    {
      "type": "Feature",
      "geometry": {
        "type": "Point",
        "coordinates": [
          7.7429,
          47.1831
        ]
      },
      "properties": {
        "icao24": "4b1aa5",
        "callsign": "HBKCJ",
        "origin_country": "Switzerland",
        "time_position": 1787474494,
        "last_contact": 1787474494,
        "baro_altitude": null,
        "on_ground": true,
        "velocity": 0,
        "true_track": 222.19,
        "vertical_rate": null,
        "geo_altitude": null,
        "squawk": null,
        "spi": false,
        "position_source": 0
      }
    },
    {
      "type": "Feature",
      "geometry": {
        "type": "Point",
        "coordinates": [
          14.3299,
          35.9871
        ]
      },
      "properties": {
        "icao24": "300918",
        "callsign": "IACMX",
        "origin_country": "Italy",
        "time_position": 1787474579,
        "last_contact": 1787474579,
        "baro_altitude": 396.24,
        "on_ground": false,
        "velocity": 51.56,
        "true_track": 24.78,
        "vertical_rate": 0,
        "geo_altitude": 472.44,
        "squawk": "3644",
        "spi": false,
        "position_source": 0
      }
    },
    {
      "type": "Feature",
      "geometry": {
        "type": "Point",
        "coordinates": [
          13.4322,
          42.01
        ]
      },
      "properties": {
        "icao24": "4cafc1",
        "callsign": "RYR354V",
        "origin_country": "Ireland",
        "time_position": 1787474579,
        "last_contact": 1787474580,
        "baro_altitude": 8061.96,
        "on_ground": false,
        "velocity": 230.9,
        "true_track": 130.75,
        "vertical_rate": -11.7,
        "geo_altitude": 8572.5,
        "squawk": "1000",
        "spi": false,
        "position_source": 0
      }
    },
    {
      "type": "Feature",
      "geometry": {
        "type": "Point",
        "coordinates": [
          10.0553,
          44.2468
        ]
      },
      "properties": {
        "icao24": "4cafc2",
        "callsign": "RYR66DP",
        "origin_country": "Ireland",
        "time_position": 1787474578,
        "last_contact": 1787474578,
        "baro_altitude": 4114.8,
        "on_ground": false,
        "velocity": 180.17,
        "true_track": 154.46,
        "vertical_rate": -5.2,
        "geo_altitude": 4373.88,
        "squawk": "5235",
        "spi": false,
        "position_source": 0
      }
    },
    {
      "type": "Feature",
      "geometry": {
        "type": "Point",
        "coordinates": [
          10.6732,
          43.359
        ]
      },
      "properties": {
        "icao24": "4cafd0",
        "callsign": "RYR1EP",
        "origin_country": "Ireland",
        "time_position": 1787474579,
        "last_contact": 1787474579,
        "baro_altitude": 10218.42,
        "on_ground": false,
        "velocity": 233.01,
        "true_track": 157.68,
        "vertical_rate": -5.2,
        "geo_altitude": 10767.06,
        "squawk": "1000",
        "spi": false,
        "position_source": 0
      }
    },
    {
      "type": "Feature",
      "geometry": {
        "type": "Point",
        "coordinates": [
          6.6597,
          45.5439
        ]
      },
      "properties": {
        "icao24": "400f02",
        "callsign": "EZY67FY",
        "origin_country": "United Kingdom",
        "time_position": 1787474579,
        "last_contact": 1787474579,
        "baro_altitude": 11269.98,
        "on_ground": false,
        "velocity": 237.24,
        "true_track": 144.62,
        "vertical_rate": 0,
        "geo_altitude": 11772.9,
        "squawk": "7270",
        "spi": false,
        "position_source": 0
      }
    },
    {
      "type": "Feature",
      "geometry": {
        "type": "Point",
        "coordinates": [
          7.7132,
          43.3169
        ]
      },
      "properties": {
        "icao24": "4caffb",
        "callsign": "ITY6MO",
        "origin_country": "Ireland",
        "time_position": 1787474579,
        "last_contact": 1787474579,
        "baro_altitude": 12496.8,
        "on_ground": false,
        "velocity": 254.29,
        "true_track": 119.31,
        "vertical_rate": -0.33,
        "geo_altitude": 13068.3,
        "squawk": "1000",
        "spi": false,
        "position_source": 0
      }
    },
    {
      "type": "Feature",
      "geometry": {
        "type": "Point",
        "coordinates": [
          14.3741,
          38.756
        ]
      },
      "properties": {
        "icao24": "4caff8",
        "callsign": "RYR89GT",
        "origin_country": "Ireland",
        "time_position": 1787474579,
        "last_contact": 1787474580,
        "baro_altitude": 9494.52,
        "on_ground": false,
        "velocity": 239.22,
        "true_track": 171.59,
        "vertical_rate": -14.31,
        "geo_altitude": 10096.5,
        "squawk": null,
        "spi": false,
        "position_source": 0
      }
    },
    {
      "type": "Feature",
      "geometry": {
        "type": "Point",
        "coordinates": [
          12.8906,
          39.0395
        ]
      },
      "properties": {
        "icao24": "407793",
        "callsign": "EZY83PE",
        "origin_country": "United Kingdom",
        "time_position": 1787474580,
        "last_contact": 1787474580,
        "baro_altitude": 11887.2,
        "on_ground": false,
        "velocity": 242.92,
        "true_track": 144.83,
        "vertical_rate": 0,
        "geo_altitude": 12557.76,
        "squawk": "7321",
        "spi": false,
        "position_source": 0
      }
    },
    {
      "type": "Feature",
      "geometry": {
        "type": "Point",
        "coordinates": [
          17.0396,
          44.9332
        ]
      },
      "properties": {
        "icao24": "407794",
        "callsign": "EZY21UT",
        "origin_country": "United Kingdom",
        "time_position": 1787474579,
        "last_contact": 1787474579,
        "baro_altitude": 11277.6,
        "on_ground": false,
        "velocity": 245.97,
        "true_track": 125.55,
        "vertical_rate": 0,
        "geo_altitude": 11818.62,
        "squawk": "0520",
        "spi": false,
        "position_source": 0
      }
    },
    {
      "type": "Feature",
      "geometry": {
        "type": "Point",
        "coordinates": [
          10.8449,
          44.8057
        ]
      },
      "properties": {
        "icao24": "010255",
        "callsign": "RBG542",
        "origin_country": "Egypt",
        "time_position": 1787474579,
        "last_contact": 1787474579,
        "baro_altitude": 6781.8,
        "on_ground": false,
        "velocity": 186.13,
        "true_track": 332.87,
        "vertical_rate": -10.73,
        "geo_altitude": 7193.28,
        "squawk": "2034",
        "spi": false,
        "position_source": 0
      }
    },
    {
      "type": "Feature",
      "geometry": {
        "type": "Point",
        "coordinates": [
          10.5024,
          37.0316
        ]
      },
      "properties": {
        "icao24": "010247",
        "callsign": "MSR843",
        "origin_country": "Egypt",
        "time_position": 1787474580,
        "last_contact": 1787474580,
        "baro_altitude": 1623.06,
        "on_ground": false,
        "velocity": 138.35,
        "true_track": 292.75,
        "vertical_rate": -8.45,
        "geo_altitude": 1805.94,
        "squawk": "5502",
        "spi": false,
        "position_source": 0
      }
    },
    {
      "type": "Feature",
      "geometry": {
        "type": "Point",
        "coordinates": [
          16.1595,
          43.1854
        ]
      },
      "properties": {
        "icao24": "01025b",
        "callsign": "MSC815",
        "origin_country": "Egypt",
        "time_position": 1787474576,
        "last_contact": 1787474576,
        "baro_altitude": 11582.4,
        "on_ground": false,
        "velocity": 218.87,
        "true_track": 293.55,
        "vertical_rate": 0.33,
        "geo_altitude": 12184.38,
        "squawk": "2067",
        "spi": false,
        "position_source": 0
      }
    },
    {
      "type": "Feature",
      "geometry": {
        "type": "Point",
        "coordinates": [
          8.1281,
          45.486
        ]
      },
      "properties": {
        "icao24": "3007da",
        "callsign": "ISKRW",
        "origin_country": "Italy",
        "time_position": 1787474579,
        "last_contact": 1787474579,
        "baro_altitude": 601.98,
        "on_ground": false,
        "velocity": 41.68,
        "true_track": 155.97,
        "vertical_rate": 0.33,
        "geo_altitude": 716.28,
        "squawk": "4610",
        "spi": false,
        "position_source": 0
      }
    },
    {
      "type": "Feature",
      "geometry": {
        "type": "Point",
        "coordinates": [
          8.7461,
          45.5464
        ]
      },
      "properties": {
        "icao24": "010271",
        "callsign": "MSC805",
        "origin_country": "Egypt",
        "time_position": 1787474579,
        "last_contact": 1787474579,
        "baro_altitude": 556.26,
        "on_ground": false,
        "velocity": 79.01,
        "true_track": 349.49,
        "vertical_rate": -3.58,
        "geo_altitude": 685.8,
        "squawk": "5516",
        "spi": false,
        "position_source": 0
      }
    },
    {
      "type": "Feature",
      "geometry": {
        "type": "Point",
        "coordinates": [
          11.3335,
          46.1835
        ]
      },
      "properties": {
        "icao24": "3007f2",
        "callsign": "DLA7CM",
        "origin_country": "Italy",
        "time_position": 1787474579,
        "last_contact": 1787474579,
        "baro_altitude": 10972.8,
        "on_ground": false,
        "velocity": 206.37,
        "true_track": 358.43,
        "vertical_rate": 0,
        "geo_altitude": 11460.48,
        "squawk": "1000",
        "spi": false,
        "position_source": 0
      }
    },
    {
      "type": "Feature",
      "geometry": {
        "type": "Point",
        "coordinates": [
          10.4083,
          43.7342
        ]
      },
      "properties": {
        "icao24": "3964f8",
        "callsign": "TVF64UK",
        "origin_country": "France",
        "time_position": 1787474579,
        "last_contact": 1787474580,
        "baro_altitude": 11887.2,
        "on_ground": false,
        "velocity": 245.12,
        "true_track": 121.79,
        "vertical_rate": -0.33,
        "geo_altitude": 12443.46,
        "squawk": "0464",
        "spi": false,
        "position_source": 0
      }
    },
    {
      "type": "Feature",
      "geometry": {
        "type": "Point",
        "coordinates": [
          17.7368,
          39.5566
        ]
      },
      "properties": {
        "icao24": "01022c",
        "callsign": "MSC819",
        "origin_country": "Egypt",
        "time_position": 1787474579,
        "last_contact": 1787474579,
        "baro_altitude": 9753.6,
        "on_ground": false,
        "velocity": 233.72,
        "true_track": 309.01,
        "vertical_rate": 0,
        "geo_altitude": 10355.58,
        "squawk": null,
        "spi": false,
        "position_source": 0
      }
    },
    {
      "type": "Feature",
      "geometry": {
        "type": "Point",
        "coordinates": [
          8.1073,
          45.9332
        ]
      },
      "properties": {
        "icao24": "3007b6",
        "callsign": "INICC",
        "origin_country": "Italy",
        "time_position": 1787474493,
        "last_contact": 1787474494,
        "baro_altitude": 2042.16,
        "on_ground": false,
        "velocity": 67.59,
        "true_track": 8.32,
        "vertical_rate": -5.85,
        "geo_altitude": 2225.04,
        "squawk": "7000",
        "spi": false,
        "position_source": 0
      }
    },
    {
      "type": "Feature",
      "geometry": {
        "type": "Point",
        "coordinates": [
          12.081,
          44.2885
        ]
      },
      "properties": {
        "icao24": "4d24a0",
        "callsign": "VJT457",
        "origin_country": "Malta",
        "time_position": 1787474579,
        "last_contact": 1787474579,
        "baro_altitude": 13106.4,
        "on_ground": false,
        "velocity": 221.82,
        "true_track": 312.09,
        "vertical_rate": 0,
        "geo_altitude": 13677.9,
        "squawk": "1000",
        "spi": false,
        "position_source": 0
      }
    },
    {
      "type": "Feature",
      "geometry": {
        "type": "Point",
        "coordinates": [
          9.2805,
          42.9285
        ]
      },
      "properties": {
        "icao24": "4b1a2d",
        "callsign": "EZS49KR",
        "origin_country": "Switzerland",
        "time_position": 1787474579,
        "last_contact": 1787474579,
        "baro_altitude": 2362.2,
        "on_ground": false,
        "velocity": 149.74,
        "true_track": 178.82,
        "vertical_rate": -3.25,
        "geo_altitude": 2575.56,
        "squawk": "1000",
        "spi": false,
        "position_source": 0
      }
    },
    {
      "type": "Feature",
      "geometry": {
        "type": "Point",
        "coordinates": [
          13.211,
          43.6132
        ]
      },
      "properties": {
        "icao24": "4b1a2a",
        "callsign": "EZS73NK",
        "origin_country": "Switzerland",
        "time_position": 1787474579,
        "last_contact": 1787474579,
        "baro_altitude": 10972.8,
        "on_ground": false,
        "velocity": 220.01,
        "true_track": 299.56,
        "vertical_rate": 0,
        "geo_altitude": 11544.3,
        "squawk": "7351",
        "spi": false,
        "position_source": 0
      }
    },
    {
      "type": "Feature",
      "geometry": {
        "type": "Point",
        "coordinates": [
          9.4724,
          40.5667
        ]
      },
      "properties": {
        "icao24": "4b1a2b",
        "callsign": "EZS58ZV",
        "origin_country": "Switzerland",
        "time_position": 1787474579,
        "last_contact": 1787474579,
        "baro_altitude": 11224.26,
        "on_ground": false,
        "velocity": 221.68,
        "true_track": 195.62,
        "vertical_rate": -9.75,
        "geo_altitude": 11864.34,
        "squawk": "5704",
        "spi": false,
        "position_source": 0
      }
    },
    {
      "type": "Feature",
      "geometry": {
        "type": "Point",
        "coordinates": [
          7.4743,
          47.6687
        ]
      },
      "properties": {
        "icao24": "4b1a2c",
        "callsign": "EJU85DP",
        "origin_country": "Switzerland",
        "time_position": 1787474579,
        "last_contact": 1787474579,
        "baro_altitude": 525.78,
        "on_ground": false,
        "velocity": 74.56,
        "true_track": 154.67,
        "vertical_rate": -3.58,
        "geo_altitude": 670.56,
        "squawk": "5333",
        "spi": false,
        "position_source": 0
      }
    },
    {
      "type": "Feature",
      "geometry": {
        "type": "Point",
        "coordinates": [
          6.3321,
          46.0995
        ]
      },
      "properties": {
        "icao24": "4b1a37",
        "callsign": "EZS48AX",
        "origin_country": "Switzerland",
        "time_position": 1787474579,
        "last_contact": 1787474580,
        "baro_altitude": 3368.04,
        "on_ground": false,
        "velocity": 158.68,
        "true_track": 261.42,
        "vertical_rate": -5.85,
        "geo_altitude": 3611.88,
        "squawk": "1000",
        "spi": false,
        "position_source": 0
      }
    },
    {
      "type": "Feature",
      "geometry": {
        "type": "Point",
        "coordinates": [
          6.1053,
          46.2332
        ]
      },
      "properties": {
        "icao24": "4b1a1b",
        "callsign": "EJU52WT",
        "origin_country": "Switzerland",
        "time_position": 1787474515,
        "last_contact": 1787474515,
        "baro_altitude": null,
        "on_ground": true,
        "velocity": 5.14,
        "true_track": 225,
        "vertical_rate": null,
        "geo_altitude": null,
        "squawk": "1000",
        "spi": false,
        "position_source": 0
      }
    },
    {
      "type": "Feature",
      "geometry": {
        "type": "Point",
        "coordinates": [
          11.0314,
          41.0698
        ]
      },
      "properties": {
        "icao24": "4b1a27",
        "callsign": "EZS36FD",
        "origin_country": "Switzerland",
        "time_position": 1787474578,
        "last_contact": 1787474578,
        "baro_altitude": 11582.4,
        "on_ground": false,
        "velocity": 229.89,
        "true_track": 339.29,
        "vertical_rate": -0.33,
        "geo_altitude": 12207.24,
        "squawk": null,
        "spi": false,
        "position_source": 0
      }
    },
    {
      "type": "Feature",
      "geometry": {
        "type": "Point",
        "coordinates": [
          9.5821,
          46.8789
        ]
      },
      "properties": {
        "icao24": "4b1a28",
        "callsign": "EZS67UZ",
        "origin_country": "Switzerland",
        "time_position": 1787474579,
        "last_contact": 1787474579,
        "baro_altitude": 8702.04,
        "on_ground": false,
        "velocity": 189.95,
        "true_track": 316.54,
        "vertical_rate": -5.2,
        "geo_altitude": 9128.76,
        "squawk": "1000",
        "spi": false,
        "position_source": 0
      }
    },
    {
      "type": "Feature",
      "geometry": {
        "type": "Point",
        "coordinates": [
          10.3482,
          37.5597
        ]
      },
      "properties": {
        "icao24": "4b1a29",
        "callsign": "EZS81DV",
        "origin_country": "Switzerland",
        "time_position": 1787474564,
        "last_contact": 1787474564,
        "baro_altitude": 9136.38,
        "on_ground": false,
        "velocity": 225.09,
        "true_track": 345.71,
        "vertical_rate": 6.5,
        "geo_altitude": 9730.74,
        "squawk": null,
        "spi": false,
        "position_source": 0
      }
    },
    {
      "type": "Feature",
      "geometry": {
        "type": "Point",
        "coordinates": [
          12.2125,
          41.5188
        ]
      },
      "properties": {
        "icao24": "4b1a65",
        "callsign": "EZS23HQ",
        "origin_country": "Switzerland",
        "time_position": 1787474579,
        "last_contact": 1787474579,
        "baro_altitude": 9753.6,
        "on_ground": false,
        "velocity": 213.72,
        "true_track": 312.56,
        "vertical_rate": 0,
        "geo_altitude": 10332.72,
        "squawk": null,
        "spi": false,
        "position_source": 0
      }
    },
    {
      "type": "Feature",
      "geometry": {
        "type": "Point",
        "coordinates": [
          16.5324,
          43.5786
        ]
      },
      "properties": {
        "icao24": "4d24d4",
        "callsign": "WZZ3BA",
        "origin_country": "Malta",
        "time_position": 1787474576,
        "last_contact": 1787474580,
        "baro_altitude": 10668,
        "on_ground": false,
        "velocity": 256.48,
        "true_track": 59.37,
        "vertical_rate": 0,
        "geo_altitude": 11231.88,
        "squawk": "1744",
        "spi": false,
        "position_source": 0
      }
    },
    {
      "type": "Feature",
      "geometry": {
        "type": "Point",
        "coordinates": [
          8.7261,
          45.6463
        ]
      },
      "properties": {
        "icao24": "40772d",
        "callsign": "EZY23GE",
        "origin_country": "United Kingdom",
        "time_position": 1787474419,
        "last_contact": 1787474419,
        "baro_altitude": null,
        "on_ground": true,
        "velocity": 0.26,
        "true_track": 168.75,
        "vertical_rate": null,
        "geo_altitude": null,
        "squawk": null,
        "spi": false,
        "position_source": 0
      }
    },
    {
      "type": "Feature",
      "geometry": {
        "type": "Point",
        "coordinates": [
          16.4187,
          45.1773
        ]
      },
      "properties": {
        "icao24": "4d24af",
        "callsign": "WZZ6260",
        "origin_country": "Malta",
        "time_position": 1787474579,
        "last_contact": 1787474579,
        "baro_altitude": 3276.6,
        "on_ground": false,
        "velocity": 209.73,
        "true_track": 95.21,
        "vertical_rate": -8.45,
        "geo_altitude": 3512.82,
        "squawk": "0266",
        "spi": false,
        "position_source": 0
      }
    },
    {
      "type": "Feature",
      "geometry": {
        "type": "Point",
        "coordinates": [
          6.4884,
          45.7126
        ]
      },
      "properties": {
        "icao24": "4d24ba",
        "callsign": "KMM479",
        "origin_country": "Malta",
        "time_position": 1787474579,
        "last_contact": 1787474579,
        "baro_altitude": 11887.2,
        "on_ground": false,
        "velocity": 239.09,
        "true_track": 144.63,
        "vertical_rate": 0,
        "geo_altitude": 12397.74,
        "squawk": "7660",
        "spi": false,
        "position_source": 0
      }
    },
    {
      "type": "Feature",
      "geometry": {
        "type": "Point",
        "coordinates": [
          14.8909,
          44.5805
        ]
      },
      "properties": {
        "icao24": "4b1a5f",
        "callsign": "EZS14LH",
        "origin_country": "Switzerland",
        "time_position": 1787474579,
        "last_contact": 1787474579,
        "baro_altitude": 11582.4,
        "on_ground": false,
        "velocity": 207.78,
        "true_track": 297.58,
        "vertical_rate": 0,
        "geo_altitude": 12138.66,
        "squawk": "6522",
        "spi": false,
        "position_source": 0
      }
    },
    {
      "type": "Feature",
      "geometry": {
        "type": "Point",
        "coordinates": [
          14.0308,
          43.6766
        ]
      },
      "properties": {
        "icao24": "4075f4",
        "callsign": "TOM5AG",
        "origin_country": "United Kingdom",
        "time_position": 1787474579,
        "last_contact": 1787474579,
        "baro_altitude": 11277.6,
        "on_ground": false,
        "velocity": 242.28,
        "true_track": 135.52,
        "vertical_rate": 0,
        "geo_altitude": 11841.48,
        "squawk": "2730",
        "spi": false,
        "position_source": 0
      }
    },
    {
      "type": "Feature",
      "geometry": {
        "type": "Point",
        "coordinates": [
          7.8619,
          45.0038
        ]
      },
      "properties": {
        "icao24": "ac17e6",
        "callsign": "AAL206",
        "origin_country": "United States",
        "time_position": 1787474579,
        "last_contact": 1787474579,
        "baro_altitude": 5158.74,
        "on_ground": false,
        "velocity": 216.43,
        "true_track": 54.38,
        "vertical_rate": -15.28,
        "geo_altitude": 5478.78,
        "squawk": "1000",
        "spi": false,
        "position_source": 0
      }
    },
    {
      "type": "Feature",
      "geometry": {
        "type": "Point",
        "coordinates": [
          15.2458,
          45.9357
        ]
      },
      "properties": {
        "icao24": "4075bb",
        "callsign": "EXS13BP",
        "origin_country": "United Kingdom",
        "time_position": 1787474579,
        "last_contact": 1787474580,
        "baro_altitude": 11277.6,
        "on_ground": false,
        "velocity": 243.96,
        "true_track": 130.98,
        "vertical_rate": 0,
        "geo_altitude": 11772.9,
        "squawk": "0543",
        "spi": false,
        "position_source": 0
      }
    },
    {
      "type": "Feature",
      "geometry": {
        "type": "Point",
        "coordinates": [
          11.9938,
          36.0031
        ]
      },
      "properties": {
        "icao24": "0101b8",
        "callsign": "MSR847",
        "origin_country": "Egypt",
        "time_position": 1787474579,
        "last_contact": 1787474579,
        "baro_altitude": 10965.18,
        "on_ground": false,
        "velocity": 215.46,
        "true_track": 275.34,
        "vertical_rate": 0,
        "geo_altitude": 11628.12,
        "squawk": "7733",
        "spi": false,
        "position_source": 0
      }
    },
    {
      "type": "Feature",
      "geometry": {
        "type": "Point",
        "coordinates": [
          8.3754,
          46.4738
        ]
      },
      "properties": {
        "icao24": "4d2518",
        "callsign": "RYR67KN",
        "origin_country": "Malta",
        "time_position": 1787474579,
        "last_contact": 1787474580,
        "baro_altitude": 10553.7,
        "on_ground": false,
        "velocity": 240.1,
        "true_track": 151.46,
        "vertical_rate": -5.2,
        "geo_altitude": 11003.28,
        "squawk": "1000",
        "spi": false,
        "position_source": 0
      }
    },
    {
      "type": "Feature",
      "geometry": {
        "type": "Point",
        "coordinates": [
          10.7963,
          45.3322
        ]
      },
      "properties": {
        "icao24": "4caeaf",
        "callsign": "NOS7477",
        "origin_country": "Ireland",
        "time_position": 1787474324,
        "last_contact": 1787474340,
        "baro_altitude": 487.68,
        "on_ground": false,
        "velocity": 74.21,
        "true_track": 45.56,
        "vertical_rate": -3.9,
        "geo_altitude": 601.98,
        "squawk": "3533",
        "spi": false,
        "position_source": 0
      }
    },
    {
      "type": "Feature",
      "geometry": {
        "type": "Point",
        "coordinates": [
          15.0729,
          39.1378
        ]
      },
      "properties": {
        "icao24": "4d2529",
        "callsign": "WZZ5K",
        "origin_country": "Malta",
        "time_position": 1787474579,
        "last_contact": 1787474579,
        "baro_altitude": 10980.42,
        "on_ground": false,
        "velocity": 235.17,
        "true_track": 1.38,
        "vertical_rate": 0,
        "geo_altitude": 11635.74,
        "squawk": "4311",
        "spi": false,
        "position_source": 0
      }
    },
    {
      "type": "Feature",
      "geometry": {
        "type": "Point",
        "coordinates": [
          6.8728,
          43.852
        ]
      },
      "properties": {
        "icao24": "4caeb8",
        "callsign": "ITY6KC",
        "origin_country": "Ireland",
        "time_position": 1787474579,
        "last_contact": 1787474580,
        "baro_altitude": 11887.2,
        "on_ground": false,
        "velocity": 258.84,
        "true_track": 123,
        "vertical_rate": 0,
        "geo_altitude": 12443.46,
        "squawk": "1000",
        "spi": false,
        "position_source": 0
      }
    },
    {
      "type": "Feature",
      "geometry": {
        "type": "Point",
        "coordinates": [
          10.2814,
          42.9943
        ]
      },
      "properties": {
        "icao24": "4caeb3",
        "callsign": "ITY628",
        "origin_country": "Ireland",
        "time_position": 1787474579,
        "last_contact": 1787474579,
        "baro_altitude": 8618.22,
        "on_ground": false,
        "velocity": 227.31,
        "true_track": 324.12,
        "vertical_rate": 1.3,
        "geo_altitude": 9113.52,
        "squawk": "0210",
        "spi": false,
        "position_source": 0
      }
    },
    {
      "type": "Feature",
      "geometry": {
        "type": "Point",
        "coordinates": [
          14.4923,
          35.8487
        ]
      },
      "properties": {
        "icao24": "4d2504",
        "callsign": "RYR67RW",
        "origin_country": "Malta",
        "time_position": 1787474311,
        "last_contact": 1787474311,
        "baro_altitude": null,
        "on_ground": true,
        "velocity": 0.51,
        "true_track": 225,
        "vertical_rate": null,
        "geo_altitude": null,
        "squawk": "1237",
        "spi": false,
        "position_source": 0
      }
    },
    {
      "type": "Feature",
      "geometry": {
        "type": "Point",
        "coordinates": [
          10.7931,
          45.5017
        ]
      },
      "properties": {
        "icao24": "4d2509",
        "callsign": "EWG36T",
        "origin_country": "Malta",
        "time_position": 1787474579,
        "last_contact": 1787474579,
        "baro_altitude": 11277.6,
        "on_ground": false,
        "velocity": 206.97,
        "true_track": 219.15,
        "vertical_rate": 0,
        "geo_altitude": 11788.14,
        "squawk": "1000",
        "spi": false,
        "position_source": 0
      }
    },
    {
      "type": "Feature",
      "geometry": {
        "type": "Point",
        "coordinates": [
          9.9339,
          42.418
        ]
      },
      "properties": {
        "icao24": "4d2508",
        "callsign": "AEZ2630",
        "origin_country": "Malta",
        "time_position": 1787474579,
        "last_contact": 1787474579,
        "baro_altitude": 9144,
        "on_ground": false,
        "velocity": 234.2,
        "true_track": 352.17,
        "vertical_rate": 1.63,
        "geo_altitude": 9669.78,
        "squawk": null,
        "spi": false,
        "position_source": 0
      }
    },
    {
      "type": "Feature",
      "geometry": {
        "type": "Point",
        "coordinates": [
          8.9448,
          47.0472
        ]
      },
      "properties": {
        "icao24": "4caee7",
        "callsign": "RYR5PE",
        "origin_country": "Ireland",
        "time_position": 1787474579,
        "last_contact": 1787474579,
        "baro_altitude": 10104.12,
        "on_ground": false,
        "velocity": 266.17,
        "true_track": 126.67,
        "vertical_rate": -4.88,
        "geo_altitude": 10546.08,
        "squawk": "6373",
        "spi": false,
        "position_source": 0
      }
    },
    {
      "type": "Feature",
      "geometry": {
        "type": "Point",
        "coordinates": [
          7.9187,
          47.6868
        ]
      },
      "properties": {
        "icao24": "3ec356",
        "callsign": "DKOXY",
        "origin_country": "Germany",
        "time_position": 1787474578,
        "last_contact": 1787474579,
        "baro_altitude": 1607.82,
        "on_ground": false,
        "velocity": 37.33,
        "true_track": 348.07,
        "vertical_rate": -0.33,
        "geo_altitude": 1767.84,
        "squawk": "7000",
        "spi": false,
        "position_source": 0
      }
    },
    {
      "type": "Feature",
      "geometry": {
        "type": "Point",
        "coordinates": [
          9.5245,
          45.1268
        ]
      },
      "properties": {
        "icao24": "4d251b",
        "callsign": "RYR6XK",
        "origin_country": "Malta",
        "time_position": 1787474579,
        "last_contact": 1787474579,
        "baro_altitude": 9380.22,
        "on_ground": false,
        "velocity": 242.64,
        "true_track": 156.64,
        "vertical_rate": -3.58,
        "geo_altitude": 9852.66,
        "squawk": "0752",
        "spi": false,
        "position_source": 0
      }
    },
    {
      "type": "Feature",
      "geometry": {
        "type": "Point",
        "coordinates": [
          9.1491,
          47.6991
        ]
      },
      "properties": {
        "icao24": "4d251d",
        "callsign": "RYR11JL",
        "origin_country": "Malta",
        "time_position": 1787474580,
        "last_contact": 1787474580,
        "baro_altitude": 11582.4,
        "on_ground": false,
        "velocity": 234.35,
        "true_track": 2.77,
        "vertical_rate": -0.33,
        "geo_altitude": 12001.5,
        "squawk": "1000",
        "spi": false,
        "position_source": 0
      }
    },
    {
      "type": "Feature",
      "geometry": {
        "type": "Point",
        "coordinates": [
          9.8631,
          42.427
        ]
      },
      "properties": {
        "icao24": "3004c2",
        "callsign": "NOS7061",
        "origin_country": "Italy",
        "time_position": 1787474579,
        "last_contact": 1787474579,
        "baro_altitude": 9753.6,
        "on_ground": false,
        "velocity": 242.01,
        "true_track": 2.44,
        "vertical_rate": 0,
        "geo_altitude": 10279.38,
        "squawk": null,
        "spi": false,
        "position_source": 0
      }
    },
    {
      "type": "Feature",
      "geometry": {
        "type": "Point",
        "coordinates": [
          8.7227,
          45.6108
        ]
      },
      "properties": {
        "icao24": "347288",
        "callsign": "IBE0672",
        "origin_country": "Spain",
        "time_position": 1787474579,
        "last_contact": 1787474579,
        "baro_altitude": null,
        "on_ground": true,
        "velocity": 10.8,
        "true_track": 168.75,
        "vertical_rate": null,
        "geo_altitude": null,
        "squawk": null,
        "spi": false,
        "position_source": 0
      }
    },
    {
      "type": "Feature",
      "geometry": {
        "type": "Point",
        "coordinates": [
          14.7739,
          41.1127
        ]
      },
      "properties": {
        "icao24": "4caefb",
        "callsign": "ITY1285",
        "origin_country": "Ireland",
        "time_position": 1787474346,
        "last_contact": 1787474378,
        "baro_altitude": 2103.12,
        "on_ground": false,
        "velocity": 114.35,
        "true_track": 238.24,
        "vertical_rate": -0.33,
        "geo_altitude": 2293.62,
        "squawk": "1000",
        "spi": false,
        "position_source": 0
      }
    },
    {
      "type": "Feature",
      "geometry": {
        "type": "Point",
        "coordinates": [
          18.7569,
          40.1936
        ]
      },
      "properties": {
        "icao24": "717cb6",
        "callsign": "FAD819",
        "origin_country": "Saudi Arabia",
        "time_position": 1787474575,
        "last_contact": 1787474579,
        "baro_altitude": 11597.64,
        "on_ground": false,
        "velocity": 221.64,
        "true_track": 306.13,
        "vertical_rate": -0.33,
        "geo_altitude": 12252.96,
        "squawk": "5506",
        "spi": false,
        "position_source": 0
      }
    },
    {
      "type": "Feature",
      "geometry": {
        "type": "Point",
        "coordinates": [
          10.3636,
          44.2197
        ]
      },
      "properties": {
        "icao24": "347256",
        "callsign": "VOE8UA",
        "origin_country": "Spain",
        "time_position": 1787474579,
        "last_contact": 1787474579,
        "baro_altitude": 6278.88,
        "on_ground": false,
        "velocity": 222.82,
        "true_track": 6.9,
        "vertical_rate": -16.26,
        "geo_altitude": 6697.98,
        "squawk": "7067",
        "spi": false,
        "position_source": 0
      }
    },
    {
      "type": "Feature",
      "geometry": {
        "type": "Point",
        "coordinates": [
          7.2976,
          45.6864
        ]
      },
      "properties": {
        "icao24": "4caf20",
        "callsign": "ITY576",
        "origin_country": "Ireland",
        "time_position": 1787474579,
        "last_contact": 1787474580,
        "baro_altitude": 6964.68,
        "on_ground": false,
        "velocity": 188.32,
        "true_track": 305.77,
        "vertical_rate": -5.2,
        "geo_altitude": 7345.68,
        "squawk": "1000",
        "spi": false,
        "position_source": 0
      }
    },
    {
      "type": "Feature",
      "geometry": {
        "type": "Point",
        "coordinates": [
          6.2321,
          46.1803
        ]
      },
      "properties": {
        "icao24": "398800",
        "callsign": "FHCAA",
        "origin_country": "France",
        "time_position": 1787474570,
        "last_contact": 1787474571,
        "baro_altitude": 693.42,
        "on_ground": false,
        "velocity": 46.77,
        "true_track": 320.36,
        "vertical_rate": 0,
        "geo_altitude": 807.72,
        "squawk": null,
        "spi": false,
        "position_source": 0
      }
    },
    {
      "type": "Feature",
      "geometry": {
        "type": "Point",
        "coordinates": [
          12.3474,
          39.2903
        ]
      },
      "properties": {
        "icao24": "4caf34",
        "callsign": "RYR71DG",
        "origin_country": "Ireland",
        "time_position": 1787474579,
        "last_contact": 1787474579,
        "baro_altitude": 11277.6,
        "on_ground": false,
        "velocity": 235.6,
        "true_track": 154.11,
        "vertical_rate": 0,
        "geo_altitude": 11917.68,
        "squawk": "7274",
        "spi": false,
        "position_source": 0
      }
    },
    {
      "type": "Feature",
      "geometry": {
        "type": "Point",
        "coordinates": [
          12.459,
          39.1932
        ]
      },
      "properties": {
        "icao24": "4caf1e",
        "callsign": "ITY1765",
        "origin_country": "Ireland",
        "time_position": 1787474579,
        "last_contact": 1787474579,
        "baro_altitude": 7178.04,
        "on_ground": false,
        "velocity": 198.66,
        "true_track": 184.46,
        "vertical_rate": -7.15,
        "geo_altitude": 7680.96,
        "squawk": "1000",
        "spi": false,
        "position_source": 0
      }
    },
    {
      "type": "Feature",
      "geometry": {
        "type": "Point",
        "coordinates": [
          12.1116,
          41.7463
        ]
      },
      "properties": {
        "icao24": "4caf1f",
        "callsign": "ITY080",
        "origin_country": "Ireland",
        "time_position": 1787474580,
        "last_contact": 1787474580,
        "baro_altitude": 1135.38,
        "on_ground": false,
        "velocity": 134.12,
        "true_track": 213.26,
        "vertical_rate": 8.45,
        "geo_altitude": 1264.92,
        "squawk": null,
        "spi": false,
        "position_source": 0
      }
    },
    {
      "type": "Feature",
      "geometry": {
        "type": "Point",
        "coordinates": [
          6.8906,
          40.2771
        ]
      },
      "properties": {
        "icao24": "4caf1c",
        "callsign": "ITY090",
        "origin_country": "Ireland",
        "time_position": 1787474579,
        "last_contact": 1787474580,
        "baro_altitude": 11277.6,
        "on_ground": false,
        "velocity": 212.4,
        "true_track": 259.53,
        "vertical_rate": 0,
        "geo_altitude": 11887.2,
        "squawk": null,
        "spi": false,
        "position_source": 0
      }
    },
    {
      "type": "Feature",
      "geometry": {
        "type": "Point",
        "coordinates": [
          9.0419,
          44.3691
        ]
      },
      "properties": {
        "icao24": "4caf1d",
        "callsign": "ITY1383",
        "origin_country": "Ireland",
        "time_position": 1787474579,
        "last_contact": 1787474579,
        "baro_altitude": 815.34,
        "on_ground": false,
        "velocity": 91.16,
        "true_track": 286.39,
        "vertical_rate": -5.2,
        "geo_altitude": 937.26,
        "squawk": "5474",
        "spi": false,
        "position_source": 0
      }
    },
    {
      "type": "Feature",
      "geometry": {
        "type": "Point",
        "coordinates": [
          15.2066,
          42.2975
        ]
      },
      "properties": {
        "icao24": "4d23bb",
        "callsign": "LBT7647",
        "origin_country": "Malta",
        "time_position": 1787474579,
        "last_contact": 1787474579,
        "baro_altitude": 11269.98,
        "on_ground": false,
        "velocity": 224.12,
        "true_track": 201.26,
        "vertical_rate": 0,
        "geo_altitude": 11833.86,
        "squawk": "1373",
        "spi": false,
        "position_source": 0
      }
    },
    {
      "type": "Feature",
      "geometry": {
        "type": "Point",
        "coordinates": [
          12.3313,
          45.3929
        ]
      },
      "properties": {
        "icao24": "4d23c3",
        "callsign": "CXI3H",
        "origin_country": "Malta",
        "time_position": 1787474579,
        "last_contact": 1787474580,
        "baro_altitude": 10668,
        "on_ground": false,
        "velocity": 248.5,
        "true_track": 143.84,
        "vertical_rate": 0,
        "geo_altitude": 11170.92,
        "squawk": "0123",
        "spi": false,
        "position_source": 0
      }
    },
    {
      "type": "Feature",
      "geometry": {
        "type": "Point",
        "coordinates": [
          14.8636,
          38.5827
        ]
      },
      "properties": {
        "icao24": "300664",
        "callsign": "IBBFI",
        "origin_country": "Italy",
        "time_position": 1787474367,
        "last_contact": 1787474368,
        "baro_altitude": 236.22,
        "on_ground": false,
        "velocity": 42.3,
        "true_track": 256.64,
        "vertical_rate": 0,
        "geo_altitude": 327.66,
        "squawk": null,
        "spi": false,
        "position_source": 0
      }
    },
    {
      "type": "Feature",
      "geometry": {
        "type": "Point",
        "coordinates": [
          17.4988,
          46.8748
        ]
      },
      "properties": {
        "icao24": "4d23a4",
        "callsign": "EWG55CU",
        "origin_country": "Malta",
        "time_position": 1787474579,
        "last_contact": 1787474579,
        "baro_altitude": 10972.8,
        "on_ground": false,
        "velocity": 199.47,
        "true_track": 289.28,
        "vertical_rate": 0.33,
        "geo_altitude": 11452.86,
        "squawk": "4671",
        "spi": false,
        "position_source": 0
      }
    },
    {
      "type": "Feature",
      "geometry": {
        "type": "Point",
        "coordinates": [
          11.7303,
          45.2848
        ]
      },
      "properties": {
        "icao24": "ab4fae",
        "callsign": "DAL288",
        "origin_country": "United States",
        "time_position": 1787474579,
        "last_contact": 1787474579,
        "baro_altitude": 3238.5,
        "on_ground": false,
        "velocity": 153.59,
        "true_track": 166.24,
        "vertical_rate": -8.45,
        "geo_altitude": 3451.86,
        "squawk": "7507",
        "spi": false,
        "position_source": 0
      }
    },
    {
      "type": "Feature",
      "geometry": {
        "type": "Point",
        "coordinates": [
          14.5239,
          38.2181
        ]
      },
      "properties": {
        "icao24": "4d23ef",
        "callsign": "SWU1908",
        "origin_country": "Malta",
        "time_position": 1787474579,
        "last_contact": 1787474580,
        "baro_altitude": 5966.46,
        "on_ground": false,
        "velocity": 191.45,
        "true_track": 154.54,
        "vertical_rate": -4.88,
        "geo_altitude": 6416.04,
        "squawk": "7434",
        "spi": false,
        "position_source": 0
      }
    },
    {
      "type": "Feature",
      "geometry": {
        "type": "Point",
        "coordinates": [
          9.7944,
          44.2957
        ]
      },
      "properties": {
        "icao24": "4d23f9",
        "callsign": "RYR53QC",
        "origin_country": "Malta",
        "time_position": 1787474579,
        "last_contact": 1787474579,
        "baro_altitude": 9273.54,
        "on_ground": false,
        "velocity": 221.1,
        "true_track": 289.15,
        "vertical_rate": -3.9,
        "geo_altitude": 9776.46,
        "squawk": "4146",
        "spi": false,
        "position_source": 0
      }
    },
    {
      "type": "Feature",
      "geometry": {
        "type": "Point",
        "coordinates": [
          6.871,
          43.6529
        ]
      },
      "properties": {
        "icao24": "39c519",
        "callsign": "FHRIZ",
        "origin_country": "France",
        "time_position": 1787474579,
        "last_contact": 1787474579,
        "baro_altitude": 784.86,
        "on_ground": false,
        "velocity": 65.16,
        "true_track": 95.89,
        "vertical_rate": -3.25,
        "geo_altitude": 906.78,
        "squawk": "7021",
        "spi": false,
        "position_source": 0
      }
    },
    {
      "type": "Feature",
      "geometry": {
        "type": "Point",
        "coordinates": [
          10.4082,
          43.5905
        ]
      },
      "properties": {
        "icao24": "3e1dcb",
        "callsign": "DICMD",
        "origin_country": "Germany",
        "time_position": 1787474579,
        "last_contact": 1787474579,
        "baro_altitude": 8839.2,
        "on_ground": false,
        "velocity": 187.16,
        "true_track": 217.41,
        "vertical_rate": 0,
        "geo_altitude": 9326.88,
        "squawk": "1000",
        "spi": false,
        "position_source": 0
      }
    },
    {
      "type": "Feature",
      "geometry": {
        "type": "Point",
        "coordinates": [
          13.3155,
          41.7679
        ]
      },
      "properties": {
        "icao24": "300612",
        "callsign": "IOBSW",
        "origin_country": "Italy",
        "time_position": 1787474579,
        "last_contact": 1787474579,
        "baro_altitude": 1432.56,
        "on_ground": false,
        "velocity": 61.79,
        "true_track": 147.24,
        "vertical_rate": 0,
        "geo_altitude": 1584.96,
        "squawk": null,
        "spi": false,
        "position_source": 0
      }
    },
    {
      "type": "Feature",
      "geometry": {
        "type": "Point",
        "coordinates": [
          8.7342,
          46.0167
        ]
      },
      "properties": {
        "icao24": "4caf7e",
        "callsign": "SAS1687",
        "origin_country": "Ireland",
        "time_position": 1787474579,
        "last_contact": 1787474579,
        "baro_altitude": 6355.08,
        "on_ground": false,
        "velocity": 195.68,
        "true_track": 151.41,
        "vertical_rate": -9.75,
        "geo_altitude": 6705.6,
        "squawk": "0750",
        "spi": false,
        "position_source": 0
      }
    },
    {
      "type": "Feature",
      "geometry": {
        "type": "Point",
        "coordinates": [
          8.9936,
          44.3517
        ]
      },
      "properties": {
        "icao24": "300607",
        "callsign": "IPREM",
        "origin_country": "Italy",
        "time_position": 1787474580,
        "last_contact": 1787474580,
        "baro_altitude": 3413.76,
        "on_ground": false,
        "velocity": 79.35,
        "true_track": 137.1,
        "vertical_rate": -0.98,
        "geo_altitude": 3550.92,
        "squawk": "4676",
        "spi": false,
        "position_source": 0
      }
    },
    {
      "type": "Feature",
      "geometry": {
        "type": "Point",
        "coordinates": [
          8.6667,
          46.6691
        ]
      },
      "properties": {
        "icao24": "4b3eb9",
        "callsign": "HBXTP",
        "origin_country": "Switzerland",
        "time_position": 1787474529,
        "last_contact": 1787474530,
        "baro_altitude": 2461.26,
        "on_ground": false,
        "velocity": 56.68,
        "true_track": 156.46,
        "vertical_rate": -1.63,
        "geo_altitude": 2636.52,
        "squawk": "7000",
        "spi": false,
        "position_source": 0
      }
    },
    {
      "type": "Feature",
      "geometry": {
        "type": "Point",
        "coordinates": [
          8.3722,
          47.4022
        ]
      },
      "properties": {
        "icao24": "a8cffd",
        "callsign": "UAL12",
        "origin_country": "United States",
        "time_position": 1787474579,
        "last_contact": 1787474579,
        "baro_altitude": 3162.3,
        "on_ground": false,
        "velocity": 143.42,
        "true_track": 237.45,
        "vertical_rate": 10.08,
        "geo_altitude": 3345.18,
        "squawk": "3050",
        "spi": false,
        "position_source": 0
      }
    },
    {
      "type": "Feature",
      "geometry": {
        "type": "Point",
        "coordinates": [
          10.1147,
          47.4068
        ]
      },
      "properties": {
        "icao24": "3ff594",
        "callsign": "DMANH",
        "origin_country": "Germany",
        "time_position": 1787474575,
        "last_contact": 1787474575,
        "baro_altitude": 1859.28,
        "on_ground": false,
        "velocity": 47.23,
        "true_track": 327,
        "vertical_rate": -0.65,
        "geo_altitude": 2011.68,
        "squawk": "7000",
        "spi": false,
        "position_source": 0
      }
    },
    {
      "type": "Feature",
      "geometry": {
        "type": "Point",
        "coordinates": [
          8.4562,
          45.0826
        ]
      },
      "properties": {
        "icao24": "3d77a7",
        "callsign": "DFROH",
        "origin_country": "Germany",
        "time_position": 1787474576,
        "last_contact": 1787474576,
        "baro_altitude": 670.56,
        "on_ground": false,
        "velocity": 49.24,
        "true_track": 26.03,
        "vertical_rate": -21.13,
        "geo_altitude": 815.34,
        "squawk": "6351",
        "spi": false,
        "position_source": 0
      }
    },
    {
      "type": "Feature",
      "geometry": {
        "type": "Point",
        "coordinates": [
          16.6732,
          44.9536
        ]
      },
      "properties": {
        "icao24": "4d2434",
        "callsign": "WZZ28XF",
        "origin_country": "Malta",
        "time_position": 1787474577,
        "last_contact": 1787474579,
        "baro_altitude": 10988.04,
        "on_ground": false,
        "velocity": 232.76,
        "true_track": 8.9,
        "vertical_rate": 0,
        "geo_altitude": 11536.68,
        "squawk": "6566",
        "spi": false,
        "position_source": 0
      }
    },
    {
      "type": "Feature",
      "geometry": {
        "type": "Point",
        "coordinates": [
          12.4383,
          38.9975
        ]
      },
      "properties": {
        "icao24": "4d241f",
        "callsign": "WMT372",
        "origin_country": "Malta",
        "time_position": 1787474579,
        "last_contact": 1787474579,
        "baro_altitude": 9448.8,
        "on_ground": false,
        "velocity": 241.62,
        "true_track": 176.95,
        "vertical_rate": 0,
        "geo_altitude": 10058.4,
        "squawk": null,
        "spi": false,
        "position_source": 0
      }
    },
    {
      "type": "Feature",
      "geometry": {
        "type": "Point",
        "coordinates": [
          10.6937,
          42.1365
        ]
      },
      "properties": {
        "icao24": "4cadc8",
        "callsign": "ITY602",
        "origin_country": "Ireland",
        "time_position": 1787474579,
        "last_contact": 1787474579,
        "baro_altitude": 6499.86,
        "on_ground": false,
        "velocity": 207.17,
        "true_track": 328.4,
        "vertical_rate": 4.23,
        "geo_altitude": 6926.58,
        "squawk": null,
        "spi": false,
        "position_source": 0
      }
    },
    {
      "type": "Feature",
      "geometry": {
        "type": "Point",
        "coordinates": [
          9.6961,
          46.5978
        ]
      },
      "properties": {
        "icao24": "4cadc4",
        "callsign": "RYR93QA",
        "origin_country": "Ireland",
        "time_position": 1787474579,
        "last_contact": 1787474579,
        "baro_altitude": 8831.58,
        "on_ground": false,
        "velocity": 260.67,
        "true_track": 116.11,
        "vertical_rate": -0.98,
        "geo_altitude": 9258.3,
        "squawk": "0151",
        "spi": false,
        "position_source": 0
      }
    },
    {
      "type": "Feature",
      "geometry": {
        "type": "Point",
        "coordinates": [
          10.8267,
          40.4602
        ]
      },
      "properties": {
        "icao24": "4cadca",
        "callsign": "ITY678",
        "origin_country": "Ireland",
        "time_position": 1787474579,
        "last_contact": 1787474579,
        "baro_altitude": 6888.48,
        "on_ground": false,
        "velocity": 201.34,
        "true_track": 218.57,
        "vertical_rate": 4.55,
        "geo_altitude": 7353.3,
        "squawk": null,
        "spi": false,
        "position_source": 0
      }
    },
    {
      "type": "Feature",
      "geometry": {
        "type": "Point",
        "coordinates": [
          7.2149,
          43.6648
        ]
      },
      "properties": {
        "icao24": "4cadcb",
        "callsign": "ITY348",
        "origin_country": "Ireland",
        "time_position": 1787474346,
        "last_contact": 1787474346,
        "baro_altitude": null,
        "on_ground": true,
        "velocity": 0,
        "true_track": 315,
        "vertical_rate": null,
        "geo_altitude": null,
        "squawk": "1000",
        "spi": false,
        "position_source": 0
      }
    },
    {
      "type": "Feature",
      "geometry": {
        "type": "Point",
        "coordinates": [
          16.2206,
          42.2058
        ]
      },
      "properties": {
        "icao24": "4d242b",
        "callsign": "WMT5353",
        "origin_country": "Malta",
        "time_position": 1787474579,
        "last_contact": 1787474580,
        "baro_altitude": 10668,
        "on_ground": false,
        "velocity": 250.01,
        "true_track": 81,
        "vertical_rate": 0,
        "geo_altitude": 11285.22,
        "squawk": null,
        "spi": false,
        "position_source": 0
      }
    },
    {
      "type": "Feature",
      "geometry": {
        "type": "Point",
        "coordinates": [
          18.9823,
          45.9037
        ]
      },
      "properties": {
        "icao24": "4d242c",
        "callsign": "WZZ3835",
        "origin_country": "Malta",
        "time_position": 1787474579,
        "last_contact": 1787474579,
        "baro_altitude": 11277.6,
        "on_ground": false,
        "velocity": 233.96,
        "true_track": 157.78,
        "vertical_rate": 0,
        "geo_altitude": 11795.76,
        "squawk": "4514",
        "spi": false,
        "position_source": 0
      }
    },
    {
      "type": "Feature",
      "geometry": {
        "type": "Point",
        "coordinates": [
          8.1922,
          42.7777
        ]
      },
      "properties": {
        "icao24": "4d2414",
        "callsign": "EWG2EG",
        "origin_country": "Malta",
        "time_position": 1787474579,
        "last_contact": 1787474579,
        "baro_altitude": 11590.02,
        "on_ground": false,
        "velocity": 239.99,
        "true_track": 42.31,
        "vertical_rate": 0,
        "geo_altitude": 12176.76,
        "squawk": "1000",
        "spi": false,
        "position_source": 0
      }
    },
    {
      "type": "Feature",
      "geometry": {
        "type": "Point",
        "coordinates": [
          7.6456,
          45.1941
        ]
      },
      "properties": {
        "icao24": "3005e2",
        "callsign": "LSA901",
        "origin_country": "Italy",
        "time_position": 1787474577,
        "last_contact": 1787474577,
        "baro_altitude": null,
        "on_ground": true,
        "velocity": 3.09,
        "true_track": 95.62,
        "vertical_rate": null,
        "geo_altitude": null,
        "squawk": "1000",
        "spi": false,
        "position_source": 0
      }
    },
    {
      "type": "Feature",
      "geometry": {
        "type": "Point",
        "coordinates": [
          17.3194,
          42.1297
        ]
      },
      "properties": {
        "icao24": "4d2423",
        "callsign": "WZZ3050",
        "origin_country": "Malta",
        "time_position": 1787474576,
        "last_contact": 1787474578,
        "baro_altitude": 10965.18,
        "on_ground": false,
        "velocity": 233.56,
        "true_track": 11.43,
        "vertical_rate": 0,
        "geo_altitude": 11574.78,
        "squawk": null,
        "spi": false,
        "position_source": 0
      }
    },
    {
      "type": "Feature",
      "geometry": {
        "type": "Point",
        "coordinates": [
          18.2532,
          39.8018
        ]
      },
      "properties": {
        "icao24": "4cadaa",
        "callsign": "ITY728",
        "origin_country": "Ireland",
        "time_position": 1787474579,
        "last_contact": 1787474580,
        "baro_altitude": 11879.58,
        "on_ground": false,
        "velocity": 244.64,
        "true_track": 131.16,
        "vertical_rate": 0,
        "geo_altitude": 12542.52,
        "squawk": "0475",
        "spi": false,
        "position_source": 0
      }
    },
    {
      "type": "Feature",
      "geometry": {
        "type": "Point",
        "coordinates": [
          10.1758,
          44.7385
        ]
      },
      "properties": {
        "icao24": "4d240d",
        "callsign": "EWG5N",
        "origin_country": "Malta",
        "time_position": 1787474580,
        "last_contact": 1787474580,
        "baro_altitude": 11590.02,
        "on_ground": false,
        "velocity": 253.46,
        "true_track": 39.89,
        "vertical_rate": 0.33,
        "geo_altitude": 12115.8,
        "squawk": "1000",
        "spi": false,
        "position_source": 0
      }
    },
    {
      "type": "Feature",
      "geometry": {
        "type": "Point",
        "coordinates": [
          9.4613,
          45.5257
        ]
      },
      "properties": {
        "icao24": "4cadb8",
        "callsign": "RYR3GK",
        "origin_country": "Ireland",
        "time_position": 1787474579,
        "last_contact": 1787474579,
        "baro_altitude": 2217.42,
        "on_ground": false,
        "velocity": 169.2,
        "true_track": 223.64,
        "vertical_rate": 4.88,
        "geo_altitude": 2385.06,
        "squawk": "1000",
        "spi": false,
        "position_source": 0
      }
    },
    {
      "type": "Feature",
      "geometry": {
        "type": "Point",
        "coordinates": [
          11.4493,
          44.534
        ]
      },
      "properties": {
        "icao24": "4c4aab",
        "callsign": "PNC1VL",
        "origin_country": "Serbia",
        "time_position": 1787474579,
        "last_contact": 1787474579,
        "baro_altitude": 12184.38,
        "on_ground": false,
        "velocity": 226.53,
        "true_track": 19.92,
        "vertical_rate": 0.33,
        "geo_altitude": 12710.16,
        "squawk": "3732",
        "spi": false,
        "position_source": 0
      }
    },
    {
      "type": "Feature",
      "geometry": {
        "type": "Point",
        "coordinates": [
          14.4758,
          35.8602
        ]
      },
      "properties": {
        "icao24": "a7f308",
        "callsign": "LXJ611",
        "origin_country": "United States",
        "time_position": 1787474560,
        "last_contact": 1787474560,
        "baro_altitude": null,
        "on_ground": true,
        "velocity": 0,
        "true_track": 87.19,
        "vertical_rate": null,
        "geo_altitude": null,
        "squawk": null,
        "spi": false,
        "position_source": 0
      }
    },
    {
      "type": "Feature",
      "geometry": {
        "type": "Point",
        "coordinates": [
          11.2011,
          44.776
        ]
      },
      "properties": {
        "icao24": "4d2479",
        "callsign": "WMT568",
        "origin_country": "Malta",
        "time_position": 1787474579,
        "last_contact": 1787474579,
        "baro_altitude": 11574.78,
        "on_ground": false,
        "velocity": 252.49,
        "true_track": 67.98,
        "vertical_rate": 0,
        "geo_altitude": 12123.42,
        "squawk": "0414",
        "spi": false,
        "position_source": 0
      }
    },
    {
      "type": "Feature",
      "geometry": {
        "type": "Point",
        "coordinates": [
          9.2059,
          42.7145
        ]
      },
      "properties": {
        "icao24": "aa86cc",
        "callsign": "AAL720",
        "origin_country": "United States",
        "time_position": 1787474580,
        "last_contact": 1787474580,
        "baro_altitude": 10302.24,
        "on_ground": false,
        "velocity": 245.67,
        "true_track": 125.45,
        "vertical_rate": -14.96,
        "geo_altitude": 10866.12,
        "squawk": "1162",
        "spi": false,
        "position_source": 0
      }
    },
    {
      "type": "Feature",
      "geometry": {
        "type": "Point",
        "coordinates": [
          7.4898,
          46.3316
        ]
      },
      "properties": {
        "icao24": "4cadff",
        "callsign": "RYR61NG",
        "origin_country": "Ireland",
        "time_position": 1787474580,
        "last_contact": 1787474580,
        "baro_altitude": 11582.4,
        "on_ground": false,
        "velocity": 252.33,
        "true_track": 31.32,
        "vertical_rate": 0,
        "geo_altitude": 12062.46,
        "squawk": "1000",
        "spi": false,
        "position_source": 0
      }
    },
    {
      "type": "Feature",
      "geometry": {
        "type": "Point",
        "coordinates": [
          8.0195,
          44.3177
        ]
      },
      "properties": {
        "icao24": "4d245f",
        "callsign": "WZZ233",
        "origin_country": "Malta",
        "time_position": 1787474579,
        "last_contact": 1787474579,
        "baro_altitude": 10980.42,
        "on_ground": false,
        "velocity": 243.62,
        "true_track": 21.04,
        "vertical_rate": 0,
        "geo_altitude": 11529.06,
        "squawk": "1000",
        "spi": false,
        "position_source": 0
      }
    },
    {
      "type": "Feature",
      "geometry": {
        "type": "Point",
        "coordinates": [
          7.1388,
          46.8408
        ]
      },
      "properties": {
        "icao24": "4cadf0",
        "callsign": "RYR4JQ",
        "origin_country": "Ireland",
        "time_position": 1787474579,
        "last_contact": 1787474579,
        "baro_altitude": 11277.6,
        "on_ground": false,
        "velocity": 210.34,
        "true_track": 211.4,
        "vertical_rate": 0,
        "geo_altitude": 11734.8,
        "squawk": "1000",
        "spi": false,
        "position_source": 0
      }
    },
    {
      "type": "Feature",
      "geometry": {
        "type": "Point",
        "coordinates": [
          12.3102,
          40.3456
        ]
      },
      "properties": {
        "icao24": "4caddd",
        "callsign": "ITY1831",
        "origin_country": "Ireland",
        "time_position": 1787474579,
        "last_contact": 1787474579,
        "baro_altitude": 9448.8,
        "on_ground": false,
        "velocity": 236.74,
        "true_track": 175.89,
        "vertical_rate": -0.33,
        "geo_altitude": 10035.54,
        "squawk": null,
        "spi": false,
        "position_source": 0
      }
    },
    {
      "type": "Feature",
      "geometry": {
        "type": "Point",
        "coordinates": [
          11.0964,
          42.3646
        ]
      },
      "properties": {
        "icao24": "346043",
        "callsign": "VOE3BF",
        "origin_country": "Spain",
        "time_position": 1787474579,
        "last_contact": 1787474579,
        "baro_altitude": 10363.2,
        "on_ground": false,
        "velocity": 235.65,
        "true_track": 6.64,
        "vertical_rate": 0,
        "geo_altitude": 10934.7,
        "squawk": "5437",
        "spi": false,
        "position_source": 0
      }
    },
    {
      "type": "Feature",
      "geometry": {
        "type": "Point",
        "coordinates": [
          7.6452,
          45.1922
        ]
      },
      "properties": {
        "icao24": "4cadec",
        "callsign": "ITY1421",
        "origin_country": "Ireland",
        "time_position": 1787474415,
        "last_contact": 1787474418,
        "baro_altitude": null,
        "on_ground": true,
        "velocity": 0,
        "true_track": 258.75,
        "vertical_rate": null,
        "geo_altitude": null,
        "squawk": "4101",
        "spi": false,
        "position_source": 0
      }
    },
    {
      "type": "Feature",
      "geometry": {
        "type": "Point",
        "coordinates": [
          8.9076,
          46.7531
        ]
      },
      "properties": {
        "icao24": "4d244c",
        "callsign": "RYR598Z",
        "origin_country": "Malta",
        "time_position": 1787474579,
        "last_contact": 1787474580,
        "baro_altitude": 11277.6,
        "on_ground": false,
        "velocity": 244.39,
        "true_track": 150.63,
        "vertical_rate": 0.33,
        "geo_altitude": 11742.42,
        "squawk": "0561",
        "spi": false,
        "position_source": 0
      }
    },
    {
      "type": "Feature",
      "geometry": {
        "type": "Point",
        "coordinates": [
          17.0579,
          41.3307
        ]
      },
      "properties": {
        "icao24": "4cadf5",
        "callsign": "RYR6LP",
        "origin_country": "Ireland",
        "time_position": 1787474579,
        "last_contact": 1787474580,
        "baro_altitude": 10972.8,
        "on_ground": false,
        "velocity": 224.63,
        "true_track": 298.15,
        "vertical_rate": 0,
        "geo_altitude": 11597.64,
        "squawk": null,
        "spi": false,
        "position_source": 0
      }
    },
    {
      "type": "Feature",
      "geometry": {
        "type": "Point",
        "coordinates": [
          15.0144,
          43.9591
        ]
      },
      "properties": {
        "icao24": "40755f",
        "callsign": "EXS409M",
        "origin_country": "United Kingdom",
        "time_position": 1787474578,
        "last_contact": 1787474579,
        "baro_altitude": 10066.02,
        "on_ground": false,
        "velocity": 241.47,
        "true_track": 140.27,
        "vertical_rate": 0,
        "geo_altitude": 10584.18,
        "squawk": "3474",
        "spi": false,
        "position_source": 0
      }
    },
    {
      "type": "Feature",
      "geometry": {
        "type": "Point",
        "coordinates": [
          14.108,
          40.2057
        ]
      },
      "properties": {
        "icao24": "4d247e",
        "callsign": "EWG84G",
        "origin_country": "Malta",
        "time_position": 1787474579,
        "last_contact": 1787474579,
        "baro_altitude": 10972.8,
        "on_ground": false,
        "velocity": 230.77,
        "true_track": 336.06,
        "vertical_rate": 0,
        "geo_altitude": 11605.26,
        "squawk": null,
        "spi": false,
        "position_source": 0
      }
    },
    {
      "type": "Feature",
      "geometry": {
        "type": "Point",
        "coordinates": [
          12.4011,
          47.0403
        ]
      },
      "properties": {
        "icao24": "4d2490",
        "callsign": "WZZ3929",
        "origin_country": "Malta",
        "time_position": 1787474579,
        "last_contact": 1787474580,
        "baro_altitude": 9829.8,
        "on_ground": false,
        "velocity": 253.84,
        "true_track": 119.37,
        "vertical_rate": 4.88,
        "geo_altitude": 10279.38,
        "squawk": "4461",
        "spi": false,
        "position_source": 0
      }
    },
    {
      "type": "Feature",
      "geometry": {
        "type": "Point",
        "coordinates": [
          13.5718,
          42.4868
        ]
      },
      "properties": {
        "icao24": "4d2492",
        "callsign": "WMT8824",
        "origin_country": "Malta",
        "time_position": 1787474579,
        "last_contact": 1787474579,
        "baro_altitude": 10980.42,
        "on_ground": false,
        "velocity": 219.96,
        "true_track": 305.29,
        "vertical_rate": 0.33,
        "geo_altitude": 11559.54,
        "squawk": "7730",
        "spi": false,
        "position_source": 0
      }
    },
    {
      "type": "Feature",
      "geometry": {
        "type": "Point",
        "coordinates": [
          17.188,
          45.9298
        ]
      },
      "properties": {
        "icao24": "4d248f",
        "callsign": "WZZ2471",
        "origin_country": "Malta",
        "time_position": 1787474579,
        "last_contact": 1787474579,
        "baro_altitude": 9753.6,
        "on_ground": false,
        "velocity": 210.92,
        "true_track": 230.64,
        "vertical_rate": 0,
        "geo_altitude": 10248.9,
        "squawk": "1000",
        "spi": false,
        "position_source": 0
      }
    },
    {
      "type": "Feature",
      "geometry": {
        "type": "Point",
        "coordinates": [
          8.8523,
          38.9423
        ]
      },
      "properties": {
        "icao24": "33fcc1",
        "callsign": "FIAMMA31",
        "origin_country": "Italy",
        "time_position": 1787474380,
        "last_contact": 1787474551,
        "baro_altitude": 266.7,
        "on_ground": false,
        "velocity": 44.42,
        "true_track": 151.65,
        "vertical_rate": -2.28,
        "geo_altitude": 381,
        "squawk": "0031",
        "spi": false,
        "position_source": 0
      }
    },
    {
      "type": "Feature",
      "geometry": {
        "type": "Point",
        "coordinates": [
          18.112,
          38.8697
        ]
      },
      "properties": {
        "icao24": "4cae17",
        "callsign": "ITY806",
        "origin_country": "Ireland",
        "time_position": 1787474579,
        "last_contact": 1787474579,
        "baro_altitude": 10668,
        "on_ground": false,
        "velocity": 241.8,
        "true_track": 116.4,
        "vertical_rate": 0,
        "geo_altitude": 11308.08,
        "squawk": null,
        "spi": false,
        "position_source": 0
      }
    },
    {
      "type": "Feature",
      "geometry": {
        "type": "Point",
        "coordinates": [
          12.2375,
          40.7246
        ]
      },
      "properties": {
        "icao24": "4cae19",
        "callsign": "ITY1785",
        "origin_country": "Ireland",
        "time_position": 1787474579,
        "last_contact": 1787474579,
        "baro_altitude": 7338.06,
        "on_ground": false,
        "velocity": 228.78,
        "true_track": 174.97,
        "vertical_rate": 6.83,
        "geo_altitude": 7840.98,
        "squawk": null,
        "spi": false,
        "position_source": 0
      }
    },
    {
      "type": "Feature",
      "geometry": {
        "type": "Point",
        "coordinates": [
          11.2381,
          42.3
        ]
      },
      "properties": {
        "icao24": "4cae12",
        "callsign": "ITY1747",
        "origin_country": "Ireland",
        "time_position": 1787474579,
        "last_contact": 1787474579,
        "baro_altitude": 11582.4,
        "on_ground": false,
        "velocity": 229.14,
        "true_track": 329.81,
        "vertical_rate": 0,
        "geo_altitude": 12184.38,
        "squawk": "5145",
        "spi": false,
        "position_source": 0
      }
    },
    {
      "type": "Feature",
      "geometry": {
        "type": "Point",
        "coordinates": [
          14.9064,
          39.7175
        ]
      },
      "properties": {
        "icao24": "4cae15",
        "callsign": "ITY1174",
        "origin_country": "Ireland",
        "time_position": 1787474578,
        "last_contact": 1787474579,
        "baro_altitude": 8778.24,
        "on_ground": false,
        "velocity": 209.71,
        "true_track": 312.61,
        "vertical_rate": 9.43,
        "geo_altitude": 9334.5,
        "squawk": null,
        "spi": false,
        "position_source": 0
      }
    },
    {
      "type": "Feature",
      "geometry": {
        "type": "Point",
        "coordinates": [
          6.5528,
          43.0352
        ]
      },
      "properties": {
        "icao24": "4cae49",
        "callsign": "RYR5RZ",
        "origin_country": "Ireland",
        "time_position": 1787474579,
        "last_contact": 1787474579,
        "baro_altitude": 10279.38,
        "on_ground": false,
        "velocity": 252.68,
        "true_track": 76.7,
        "vertical_rate": -5.2,
        "geo_altitude": 10828.02,
        "squawk": "1443",
        "spi": false,
        "position_source": 0
      }
    },
    {
      "type": "Feature",
      "geometry": {
        "type": "Point",
        "coordinates": [
          11.9988,
          42.2571
        ]
      },
      "properties": {
        "icao24": "4cae56",
        "callsign": "RYR68NX",
        "origin_country": "Ireland",
        "time_position": 1787474579,
        "last_contact": 1787474579,
        "baro_altitude": 4457.7,
        "on_ground": false,
        "velocity": 181.68,
        "true_track": 343.72,
        "vertical_rate": 10.08,
        "geo_altitude": 4762.5,
        "squawk": null,
        "spi": false,
        "position_source": 0
      }
    },
    {
      "type": "Feature",
      "geometry": {
        "type": "Point",
        "coordinates": [
          15.795,
          44.7081
        ]
      },
      "properties": {
        "icao24": "4d22b0",
        "callsign": "RYR28QD",
        "origin_country": "Malta",
        "time_position": 1787474579,
        "last_contact": 1787474580,
        "baro_altitude": 7703.82,
        "on_ground": false,
        "velocity": 218.61,
        "true_track": 194.72,
        "vertical_rate": 7.48,
        "geo_altitude": 8130.54,
        "squawk": "7361",
        "spi": false,
        "position_source": 0
      }
    },
    {
      "type": "Feature",
      "geometry": {
        "type": "Point",
        "coordinates": [
          9.5807,
          44.4143
        ]
      },
      "properties": {
        "icao24": "4cae51",
        "callsign": "RYR28TH",
        "origin_country": "Ireland",
        "time_position": 1787474579,
        "last_contact": 1787474579,
        "baro_altitude": 11277.6,
        "on_ground": false,
        "velocity": 240.17,
        "true_track": 155.85,
        "vertical_rate": 0,
        "geo_altitude": 11826.24,
        "squawk": "3503",
        "spi": false,
        "position_source": 0
      }
    },
    {
      "type": "Feature",
      "geometry": {
        "type": "Point",
        "coordinates": [
          9.0731,
          45.9824
        ]
      },
      "properties": {
        "icao24": "300780",
        "callsign": "DLA1FM",
        "origin_country": "Italy",
        "time_position": 1787474579,
        "last_contact": 1787474579,
        "baro_altitude": 5181.6,
        "on_ground": false,
        "velocity": 169.6,
        "true_track": 348.45,
        "vertical_rate": 9.1,
        "geo_altitude": 5486.4,
        "squawk": "1000",
        "spi": false,
        "position_source": 0
      }
    },
    {
      "type": "Feature",
      "geometry": {
        "type": "Point",
        "coordinates": [
          12.4471,
          40.9013
        ]
      },
      "properties": {
        "icao24": "4cae1d",
        "callsign": "ITY1711",
        "origin_country": "Ireland",
        "time_position": 1787474579,
        "last_contact": 1787474580,
        "baro_altitude": 7360.92,
        "on_ground": false,
        "velocity": 235.91,
        "true_track": 162.36,
        "vertical_rate": 7.48,
        "geo_altitude": 7856.22,
        "squawk": null,
        "spi": false,
        "position_source": 0
      }
    },
    {
      "type": "Feature",
      "geometry": {
        "type": "Point",
        "coordinates": [
          11.8806,
          42.8849
        ]
      },
      "properties": {
        "icao24": "4d22ca",
        "callsign": "RYR874",
        "origin_country": "Malta",
        "time_position": 1787474579,
        "last_contact": 1787474580,
        "baro_altitude": 10972.8,
        "on_ground": false,
        "velocity": 252.22,
        "true_track": 52.13,
        "vertical_rate": 0,
        "geo_altitude": 11567.16,
        "squawk": "1000",
        "spi": false,
        "position_source": 0
      }
    },
    {
      "type": "Feature",
      "geometry": {
        "type": "Point",
        "coordinates": [
          8.7589,
          46.0936
        ]
      },
      "properties": {
        "icao24": "4d22f5",
        "callsign": "VJT783",
        "origin_country": "Malta",
        "time_position": 1787474579,
        "last_contact": 1787474579,
        "baro_altitude": 10066.02,
        "on_ground": false,
        "velocity": 270.19,
        "true_track": 139.94,
        "vertical_rate": -2.6,
        "geo_altitude": 10538.46,
        "squawk": "0514",
        "spi": false,
        "position_source": 0
      }
    },
    {
      "type": "Feature",
      "geometry": {
        "type": "Point",
        "coordinates": [
          9.6652,
          43.3056
        ]
      },
      "properties": {
        "icao24": "4cae97",
        "callsign": "RYR7XY",
        "origin_country": "Ireland",
        "time_position": 1787474579,
        "last_contact": 1787474579,
        "baro_altitude": 10812.78,
        "on_ground": false,
        "velocity": 243.81,
        "true_track": 136.54,
        "vertical_rate": -9.75,
        "geo_altitude": 11384.28,
        "squawk": "2257",
        "spi": false,
        "position_source": 0
      }
    },
    {
      "type": "Feature",
      "geometry": {
        "type": "Point",
        "coordinates": [
          6.452,
          46.1081
        ]
      },
      "properties": {
        "icao24": "4d22b6",
        "callsign": "RYR25PN",
        "origin_country": "Malta",
        "time_position": 1787474579,
        "last_contact": 1787474579,
        "baro_altitude": 10668,
        "on_ground": false,
        "velocity": 214.36,
        "true_track": 208.84,
        "vertical_rate": 0,
        "geo_altitude": 11132.82,
        "squawk": "1116",
        "spi": false,
        "position_source": 0
      }
    },
    {
      "type": "Feature",
      "geometry": {
        "type": "Point",
        "coordinates": [
          11.1262,
          46.2884
        ]
      },
      "properties": {
        "icao24": "4cae60",
        "callsign": "RYR1RM",
        "origin_country": "Ireland",
        "time_position": 1787474579,
        "last_contact": 1787474579,
        "baro_altitude": 10058.4,
        "on_ground": false,
        "velocity": 209.54,
        "true_track": 247.02,
        "vertical_rate": 0,
        "geo_altitude": 10523.22,
        "squawk": "0276",
        "spi": false,
        "position_source": 0
      }
    },
    {
      "type": "Feature",
      "geometry": {
        "type": "Point",
        "coordinates": [
          9.7155,
          44.7901
        ]
      },
      "properties": {
        "icao24": "4d22b7",
        "callsign": "RYR82YZ",
        "origin_country": "Malta",
        "time_position": 1787474579,
        "last_contact": 1787474579,
        "baro_altitude": 11582.4,
        "on_ground": false,
        "velocity": 252.26,
        "true_track": 61.76,
        "vertical_rate": 0,
        "geo_altitude": 12115.8,
        "squawk": "1000",
        "spi": false,
        "position_source": 0
      }
    },
    {
      "type": "Feature",
      "geometry": {
        "type": "Point",
        "coordinates": [
          8.5069,
          43.7211
        ]
      },
      "properties": {
        "icao24": "4d22bf",
        "callsign": "RYR41YE",
        "origin_country": "Malta",
        "time_position": 1787474579,
        "last_contact": 1787474579,
        "baro_altitude": 10668,
        "on_ground": false,
        "velocity": 219.19,
        "true_track": 217.95,
        "vertical_rate": 0,
        "geo_altitude": 11201.4,
        "squawk": "1000",
        "spi": false,
        "position_source": 0
      }
    },
    {
      "type": "Feature",
      "geometry": {
        "type": "Point",
        "coordinates": [
          17.5056,
          46.9634
        ]
      },
      "properties": {
        "icao24": "4d22c6",
        "callsign": "RYR4434",
        "origin_country": "Malta",
        "time_position": 1787474579,
        "last_contact": 1787474579,
        "baro_altitude": 7520.94,
        "on_ground": false,
        "velocity": 259.03,
        "true_track": 135.8,
        "vertical_rate": 7.15,
        "geo_altitude": 7894.32,
        "squawk": "7116",
        "spi": false,
        "position_source": 0
      }
    },
    {
      "type": "Feature",
      "geometry": {
        "type": "Point",
        "coordinates": [
          17.8465,
          44.2323
        ]
      },
      "properties": {
        "icao24": "4d22ba",
        "callsign": "RYR7SC",
        "origin_country": "Malta",
        "time_position": 1787474574,
        "last_contact": 1787474576,
        "baro_altitude": 10980.42,
        "on_ground": false,
        "velocity": 220.87,
        "true_track": 333.14,
        "vertical_rate": 0,
        "geo_altitude": 11529.06,
        "squawk": "5534",
        "spi": false,
        "position_source": 0
      }
    },
    {
      "type": "Feature",
      "geometry": {
        "type": "Point",
        "coordinates": [
          11.4957,
          45.995
        ]
      },
      "properties": {
        "icao24": "30071d",
        "callsign": "AELIA95",
        "origin_country": "Italy",
        "time_position": 1787474579,
        "last_contact": 1787474579,
        "baro_altitude": 7315.2,
        "on_ground": false,
        "velocity": 118.43,
        "true_track": 309.36,
        "vertical_rate": 0,
        "geo_altitude": 7680.96,
        "squawk": "0242",
        "spi": false,
        "position_source": 0
      }
    },
    {
      "type": "Feature",
      "geometry": {
        "type": "Point",
        "coordinates": [
          8.9652,
          43.6501
        ]
      },
      "properties": {
        "icao24": "3c4667",
        "callsign": "ATV931",
        "origin_country": "Germany",
        "time_position": 1787474579,
        "last_contact": 1787474579,
        "baro_altitude": 5265.42,
        "on_ground": false,
        "velocity": 184.91,
        "true_track": 174.89,
        "vertical_rate": -6.5,
        "geo_altitude": 5608.32,
        "squawk": "2742",
        "spi": false,
        "position_source": 0
      }
    },
    {
      "type": "Feature",
      "geometry": {
        "type": "Point",
        "coordinates": [
          12.0414,
          44.2028
        ]
      },
      "properties": {
        "icao24": "300703",
        "callsign": "IOZZC",
        "origin_country": "Italy",
        "time_position": 1787474579,
        "last_contact": 1787474579,
        "baro_altitude": 647.7,
        "on_ground": false,
        "velocity": 50.27,
        "true_track": 287.88,
        "vertical_rate": 3.9,
        "geo_altitude": 739.14,
        "squawk": "2110",
        "spi": false,
        "position_source": 0
      }
    },
    {
      "type": "Feature",
      "geometry": {
        "type": "Point",
        "coordinates": [
          8.8938,
          41.403
        ]
      },
      "properties": {
        "icao24": "471838",
        "callsign": "JSF17",
        "origin_country": "Hungary",
        "time_position": 1787474576,
        "last_contact": 1787474579,
        "baro_altitude": 1043.94,
        "on_ground": false,
        "velocity": 113.29,
        "true_track": 145.73,
        "vertical_rate": -7.8,
        "geo_altitude": 1173.48,
        "squawk": "5306",
        "spi": false,
        "position_source": 0
      }
    },
    {
      "type": "Feature",
      "geometry": {
        "type": "Point",
        "coordinates": [
          15.0018,
          45.0517
        ]
      },
      "properties": {
        "icao24": "47183b",
        "callsign": "HAJEP",
        "origin_country": "Hungary",
        "time_position": 1787474579,
        "last_contact": 1787474579,
        "baro_altitude": 11582.4,
        "on_ground": false,
        "velocity": 254.03,
        "true_track": 48.53,
        "vertical_rate": 0.65,
        "geo_altitude": 12161.52,
        "squawk": "1000",
        "spi": false,
        "position_source": 0
      }
    },
    {
      "type": "Feature",
      "geometry": {
        "type": "Point",
        "coordinates": [
          6.7669,
          43.4165
        ]
      },
      "properties": {
        "icao24": "398699",
        "callsign": "DJT105",
        "origin_country": "France",
        "time_position": 1787474579,
        "last_contact": 1787474579,
        "baro_altitude": 2133.6,
        "on_ground": false,
        "velocity": 137.62,
        "true_track": 101.65,
        "vertical_rate": 0,
        "geo_altitude": 2316.48,
        "squawk": "1000",
        "spi": false,
        "position_source": 0
      }
    },
    {
      "type": "Feature",
      "geometry": {
        "type": "Point",
        "coordinates": [
          6.6041,
          44.6735
        ]
      },
      "properties": {
        "icao24": "4cacb9",
        "callsign": "ITY640",
        "origin_country": "Ireland",
        "time_position": 1787474579,
        "last_contact": 1787474579,
        "baro_altitude": 10363.2,
        "on_ground": false,
        "velocity": 233.29,
        "true_track": 324.24,
        "vertical_rate": 0,
        "geo_altitude": 10873.74,
        "squawk": "4026",
        "spi": false,
        "position_source": 0
      }
    },
    {
      "type": "Feature",
      "geometry": {
        "type": "Point",
        "coordinates": [
          11.5377,
          45.7123
        ]
      },
      "properties": {
        "icao24": "4d2320",
        "callsign": "SWU1905",
        "origin_country": "Malta",
        "time_position": 1787474579,
        "last_contact": 1787474579,
        "baro_altitude": 5471.16,
        "on_ground": false,
        "velocity": 111.44,
        "true_track": 326.68,
        "vertical_rate": -3.25,
        "geo_altitude": 5783.58,
        "squawk": "1000",
        "spi": false,
        "position_source": 0
      }
    },
    {
      "type": "Feature",
      "geometry": {
        "type": "Point",
        "coordinates": [
          18.1516,
          37.8494
        ]
      },
      "properties": {
        "icao24": "4cacf1",
        "callsign": "GTR1986",
        "origin_country": "Ireland",
        "time_position": 1787474579,
        "last_contact": 1787474579,
        "baro_altitude": 11582.4,
        "on_ground": false,
        "velocity": 234.28,
        "true_track": 303.45,
        "vertical_rate": 0.33,
        "geo_altitude": 12230.1,
        "squawk": "5531",
        "spi": false,
        "position_source": 0
      }
    },
    {
      "type": "Feature",
      "geometry": {
        "type": "Point",
        "coordinates": [
          11.8152,
          39.9954
        ]
      },
      "properties": {
        "icao24": "4cacdf",
        "callsign": "RYR84ZP",
        "origin_country": "Ireland",
        "time_position": 1787474579,
        "last_contact": 1787474579,
        "baro_altitude": 11849.1,
        "on_ground": false,
        "velocity": 237.04,
        "true_track": 156.33,
        "vertical_rate": -5.53,
        "geo_altitude": 12496.8,
        "squawk": "1000",
        "spi": false,
        "position_source": 0
      }
    },
    {
      "type": "Feature",
      "geometry": {
        "type": "Point",
        "coordinates": [
          10.5368,
          46.0642
        ]
      },
      "properties": {
        "icao24": "4d2348",
        "callsign": "RYR19BT",
        "origin_country": "Malta",
        "time_position": 1787474579,
        "last_contact": 1787474579,
        "baro_altitude": 6423.66,
        "on_ground": false,
        "velocity": 199.91,
        "true_track": 140.53,
        "vertical_rate": -8.45,
        "geo_altitude": 6789.42,
        "squawk": "5201",
        "spi": false,
        "position_source": 0
      }
    },
    {
      "type": "Feature",
      "geometry": {
        "type": "Point",
        "coordinates": [
          18.1218,
          43.0107
        ]
      },
      "properties": {
        "icao24": "4d232c",
        "callsign": "CXI445",
        "origin_country": "Malta",
        "time_position": 1787474571,
        "last_contact": 1787474573,
        "baro_altitude": 11277.6,
        "on_ground": false,
        "velocity": 243.96,
        "true_track": 139.02,
        "vertical_rate": 0.33,
        "geo_altitude": 11856.72,
        "squawk": "1343",
        "spi": false,
        "position_source": 0
      }
    },
    {
      "type": "Feature",
      "geometry": {
        "type": "Point",
        "coordinates": [
          6.9529,
          39.686
        ]
      },
      "properties": {
        "icao24": "4d2340",
        "callsign": "DAH1108",
        "origin_country": "Malta",
        "time_position": 1787474579,
        "last_contact": 1787474579,
        "baro_altitude": 10363.2,
        "on_ground": false,
        "velocity": 238.39,
        "true_track": 4.46,
        "vertical_rate": 0,
        "geo_altitude": 10972.8,
        "squawk": null,
        "spi": false,
        "position_source": 0
      }
    },
    {
      "type": "Feature",
      "geometry": {
        "type": "Point",
        "coordinates": [
          13.2,
          36.7093
        ]
      },
      "properties": {
        "icao24": "4d2397",
        "callsign": "MNS560",
        "origin_country": "Malta",
        "time_position": 1787474579,
        "last_contact": 1787474579,
        "baro_altitude": 10911.84,
        "on_ground": false,
        "velocity": 232.54,
        "true_track": 359.37,
        "vertical_rate": 3.9,
        "geo_altitude": 11574.78,
        "squawk": "4113",
        "spi": false,
        "position_source": 0
      }
    },
    {
      "type": "Feature",
      "geometry": {
        "type": "Point",
        "coordinates": [
          7.4612,
          40.3446
        ]
      },
      "properties": {
        "icao24": "4d2387",
        "callsign": "RYR373D",
        "origin_country": "Malta",
        "time_position": 1787474579,
        "last_contact": 1787474579,
        "baro_altitude": 11277.6,
        "on_ground": false,
        "velocity": 217.7,
        "true_track": 260.2,
        "vertical_rate": 0,
        "geo_altitude": 11894.82,
        "squawk": null,
        "spi": false,
        "position_source": 0
      }
    },
    {
      "type": "Feature",
      "geometry": {
        "type": "Point",
        "coordinates": [
          9.7482,
          41.2169
        ]
      },
      "properties": {
        "icao24": "4d2384",
        "callsign": "RYR6AQ",
        "origin_country": "Malta",
        "time_position": 1787474579,
        "last_contact": 1787474579,
        "baro_altitude": 10668,
        "on_ground": false,
        "velocity": 227.62,
        "true_track": 197.49,
        "vertical_rate": 0,
        "geo_altitude": 11254.74,
        "squawk": "4657",
        "spi": false,
        "position_source": 0
      }
    },
    {
      "type": "Feature",
      "geometry": {
        "type": "Point",
        "coordinates": [
          6.5253,
          44.3673
        ]
      },
      "properties": {
        "icao24": "4d228f",
        "callsign": "RYR734J",
        "origin_country": "Malta",
        "time_position": 1787474580,
        "last_contact": 1787474580,
        "baro_altitude": 11582.4,
        "on_ground": false,
        "velocity": 245.14,
        "true_track": 23.5,
        "vertical_rate": 0,
        "geo_altitude": 12115.8,
        "squawk": "1000",
        "spi": false,
        "position_source": 0
      }
    },
    {
      "type": "Feature",
      "geometry": {
        "type": "Point",
        "coordinates": [
          17.1839,
          45.5297
        ]
      },
      "properties": {
        "icao24": "4d229d",
        "callsign": "CXI6B",
        "origin_country": "Malta",
        "time_position": 1787474578,
        "last_contact": 1787474579,
        "baro_altitude": 10972.8,
        "on_ground": false,
        "velocity": 217.16,
        "true_track": 318.27,
        "vertical_rate": 0,
        "geo_altitude": 11483.34,
        "squawk": "5520",
        "spi": false,
        "position_source": 0
      }
    },
    {
      "type": "Feature",
      "geometry": {
        "type": "Point",
        "coordinates": [
          9.3129,
          46.5653
        ]
      },
      "properties": {
        "icao24": "4b07fd",
        "callsign": "HBDAR",
        "origin_country": "Switzerland",
        "time_position": 1787474501,
        "last_contact": 1787474502,
        "baro_altitude": 2827.02,
        "on_ground": false,
        "velocity": 81.9,
        "true_track": 253.96,
        "vertical_rate": -1.3,
        "geo_altitude": 3009.9,
        "squawk": null,
        "spi": false,
        "position_source": 0
      }
    },
    {
      "type": "Feature",
      "geometry": {
        "type": "Point",
        "coordinates": [
          7.6669,
          43.7772
        ]
      },
      "properties": {
        "icao24": "30042e",
        "callsign": "ICDDL",
        "origin_country": "Italy",
        "time_position": 1787474579,
        "last_contact": 1787474579,
        "baro_altitude": 152.4,
        "on_ground": false,
        "velocity": 83.97,
        "true_track": 255.45,
        "vertical_rate": -0.65,
        "geo_altitude": 259.08,
        "squawk": null,
        "spi": false,
        "position_source": 0
      }
    },
    {
      "type": "Feature",
      "geometry": {
        "type": "Point",
        "coordinates": [
          16.2625,
          44.0004
        ]
      },
      "properties": {
        "icao24": "4070e5",
        "callsign": "EXS41AK",
        "origin_country": "United Kingdom",
        "time_position": 1787474579,
        "last_contact": 1787474579,
        "baro_altitude": 10271.76,
        "on_ground": false,
        "velocity": 223.33,
        "true_track": 145.32,
        "vertical_rate": -9.1,
        "geo_altitude": 10843.26,
        "squawk": "4770",
        "spi": false,
        "position_source": 0
      }
    },
    {
      "type": "Feature",
      "geometry": {
        "type": "Point",
        "coordinates": [
          11.6256,
          46.4112
        ]
      },
      "properties": {
        "icao24": "4cad4f",
        "callsign": "RYR411H",
        "origin_country": "Ireland",
        "time_position": 1787474579,
        "last_contact": 1787474579,
        "baro_altitude": 10972.8,
        "on_ground": false,
        "velocity": 215.27,
        "true_track": 319.46,
        "vertical_rate": 0,
        "geo_altitude": 11460.48,
        "squawk": "0245",
        "spi": false,
        "position_source": 0
      }
    },
    {
      "type": "Feature",
      "geometry": {
        "type": "Point",
        "coordinates": [
          10.3175,
          43.3141
        ]
      },
      "properties": {
        "icao24": "4d21c9",
        "callsign": "AEZ8094",
        "origin_country": "Malta",
        "time_position": 1787474579,
        "last_contact": 1787474579,
        "baro_altitude": 10546.08,
        "on_ground": false,
        "velocity": 231.58,
        "true_track": 174.39,
        "vertical_rate": 4.55,
        "geo_altitude": 11079.48,
        "squawk": "6476",
        "spi": false,
        "position_source": 0
      }
    },
    {
      "type": "Feature",
      "geometry": {
        "type": "Point",
        "coordinates": [
          10.5127,
          44.1538
        ]
      },
      "properties": {
        "icao24": "4cad5c",
        "callsign": "ITY1648",
        "origin_country": "Ireland",
        "time_position": 1787474579,
        "last_contact": 1787474579,
        "baro_altitude": 9144,
        "on_ground": false,
        "velocity": 210.74,
        "true_track": 303.65,
        "vertical_rate": 0,
        "geo_altitude": 9631.68,
        "squawk": "1000",
        "spi": false,
        "position_source": 0
      }
    },
    {
      "type": "Feature",
      "geometry": {
        "type": "Point",
        "coordinates": [
          14.4951,
          35.8482
        ]
      },
      "properties": {
        "icao24": "4cad5e",
        "callsign": null,
        "origin_country": "Ireland",
        "time_position": 1787474574,
        "last_contact": 1787474574,
        "baro_altitude": null,
        "on_ground": true,
        "velocity": 0.06,
        "true_track": 357.19,
        "vertical_rate": null,
        "geo_altitude": null,
        "squawk": null,
        "spi": false,
        "position_source": 0
      }
    },
    {
      "type": "Feature",
      "geometry": {
        "type": "Point",
        "coordinates": [
          10.6354,
          41.1775
        ]
      },
      "properties": {
        "icao24": "4d21fe",
        "callsign": "RYR94EM",
        "origin_country": "Malta",
        "time_position": 1787474580,
        "last_contact": 1787474580,
        "baro_altitude": 9144,
        "on_ground": false,
        "velocity": 230.5,
        "true_track": 28.97,
        "vertical_rate": 0,
        "geo_altitude": 9685.02,
        "squawk": null,
        "spi": false,
        "position_source": 0
      }
    },
    {
      "type": "Feature",
      "geometry": {
        "type": "Point",
        "coordinates": [
          10.4135,
          40.0975
        ]
      },
      "properties": {
        "icao24": "4d21f6",
        "callsign": "AEZ81GR",
        "origin_country": "Malta",
        "time_position": 1787474579,
        "last_contact": 1787474579,
        "baro_altitude": 9144,
        "on_ground": false,
        "velocity": 249.22,
        "true_track": 38.72,
        "vertical_rate": 0,
        "geo_altitude": 9723.12,
        "squawk": "5127",
        "spi": false,
        "position_source": 0
      }
    },
    {
      "type": "Feature",
      "geometry": {
        "type": "Point",
        "coordinates": [
          18.1696,
          47.5922
        ]
      },
      "properties": {
        "icao24": "4d21f1",
        "callsign": "RYR4EV",
        "origin_country": "Malta",
        "time_position": 1787474580,
        "last_contact": 1787474580,
        "baro_altitude": 7376.16,
        "on_ground": false,
        "velocity": 200.76,
        "true_track": 288.99,
        "vertical_rate": 11.7,
        "geo_altitude": 7688.58,
        "squawk": "4205",
        "spi": false,
        "position_source": 0
      }
    },
    {
      "type": "Feature",
      "geometry": {
        "type": "Point",
        "coordinates": [
          8.5655,
          47.4559
        ]
      },
      "properties": {
        "icao24": "4cad95",
        "callsign": "SAS89T",
        "origin_country": "Ireland",
        "time_position": 1787474570,
        "last_contact": 1787474577,
        "baro_altitude": 350.52,
        "on_ground": true,
        "velocity": 4.89,
        "true_track": 95.62,
        "vertical_rate": null,
        "geo_altitude": null,
        "squawk": "3035",
        "spi": false,
        "position_source": 0
      }
    },
    {
      "type": "Feature",
      "geometry": {
        "type": "Point",
        "coordinates": [
          13.1149,
          38.6748
        ]
      },
      "properties": {
        "icao24": "4d21dc",
        "callsign": "KMM613",
        "origin_country": "Malta",
        "time_position": 1787474579,
        "last_contact": 1787474579,
        "baro_altitude": 11269.98,
        "on_ground": false,
        "velocity": 228.4,
        "true_track": 164.59,
        "vertical_rate": 0,
        "geo_altitude": 11910.06,
        "squawk": null,
        "spi": false,
        "position_source": 0
      }
    },
    {
      "type": "Feature",
      "geometry": {
        "type": "Point",
        "coordinates": [
          12.2209,
          41.9439
        ]
      },
      "properties": {
        "icao24": "4d20ed",
        "callsign": "AEZ217A",
        "origin_country": "Malta",
        "time_position": 1787474579,
        "last_contact": 1787474579,
        "baro_altitude": 563.88,
        "on_ground": false,
        "velocity": 100.21,
        "true_track": 161.75,
        "vertical_rate": -5.53,
        "geo_altitude": 685.8,
        "squawk": null,
        "spi": false,
        "position_source": 0
      }
    },
    {
      "type": "Feature",
      "geometry": {
        "type": "Point",
        "coordinates": [
          6.6375,
          46.3135
        ]
      },
      "properties": {
        "icao24": "3c68b3",
        "callsign": "LUA616V",
        "origin_country": "Germany",
        "time_position": 1787474578,
        "last_contact": 1787474579,
        "baro_altitude": 6858,
        "on_ground": false,
        "velocity": 201.34,
        "true_track": 92.49,
        "vertical_rate": -5.85,
        "geo_altitude": 7200.9,
        "squawk": "3325",
        "spi": false,
        "position_source": 0
      }
    },
    {
      "type": "Feature",
      "geometry": {
        "type": "Point",
        "coordinates": [
          16.382,
          43.5025
        ]
      },
      "properties": {
        "icao24": "3c68b4",
        "callsign": "VJH738",
        "origin_country": "Germany",
        "time_position": 1787474578,
        "last_contact": 1787474579,
        "baro_altitude": 12176.76,
        "on_ground": false,
        "velocity": 217.71,
        "true_track": 312.7,
        "vertical_rate": -0.33,
        "geo_altitude": 12748.26,
        "squawk": "2061",
        "spi": false,
        "position_source": 0
      }
    },
    {
      "type": "Feature",
      "geometry": {
        "type": "Point",
        "coordinates": [
          11.4011,
          47.3727
        ]
      },
      "properties": {
        "icao24": "3003af",
        "callsign": "DLA5LA",
        "origin_country": "Italy",
        "time_position": 1787474579,
        "last_contact": 1787474579,
        "baro_altitude": 6393.18,
        "on_ground": false,
        "velocity": 202.93,
        "true_track": 355.06,
        "vertical_rate": -8.78,
        "geo_altitude": 6697.98,
        "squawk": "1000",
        "spi": false,
        "position_source": 0
      }
    },
    {
      "type": "Feature",
      "geometry": {
        "type": "Point",
        "coordinates": [
          16.1921,
          45.5564
        ]
      },
      "properties": {
        "icao24": "485a82",
        "callsign": "TFL3AN",
        "origin_country": "Kingdom of the Netherlands",
        "time_position": 1787474579,
        "last_contact": 1787474580,
        "baro_altitude": 11582.4,
        "on_ground": false,
        "velocity": 218.19,
        "true_track": 327.32,
        "vertical_rate": 0,
        "geo_altitude": 12108.18,
        "squawk": "5663",
        "spi": false,
        "position_source": 0
      }
    },
    {
      "type": "Feature",
      "geometry": {
        "type": "Point",
        "coordinates": [
          15.5003,
          44.6559
        ]
      },
      "properties": {
        "icao24": "485a81",
        "callsign": "TFL7XC",
        "origin_country": "Kingdom of the Netherlands",
        "time_position": 1787474579,
        "last_contact": 1787474580,
        "baro_altitude": 11590.02,
        "on_ground": false,
        "velocity": 223.95,
        "true_track": 335.14,
        "vertical_rate": 0,
        "geo_altitude": 12138.66,
        "squawk": "6531",
        "spi": false,
        "position_source": 0
      }
    },
    {
      "type": "Feature",
      "geometry": {
        "type": "Point",
        "coordinates": [
          7.4929,
          47.5638
        ]
      },
      "properties": {
        "icao24": "4d2238",
        "callsign": "RYR5411",
        "origin_country": "Malta",
        "time_position": 1787474579,
        "last_contact": 1787474579,
        "baro_altitude": 11277.6,
        "on_ground": false,
        "velocity": 247.39,
        "true_track": 150.61,
        "vertical_rate": 0,
        "geo_altitude": 11689.08,
        "squawk": "7504",
        "spi": false,
        "position_source": 0
      }
    },
    {
      "type": "Feature",
      "geometry": {
        "type": "Point",
        "coordinates": [
          9.4071,
          46.8545
        ]
      },
      "properties": {
        "icao24": "4d2233",
        "callsign": "RYR11RR",
        "origin_country": "Malta",
        "time_position": 1787474579,
        "last_contact": 1787474579,
        "baro_altitude": 11529.06,
        "on_ground": false,
        "velocity": 219.63,
        "true_track": 347.01,
        "vertical_rate": -3.58,
        "geo_altitude": 12001.5,
        "squawk": "2767",
        "spi": false,
        "position_source": 0
      }
    },
    {
      "type": "Feature",
      "geometry": {
        "type": "Point",
        "coordinates": [
          14.3837,
          45.8298
        ]
      },
      "properties": {
        "icao24": "4d2234",
        "callsign": "RYR9PK",
        "origin_country": "Malta",
        "time_position": 1787474579,
        "last_contact": 1787474580,
        "baro_altitude": 10972.8,
        "on_ground": false,
        "velocity": 215.1,
        "true_track": 316.84,
        "vertical_rate": 0.33,
        "geo_altitude": 11475.72,
        "squawk": "5633",
        "spi": false,
        "position_source": 0
      }
    },
    {
      "type": "Feature",
      "geometry": {
        "type": "Point",
        "coordinates": [
          10.1539,
          44.985
        ]
      },
      "properties": {
        "icao24": "4d221a",
        "callsign": "RYR86QR",
        "origin_country": "Malta",
        "time_position": 1787474579,
        "last_contact": 1787474579,
        "baro_altitude": 11582.4,
        "on_ground": false,
        "velocity": 217.04,
        "true_track": 312.31,
        "vertical_rate": 0,
        "geo_altitude": 12108.18,
        "squawk": "1000",
        "spi": false,
        "position_source": 0
      }
    },
    {
      "type": "Feature",
      "geometry": {
        "type": "Point",
        "coordinates": [
          7.3268,
          47.5573
        ]
      },
      "properties": {
        "icao24": "3986e3",
        "callsign": "AFR41XR",
        "origin_country": "France",
        "time_position": 1787474580,
        "last_contact": 1787474580,
        "baro_altitude": 2316.48,
        "on_ground": false,
        "velocity": 145.92,
        "true_track": 285.75,
        "vertical_rate": 14.96,
        "geo_altitude": 2491.74,
        "squawk": "1000",
        "spi": false,
        "position_source": 0
      }
    },
    {
      "type": "Feature",
      "geometry": {
        "type": "Point",
        "coordinates": [
          14.7871,
          40.9766
        ]
      },
      "properties": {
        "icao24": "4d221d",
        "callsign": "RYR749U",
        "origin_country": "Malta",
        "time_position": 1787474578,
        "last_contact": 1787474579,
        "baro_altitude": 8732.52,
        "on_ground": false,
        "velocity": 226.33,
        "true_track": 86.22,
        "vertical_rate": -2.6,
        "geo_altitude": 9273.54,
        "squawk": "1000",
        "spi": false,
        "position_source": 0
      }
    },
    {
      "type": "Feature",
      "geometry": {
        "type": "Point",
        "coordinates": [
          17.7807,
          36.4975
        ]
      },
      "properties": {
        "icao24": "4d2230",
        "callsign": "AXY569G",
        "origin_country": "Malta",
        "time_position": 1787474579,
        "last_contact": 1787474579,
        "baro_altitude": 11582.4,
        "on_ground": false,
        "velocity": 225.21,
        "true_track": 292.99,
        "vertical_rate": -0.33,
        "geo_altitude": 12275.82,
        "squawk": null,
        "spi": false,
        "position_source": 0
      }
    },
    {
      "type": "Feature",
      "geometry": {
        "type": "Point",
        "coordinates": [
          17.8433,
          45.6268
        ]
      },
      "properties": {
        "icao24": "4c0262",
        "callsign": "ASL88G",
        "origin_country": "Serbia",
        "time_position": 1787474579,
        "last_contact": 1787474579,
        "baro_altitude": 9121.14,
        "on_ground": false,
        "velocity": 253.31,
        "true_track": 113.08,
        "vertical_rate": -10.73,
        "geo_altitude": 9563.1,
        "squawk": "3006",
        "spi": false,
        "position_source": 0
      }
    },
    {
      "type": "Feature",
      "geometry": {
        "type": "Point",
        "coordinates": [
          6.2195,
          46.3667
        ]
      },
      "properties": {
        "icao24": "4d223a",
        "callsign": "RYR41DZ",
        "origin_country": "Malta",
        "time_position": 1787474580,
        "last_contact": 1787474580,
        "baro_altitude": 11277.6,
        "on_ground": false,
        "velocity": 217.02,
        "true_track": 191.76,
        "vertical_rate": 0,
        "geo_altitude": 11727.18,
        "squawk": "4103",
        "spi": false,
        "position_source": 0
      }
    },
    {
      "type": "Feature",
      "geometry": {
        "type": "Point",
        "coordinates": [
          13.4685,
          38.901
        ]
      },
      "properties": {
        "icao24": "4d222b",
        "callsign": "RYR1YY",
        "origin_country": "Malta",
        "time_position": 1787474579,
        "last_contact": 1787474579,
        "baro_altitude": 9212.58,
        "on_ground": false,
        "velocity": 220.37,
        "true_track": 194.88,
        "vertical_rate": -5.2,
        "geo_altitude": 9784.08,
        "squawk": "5551",
        "spi": false,
        "position_source": 0
      }
    },
    {
      "type": "Feature",
      "geometry": {
        "type": "Point",
        "coordinates": [
          11.0037,
          44.3546
        ]
      },
      "properties": {
        "icao24": "4d2218",
        "callsign": "RYR67TX",
        "origin_country": "Malta",
        "time_position": 1787474579,
        "last_contact": 1787474579,
        "baro_altitude": 11277.6,
        "on_ground": false,
        "velocity": 215.83,
        "true_track": 247.29,
        "vertical_rate": 0,
        "geo_altitude": 11811,
        "squawk": "1000",
        "spi": false,
        "position_source": 0
      }
    },
    {
      "type": "Feature",
      "geometry": {
        "type": "Point",
        "coordinates": [
          17.5619,
          46.8281
        ]
      },
      "properties": {
        "icao24": "4d2212",
        "callsign": "RYR605L",
        "origin_country": "Malta",
        "time_position": 1787474578,
        "last_contact": 1787474579,
        "baro_altitude": 10668,
        "on_ground": false,
        "velocity": 226.88,
        "true_track": 359.48,
        "vertical_rate": 0,
        "geo_altitude": 11125.2,
        "squawk": "1000",
        "spi": false,
        "position_source": 0
      }
    },
    {
      "type": "Feature",
      "geometry": {
        "type": "Point",
        "coordinates": [
          6.0728,
          46.3348
        ]
      },
      "properties": {
        "icao24": "485a34",
        "callsign": "KLM99B",
        "origin_country": "Kingdom of the Netherlands",
        "time_position": 1787474579,
        "last_contact": 1787474579,
        "baro_altitude": 10782.3,
        "on_ground": false,
        "velocity": 228.41,
        "true_track": 185.43,
        "vertical_rate": -4.88,
        "geo_altitude": 11247.12,
        "squawk": "1000",
        "spi": false,
        "position_source": 0
      }
    },
    {
      "type": "Feature",
      "geometry": {
        "type": "Point",
        "coordinates": [
          9.0597,
          45.4717
        ]
      },
      "properties": {
        "icao24": "4d220a",
        "callsign": "RYR12EE",
        "origin_country": "Malta",
        "time_position": 1787474579,
        "last_contact": 1787474579,
        "baro_altitude": 3611.88,
        "on_ground": false,
        "velocity": 188.25,
        "true_track": 147.61,
        "vertical_rate": 12.35,
        "geo_altitude": 3825.24,
        "squawk": "0437",
        "spi": false,
        "position_source": 0
      }
    },
    {
      "type": "Feature",
      "geometry": {
        "type": "Point",
        "coordinates": [
          7.7153,
          45.2544
        ]
      },
      "properties": {
        "icao24": "4d226d",
        "callsign": "RYR53RB",
        "origin_country": "Malta",
        "time_position": 1787474580,
        "last_contact": 1787474580,
        "baro_altitude": 1653.54,
        "on_ground": false,
        "velocity": 124.78,
        "true_track": 135.5,
        "vertical_rate": 6.18,
        "geo_altitude": 1805.94,
        "squawk": null,
        "spi": false,
        "position_source": 0
      }
    },
    {
      "type": "Feature",
      "geometry": {
        "type": "Point",
        "coordinates": [
          17.0648,
          46.6597
        ]
      },
      "properties": {
        "icao24": "4d225e",
        "callsign": "RYR79TR",
        "origin_country": "Malta",
        "time_position": 1787474579,
        "last_contact": 1787474579,
        "baro_altitude": 11277.6,
        "on_ground": false,
        "velocity": 262.12,
        "true_track": 101.09,
        "vertical_rate": 0,
        "geo_altitude": 11750.04,
        "squawk": "1000",
        "spi": false,
        "position_source": 0
      }
    },
    {
      "type": "Feature",
      "geometry": {
        "type": "Point",
        "coordinates": [
          12.1105,
          41.5435
        ]
      },
      "properties": {
        "icao24": "4d2273",
        "callsign": "RYR877",
        "origin_country": "Malta",
        "time_position": 1787474579,
        "last_contact": 1787474579,
        "baro_altitude": 11277.6,
        "on_ground": false,
        "velocity": 240.45,
        "true_track": 135.26,
        "vertical_rate": 0,
        "geo_altitude": 11864.34,
        "squawk": "1000",
        "spi": false,
        "position_source": 0
      }
    },
    {
      "type": "Feature",
      "geometry": {
        "type": "Point",
        "coordinates": [
          8.8358,
          45.2084
        ]
      },
      "properties": {
        "icao24": "4d2272",
        "callsign": "RYR823H",
        "origin_country": "Malta",
        "time_position": 1787474579,
        "last_contact": 1787474579,
        "baro_altitude": 11277.6,
        "on_ground": false,
        "velocity": 215.66,
        "true_track": 219.39,
        "vertical_rate": 0,
        "geo_altitude": 11772.9,
        "squawk": "1000",
        "spi": false,
        "position_source": 0
      }
    },
    {
      "type": "Feature",
      "geometry": {
        "type": "Point",
        "coordinates": [
          9.0628,
          47.7068
        ]
      },
      "properties": {
        "icao24": "3ff390",
        "callsign": "DMQAX",
        "origin_country": "Germany",
        "time_position": 1787474579,
        "last_contact": 1787474579,
        "baro_altitude": 647.7,
        "on_ground": false,
        "velocity": 37.04,
        "true_track": 117.28,
        "vertical_rate": -1.3,
        "geo_altitude": 807.72,
        "squawk": "7000",
        "spi": false,
        "position_source": 0
      }
    },
    {
      "type": "Feature",
      "geometry": {
        "type": "Point",
        "coordinates": [
          9.7012,
          44.5364
        ]
      },
      "properties": {
        "icao24": "4d227f",
        "callsign": "RYR27HU",
        "origin_country": "Malta",
        "time_position": 1787474579,
        "last_contact": 1787474579,
        "baro_altitude": 10972.8,
        "on_ground": false,
        "velocity": 228.26,
        "true_track": 340.79,
        "vertical_rate": 0,
        "geo_altitude": 11506.2,
        "squawk": "1000",
        "spi": false,
        "position_source": 0
      }
    },
    {
      "type": "Feature",
      "geometry": {
        "type": "Point",
        "coordinates": [
          16.9121,
          44.6421
        ]
      },
      "properties": {
        "icao24": "406011",
        "callsign": "EZY3485",
        "origin_country": "United Kingdom",
        "time_position": 1787474579,
        "last_contact": 1787474580,
        "baro_altitude": 11277.6,
        "on_ground": false,
        "velocity": 244.4,
        "true_track": 128.85,
        "vertical_rate": -0.33,
        "geo_altitude": 11833.86,
        "squawk": "2721",
        "spi": false,
        "position_source": 0
      }
    },
    {
      "type": "Feature",
      "geometry": {
        "type": "Point",
        "coordinates": [
          6.7021,
          43.4326
        ]
      },
      "properties": {
        "icao24": "4d2259",
        "callsign": "RYR20YG",
        "origin_country": "Malta",
        "time_position": 1787474579,
        "last_contact": 1787474579,
        "baro_altitude": 7863.84,
        "on_ground": false,
        "velocity": 260.46,
        "true_track": 62.73,
        "vertical_rate": 8.13,
        "geo_altitude": 8298.18,
        "squawk": "1000",
        "spi": false,
        "position_source": 0
      }
    },
    {
      "type": "Feature",
      "geometry": {
        "type": "Point",
        "coordinates": [
          11.0816,
          42.825
        ]
      },
      "properties": {
        "icao24": "3c55c1",
        "callsign": "EWG2801",
        "origin_country": "Germany",
        "time_position": 1787474580,
        "last_contact": 1787474580,
        "baro_altitude": 11582.4,
        "on_ground": false,
        "velocity": 229.85,
        "true_track": 338.6,
        "vertical_rate": 0,
        "geo_altitude": 12176.76,
        "squawk": "1240",
        "spi": false,
        "position_source": 0
      }
    },
    {
      "type": "Feature",
      "geometry": {
        "type": "Point",
        "coordinates": [
          9.7726,
          45.5445
        ]
      },
      "properties": {
        "icao24": "4d223f",
        "callsign": "RYR866B",
        "origin_country": "Malta",
        "time_position": 1787474579,
        "last_contact": 1787474579,
        "baro_altitude": 2362.2,
        "on_ground": false,
        "velocity": 147.94,
        "true_track": 129.78,
        "vertical_rate": -7.8,
        "geo_altitude": 2545.08,
        "squawk": "1000",
        "spi": false,
        "position_source": 0
      }
    },
    {
      "type": "Feature",
      "geometry": {
        "type": "Point",
        "coordinates": [
          11.6325,
          44.7154
        ]
      },
      "properties": {
        "icao24": "4d2251",
        "callsign": "RYR7JZ",
        "origin_country": "Malta",
        "time_position": 1787474579,
        "last_contact": 1787474579,
        "baro_altitude": 10972.8,
        "on_ground": false,
        "velocity": 231,
        "true_track": 353.35,
        "vertical_rate": 0,
        "geo_altitude": 11498.58,
        "squawk": "1000",
        "spi": false,
        "position_source": 0
      }
    },
    {
      "type": "Feature",
      "geometry": {
        "type": "Point",
        "coordinates": [
          12.8301,
          44.0924
        ]
      },
      "properties": {
        "icao24": "4d225a",
        "callsign": "RYR26TR",
        "origin_country": "Malta",
        "time_position": 1787474579,
        "last_contact": 1787474579,
        "baro_altitude": 9502.14,
        "on_ground": false,
        "velocity": 245.55,
        "true_track": 154.83,
        "vertical_rate": 8.13,
        "geo_altitude": 9997.44,
        "squawk": "7425",
        "spi": false,
        "position_source": 0
      }
    },
    {
      "type": "Feature",
      "geometry": {
        "type": "Point",
        "coordinates": [
          11.9607,
          42.0438
        ]
      },
      "properties": {
        "icao24": "4d225b",
        "callsign": "RYR86FZ",
        "origin_country": "Malta",
        "time_position": 1787474579,
        "last_contact": 1787474579,
        "baro_altitude": 1775.46,
        "on_ground": false,
        "velocity": 133.41,
        "true_track": 66.6,
        "vertical_rate": -6.18,
        "geo_altitude": 1973.58,
        "squawk": "1000",
        "spi": false,
        "position_source": 0
      }
    },
    {
      "type": "Feature",
      "geometry": {
        "type": "Point",
        "coordinates": [
          11.1391,
          44.3054
        ]
      },
      "properties": {
        "icao24": "4d218c",
        "callsign": "VJT773",
        "origin_country": "Malta",
        "time_position": 1787474579,
        "last_contact": 1787474580,
        "baro_altitude": 12496.8,
        "on_ground": false,
        "velocity": 224.38,
        "true_track": 192.98,
        "vertical_rate": 0,
        "geo_altitude": 13083.54,
        "squawk": "4361",
        "spi": false,
        "position_source": 0
      }
    },
    {
      "type": "Feature",
      "geometry": {
        "type": "Point",
        "coordinates": [
          7.7709,
          42.7721
        ]
      },
      "properties": {
        "icao24": "49328e",
        "callsign": "NJE081T",
        "origin_country": "Portugal",
        "time_position": 1787474580,
        "last_contact": 1787474580,
        "baro_altitude": 7833.36,
        "on_ground": false,
        "velocity": 217.51,
        "true_track": 161.09,
        "vertical_rate": -7.8,
        "geo_altitude": 8275.32,
        "squawk": "1000",
        "spi": false,
        "position_source": 0
      }
    },
    {
      "type": "Feature",
      "geometry": {
        "type": "Point",
        "coordinates": [
          9.0211,
          47.3156
        ]
      },
      "properties": {
        "icao24": "49328c",
        "callsign": "NJE480V",
        "origin_country": "Portugal",
        "time_position": 1787474579,
        "last_contact": 1787474579,
        "baro_altitude": 13106.4,
        "on_ground": false,
        "velocity": 203.8,
        "true_track": 191.65,
        "vertical_rate": 0,
        "geo_altitude": 13548.36,
        "squawk": "1000",
        "spi": false,
        "position_source": 0
      }
    },
    {
      "type": "Feature",
      "geometry": {
        "type": "Point",
        "coordinates": [
          8.734,
          45.6094
        ]
      },
      "properties": {
        "icao24": "462d44",
        "callsign": "FSF855Z",
        "origin_country": "Finland",
        "time_position": 1787474579,
        "last_contact": 1787474579,
        "baro_altitude": null,
        "on_ground": true,
        "velocity": 8.75,
        "true_track": 351.56,
        "vertical_rate": null,
        "geo_altitude": null,
        "squawk": "0067",
        "spi": false,
        "position_source": 0
      }
    },
    {
      "type": "Feature",
      "geometry": {
        "type": "Point",
        "coordinates": [
          11.4439,
          45.4746
        ]
      },
      "properties": {
        "icao24": "49328a",
        "callsign": "NJE902G",
        "origin_country": "Portugal",
        "time_position": 1787474579,
        "last_contact": 1787474579,
        "baro_altitude": 4351.02,
        "on_ground": false,
        "velocity": 192.85,
        "true_track": 136.3,
        "vertical_rate": -10.08,
        "geo_altitude": 4587.24,
        "squawk": "1000",
        "spi": false,
        "position_source": 0
      }
    },
    {
      "type": "Feature",
      "geometry": {
        "type": "Point",
        "coordinates": [
          8.2838,
          47.7099
        ]
      },
      "properties": {
        "icao24": "4b19ef",
        "callsign": "SWR44E",
        "origin_country": "Switzerland",
        "time_position": 1787474579,
        "last_contact": 1787474579,
        "baro_altitude": 1783.08,
        "on_ground": false,
        "velocity": 102.94,
        "true_track": 186.02,
        "vertical_rate": -2.28,
        "geo_altitude": 1943.1,
        "squawk": "1000",
        "spi": false,
        "position_source": 0
      }
    },
    {
      "type": "Feature",
      "geometry": {
        "type": "Point",
        "coordinates": [
          10.7576,
          44.6206
        ]
      },
      "properties": {
        "icao24": "4b19e6",
        "callsign": "SWR97Q",
        "origin_country": "Switzerland",
        "time_position": 1787474579,
        "last_contact": 1787474579,
        "baro_altitude": 3977.64,
        "on_ground": false,
        "velocity": 170.03,
        "true_track": 301.77,
        "vertical_rate": 8.78,
        "geo_altitude": 4229.1,
        "squawk": "1000",
        "spi": false,
        "position_source": 0
      }
    },
    {
      "type": "Feature",
      "geometry": {
        "type": "Point",
        "coordinates": [
          13.7712,
          44.9415
        ]
      },
      "properties": {
        "icao24": "4b19fc",
        "callsign": "SWR8ZK",
        "origin_country": "Switzerland",
        "time_position": 1787474579,
        "last_contact": 1787474579,
        "baro_altitude": 9753.6,
        "on_ground": false,
        "velocity": 225.91,
        "true_track": 314.54,
        "vertical_rate": -0.33,
        "geo_altitude": 10218.42,
        "squawk": "1000",
        "spi": false,
        "position_source": 0
      }
    },
    {
      "type": "Feature",
      "geometry": {
        "type": "Point",
        "coordinates": [
          16.7193,
          41.5192
        ]
      },
      "properties": {
        "icao24": "4d20a2",
        "callsign": "AXY486S",
        "origin_country": "Malta",
        "time_position": 1787474578,
        "last_contact": 1787474579,
        "baro_altitude": 11582.4,
        "on_ground": false,
        "velocity": 228.58,
        "true_track": 325.92,
        "vertical_rate": 1.63,
        "geo_altitude": 12222.48,
        "squawk": null,
        "spi": false,
        "position_source": 0
      }
    },
    {
      "type": "Feature",
      "geometry": {
        "type": "Point",
        "coordinates": [
          12.0347,
          39.7914
        ]
      },
      "properties": {
        "icao24": "4cac54",
        "callsign": "RYR8CR",
        "origin_country": "Ireland",
        "time_position": 1787474579,
        "last_contact": 1787474579,
        "baro_altitude": 11277.6,
        "on_ground": false,
        "velocity": 240.89,
        "true_track": 154.04,
        "vertical_rate": 0,
        "geo_altitude": 11910.06,
        "squawk": "7506",
        "spi": false,
        "position_source": 0
      }
    },
    {
      "type": "Feature",
      "geometry": {
        "type": "Point",
        "coordinates": [
          9.0943,
          44.8686
        ]
      },
      "properties": {
        "icao24": "4cac36",
        "callsign": "NOS7979",
        "origin_country": "Ireland",
        "time_position": 1787474579,
        "last_contact": 1787474579,
        "baro_altitude": 3863.34,
        "on_ground": false,
        "velocity": 188.19,
        "true_track": 338.34,
        "vertical_rate": -12.03,
        "geo_altitude": 4122.42,
        "squawk": "1000",
        "spi": false,
        "position_source": 0
      }
    },
    {
      "type": "Feature",
      "geometry": {
        "type": "Point",
        "coordinates": [
          11.8216,
          44.1787
        ]
      },
      "properties": {
        "icao24": "4cac86",
        "callsign": "RYR3475",
        "origin_country": "Ireland",
        "time_position": 1787474579,
        "last_contact": 1787474579,
        "baro_altitude": 10972.8,
        "on_ground": false,
        "velocity": 233.36,
        "true_track": 348.81,
        "vertical_rate": 0,
        "geo_altitude": 11513.82,
        "squawk": "6564",
        "spi": false,
        "position_source": 0
      }
    },
    {
      "type": "Feature",
      "geometry": {
        "type": "Point",
        "coordinates": [
          9.4295,
          42.614
        ]
      },
      "properties": {
        "icao24": "c04fd7",
        "callsign": "ACA904",
        "origin_country": "Canada",
        "time_position": 1787474579,
        "last_contact": 1787474579,
        "baro_altitude": 9791.7,
        "on_ground": false,
        "velocity": 245.39,
        "true_track": 107.07,
        "vertical_rate": -4.88,
        "geo_altitude": 10347.96,
        "squawk": "5256",
        "spi": false,
        "position_source": 0
      }
    },
    {
      "type": "Feature",
      "geometry": {
        "type": "Point",
        "coordinates": [
          9.0633,
          40.3169
        ]
      },
      "properties": {
        "icao24": "4d20db",
        "callsign": "AEZ2076",
        "origin_country": "Malta",
        "time_position": 1787474579,
        "last_contact": 1787474579,
        "baro_altitude": 10683.24,
        "on_ground": false,
        "velocity": 214.72,
        "true_track": 265.33,
        "vertical_rate": 0.33,
        "geo_altitude": 11247.12,
        "squawk": null,
        "spi": false,
        "position_source": 0
      }
    },
    {
      "type": "Feature",
      "geometry": {
        "type": "Point",
        "coordinates": [
          8.0824,
          46.9702
        ]
      },
      "properties": {
        "icao24": "400a0e",
        "callsign": "BAW5B",
        "origin_country": "United Kingdom",
        "time_position": 1787474579,
        "last_contact": 1787474580,
        "baro_altitude": 10660.38,
        "on_ground": false,
        "velocity": 239.12,
        "true_track": 154.92,
        "vertical_rate": 0,
        "geo_altitude": 11117.58,
        "squawk": "0553",
        "spi": false,
        "position_source": 0
      }
    },
    {
      "type": "Feature",
      "geometry": {
        "type": "Point",
        "coordinates": [
          12.1842,
          45.3743
        ]
      },
      "properties": {
        "icao24": "4d20bd",
        "callsign": "WMT30CT",
        "origin_country": "Malta",
        "time_position": 1787474579,
        "last_contact": 1787474579,
        "baro_altitude": 868.68,
        "on_ground": false,
        "velocity": 99.08,
        "true_track": 42.05,
        "vertical_rate": 1.95,
        "geo_altitude": 998.22,
        "squawk": "1000",
        "spi": false,
        "position_source": 0
      }
    },
    {
      "type": "Feature",
      "geometry": {
        "type": "Point",
        "coordinates": [
          7.1,
          44.0087
        ]
      },
      "properties": {
        "icao24": "4d20bf",
        "callsign": "WZZ8027",
        "origin_country": "Malta",
        "time_position": 1787474579,
        "last_contact": 1787474580,
        "baro_altitude": 10058.4,
        "on_ground": false,
        "velocity": 227.63,
        "true_track": 239.44,
        "vertical_rate": 0,
        "geo_altitude": 10591.8,
        "squawk": "5505",
        "spi": false,
        "position_source": 0
      }
    },
    {
      "type": "Feature",
      "geometry": {
        "type": "Point",
        "coordinates": [
          10.6034,
          42.4324
        ]
      },
      "properties": {
        "icao24": "a8f00e",
        "callsign": "UAL965",
        "origin_country": "United States",
        "time_position": 1787474578,
        "last_contact": 1787474580,
        "baro_altitude": 9761.22,
        "on_ground": false,
        "velocity": 234.43,
        "true_track": 310.01,
        "vertical_rate": 0,
        "geo_altitude": 10309.86,
        "squawk": "1210",
        "spi": false,
        "position_source": 0
      }
    },
    {
      "type": "Feature",
      "geometry": {
        "type": "Point",
        "coordinates": [
          17.0526,
          43.4318
        ]
      },
      "properties": {
        "icao24": "40838a",
        "callsign": "EZY34YT",
        "origin_country": "United Kingdom",
        "time_position": 1787474578,
        "last_contact": 1787474579,
        "baro_altitude": 11285.22,
        "on_ground": false,
        "velocity": 249.47,
        "true_track": 141.78,
        "vertical_rate": -0.33,
        "geo_altitude": 11864.34,
        "squawk": "2710",
        "spi": false,
        "position_source": 0
      }
    },
    {
      "type": "Feature",
      "geometry": {
        "type": "Point",
        "coordinates": [
          7.8314,
          46.4814
        ]
      },
      "properties": {
        "icao24": "4b3abe",
        "callsign": "HBWGK",
        "origin_country": "Switzerland",
        "time_position": 1787474438,
        "last_contact": 1787474440,
        "baro_altitude": 2903.22,
        "on_ground": false,
        "velocity": 50.23,
        "true_track": 327.12,
        "vertical_rate": -6.18,
        "geo_altitude": 3070.86,
        "squawk": "7000",
        "spi": false,
        "position_source": 0
      }
    },
    {
      "type": "Feature",
      "geometry": {
        "type": "Point",
        "coordinates": [
          8.616,
          44.2018
        ]
      },
      "properties": {
        "icao24": "40702e",
        "callsign": "EXS56AM",
        "origin_country": "United Kingdom",
        "time_position": 1787474579,
        "last_contact": 1787474579,
        "baro_altitude": 10668,
        "on_ground": false,
        "velocity": 230.92,
        "true_track": 137.89,
        "vertical_rate": 0,
        "geo_altitude": 11201.4,
        "squawk": "6372",
        "spi": false,
        "position_source": 0
      }
    },
    {
      "type": "Feature",
      "geometry": {
        "type": "Point",
        "coordinates": [
          6.6128,
          46.9349
        ]
      },
      "properties": {
        "icao24": "4691c5",
        "callsign": "AEE4726",
        "origin_country": "Greece",
        "time_position": 1787474579,
        "last_contact": 1787474579,
        "baro_altitude": 9707.88,
        "on_ground": false,
        "velocity": 215.06,
        "true_track": 316.45,
        "vertical_rate": -7.8,
        "geo_altitude": 10165.08,
        "squawk": "5736",
        "spi": false,
        "position_source": 0
      }
    },
    {
      "type": "Feature",
      "geometry": {
        "type": "Point",
        "coordinates": [
          11.4367,
          38.4111
        ]
      },
      "properties": {
        "icao24": "4caaa7",
        "callsign": "ITY864",
        "origin_country": "Ireland",
        "time_position": 1787474579,
        "last_contact": 1787474579,
        "baro_altitude": 11269.98,
        "on_ground": false,
        "velocity": 222.73,
        "true_track": 199.15,
        "vertical_rate": 0,
        "geo_altitude": 11917.68,
        "squawk": null,
        "spi": false,
        "position_source": 0
      }
    },
    {
      "type": "Feature",
      "geometry": {
        "type": "Point",
        "coordinates": [
          13.1651,
          41.4616
        ]
      },
      "properties": {
        "icao24": "30019c",
        "callsign": "NOS76LE",
        "origin_country": "Italy",
        "time_position": 1787474578,
        "last_contact": 1787474579,
        "baro_altitude": 9753.6,
        "on_ground": false,
        "velocity": 224.85,
        "true_track": 334.96,
        "vertical_rate": 0,
        "geo_altitude": 10340.34,
        "squawk": null,
        "spi": false,
        "position_source": 0
      }
    },
    {
      "type": "Feature",
      "geometry": {
        "type": "Point",
        "coordinates": [
          13.2686,
          40.8449
        ]
      },
      "properties": {
        "icao24": "4d211a",
        "callsign": "VJT915",
        "origin_country": "Malta",
        "time_position": 1787474579,
        "last_contact": 1787474579,
        "baro_altitude": 5989.32,
        "on_ground": false,
        "velocity": 201.25,
        "true_track": 106.03,
        "vertical_rate": -10.73,
        "geo_altitude": 6499.86,
        "squawk": "1000",
        "spi": false,
        "position_source": 0
      }
    },
    {
      "type": "Feature",
      "geometry": {
        "type": "Point",
        "coordinates": [
          7.0113,
          43.3601
        ]
      },
      "properties": {
        "icao24": "4d2120",
        "callsign": "VJT408",
        "origin_country": "Malta",
        "time_position": 1787474579,
        "last_contact": 1787474579,
        "baro_altitude": 1684.02,
        "on_ground": false,
        "velocity": 131.91,
        "true_track": 102.84,
        "vertical_rate": -5.53,
        "geo_altitude": 1844.04,
        "squawk": "1000",
        "spi": false,
        "position_source": 0
      }
    },
    {
      "type": "Feature",
      "geometry": {
        "type": "Point",
        "coordinates": [
          7.8846,
          45.0421
        ]
      },
      "properties": {
        "icao24": "31dde2",
        "callsign": "ID200",
        "origin_country": "Italy",
        "time_position": 1787474567,
        "last_contact": 1787474569,
        "baro_altitude": 662.94,
        "on_ground": false,
        "velocity": 48.02,
        "true_track": 314.13,
        "vertical_rate": 1.63,
        "geo_altitude": 769.62,
        "squawk": "1454",
        "spi": false,
        "position_source": 0
      }
    },
    {
      "type": "Feature",
      "geometry": {
        "type": "Point",
        "coordinates": [
          16.2505,
          42.6158
        ]
      },
      "properties": {
        "icao24": "4d215c",
        "callsign": "FJO646",
        "origin_country": "Malta",
        "time_position": 1787474578,
        "last_contact": 1787474578,
        "baro_altitude": 12192,
        "on_ground": false,
        "velocity": 251.93,
        "true_track": 312.68,
        "vertical_rate": 0,
        "geo_altitude": 12786.36,
        "squawk": null,
        "spi": false,
        "position_source": 0
      }
    },
    {
      "type": "Feature",
      "geometry": {
        "type": "Point",
        "coordinates": [
          15.4226,
          42.5837
        ]
      },
      "properties": {
        "icao24": "44b4a4",
        "callsign": "BNJ0253",
        "origin_country": "Belgium",
        "time_position": 1787474579,
        "last_contact": 1787474579,
        "baro_altitude": 12496.8,
        "on_ground": false,
        "velocity": 248.65,
        "true_track": 138.86,
        "vertical_rate": -0.33,
        "geo_altitude": 13114.02,
        "squawk": "0101",
        "spi": false,
        "position_source": 0
      }
    },
    {
      "type": "Feature",
      "geometry": {
        "type": "Point",
        "coordinates": [
          6.3424,
          46.964
        ]
      },
      "properties": {
        "icao24": "4d2134",
        "callsign": "VJT437",
        "origin_country": "Malta",
        "time_position": 1787474579,
        "last_contact": 1787474579,
        "baro_altitude": 13106.4,
        "on_ground": false,
        "velocity": 231.4,
        "true_track": 356.56,
        "vertical_rate": 0,
        "geo_altitude": 13563.6,
        "squawk": "1000",
        "spi": false,
        "position_source": 0
      }
    },
    {
      "type": "Feature",
      "geometry": {
        "type": "Point",
        "coordinates": [
          6.0125,
          43.5055
        ]
      },
      "properties": {
        "icao24": "3c54a1",
        "callsign": "EWG4L",
        "origin_country": "Germany",
        "time_position": 1787474579,
        "last_contact": 1787474579,
        "baro_altitude": 10972.8,
        "on_ground": false,
        "velocity": 241.09,
        "true_track": 23.12,
        "vertical_rate": 0,
        "geo_altitude": 11544.3,
        "squawk": "5350",
        "spi": false,
        "position_source": 0
      }
    },
    {
      "type": "Feature",
      "geometry": {
        "type": "Point",
        "coordinates": [
          17.4199,
          40.4608
        ]
      },
      "properties": {
        "icao24": "4d206b",
        "callsign": "WMT5798",
        "origin_country": "Malta",
        "time_position": 1787474578,
        "last_contact": 1787474578,
        "baro_altitude": 10980.42,
        "on_ground": false,
        "velocity": 223.37,
        "true_track": 288.81,
        "vertical_rate": 0,
        "geo_altitude": 11612.88,
        "squawk": null,
        "spi": false,
        "position_source": 0
      }
    },
    {
      "type": "Feature",
      "geometry": {
        "type": "Point",
        "coordinates": [
          15.7241,
          46.1356
        ]
      },
      "properties": {
        "icao24": "4d206c",
        "callsign": "WMT1717",
        "origin_country": "Malta",
        "time_position": 1787474579,
        "last_contact": 1787474579,
        "baro_altitude": 10972.8,
        "on_ground": false,
        "velocity": 199.61,
        "true_track": 259.91,
        "vertical_rate": 0,
        "geo_altitude": 11483.34,
        "squawk": "1000",
        "spi": false,
        "position_source": 0
      }
    },
    {
      "type": "Feature",
      "geometry": {
        "type": "Point",
        "coordinates": [
          12.3408,
          39.0629
        ]
      },
      "properties": {
        "icao24": "4081c0",
        "callsign": "BAW618",
        "origin_country": "United Kingdom",
        "time_position": 1787474580,
        "last_contact": 1787474580,
        "baro_altitude": 6096,
        "on_ground": false,
        "velocity": 193.8,
        "true_track": 156.7,
        "vertical_rate": -10.08,
        "geo_altitude": 6545.58,
        "squawk": "7324",
        "spi": false,
        "position_source": 0
      }
    },
    {
      "type": "Feature",
      "geometry": {
        "type": "Point",
        "coordinates": [
          14.1137,
          41.9988
        ]
      },
      "properties": {
        "icao24": "300240",
        "callsign": "CAN11",
        "origin_country": "Italy",
        "time_position": 1787474406,
        "last_contact": 1787474406,
        "baro_altitude": 1661.16,
        "on_ground": false,
        "velocity": 82.26,
        "true_track": 276.1,
        "vertical_rate": 0.98,
        "geo_altitude": 1851.66,
        "squawk": null,
        "spi": false,
        "position_source": 0
      }
    },
    {
      "type": "Feature",
      "geometry": {
        "type": "Point",
        "coordinates": [
          7.6464,
          45.188
        ]
      },
      "properties": {
        "icao24": "4d207c",
        "callsign": "RYR62CY",
        "origin_country": "Malta",
        "time_position": 1787474521,
        "last_contact": 1787474521,
        "baro_altitude": null,
        "on_ground": true,
        "velocity": 6.94,
        "true_track": 182.81,
        "vertical_rate": null,
        "geo_altitude": null,
        "squawk": null,
        "spi": false,
        "position_source": 0
      }
    },
    {
      "type": "Feature",
      "geometry": {
        "type": "Point",
        "coordinates": [
          9.6856,
          44.5509
        ]
      },
      "properties": {
        "icao24": "4d2087",
        "callsign": "EWG5C",
        "origin_country": "Malta",
        "time_position": 1787474579,
        "last_contact": 1787474579,
        "baro_altitude": 11894.82,
        "on_ground": false,
        "velocity": 210.75,
        "true_track": 213.15,
        "vertical_rate": 0,
        "geo_altitude": 12435.84,
        "squawk": "1000",
        "spi": false,
        "position_source": 0
      }
    },
    {
      "type": "Feature",
      "geometry": {
        "type": "Point",
        "coordinates": [
          12.2133,
          42.6367
        ]
      },
      "properties": {
        "icao24": "4d204b",
        "callsign": "WMT5RP",
        "origin_country": "Malta",
        "time_position": 1787474579,
        "last_contact": 1787474579,
        "baro_altitude": 5463.54,
        "on_ground": false,
        "velocity": 179.03,
        "true_track": 148.27,
        "vertical_rate": -8.13,
        "geo_altitude": 5836.92,
        "squawk": "1000",
        "spi": false,
        "position_source": 0
      }
    },
    {
      "type": "Feature",
      "geometry": {
        "type": "Point",
        "coordinates": [
          6.6083,
          42.9972
        ]
      },
      "properties": {
        "icao24": "4d2067",
        "callsign": "WZZ4",
        "origin_country": "Malta",
        "time_position": 1787474579,
        "last_contact": 1787474579,
        "baro_altitude": 10980.42,
        "on_ground": false,
        "velocity": 245.91,
        "true_track": 45.17,
        "vertical_rate": 0,
        "geo_altitude": 11559.54,
        "squawk": "1000",
        "spi": false,
        "position_source": 0
      }
    },
    {
      "type": "Feature",
      "geometry": {
        "type": "Point",
        "coordinates": [
          9.9307,
          43.3481
        ]
      },
      "properties": {
        "icao24": "3ced62",
        "callsign": "PWF521",
        "origin_country": "Germany",
        "time_position": 1787474579,
        "last_contact": 1787474579,
        "baro_altitude": 5486.4,
        "on_ground": false,
        "velocity": 148.86,
        "true_track": 333.08,
        "vertical_rate": -0.33,
        "geo_altitude": 5814.06,
        "squawk": null,
        "spi": false,
        "position_source": 0
      }
    },
    {
      "type": "Feature",
      "geometry": {
        "type": "Point",
        "coordinates": [
          8.0632,
          47.5493
        ]
      },
      "properties": {
        "icao24": "4b18f4",
        "callsign": "EDW89P",
        "origin_country": "Switzerland",
        "time_position": 1787474579,
        "last_contact": 1787474579,
        "baro_altitude": 2354.58,
        "on_ground": false,
        "velocity": 126.33,
        "true_track": 12.23,
        "vertical_rate": -4.88,
        "geo_altitude": 2537.46,
        "squawk": "1000",
        "spi": false,
        "position_source": 0
      }
    },
    {
      "type": "Feature",
      "geometry": {
        "type": "Point",
        "coordinates": [
          8.9867,
          47.5887
        ]
      },
      "properties": {
        "icao24": "4b4e42",
        "callsign": "HB2459",
        "origin_country": "Switzerland",
        "time_position": 1787474579,
        "last_contact": 1787474579,
        "baro_altitude": 944.88,
        "on_ground": false,
        "velocity": 51.45,
        "true_track": 270.57,
        "vertical_rate": -0.33,
        "geo_altitude": 1066.8,
        "squawk": "7000",
        "spi": false,
        "position_source": 0
      }
    },
    {
      "type": "Feature",
      "geometry": {
        "type": "Point",
        "coordinates": [
          10.3197,
          40.9781
        ]
      },
      "properties": {
        "icao24": "4d208f",
        "callsign": "WMT1097",
        "origin_country": "Malta",
        "time_position": 1787474575,
        "last_contact": 1787474575,
        "baro_altitude": 6065.52,
        "on_ground": false,
        "velocity": 181.8,
        "true_track": 248.59,
        "vertical_rate": -1.3,
        "geo_altitude": 6492.24,
        "squawk": null,
        "spi": false,
        "position_source": 0
      }
    },
    {
      "type": "Feature",
      "geometry": {
        "type": "Point",
        "coordinates": [
          12.0146,
          39.6461
        ]
      },
      "properties": {
        "icao24": "4d2092",
        "callsign": "WMT7603",
        "origin_country": "Malta",
        "time_position": 1787474575,
        "last_contact": 1787474577,
        "baro_altitude": 9326.88,
        "on_ground": false,
        "velocity": 243.05,
        "true_track": 156.42,
        "vertical_rate": -19.51,
        "geo_altitude": 9936.48,
        "squawk": "1000",
        "spi": false,
        "position_source": 0
      }
    },
    {
      "type": "Feature",
      "geometry": {
        "type": "Point",
        "coordinates": [
          8.4525,
          44.9908
        ]
      },
      "properties": {
        "icao24": "4d2094",
        "callsign": "AXY718J",
        "origin_country": "Malta",
        "time_position": 1787474580,
        "last_contact": 1787474580,
        "baro_altitude": 12192,
        "on_ground": false,
        "velocity": 204.17,
        "true_track": 282.81,
        "vertical_rate": 0,
        "geo_altitude": 12740.64,
        "squawk": "5505",
        "spi": false,
        "position_source": 0
      }
    },
    {
      "type": "Feature",
      "geometry": {
        "type": "Point",
        "coordinates": [
          13.6313,
          41.2614
        ]
      },
      "properties": {
        "icao24": "4d2095",
        "callsign": "RYR80HG",
        "origin_country": "Malta",
        "time_position": 1787474579,
        "last_contact": 1787474580,
        "baro_altitude": 8130.54,
        "on_ground": false,
        "velocity": 220,
        "true_track": 297.88,
        "vertical_rate": -12.35,
        "geo_altitude": 8648.7,
        "squawk": null,
        "spi": false,
        "position_source": 0
      }
    },
    {
      "type": "Feature",
      "geometry": {
        "type": "Point",
        "coordinates": [
          18.3801,
          47.5633
        ]
      },
      "properties": {
        "icao24": "01018d",
        "callsign": "LMU7491",
        "origin_country": "Egypt",
        "time_position": 1787474580,
        "last_contact": 1787474580,
        "baro_altitude": 8519.16,
        "on_ground": false,
        "velocity": 205,
        "true_track": 287.53,
        "vertical_rate": -4.88,
        "geo_altitude": 8923.02,
        "squawk": "1350",
        "spi": false,
        "position_source": 0
      }
    },
    {
      "type": "Feature",
      "geometry": {
        "type": "Point",
        "coordinates": [
          14.9649,
          44.3078
        ]
      },
      "properties": {
        "icao24": "4d2096",
        "callsign": "RYR4373",
        "origin_country": "Malta",
        "time_position": 1787474578,
        "last_contact": 1787474578,
        "baro_altitude": 11277.6,
        "on_ground": false,
        "velocity": 225.95,
        "true_track": 186.93,
        "vertical_rate": 0.33,
        "geo_altitude": 11818.62,
        "squawk": "1000",
        "spi": false,
        "position_source": 0
      }
    },
    {
      "type": "Feature",
      "geometry": {
        "type": "Point",
        "coordinates": [
          6.3309,
          43.9975
        ]
      },
      "properties": {
        "icao24": "3e1a33",
        "callsign": "DIBCT",
        "origin_country": "Germany",
        "time_position": 1787474580,
        "last_contact": 1787474580,
        "baro_altitude": 12192,
        "on_ground": false,
        "velocity": 218.4,
        "true_track": 12.79,
        "vertical_rate": 0,
        "geo_altitude": 12740.64,
        "squawk": "5326",
        "spi": false,
        "position_source": 0
      }
    },
    {
      "type": "Feature",
      "geometry": {
        "type": "Point",
        "coordinates": [
          8.9159,
          45.3241
        ]
      },
      "properties": {
        "icao24": "40829a",
        "callsign": "VIP01",
        "origin_country": "United Kingdom",
        "time_position": 1787474579,
        "last_contact": 1787474580,
        "baro_altitude": 1341.12,
        "on_ground": false,
        "velocity": 124.54,
        "true_track": 174.55,
        "vertical_rate": -3.25,
        "geo_altitude": 1485.9,
        "squawk": "5271",
        "spi": false,
        "position_source": 0
      }
    },
    {
      "type": "Feature",
      "geometry": {
        "type": "Point",
        "coordinates": [
          13.4434,
          37.5484
        ]
      },
      "properties": {
        "icao24": "45e863",
        "callsign": "OYZCC",
        "origin_country": "Denmark",
        "time_position": 1787474579,
        "last_contact": 1787474579,
        "baro_altitude": 2026.92,
        "on_ground": false,
        "velocity": 57.8,
        "true_track": 302.28,
        "vertical_rate": 0,
        "geo_altitude": 2225.04,
        "squawk": "2107",
        "spi": false,
        "position_source": 0
      }
    },
    {
      "type": "Feature",
      "geometry": {
        "type": "Point",
        "coordinates": [
          11.0797,
          42.3314
        ]
      },
      "properties": {
        "icao24": "460844",
        "callsign": "FSF783U",
        "origin_country": "Finland",
        "time_position": 1787474579,
        "last_contact": 1787474579,
        "baro_altitude": 7315.2,
        "on_ground": false,
        "velocity": 126.59,
        "true_track": 287.26,
        "vertical_rate": 0,
        "geo_altitude": 7780.02,
        "squawk": null,
        "spi": false,
        "position_source": 0
      }
    },
    {
      "type": "Feature",
      "geometry": {
        "type": "Point",
        "coordinates": [
          8.5262,
          47.4893
        ]
      },
      "properties": {
        "icao24": "4b1921",
        "callsign": "SWR65",
        "origin_country": "Switzerland",
        "time_position": 1787474579,
        "last_contact": 1787474579,
        "baro_altitude": 419.1,
        "on_ground": false,
        "velocity": 77.9,
        "true_track": 137.14,
        "vertical_rate": -3.25,
        "geo_altitude": 556.26,
        "squawk": "2032",
        "spi": false,
        "position_source": 0
      }
    },
    {
      "type": "Feature",
      "geometry": {
        "type": "Point",
        "coordinates": [
          16.562,
          43.4551
        ]
      },
      "properties": {
        "icao24": "398578",
        "callsign": "AFR61TU",
        "origin_country": "France",
        "time_position": 1787474571,
        "last_contact": 1787474573,
        "baro_altitude": 8656.32,
        "on_ground": false,
        "velocity": 243.85,
        "true_track": 127.11,
        "vertical_rate": -13,
        "geo_altitude": 9113.52,
        "squawk": "1000",
        "spi": false,
        "position_source": 0
      }
    },
    {
      "type": "Feature",
      "geometry": {
        "type": "Point",
        "coordinates": [
          7.1401,
          45.9799
        ]
      },
      "properties": {
        "icao24": "398579",
        "callsign": "AFR94UK",
        "origin_country": "France",
        "time_position": 1787474579,
        "last_contact": 1787474579,
        "baro_altitude": 10668,
        "on_ground": false,
        "velocity": 264.51,
        "true_track": 103.96,
        "vertical_rate": 0,
        "geo_altitude": 11155.68,
        "squawk": "1000",
        "spi": false,
        "position_source": 0
      }
    },
    {
      "type": "Feature",
      "geometry": {
        "type": "Point",
        "coordinates": [
          10.6172,
          42.6118
        ]
      },
      "properties": {
        "icao24": "39856b",
        "callsign": "AFR27PQ",
        "origin_country": "France",
        "time_position": 1787474579,
        "last_contact": 1787474579,
        "baro_altitude": 7802.88,
        "on_ground": false,
        "velocity": 231.23,
        "true_track": 109.77,
        "vertical_rate": -8.45,
        "geo_altitude": 8290.56,
        "squawk": "1000",
        "spi": false,
        "position_source": 0
      }
    },
    {
      "type": "Feature",
      "geometry": {
        "type": "Point",
        "coordinates": [
          13.3467,
          46.6875
        ]
      },
      "properties": {
        "icao24": "4b193f",
        "callsign": "CSW639",
        "origin_country": "Switzerland",
        "time_position": 1787474579,
        "last_contact": 1787474580,
        "baro_altitude": 10972.8,
        "on_ground": false,
        "velocity": 206.7,
        "true_track": 313.39,
        "vertical_rate": 0,
        "geo_altitude": 11452.86,
        "squawk": "4335",
        "spi": false,
        "position_source": 0
      }
    },
    {
      "type": "Feature",
      "geometry": {
        "type": "Point",
        "coordinates": [
          8.5516,
          47.4611
        ]
      },
      "properties": {
        "icao24": "4b193a",
        "callsign": "CSW633",
        "origin_country": "Switzerland",
        "time_position": 1787474530,
        "last_contact": 1787474530,
        "baro_altitude": null,
        "on_ground": true,
        "velocity": 0,
        "true_track": 64.69,
        "vertical_rate": null,
        "geo_altitude": null,
        "squawk": "2000",
        "spi": false,
        "position_source": 0
      }
    },
    {
      "type": "Feature",
      "geometry": {
        "type": "Point",
        "coordinates": [
          9.0654,
          45.241
        ]
      },
      "properties": {
        "icao24": "39d569",
        "callsign": "VLJ523P",
        "origin_country": "France",
        "time_position": 1787474580,
        "last_contact": 1787474580,
        "baro_altitude": 10363.2,
        "on_ground": false,
        "velocity": 206.18,
        "true_track": 352.11,
        "vertical_rate": 0.33,
        "geo_altitude": 10881.36,
        "squawk": "1000",
        "spi": false,
        "position_source": 0
      }
    },
    {
      "type": "Feature",
      "geometry": {
        "type": "Point",
        "coordinates": [
          9.3839,
          43.5309
        ]
      },
      "properties": {
        "icao24": "407182",
        "callsign": "EXS7KH",
        "origin_country": "United Kingdom",
        "time_position": 1787474579,
        "last_contact": 1787474579,
        "baro_altitude": 10668,
        "on_ground": false,
        "velocity": 232.57,
        "true_track": 136.88,
        "vertical_rate": 0,
        "geo_altitude": 11209.02,
        "squawk": "0532",
        "spi": false,
        "position_source": 0
      }
    },
    {
      "type": "Feature",
      "geometry": {
        "type": "Point",
        "coordinates": [
          16.4852,
          43.4485
        ]
      },
      "properties": {
        "icao24": "4b194a",
        "callsign": "SWR5MW",
        "origin_country": "Switzerland",
        "time_position": 1787474577,
        "last_contact": 1787474577,
        "baro_altitude": 10957.56,
        "on_ground": false,
        "velocity": 214.42,
        "true_track": 312.76,
        "vertical_rate": 0,
        "geo_altitude": 11544.3,
        "squawk": null,
        "spi": false,
        "position_source": 0
      }
    },
    {
      "type": "Feature",
      "geometry": {
        "type": "Point",
        "coordinates": [
          18.1298,
          44.5875
        ]
      },
      "properties": {
        "icao24": "3c66ba",
        "callsign": "OCN4XK",
        "origin_country": "Germany",
        "time_position": 1787474579,
        "last_contact": 1787474579,
        "baro_altitude": 10972.8,
        "on_ground": false,
        "velocity": 216.9,
        "true_track": 316.73,
        "vertical_rate": 0,
        "geo_altitude": 11536.68,
        "squawk": "5522",
        "spi": false,
        "position_source": 0
      }
    },
    {
      "type": "Feature",
      "geometry": {
        "type": "Point",
        "coordinates": [
          15.4561,
          46.3624
        ]
      },
      "properties": {
        "icao24": "3c66e6",
        "callsign": "OCN7R",
        "origin_country": "Germany",
        "time_position": 1787474579,
        "last_contact": 1787474580,
        "baro_altitude": 10347.96,
        "on_ground": false,
        "velocity": 204.28,
        "true_track": 312.45,
        "vertical_rate": 0,
        "geo_altitude": 10843.26,
        "squawk": "6046",
        "spi": false,
        "position_source": 0
      }
    },
    {
      "type": "Feature",
      "geometry": {
        "type": "Point",
        "coordinates": [
          17.914,
          43.5246
        ]
      },
      "properties": {
        "icao24": "4692d8",
        "callsign": "AEE432",
        "origin_country": "Greece",
        "time_position": 1787474578,
        "last_contact": 1787474578,
        "baro_altitude": 10980.42,
        "on_ground": false,
        "velocity": 220.95,
        "true_track": 321.9,
        "vertical_rate": 0,
        "geo_altitude": 11544.3,
        "squawk": "2026",
        "spi": false,
        "position_source": 0
      }
    },
    {
      "type": "Feature",
      "geometry": {
        "type": "Point",
        "coordinates": [
          10.2168,
          47.582
        ]
      },
      "properties": {
        "icao24": "3ff177",
        "callsign": "DMITY",
        "origin_country": "Germany",
        "time_position": 1787474579,
        "last_contact": 1787474580,
        "baro_altitude": 1524,
        "on_ground": false,
        "velocity": 51.35,
        "true_track": 47.84,
        "vertical_rate": -3.25,
        "geo_altitude": 1668.78,
        "squawk": "7000",
        "spi": false,
        "position_source": 0
      }
    },
    {
      "type": "Feature",
      "geometry": {
        "type": "Point",
        "coordinates": [
          16.8408,
          45.7694
        ]
      },
      "properties": {
        "icao24": "4d2038",
        "callsign": "KMM515",
        "origin_country": "Malta",
        "time_position": 1787474579,
        "last_contact": 1787474579,
        "baro_altitude": 11186.16,
        "on_ground": false,
        "velocity": 229.47,
        "true_track": 190.2,
        "vertical_rate": 8.13,
        "geo_altitude": 11704.32,
        "squawk": "7104",
        "spi": false,
        "position_source": 0
      }
    },
    {
      "type": "Feature",
      "geometry": {
        "type": "Point",
        "coordinates": [
          15.6227,
          41.7995
        ]
      },
      "properties": {
        "icao24": "4d201f",
        "callsign": "WMT771",
        "origin_country": "Malta",
        "time_position": 1787474578,
        "last_contact": 1787474579,
        "baro_altitude": 10363.2,
        "on_ground": false,
        "velocity": 220.08,
        "true_track": 293.27,
        "vertical_rate": 0,
        "geo_altitude": 10965.18,
        "squawk": null,
        "spi": false,
        "position_source": 0
      }
    },
    {
      "type": "Feature",
      "geometry": {
        "type": "Point",
        "coordinates": [
          10.2697,
          40.2289
        ]
      },
      "properties": {
        "icao24": "4d2042",
        "callsign": "AEZ7117",
        "origin_country": "Malta",
        "time_position": 1787474449,
        "last_contact": 1787474482,
        "baro_altitude": 8503.92,
        "on_ground": false,
        "velocity": 191.68,
        "true_track": 237.72,
        "vertical_rate": -10.08,
        "geo_altitude": 8869.68,
        "squawk": null,
        "spi": false,
        "position_source": 0
      }
    },
    {
      "type": "Feature",
      "geometry": {
        "type": "Point",
        "coordinates": [
          7.3771,
          45.0117
        ]
      },
      "properties": {
        "icao24": "31dedf",
        "callsign": "ID707",
        "origin_country": "Italy",
        "time_position": 1787474579,
        "last_contact": 1787474579,
        "baro_altitude": 1501.14,
        "on_ground": false,
        "velocity": 55,
        "true_track": 287.42,
        "vertical_rate": 1.3,
        "geo_altitude": 1653.54,
        "squawk": "4614",
        "spi": false,
        "position_source": 0
      }
    },
    {
      "type": "Feature",
      "geometry": {
        "type": "Point",
        "coordinates": [
          12.9362,
          41.4419
        ]
      },
      "properties": {
        "icao24": "3c66b0",
        "callsign": "DLH2JW",
        "origin_country": "Germany",
        "time_position": 1787474580,
        "last_contact": 1787474580,
        "baro_altitude": 11277.6,
        "on_ground": false,
        "velocity": 236.54,
        "true_track": 172.63,
        "vertical_rate": -0.33,
        "geo_altitude": 11902.44,
        "squawk": "0243",
        "spi": false,
        "position_source": 0
      }
    },
    {
      "type": "Feature",
      "geometry": {
        "type": "Point",
        "coordinates": [
          17.5827,
          44.4478
        ]
      },
      "properties": {
        "icao24": "3c66a2",
        "callsign": "DLH4EE",
        "origin_country": "Germany",
        "time_position": 1787474579,
        "last_contact": 1787474579,
        "baro_altitude": 10668,
        "on_ground": false,
        "velocity": 244.2,
        "true_track": 131.41,
        "vertical_rate": 0,
        "geo_altitude": 11224.26,
        "squawk": "2663",
        "spi": false,
        "position_source": 0
      }
    },
    {
      "type": "Feature",
      "geometry": {
        "type": "Point",
        "coordinates": [
          13.0732,
          39.0931
        ]
      },
      "properties": {
        "icao24": "3c66a7",
        "callsign": "DLH8CF",
        "origin_country": "Germany",
        "time_position": 1787474579,
        "last_contact": 1787474579,
        "baro_altitude": 6195.06,
        "on_ground": false,
        "velocity": 194.87,
        "true_track": 169.97,
        "vertical_rate": -6.83,
        "geo_altitude": 6675.12,
        "squawk": "6412",
        "spi": false,
        "position_source": 0
      }
    },
    {
      "type": "Feature",
      "geometry": {
        "type": "Point",
        "coordinates": [
          11.1472,
          46.0658
        ]
      },
      "properties": {
        "icao24": "4d2029",
        "callsign": "SWU1907",
        "origin_country": "Malta",
        "time_position": 1787474579,
        "last_contact": 1787474579,
        "baro_altitude": 3215.64,
        "on_ground": false,
        "velocity": 144.27,
        "true_track": 11.31,
        "vertical_rate": -9.43,
        "geo_altitude": 3436.62,
        "squawk": "5430",
        "spi": false,
        "position_source": 0
      }
    },
    {
      "type": "Feature",
      "geometry": {
        "type": "Point",
        "coordinates": [
          7.0066,
          44.093
        ]
      },
      "properties": {
        "icao24": "3c66ae",
        "callsign": "DLH77Y",
        "origin_country": "Germany",
        "time_position": 1787474579,
        "last_contact": 1787474579,
        "baro_altitude": 5775.96,
        "on_ground": false,
        "velocity": 204.23,
        "true_track": 347.78,
        "vertical_rate": 11.05,
        "geo_altitude": 6149.34,
        "squawk": "1000",
        "spi": false,
        "position_source": 0
      }
    },
    {
      "type": "Feature",
      "geometry": {
        "type": "Point",
        "coordinates": [
          16.652,
          44.8411
        ]
      },
      "properties": {
        "icao24": "3c66b3",
        "callsign": "OCN2SD",
        "origin_country": "Germany",
        "time_position": 1787474579,
        "last_contact": 1787474579,
        "baro_altitude": 11590.02,
        "on_ground": false,
        "velocity": 217.81,
        "true_track": 324.81,
        "vertical_rate": 0,
        "geo_altitude": 12146.28,
        "squawk": "2054",
        "spi": false,
        "position_source": 0
      }
    },
    {
      "type": "Feature",
      "geometry": {
        "type": "Point",
        "coordinates": [
          15.3649,
          44.1808
        ]
      },
      "properties": {
        "icao24": "3c66b8",
        "callsign": "OCN4ES",
        "origin_country": "Germany",
        "time_position": 1787474579,
        "last_contact": 1787474580,
        "baro_altitude": 10972.8,
        "on_ground": false,
        "velocity": 219.64,
        "true_track": 312.06,
        "vertical_rate": 0,
        "geo_altitude": 11536.68,
        "squawk": "7737",
        "spi": false,
        "position_source": 0
      }
    },
    {
      "type": "Feature",
      "geometry": {
        "type": "Point",
        "coordinates": [
          15.5204,
          43.6554
        ]
      },
      "properties": {
        "icao24": "4d2020",
        "callsign": "WZZ4GN",
        "origin_country": "Malta",
        "time_position": 1787474579,
        "last_contact": 1787474579,
        "baro_altitude": 11277.6,
        "on_ground": false,
        "velocity": 236.64,
        "true_track": 21.15,
        "vertical_rate": 0,
        "geo_altitude": 11864.34,
        "squawk": "1000",
        "spi": false,
        "position_source": 0
      }
    },
    {
      "type": "Feature",
      "geometry": {
        "type": "Point",
        "coordinates": [
          13.0579,
          38.5974
        ]
      },
      "properties": {
        "icao24": "4d2022",
        "callsign": "WMT7Q",
        "origin_country": "Malta",
        "time_position": 1787474580,
        "last_contact": 1787474580,
        "baro_altitude": 4457.7,
        "on_ground": false,
        "velocity": 175.98,
        "true_track": 336.21,
        "vertical_rate": 13.98,
        "geo_altitude": 4815.84,
        "squawk": null,
        "spi": false,
        "position_source": 0
      }
    },
    {
      "type": "Feature",
      "geometry": {
        "type": "Point",
        "coordinates": [
          12.3509,
          40.3566
        ]
      },
      "properties": {
        "icao24": "4b9067",
        "callsign": "PGT1529",
        "origin_country": "Turkey",
        "time_position": 1787474579,
        "last_contact": 1787474580,
        "baro_altitude": 10980.42,
        "on_ground": false,
        "velocity": 223.51,
        "true_track": 272.64,
        "vertical_rate": 0,
        "geo_altitude": 11612.88,
        "squawk": null,
        "spi": false,
        "position_source": 0
      }
    },
    {
      "type": "Feature",
      "geometry": {
        "type": "Point",
        "coordinates": [
          17.2589,
          44.1523
        ]
      },
      "properties": {
        "icao24": "4082e7",
        "callsign": "RUK8JN",
        "origin_country": "United Kingdom",
        "time_position": 1787474578,
        "last_contact": 1787474579,
        "baro_altitude": 11277.6,
        "on_ground": false,
        "velocity": 250.86,
        "true_track": 132.59,
        "vertical_rate": 0,
        "geo_altitude": 11849.1,
        "squawk": "4734",
        "spi": false,
        "position_source": 0
      }
    },
    {
      "type": "Feature",
      "geometry": {
        "type": "Point",
        "coordinates": [
          8.946,
          43.0125
        ]
      },
      "properties": {
        "icao24": "31dfd2",
        "callsign": "IE231",
        "origin_country": "Italy",
        "time_position": 1787474576,
        "last_contact": 1787474579,
        "baro_altitude": 2438.4,
        "on_ground": false,
        "velocity": 73.06,
        "true_track": 180.81,
        "vertical_rate": 1.3,
        "geo_altitude": 2613.66,
        "squawk": "2000",
        "spi": false,
        "position_source": 0
      }
    },
    {
      "type": "Feature",
      "geometry": {
        "type": "Point",
        "coordinates": [
          8.0692,
          47.4957
        ]
      },
      "properties": {
        "icao24": "4b17fb",
        "callsign": "SWR2GE",
        "origin_country": "Switzerland",
        "time_position": 1787474579,
        "last_contact": 1787474579,
        "baro_altitude": 4655.82,
        "on_ground": false,
        "velocity": 151.56,
        "true_track": 127.41,
        "vertical_rate": -5.2,
        "geo_altitude": 4892.04,
        "squawk": "1000",
        "spi": false,
        "position_source": 0
      }
    },
    {
      "type": "Feature",
      "geometry": {
        "type": "Point",
        "coordinates": [
          16.9923,
          43.8219
        ]
      },
      "properties": {
        "icao24": "4b17fd",
        "callsign": "EDW403Y",
        "origin_country": "Switzerland",
        "time_position": 1787474578,
        "last_contact": 1787474579,
        "baro_altitude": 10972.8,
        "on_ground": false,
        "velocity": 209.11,
        "true_track": 300.29,
        "vertical_rate": 0,
        "geo_altitude": 11544.3,
        "squawk": "0067",
        "spi": false,
        "position_source": 0
      }
    },
    {
      "type": "Feature",
      "geometry": {
        "type": "Point",
        "coordinates": [
          14.8212,
          36.5612
        ]
      },
      "properties": {
        "icao24": "44b664",
        "callsign": "OSPREY4",
        "origin_country": "Belgium",
        "time_position": 1787474580,
        "last_contact": 1787474580,
        "baro_altitude": 1508.76,
        "on_ground": false,
        "velocity": 51.03,
        "true_track": 255.4,
        "vertical_rate": 0.33,
        "geo_altitude": 1676.4,
        "squawk": "2162",
        "spi": false,
        "position_source": 0
      }
    },
    {
      "type": "Feature",
      "geometry": {
        "type": "Point",
        "coordinates": [
          10.363,
          45.0783
        ]
      },
      "properties": {
        "icao24": "398569",
        "callsign": "AFR72ZE",
        "origin_country": "France",
        "time_position": 1787474579,
        "last_contact": 1787474580,
        "baro_altitude": 11277.6,
        "on_ground": false,
        "velocity": 246.35,
        "true_track": 129.41,
        "vertical_rate": 0,
        "geo_altitude": 11803.38,
        "squawk": "7555",
        "spi": false,
        "position_source": 0
      }
    },
    {
      "type": "Feature",
      "geometry": {
        "type": "Point",
        "coordinates": [
          8.7189,
          45.6285
        ]
      },
      "properties": {
        "icao24": "4caa58",
        "callsign": "RYR46SZ",
        "origin_country": "Ireland",
        "time_position": 1787474577,
        "last_contact": 1787474580,
        "baro_altitude": null,
        "on_ground": true,
        "velocity": 0,
        "true_track": 78.75,
        "vertical_rate": null,
        "geo_altitude": null,
        "squawk": null,
        "spi": false,
        "position_source": 0
      }
    }
  ]
}