{
  "type": "FeatureCollection",
  "source": "opensky",
  "dataset": "aircraft_italy",
  "generated_at": "2026-07-12T15:19:56.488304+00:00",
  "opensky_time": 1783869590,
  "count": 831,
  "features": [
    {
      "type": "Feature",
      "geometry": {
        "type": "Point",
        "coordinates": [
          15.9362,
          41.4276
        ]
      },
      "properties": {
        "icao24": "39de4c",
        "callsign": "TVF235L",
        "origin_country": "France",
        "time_position": 1783869590,
        "last_contact": 1783869590,
        "baro_altitude": 11582.4,
        "on_ground": false,
        "velocity": 224.3,
        "true_track": 306.61,
        "vertical_rate": 0,
        "geo_altitude": 12176.76,
        "squawk": "0144",
        "spi": true,
        "position_source": 0
      }
    },
    {
      "type": "Feature",
      "geometry": {
        "type": "Point",
        "coordinates": [
          17.5498,
          41.5176
        ]
      },
      "properties": {
        "icao24": "511171",
        "callsign": "CFG4JH",
        "origin_country": "Estonia",
        "time_position": 1783869590,
        "last_contact": 1783869590,
        "baro_altitude": 11285.22,
        "on_ground": false,
        "velocity": 238.59,
        "true_track": 152.94,
        "vertical_rate": -0.33,
        "geo_altitude": 11833.86,
        "squawk": "6046",
        "spi": false,
        "position_source": 0
      }
    },
    {
      "type": "Feature",
      "geometry": {
        "type": "Point",
        "coordinates": [
          18.6585,
          47.4613
        ]
      },
      "properties": {
        "icao24": "4bc8d6",
        "callsign": "PGT56XH",
        "origin_country": "Turkey",
        "time_position": 1783869590,
        "last_contact": 1783869590,
        "baro_altitude": 9616.44,
        "on_ground": false,
        "velocity": 204.76,
        "true_track": 304.25,
        "vertical_rate": -8.78,
        "geo_altitude": 9921.24,
        "squawk": "1000",
        "spi": false,
        "position_source": 0
      }
    },
    {
      "type": "Feature",
      "geometry": {
        "type": "Point",
        "coordinates": [
          17.6687,
          45.0189
        ]
      },
      "properties": {
        "icao24": "4bc8d2",
        "callsign": "PGT950",
        "origin_country": "Turkey",
        "time_position": 1783869589,
        "last_contact": 1783869589,
        "baro_altitude": 10668,
        "on_ground": false,
        "velocity": 254.93,
        "true_track": 117.13,
        "vertical_rate": 0,
        "geo_altitude": 11132.82,
        "squawk": "3045",
        "spi": false,
        "position_source": 0
      }
    },
    {
      "type": "Feature",
      "geometry": {
        "type": "Point",
        "coordinates": [
          7.4014,
          47.4192
        ]
      },
      "properties": {
        "icao24": "471efb",
        "callsign": "WZZ337",
        "origin_country": "Hungary",
        "time_position": 1783869590,
        "last_contact": 1783869590,
        "baro_altitude": 10363.2,
        "on_ground": false,
        "velocity": 208.74,
        "true_track": 289.28,
        "vertical_rate": 0,
        "geo_altitude": 10881.36,
        "squawk": "2777",
        "spi": false,
        "position_source": 0
      }
    },
    {
      "type": "Feature",
      "geometry": {
        "type": "Point",
        "coordinates": [
          16.6234,
          43.8835
        ]
      },
      "properties": {
        "icao24": "471efc",
        "callsign": "WMT959",
        "origin_country": "Hungary",
        "time_position": 1783869588,
        "last_contact": 1783869589,
        "baro_altitude": 10363.2,
        "on_ground": false,
        "velocity": 214.94,
        "true_track": 305.06,
        "vertical_rate": 0,
        "geo_altitude": 10850.88,
        "squawk": "6012",
        "spi": false,
        "position_source": 0
      }
    },
    {
      "type": "Feature",
      "geometry": {
        "type": "Point",
        "coordinates": [
          14.4417,
          40.7464
        ]
      },
      "properties": {
        "icao24": "471efd",
        "callsign": null,
        "origin_country": "Hungary",
        "time_position": 1783869565,
        "last_contact": 1783869579,
        "baro_altitude": 3116.58,
        "on_ground": false,
        "velocity": 154.61,
        "true_track": 26.91,
        "vertical_rate": 7.15,
        "geo_altitude": 3345.18,
        "squawk": null,
        "spi": false,
        "position_source": 0
      }
    },
    {
      "type": "Feature",
      "geometry": {
        "type": "Point",
        "coordinates": [
          17.1874,
          41.0855
        ]
      },
      "properties": {
        "icao24": "4bc8cc",
        "callsign": "PGT52DE",
        "origin_country": "Turkey",
        "time_position": 1783869590,
        "last_contact": 1783869590,
        "baro_altitude": 10668,
        "on_ground": false,
        "velocity": 250.56,
        "true_track": 90.82,
        "vertical_rate": -0.33,
        "geo_altitude": 11224.26,
        "squawk": "1453",
        "spi": false,
        "position_source": 0
      }
    },
    {
      "type": "Feature",
      "geometry": {
        "type": "Point",
        "coordinates": [
          9.0171,
          45.3684
        ]
      },
      "properties": {
        "icao24": "50041c",
        "callsign": "T7505",
        "origin_country": "San Marino",
        "time_position": 1783869589,
        "last_contact": 1783869589,
        "baro_altitude": 434.34,
        "on_ground": false,
        "velocity": 59.63,
        "true_track": 190.44,
        "vertical_rate": -0.33,
        "geo_altitude": 495.3,
        "squawk": null,
        "spi": false,
        "position_source": 0
      }
    },
    {
      "type": "Feature",
      "geometry": {
        "type": "Point",
        "coordinates": [
          6.9092,
          46.3112
        ]
      },
      "properties": {
        "icao24": "3c5ee3",
        "callsign": "EWG6DM",
        "origin_country": "Germany",
        "time_position": 1783869590,
        "last_contact": 1783869590,
        "baro_altitude": 11582.4,
        "on_ground": false,
        "velocity": 217.52,
        "true_track": 330.22,
        "vertical_rate": -0.33,
        "geo_altitude": 12146.28,
        "squawk": "1000",
        "spi": false,
        "position_source": 0
      }
    },
    {
      "type": "Feature",
      "geometry": {
        "type": "Point",
        "coordinates": [
          15.36,
          44.1221
        ]
      },
      "properties": {
        "icao24": "46b82a",
        "callsign": "AEE6TH",
        "origin_country": "Greece",
        "time_position": 1783869589,
        "last_contact": 1783869590,
        "baro_altitude": 10972.8,
        "on_ground": false,
        "velocity": 215.08,
        "true_track": 313.35,
        "vertical_rate": 0,
        "geo_altitude": 11483.34,
        "squawk": "2031",
        "spi": false,
        "position_source": 0
      }
    },
    {
      "type": "Feature",
      "geometry": {
        "type": "Point",
        "coordinates": [
          18.3649,
          46.8478
        ]
      },
      "properties": {
        "icao24": "46b82b",
        "callsign": "AEE866",
        "origin_country": "Greece",
        "time_position": 1783869590,
        "last_contact": 1783869590,
        "baro_altitude": 10957.56,
        "on_ground": false,
        "velocity": 206.85,
        "true_track": 319.34,
        "vertical_rate": 0,
        "geo_altitude": 11330.94,
        "squawk": "2653",
        "spi": false,
        "position_source": 0
      }
    },
    {
      "type": "Feature",
      "geometry": {
        "type": "Point",
        "coordinates": [
          18.4386,
          40.3101
        ]
      },
      "properties": {
        "icao24": "46b82f",
        "callsign": "AEE65R",
        "origin_country": "Greece",
        "time_position": 1783869589,
        "last_contact": 1783869589,
        "baro_altitude": 10965.18,
        "on_ground": false,
        "velocity": 223.39,
        "true_track": 301.05,
        "vertical_rate": 1.3,
        "geo_altitude": 11521.44,
        "squawk": "5522",
        "spi": false,
        "position_source": 0
      }
    },
    {
      "type": "Feature",
      "geometry": {
        "type": "Point",
        "coordinates": [
          6.94,
          44.146
        ]
      },
      "properties": {
        "icao24": "440219",
        "callsign": "EJU394K",
        "origin_country": "Austria",
        "time_position": 1783869590,
        "last_contact": 1783869590,
        "baro_altitude": 6377.94,
        "on_ground": false,
        "velocity": 199.57,
        "true_track": 349.15,
        "vertical_rate": 9.43,
        "geo_altitude": 6812.28,
        "squawk": "1000",
        "spi": false,
        "position_source": 0
      }
    },
    {
      "type": "Feature",
      "geometry": {
        "type": "Point",
        "coordinates": [
          17.5835,
          45.7799
        ]
      },
      "properties": {
        "icao24": "46b836",
        "callsign": "AEE510",
        "origin_country": "Greece",
        "time_position": 1783869590,
        "last_contact": 1783869590,
        "baro_altitude": 10363.2,
        "on_ground": false,
        "velocity": 196.62,
        "true_track": 303.15,
        "vertical_rate": -0.33,
        "geo_altitude": 10774.68,
        "squawk": "7217",
        "spi": false,
        "position_source": 0
      }
    },
    {
      "type": "Feature",
      "geometry": {
        "type": "Point",
        "coordinates": [
          13.2084,
          38.2442
        ]
      },
      "properties": {
        "icao24": "44020c",
        "callsign": "EJU54KW",
        "origin_country": "Austria",
        "time_position": 1783869586,
        "last_contact": 1783869589,
        "baro_altitude": 960.12,
        "on_ground": false,
        "velocity": 143.02,
        "true_track": 0.41,
        "vertical_rate": 13.66,
        "geo_altitude": 1066.8,
        "squawk": null,
        "spi": false,
        "position_source": 0
      }
    },
    {
      "type": "Feature",
      "geometry": {
        "type": "Point",
        "coordinates": [
          14.8721,
          46.0135
        ]
      },
      "properties": {
        "icao24": "46b837",
        "callsign": "AEE832",
        "origin_country": "Greece",
        "time_position": 1783869589,
        "last_contact": 1783869589,
        "baro_altitude": 10980.42,
        "on_ground": false,
        "velocity": 214.61,
        "true_track": 331.04,
        "vertical_rate": 0.33,
        "geo_altitude": 11460.48,
        "squawk": "7736",
        "spi": false,
        "position_source": 0
      }
    },
    {
      "type": "Feature",
      "geometry": {
        "type": "Point",
        "coordinates": [
          7.7601,
          46.0362
        ]
      },
      "properties": {
        "icao24": "3d10fc",
        "callsign": "DEERK",
        "origin_country": "Germany",
        "time_position": 1783869553,
        "last_contact": 1783869583,
        "baro_altitude": 3810,
        "on_ground": false,
        "velocity": 73.06,
        "true_track": 359.19,
        "vertical_rate": -0.65,
        "geo_altitude": 4069.08,
        "squawk": null,
        "spi": false,
        "position_source": 0
      }
    },
    {
      "type": "Feature",
      "geometry": {
        "type": "Point",
        "coordinates": [
          8.2092,
          43.0339
        ]
      },
      "properties": {
        "icao24": "46b822",
        "callsign": "AEE691",
        "origin_country": "Greece",
        "time_position": 1783869590,
        "last_contact": 1783869590,
        "baro_altitude": 6835.14,
        "on_ground": false,
        "velocity": 217.89,
        "true_track": 115.9,
        "vertical_rate": 7.15,
        "geo_altitude": 7284.72,
        "squawk": "5675",
        "spi": false,
        "position_source": 0
      }
    },
    {
      "type": "Feature",
      "geometry": {
        "type": "Point",
        "coordinates": [
          16.147,
          46.5602
        ]
      },
      "properties": {
        "icao24": "44022d",
        "callsign": "AUA884",
        "origin_country": "Austria",
        "time_position": 1783869589,
        "last_contact": 1783869589,
        "baro_altitude": 9144,
        "on_ground": false,
        "velocity": 216.48,
        "true_track": 354.68,
        "vertical_rate": 0,
        "geo_altitude": 9563.1,
        "squawk": "1000",
        "spi": false,
        "position_source": 0
      }
    },
    {
      "type": "Feature",
      "geometry": {
        "type": "Point",
        "coordinates": [
          9.3741,
          43.4303
        ]
      },
      "properties": {
        "icao24": "393323",
        "callsign": "AFR37SH",
        "origin_country": "France",
        "time_position": 1783869590,
        "last_contact": 1783869590,
        "baro_altitude": 10066.02,
        "on_ground": false,
        "velocity": 257.02,
        "true_track": 132.73,
        "vertical_rate": -2.28,
        "geo_altitude": 10599.42,
        "squawk": "1000",
        "spi": false,
        "position_source": 0
      }
    },
    {
      "type": "Feature",
      "geometry": {
        "type": "Point",
        "coordinates": [
          15.4966,
          45.971
        ]
      },
      "properties": {
        "icao24": "471f9e",
        "callsign": "WMT1489",
        "origin_country": "Hungary",
        "time_position": 1783869589,
        "last_contact": 1783869589,
        "baro_altitude": 10378.44,
        "on_ground": false,
        "velocity": 218.38,
        "true_track": 254.98,
        "vertical_rate": 0,
        "geo_altitude": 10843.26,
        "squawk": "7345",
        "spi": false,
        "position_source": 0
      }
    },
    {
      "type": "Feature",
      "geometry": {
        "type": "Point",
        "coordinates": [
          8.5694,
          39.6786
        ]
      },
      "properties": {
        "icao24": "34444b",
        "callsign": "IBE08SV",
        "origin_country": "Spain",
        "time_position": 1783869589,
        "last_contact": 1783869590,
        "baro_altitude": 10660.38,
        "on_ground": false,
        "velocity": 211.2,
        "true_track": 272.93,
        "vertical_rate": 0.33,
        "geo_altitude": 11308.08,
        "squawk": "2074",
        "spi": false,
        "position_source": 0
      }
    },
    {
      "type": "Feature",
      "geometry": {
        "type": "Point",
        "coordinates": [
          16.6878,
          47.0099
        ]
      },
      "properties": {
        "icao24": "505ea3",
        "callsign": "OMLUC",
        "origin_country": "Slovakia",
        "time_position": 1783869590,
        "last_contact": 1783869590,
        "baro_altitude": 2415.54,
        "on_ground": false,
        "velocity": 65.41,
        "true_track": 29.19,
        "vertical_rate": 0,
        "geo_altitude": 2552.7,
        "squawk": "4207",
        "spi": false,
        "position_source": 0
      }
    },
    {
      "type": "Feature",
      "geometry": {
        "type": "Point",
        "coordinates": [
          11.8896,
          45.9274
        ]
      },
      "properties": {
        "icao24": "471f7a",
        "callsign": "WMT3XC",
        "origin_country": "Hungary",
        "time_position": 1783869590,
        "last_contact": 1783869590,
        "baro_altitude": 10668,
        "on_ground": false,
        "velocity": 259.53,
        "true_track": 130.26,
        "vertical_rate": 0,
        "geo_altitude": 11163.3,
        "squawk": "0234",
        "spi": false,
        "position_source": 0
      }
    },
    {
      "type": "Feature",
      "geometry": {
        "type": "Point",
        "coordinates": [
          6.1267,
          46.6538
        ]
      },
      "properties": {
        "icao24": "4400c8",
        "callsign": "EJU56TQ",
        "origin_country": "Austria",
        "time_position": 1783869590,
        "last_contact": 1783869590,
        "baro_altitude": 11590.02,
        "on_ground": false,
        "velocity": 210.6,
        "true_track": 300.7,
        "vertical_rate": 0,
        "geo_altitude": 12153.9,
        "squawk": "1000",
        "spi": false,
        "position_source": 0
      }
    },
    {
      "type": "Feature",
      "geometry": {
        "type": "Point",
        "coordinates": [
          13.1226,
          47.4111
        ]
      },
      "properties": {
        "icao24": "471f5c",
        "callsign": "WMT1VF",
        "origin_country": "Hungary",
        "time_position": 1783869590,
        "last_contact": 1783869590,
        "baro_altitude": 9395.46,
        "on_ground": false,
        "velocity": 213.64,
        "true_track": 279.98,
        "vertical_rate": -5.53,
        "geo_altitude": 9867.9,
        "squawk": "1000",
        "spi": false,
        "position_source": 0
      }
    },
    {
      "type": "Feature",
      "geometry": {
        "type": "Point",
        "coordinates": [
          10.522,
          44.4462
        ]
      },
      "properties": {
        "icao24": "34440b",
        "callsign": "VLG8761",
        "origin_country": "Spain",
        "time_position": 1783869590,
        "last_contact": 1783869590,
        "baro_altitude": 10668,
        "on_ground": false,
        "velocity": 210.46,
        "true_track": 265.79,
        "vertical_rate": 0.33,
        "geo_altitude": 11231.88,
        "squawk": "1000",
        "spi": false,
        "position_source": 0
      }
    },
    {
      "type": "Feature",
      "geometry": {
        "type": "Point",
        "coordinates": [
          17.0981,
          44.6971
        ]
      },
      "properties": {
        "icao24": "471f35",
        "callsign": "WMT589",
        "origin_country": "Hungary",
        "time_position": 1783869589,
        "last_contact": 1783869589,
        "baro_altitude": 10675.62,
        "on_ground": false,
        "velocity": 257.46,
        "true_track": 139.05,
        "vertical_rate": -0.33,
        "geo_altitude": 11155.68,
        "squawk": "7702",
        "spi": false,
        "position_source": 0
      }
    },
    {
      "type": "Feature",
      "geometry": {
        "type": "Point",
        "coordinates": [
          13.2713,
          47.4925
        ]
      },
      "properties": {
        "icao24": "5003bc",
        "callsign": "BCP182",
        "origin_country": "San Marino",
        "time_position": 1783869590,
        "last_contact": 1783869590,
        "baro_altitude": 12496.8,
        "on_ground": false,
        "velocity": 289.4,
        "true_track": 128.21,
        "vertical_rate": -0.33,
        "geo_altitude": 13014.96,
        "squawk": "2247",
        "spi": false,
        "position_source": 0
      }
    },
    {
      "type": "Feature",
      "geometry": {
        "type": "Point",
        "coordinates": [
          9.6617,
          45.6709
        ]
      },
      "properties": {
        "icao24": "471f02",
        "callsign": "WMT5018",
        "origin_country": "Hungary",
        "time_position": 1783869589,
        "last_contact": 1783869590,
        "baro_altitude": 708.66,
        "on_ground": false,
        "velocity": 82.95,
        "true_track": 246.61,
        "vertical_rate": 9.75,
        "geo_altitude": 807.72,
        "squawk": "0453",
        "spi": false,
        "position_source": 0
      }
    },
    {
      "type": "Feature",
      "geometry": {
        "type": "Point",
        "coordinates": [
          18.4457,
          41.2074
        ]
      },
      "properties": {
        "icao24": "471f06",
        "callsign": "WMT675",
        "origin_country": "Hungary",
        "time_position": 1783869587,
        "last_contact": 1783869590,
        "baro_altitude": 7520.94,
        "on_ground": false,
        "velocity": 233.57,
        "true_track": 283.76,
        "vertical_rate": 4.55,
        "geo_altitude": 7940.04,
        "squawk": null,
        "spi": false,
        "position_source": 0
      }
    },
    {
      "type": "Feature",
      "geometry": {
        "type": "Point",
        "coordinates": [
          13.7186,
          44.6862
        ]
      },
      "properties": {
        "icao24": "5003f9",
        "callsign": "T7CMG",
        "origin_country": "San Marino",
        "time_position": 1783869589,
        "last_contact": 1783869589,
        "baro_altitude": 8275.32,
        "on_ground": false,
        "velocity": 135.84,
        "true_track": 34.35,
        "vertical_rate": 5.53,
        "geo_altitude": 8724.9,
        "squawk": "1000",
        "spi": false,
        "position_source": 0
      }
    },
    {
      "type": "Feature",
      "geometry": {
        "type": "Point",
        "coordinates": [
          9.1039,
          44.7388
        ]
      },
      "properties": {
        "icao24": "3d7e93",
        "callsign": "DFUEL",
        "origin_country": "Germany",
        "time_position": 1783869589,
        "last_contact": 1783869589,
        "baro_altitude": 7315.2,
        "on_ground": false,
        "velocity": 133.65,
        "true_track": 42.35,
        "vertical_rate": 0,
        "geo_altitude": 7757.16,
        "squawk": "0462",
        "spi": false,
        "position_source": 0
      }
    },
    {
      "type": "Feature",
      "geometry": {
        "type": "Point",
        "coordinates": [
          12.4547,
          45.9736
        ]
      },
      "properties": {
        "icao24": "407b54",
        "callsign": "WUK8SV",
        "origin_country": "United Kingdom",
        "time_position": 1783869590,
        "last_contact": 1783869590,
        "baro_altitude": 10668,
        "on_ground": false,
        "velocity": 243.82,
        "true_track": 131.49,
        "vertical_rate": 0,
        "geo_altitude": 11178.54,
        "squawk": "3442",
        "spi": false,
        "position_source": 0
      }
    },
    {
      "type": "Feature",
      "geometry": {
        "type": "Point",
        "coordinates": [
          8.5545,
          45.6833
        ]
      },
      "properties": {
        "icao24": "4cc278",
        "callsign": "ICE63L",
        "origin_country": "Iceland",
        "time_position": 1783869590,
        "last_contact": 1783869590,
        "baro_altitude": 10972.8,
        "on_ground": false,
        "velocity": 212.24,
        "true_track": 317.26,
        "vertical_rate": 0,
        "geo_altitude": 11513.82,
        "squawk": "1216",
        "spi": false,
        "position_source": 0
      }
    },
    {
      "type": "Feature",
      "geometry": {
        "type": "Point",
        "coordinates": [
          16.6369,
          46.756
        ]
      },
      "properties": {
        "icao24": "505cec",
        "callsign": "OMADD",
        "origin_country": "Slovakia",
        "time_position": 1783869590,
        "last_contact": 1783869590,
        "baro_altitude": 1508.76,
        "on_ground": false,
        "velocity": 57.11,
        "true_track": 352.23,
        "vertical_rate": 0.33,
        "geo_altitude": 1638.3,
        "squawk": "3656",
        "spi": false,
        "position_source": 0
      }
    },
    {
      "type": "Feature",
      "geometry": {
        "type": "Point",
        "coordinates": [
          10.0459,
          43.1998
        ]
      },
      "properties": {
        "icao24": "490689",
        "callsign": "GDM403",
        "origin_country": "Portugal",
        "time_position": 1783869589,
        "last_contact": 1783869589,
        "baro_altitude": 3649.98,
        "on_ground": false,
        "velocity": 85.25,
        "true_track": 330.34,
        "vertical_rate": 0.65,
        "geo_altitude": 3916.68,
        "squawk": null,
        "spi": false,
        "position_source": 0
      }
    },
    {
      "type": "Feature",
      "geometry": {
        "type": "Point",
        "coordinates": [
          6.696,
          45.0531
        ]
      },
      "properties": {
        "icao24": "3c4b45",
        "callsign": "EWG09NC",
        "origin_country": "Germany",
        "time_position": 1783869590,
        "last_contact": 1783869590,
        "baro_altitude": 10972.8,
        "on_ground": false,
        "velocity": 222.12,
        "true_track": 8.52,
        "vertical_rate": 0,
        "geo_altitude": 11559.54,
        "squawk": "5554",
        "spi": false,
        "position_source": 0
      }
    },
    {
      "type": "Feature",
      "geometry": {
        "type": "Point",
        "coordinates": [
          18.1299,
          42.2583
        ]
      },
      "properties": {
        "icao24": "440380",
        "callsign": "OEDVI",
        "origin_country": "Austria",
        "time_position": 1783869590,
        "last_contact": 1783869590,
        "baro_altitude": 2880.36,
        "on_ground": false,
        "velocity": 72.46,
        "true_track": 137.59,
        "vertical_rate": 0,
        "geo_altitude": 3063.24,
        "squawk": null,
        "spi": false,
        "position_source": 0
      }
    },
    {
      "type": "Feature",
      "geometry": {
        "type": "Point",
        "coordinates": [
          9.9074,
          45.8519
        ]
      },
      "properties": {
        "icao24": "4aca05",
        "callsign": "NSZ3750",
        "origin_country": "Sweden",
        "time_position": 1783869590,
        "last_contact": 1783869590,
        "baro_altitude": 4610.1,
        "on_ground": false,
        "velocity": 171.42,
        "true_track": 217.32,
        "vertical_rate": -7.15,
        "geo_altitude": 4922.52,
        "squawk": "1113",
        "spi": false,
        "position_source": 0
      }
    },
    {
      "type": "Feature",
      "geometry": {
        "type": "Point",
        "coordinates": [
          6.2071,
          47.5964
        ]
      },
      "properties": {
        "icao24": "4aca09",
        "callsign": "NSZ5330",
        "origin_country": "Sweden",
        "time_position": 1783869589,
        "last_contact": 1783869589,
        "baro_altitude": 10972.8,
        "on_ground": false,
        "velocity": 237.29,
        "true_track": 15.72,
        "vertical_rate": 0,
        "geo_altitude": 11506.2,
        "squawk": "5331",
        "spi": false,
        "position_source": 0
      }
    },
    {
      "type": "Feature",
      "geometry": {
        "type": "Point",
        "coordinates": [
          12.1796,
          42.9916
        ]
      },
      "properties": {
        "icao24": "440389",
        "callsign": "EJU81UK",
        "origin_country": "Austria",
        "time_position": 1783869589,
        "last_contact": 1783869589,
        "baro_altitude": 10980.42,
        "on_ground": false,
        "velocity": 212.83,
        "true_track": 320.89,
        "vertical_rate": 0,
        "geo_altitude": 11536.68,
        "squawk": "2010",
        "spi": false,
        "position_source": 0
      }
    },
    {
      "type": "Feature",
      "geometry": {
        "type": "Point",
        "coordinates": [
          12.1306,
          47.5541
        ]
      },
      "properties": {
        "icao24": "440385",
        "callsign": "OECWI",
        "origin_country": "Austria",
        "time_position": 1783869590,
        "last_contact": 1783869590,
        "baro_altitude": 624.84,
        "on_ground": false,
        "velocity": 51.51,
        "true_track": 230.27,
        "vertical_rate": -2.6,
        "geo_altitude": 739.14,
        "squawk": null,
        "spi": false,
        "position_source": 0
      }
    },
    {
      "type": "Feature",
      "geometry": {
        "type": "Point",
        "coordinates": [
          6.8813,
          46.0964
        ]
      },
      "properties": {
        "icao24": "4b51bf",
        "callsign": "HB3352",
        "origin_country": "Switzerland",
        "time_position": 1783869590,
        "last_contact": 1783869590,
        "baro_altitude": 3200.4,
        "on_ground": false,
        "velocity": 35.66,
        "true_track": 333.43,
        "vertical_rate": -0.33,
        "geo_altitude": null,
        "squawk": null,
        "spi": false,
        "position_source": 0
      }
    },
    {
      "type": "Feature",
      "geometry": {
        "type": "Point",
        "coordinates": [
          17.2085,
          47.1003
        ]
      },
      "properties": {
        "icao24": "471fa7",
        "callsign": "WZZ306",
        "origin_country": "Hungary",
        "time_position": 1783869590,
        "last_contact": 1783869590,
        "baro_altitude": 8915.4,
        "on_ground": false,
        "velocity": 229.48,
        "true_track": 84.47,
        "vertical_rate": -9.75,
        "geo_altitude": 9273.54,
        "squawk": "1000",
        "spi": false,
        "position_source": 0
      }
    },
    {
      "type": "Feature",
      "geometry": {
        "type": "Point",
        "coordinates": [
          8.2847,
          40.6193
        ]
      },
      "properties": {
        "icao24": "471fad",
        "callsign": "WZZ30SL",
        "origin_country": "Hungary",
        "time_position": 1783869479,
        "last_contact": 1783869554,
        "baro_altitude": null,
        "on_ground": true,
        "velocity": 0,
        "true_track": 267.19,
        "vertical_rate": null,
        "geo_altitude": null,
        "squawk": null,
        "spi": false,
        "position_source": 0
      }
    },
    {
      "type": "Feature",
      "geometry": {
        "type": "Point",
        "coordinates": [
          14.3167,
          41.2869
        ]
      },
      "properties": {
        "icao24": "471faa",
        "callsign": "WZZ344",
        "origin_country": "Hungary",
        "time_position": 1783869590,
        "last_contact": 1783869590,
        "baro_altitude": 9067.8,
        "on_ground": false,
        "velocity": 215.36,
        "true_track": 273.15,
        "vertical_rate": -5.53,
        "geo_altitude": 9601.2,
        "squawk": null,
        "spi": false,
        "position_source": 0
      }
    },
    {
      "type": "Feature",
      "geometry": {
        "type": "Point",
        "coordinates": [
          7.1621,
          46.7011
        ]
      },
      "properties": {
        "icao24": "4b51df",
        "callsign": "HB3384",
        "origin_country": "Switzerland",
        "time_position": 1783869588,
        "last_contact": 1783869588,
        "baro_altitude": 1844.04,
        "on_ground": false,
        "velocity": 36.38,
        "true_track": 331.26,
        "vertical_rate": -0.33,
        "geo_altitude": 2019.3,
        "squawk": "7000",
        "spi": false,
        "position_source": 0
      }
    },
    {
      "type": "Feature",
      "geometry": {
        "type": "Point",
        "coordinates": [
          8.7175,
          45.6463
        ]
      },
      "properties": {
        "icao24": "44033e",
        "callsign": "EJU391Z",
        "origin_country": "Austria",
        "time_position": 1783869589,
        "last_contact": 1783869589,
        "baro_altitude": 472.44,
        "on_ground": false,
        "velocity": 86.55,
        "true_track": 340.92,
        "vertical_rate": 12.68,
        "geo_altitude": 518.16,
        "squawk": null,
        "spi": false,
        "position_source": 0
      }
    },
    {
      "type": "Feature",
      "geometry": {
        "type": "Point",
        "coordinates": [
          7.6032,
          47.4832
        ]
      },
      "properties": {
        "icao24": "4bc84a",
        "callsign": "PGT389G",
        "origin_country": "Turkey",
        "time_position": 1783869590,
        "last_contact": 1783869590,
        "baro_altitude": 1051.56,
        "on_ground": false,
        "velocity": 92.27,
        "true_track": 334.58,
        "vertical_rate": -5.53,
        "geo_altitude": 1196.34,
        "squawk": "3223",
        "spi": false,
        "position_source": 0
      }
    },
    {
      "type": "Feature",
      "geometry": {
        "type": "Point",
        "coordinates": [
          6.7847,
          46.2859
        ]
      },
      "properties": {
        "icao24": "4b5206",
        "callsign": "HB3423",
        "origin_country": "Switzerland",
        "time_position": 1783869588,
        "last_contact": 1783869589,
        "baro_altitude": 2926.08,
        "on_ground": false,
        "velocity": 43.26,
        "true_track": 357.27,
        "vertical_rate": -0.33,
        "geo_altitude": null,
        "squawk": null,
        "spi": false,
        "position_source": 0
      }
    },
    {
      "type": "Feature",
      "geometry": {
        "type": "Point",
        "coordinates": [
          8.3046,
          47.2621
        ]
      },
      "properties": {
        "icao24": "4b522e",
        "callsign": "HB3463",
        "origin_country": "Switzerland",
        "time_position": 1783869587,
        "last_contact": 1783869587,
        "baro_altitude": 662.94,
        "on_ground": false,
        "velocity": 4.37,
        "true_track": 135,
        "vertical_rate": -0.33,
        "geo_altitude": 777.24,
        "squawk": "7000",
        "spi": false,
        "position_source": 0
      }
    },
    {
      "type": "Feature",
      "geometry": {
        "type": "Point",
        "coordinates": [
          12.1036,
          47.621
        ]
      },
      "properties": {
        "icao24": "3e69d3",
        "callsign": "DKFGT",
        "origin_country": "Germany",
        "time_position": 1783869589,
        "last_contact": 1783869589,
        "baro_altitude": 2499.36,
        "on_ground": false,
        "velocity": 56.98,
        "true_track": 140.13,
        "vertical_rate": -0.33,
        "geo_altitude": 2682.24,
        "squawk": "7000",
        "spi": false,
        "position_source": 0
      }
    },
    {
      "type": "Feature",
      "geometry": {
        "type": "Point",
        "coordinates": [
          8.454,
          46.8228
        ]
      },
      "properties": {
        "icao24": "4b5224",
        "callsign": "HB3453",
        "origin_country": "Switzerland",
        "time_position": 1783869589,
        "last_contact": 1783869589,
        "baro_altitude": 2674.62,
        "on_ground": false,
        "velocity": 28.08,
        "true_track": 241.56,
        "vertical_rate": -0.33,
        "geo_altitude": 2895.6,
        "squawk": "7000",
        "spi": false,
        "position_source": 0
      }
    },
    {
      "type": "Feature",
      "geometry": {
        "type": "Point",
        "coordinates": [
          16.8198,
          44.0839
        ]
      },
      "properties": {
        "icao24": "4521bc",
        "callsign": "EGT356",
        "origin_country": "Bulgaria",
        "time_position": 1783869586,
        "last_contact": 1783869589,
        "baro_altitude": 13716,
        "on_ground": false,
        "velocity": 244.79,
        "true_track": 102.25,
        "vertical_rate": 0,
        "geo_altitude": 14325.6,
        "squawk": "2205",
        "spi": false,
        "position_source": 0
      }
    },
    {
      "type": "Feature",
      "geometry": {
        "type": "Point",
        "coordinates": [
          6.6387,
          45.0978
        ]
      },
      "properties": {
        "icao24": "505e39",
        "callsign": "OM1010",
        "origin_country": "Slovakia",
        "time_position": 1783869589,
        "last_contact": 1783869589,
        "baro_altitude": 3779.52,
        "on_ground": false,
        "velocity": 33.45,
        "true_track": 1.76,
        "vertical_rate": -0.33,
        "geo_altitude": 4061.46,
        "squawk": null,
        "spi": false,
        "position_source": 0
      }
    },
    {
      "type": "Feature",
      "geometry": {
        "type": "Point",
        "coordinates": [
          17.2247,
          46.9505
        ]
      },
      "properties": {
        "icao24": "4bc899",
        "callsign": "PGT60MV",
        "origin_country": "Turkey",
        "time_position": 1783869590,
        "last_contact": 1783869590,
        "baro_altitude": 10347.96,
        "on_ground": false,
        "velocity": 199.13,
        "true_track": 288.06,
        "vertical_rate": 0,
        "geo_altitude": 10744.2,
        "squawk": "2657",
        "spi": false,
        "position_source": 0
      }
    },
    {
      "type": "Feature",
      "geometry": {
        "type": "Point",
        "coordinates": [
          17.4944,
          44.6488
        ]
      },
      "properties": {
        "icao24": "4bb565",
        "callsign": "CAI26FD",
        "origin_country": "Turkey",
        "time_position": 1783869589,
        "last_contact": 1783869590,
        "baro_altitude": 11277.6,
        "on_ground": false,
        "velocity": 248.74,
        "true_track": 124.81,
        "vertical_rate": 0,
        "geo_altitude": 11765.28,
        "squawk": "4713",
        "spi": false,
        "position_source": 0
      }
    },
    {
      "type": "Feature",
      "geometry": {
        "type": "Point",
        "coordinates": [
          14.241,
          46.1254
        ]
      },
      "properties": {
        "icao24": "500242",
        "callsign": "T7688",
        "origin_country": "San Marino",
        "time_position": 1783869590,
        "last_contact": 1783869590,
        "baro_altitude": 14325.6,
        "on_ground": false,
        "velocity": 248.84,
        "true_track": 280.24,
        "vertical_rate": 0,
        "geo_altitude": 14897.1,
        "squawk": "3215",
        "spi": false,
        "position_source": 0
      }
    },
    {
      "type": "Feature",
      "geometry": {
        "type": "Point",
        "coordinates": [
          9.4537,
          47.5683
        ]
      },
      "properties": {
        "icao24": "500245",
        "callsign": "T7BBB",
        "origin_country": "San Marino",
        "time_position": 1783869590,
        "last_contact": 1783869590,
        "baro_altitude": 10363.2,
        "on_ground": false,
        "velocity": 147.43,
        "true_track": 342.96,
        "vertical_rate": 0.33,
        "geo_altitude": 10835.64,
        "squawk": "2744",
        "spi": false,
        "position_source": 0
      }
    },
    {
      "type": "Feature",
      "geometry": {
        "type": "Point",
        "coordinates": [
          12.626,
          45.7649
        ]
      },
      "properties": {
        "icao24": "4068f6",
        "callsign": "EXS77J",
        "origin_country": "United Kingdom",
        "time_position": 1783869590,
        "last_contact": 1783869590,
        "baro_altitude": 11277.6,
        "on_ground": false,
        "velocity": 246.66,
        "true_track": 135.85,
        "vertical_rate": 0,
        "geo_altitude": 11788.14,
        "squawk": "3463",
        "spi": false,
        "position_source": 0
      }
    },
    {
      "type": "Feature",
      "geometry": {
        "type": "Point",
        "coordinates": [
          18.2188,
          43.1237
        ]
      },
      "properties": {
        "icao24": "738072",
        "callsign": "ELY324",
        "origin_country": "Israel",
        "time_position": 1783869582,
        "last_contact": 1783869582,
        "baro_altitude": 11277.6,
        "on_ground": false,
        "velocity": 263.91,
        "true_track": 125.24,
        "vertical_rate": 0,
        "geo_altitude": 11788.14,
        "squawk": "0274",
        "spi": false,
        "position_source": 0
      }
    },
    {
      "type": "Feature",
      "geometry": {
        "type": "Point",
        "coordinates": [
          15.2778,
          47.1423
        ]
      },
      "properties": {
        "icao24": "44004c",
        "callsign": "OEKMA",
        "origin_country": "Austria",
        "time_position": 1783869590,
        "last_contact": 1783869590,
        "baro_altitude": 1181.1,
        "on_ground": false,
        "velocity": 72.36,
        "true_track": 150.15,
        "vertical_rate": 0,
        "geo_altitude": 1303.02,
        "squawk": "7000",
        "spi": false,
        "position_source": 0
      }
    },
    {
      "type": "Feature",
      "geometry": {
        "type": "Point",
        "coordinates": [
          12.53,
          41.8478
        ]
      },
      "properties": {
        "icao24": "702086",
        "callsign": "BBC355",
        "origin_country": "Bangladesh",
        "time_position": 1783869590,
        "last_contact": 1783869590,
        "baro_altitude": 3131.82,
        "on_ground": false,
        "velocity": 137.51,
        "true_track": 314.7,
        "vertical_rate": -6.18,
        "geo_altitude": 3368.04,
        "squawk": "4707",
        "spi": false,
        "position_source": 0
      }
    },
    {
      "type": "Feature",
      "geometry": {
        "type": "Point",
        "coordinates": [
          15.126,
          42.1009
        ]
      },
      "properties": {
        "icao24": "738057",
        "callsign": "ELY281",
        "origin_country": "Israel",
        "time_position": 1783869590,
        "last_contact": 1783869590,
        "baro_altitude": 10972.8,
        "on_ground": false,
        "velocity": 214.44,
        "true_track": 295.89,
        "vertical_rate": 0.33,
        "geo_altitude": 11506.2,
        "squawk": "4141",
        "spi": false,
        "position_source": 0
      }
    },
    {
      "type": "Feature",
      "geometry": {
        "type": "Point",
        "coordinates": [
          14.4852,
          35.8542
        ]
      },
      "properties": {
        "icao24": "452023",
        "callsign": null,
        "origin_country": "Bulgaria",
        "time_position": 1783869561,
        "last_contact": 1783869561,
        "baro_altitude": null,
        "on_ground": true,
        "velocity": 0.06,
        "true_track": 2.81,
        "vertical_rate": null,
        "geo_altitude": null,
        "squawk": null,
        "spi": false,
        "position_source": 0
      }
    },
    {
      "type": "Feature",
      "geometry": {
        "type": "Point",
        "coordinates": [
          16.7783,
          46.208
        ]
      },
      "properties": {
        "icao24": "44006e",
        "callsign": "AUA621",
        "origin_country": "Austria",
        "time_position": 1783869590,
        "last_contact": 1783869590,
        "baro_altitude": 10050.78,
        "on_ground": false,
        "velocity": 265.75,
        "true_track": 168.39,
        "vertical_rate": 1.3,
        "geo_altitude": 10485.12,
        "squawk": "5156",
        "spi": false,
        "position_source": 0
      }
    },
    {
      "type": "Feature",
      "geometry": {
        "type": "Point",
        "coordinates": [
          14.6963,
          46.9456
        ]
      },
      "properties": {
        "icao24": "44006c",
        "callsign": "AUA426",
        "origin_country": "Austria",
        "time_position": 1783869590,
        "last_contact": 1783869590,
        "baro_altitude": 9304.02,
        "on_ground": false,
        "velocity": 241.86,
        "true_track": 64.69,
        "vertical_rate": -5.2,
        "geo_altitude": 9768.84,
        "squawk": "1000",
        "spi": false,
        "position_source": 0
      }
    },
    {
      "type": "Feature",
      "geometry": {
        "type": "Point",
        "coordinates": [
          8.5544,
          47.455
        ]
      },
      "properties": {
        "icao24": "3453c1",
        "callsign": "AEA53PY",
        "origin_country": "Spain",
        "time_position": 1783869590,
        "last_contact": 1783869590,
        "baro_altitude": null,
        "on_ground": true,
        "velocity": 5.14,
        "true_track": 199.69,
        "vertical_rate": null,
        "geo_altitude": null,
        "squawk": "1000",
        "spi": false,
        "position_source": 0
      }
    },
    {
      "type": "Feature",
      "geometry": {
        "type": "Point",
        "coordinates": [
          7.2034,
          43.6537
        ]
      },
      "properties": {
        "icao24": "440080",
        "callsign": "EJU157D",
        "origin_country": "Austria",
        "time_position": 1783869393,
        "last_contact": 1783869590,
        "baro_altitude": null,
        "on_ground": true,
        "velocity": 6.94,
        "true_track": 219.38,
        "vertical_rate": null,
        "geo_altitude": null,
        "squawk": null,
        "spi": false,
        "position_source": 0
      }
    },
    {
      "type": "Feature",
      "geometry": {
        "type": "Point",
        "coordinates": [
          8.2162,
          44.1267
        ]
      },
      "properties": {
        "icao24": "440072",
        "callsign": "EJU9924",
        "origin_country": "Austria",
        "time_position": 1783869589,
        "last_contact": 1783869590,
        "baro_altitude": 8404.86,
        "on_ground": false,
        "velocity": 200.04,
        "true_track": 33.57,
        "vertical_rate": -5.53,
        "geo_altitude": 8907.78,
        "squawk": "1000",
        "spi": false,
        "position_source": 0
      }
    },
    {
      "type": "Feature",
      "geometry": {
        "type": "Point",
        "coordinates": [
          7.3386,
          42.6027
        ]
      },
      "properties": {
        "icao24": "440018",
        "callsign": "EJU87WM",
        "origin_country": "Austria",
        "time_position": 1783869590,
        "last_contact": 1783869590,
        "baro_altitude": 10668,
        "on_ground": false,
        "velocity": 205.23,
        "true_track": 223.58,
        "vertical_rate": -0.33,
        "geo_altitude": 11277.6,
        "squawk": "1000",
        "spi": false,
        "position_source": 0
      }
    },
    {
      "type": "Feature",
      "geometry": {
        "type": "Point",
        "coordinates": [
          9.5212,
          47.6735
        ]
      },
      "properties": {
        "icao24": "3d3618",
        "callsign": "DESSU",
        "origin_country": "Germany",
        "time_position": 1783869304,
        "last_contact": 1783869304,
        "baro_altitude": null,
        "on_ground": true,
        "velocity": 7.2,
        "true_track": 171.56,
        "vertical_rate": null,
        "geo_altitude": null,
        "squawk": "7000",
        "spi": false,
        "position_source": 0
      }
    },
    {
      "type": "Feature",
      "geometry": {
        "type": "Point",
        "coordinates": [
          7.4111,
          46.8412
        ]
      },
      "properties": {
        "icao24": "4b50e2",
        "callsign": "HB3131",
        "origin_country": "Switzerland",
        "time_position": 1783869590,
        "last_contact": 1783869590,
        "baro_altitude": 1836.42,
        "on_ground": false,
        "velocity": 30,
        "true_track": 329.04,
        "vertical_rate": -0.33,
        "geo_altitude": 2011.68,
        "squawk": "7000",
        "spi": false,
        "position_source": 0
      }
    },
    {
      "type": "Feature",
      "geometry": {
        "type": "Point",
        "coordinates": [
          7.3316,
          43.4277
        ]
      },
      "properties": {
        "icao24": "500214",
        "callsign": "MEA223",
        "origin_country": "San Marino",
        "time_position": 1783869590,
        "last_contact": 1783869590,
        "baro_altitude": 1714.5,
        "on_ground": false,
        "velocity": 128.68,
        "true_track": 271.83,
        "vertical_rate": -7.15,
        "geo_altitude": 1889.76,
        "squawk": "1000",
        "spi": false,
        "position_source": 0
      }
    },
    {
      "type": "Feature",
      "geometry": {
        "type": "Point",
        "coordinates": [
          7.2283,
          43.6718
        ]
      },
      "properties": {
        "icao24": "300a00",
        "callsign": "SNM831",
        "origin_country": "Italy",
        "time_position": 1783869544,
        "last_contact": 1783869545,
        "baro_altitude": null,
        "on_ground": true,
        "velocity": 0,
        "true_track": 0,
        "vertical_rate": 0,
        "geo_altitude": null,
        "squawk": null,
        "spi": false,
        "position_source": 0
      }
    },
    {
      "type": "Feature",
      "geometry": {
        "type": "Point",
        "coordinates": [
          12.0699,
          43.0013
        ]
      },
      "properties": {
        "icao24": "a2cb32",
        "callsign": "UAL177",
        "origin_country": "United States",
        "time_position": 1783869590,
        "last_contact": 1783869590,
        "baro_altitude": 6294.12,
        "on_ground": false,
        "velocity": 222.03,
        "true_track": 167.28,
        "vertical_rate": -11.05,
        "geo_altitude": 6697.98,
        "squawk": "1151",
        "spi": false,
        "position_source": 0
      }
    },
    {
      "type": "Feature",
      "geometry": {
        "type": "Point",
        "coordinates": [
          16.2758,
          46.0365
        ]
      },
      "properties": {
        "icao24": "471d6b",
        "callsign": "WZZ2039",
        "origin_country": "Hungary",
        "time_position": 1783869589,
        "last_contact": 1783869590,
        "baro_altitude": 10668,
        "on_ground": false,
        "velocity": 251.95,
        "true_track": 105.03,
        "vertical_rate": 0,
        "geo_altitude": 11117.58,
        "squawk": "0662",
        "spi": false,
        "position_source": 0
      }
    },
    {
      "type": "Feature",
      "geometry": {
        "type": "Point",
        "coordinates": [
          14.1227,
          44.4802
        ]
      },
      "properties": {
        "icao24": "4891b8",
        "callsign": "ENT6KS",
        "origin_country": "Poland",
        "time_position": 1783869589,
        "last_contact": 1783869590,
        "baro_altitude": 11285.22,
        "on_ground": false,
        "velocity": 256.01,
        "true_track": 130.93,
        "vertical_rate": 0,
        "geo_altitude": 11803.38,
        "squawk": "0272",
        "spi": false,
        "position_source": 0
      }
    },
    {
      "type": "Feature",
      "geometry": {
        "type": "Point",
        "coordinates": [
          16.6165,
          43.9954
        ]
      },
      "properties": {
        "icao24": "471d68",
        "callsign": "WMT74SF",
        "origin_country": "Hungary",
        "time_position": 1783869590,
        "last_contact": 1783869590,
        "baro_altitude": 10965.18,
        "on_ground": false,
        "velocity": 209.13,
        "true_track": 301.93,
        "vertical_rate": 0,
        "geo_altitude": 11460.48,
        "squawk": "6004",
        "spi": false,
        "position_source": 0
      }
    },
    {
      "type": "Feature",
      "geometry": {
        "type": "Point",
        "coordinates": [
          11.5709,
          44.5044
        ]
      },
      "properties": {
        "icao24": "471d61",
        "callsign": "WZZ5XQ",
        "origin_country": "Hungary",
        "time_position": 1783869589,
        "last_contact": 1783869589,
        "baro_altitude": 11574.78,
        "on_ground": false,
        "velocity": 212.74,
        "true_track": 272.91,
        "vertical_rate": -0.33,
        "geo_altitude": 12138.66,
        "squawk": "7364",
        "spi": false,
        "position_source": 0
      }
    },
    {
      "type": "Feature",
      "geometry": {
        "type": "Point",
        "coordinates": [
          13.0342,
          47.4734
        ]
      },
      "properties": {
        "icao24": "471d5a",
        "callsign": "WZZ63",
        "origin_country": "Hungary",
        "time_position": 1783869590,
        "last_contact": 1783869590,
        "baro_altitude": 10370.82,
        "on_ground": false,
        "velocity": 228.13,
        "true_track": 217.67,
        "vertical_rate": 0.33,
        "geo_altitude": 10843.26,
        "squawk": "1000",
        "spi": false,
        "position_source": 0
      }
    },
    {
      "type": "Feature",
      "geometry": {
        "type": "Point",
        "coordinates": [
          12.1551,
          45.1655
        ]
      },
      "properties": {
        "icao24": "471d5b",
        "callsign": "WZZ8PS",
        "origin_country": "Hungary",
        "time_position": 1783869590,
        "last_contact": 1783869590,
        "baro_altitude": 10363.2,
        "on_ground": false,
        "velocity": 239.28,
        "true_track": 66.03,
        "vertical_rate": 0,
        "geo_altitude": 10881.36,
        "squawk": "1000",
        "spi": false,
        "position_source": 0
      }
    },
    {
      "type": "Feature",
      "geometry": {
        "type": "Point",
        "coordinates": [
          6.7004,
          43.791
        ]
      },
      "properties": {
        "icao24": "471d5e",
        "callsign": "WZZ4404",
        "origin_country": "Hungary",
        "time_position": 1783869590,
        "last_contact": 1783869590,
        "baro_altitude": 10668,
        "on_ground": false,
        "velocity": 214.61,
        "true_track": 241.04,
        "vertical_rate": 0.33,
        "geo_altitude": 11269.98,
        "squawk": "4056",
        "spi": false,
        "position_source": 0
      }
    },
    {
      "type": "Feature",
      "geometry": {
        "type": "Point",
        "coordinates": [
          6.1228,
          43.5637
        ]
      },
      "properties": {
        "icao24": "471d5f",
        "callsign": "WZZ52",
        "origin_country": "Hungary",
        "time_position": 1783869590,
        "last_contact": 1783869590,
        "baro_altitude": 10660.38,
        "on_ground": false,
        "velocity": 207.38,
        "true_track": 240.26,
        "vertical_rate": -0.33,
        "geo_altitude": 11269.98,
        "squawk": "1000",
        "spi": false,
        "position_source": 0
      }
    },
    {
      "type": "Feature",
      "geometry": {
        "type": "Point",
        "coordinates": [
          15.2235,
          46.3432
        ]
      },
      "properties": {
        "icao24": "506fa1",
        "callsign": "S5PGE",
        "origin_country": "Slovenia",
        "time_position": 1783869588,
        "last_contact": 1783869588,
        "baro_altitude": 1965.96,
        "on_ground": false,
        "velocity": 51.44,
        "true_track": 261.95,
        "vertical_rate": 1.95,
        "geo_altitude": 2118.36,
        "squawk": "3345",
        "spi": false,
        "position_source": 0
      }
    },
    {
      "type": "Feature",
      "geometry": {
        "type": "Point",
        "coordinates": [
          8.8466,
          46.9933
        ]
      },
      "properties": {
        "icao24": "40697c",
        "callsign": "EFW6DG",
        "origin_country": "United Kingdom",
        "time_position": 1783869590,
        "last_contact": 1783869590,
        "baro_altitude": 11582.4,
        "on_ground": false,
        "velocity": 220.22,
        "true_track": 292.67,
        "vertical_rate": 0,
        "geo_altitude": 12131.04,
        "squawk": "2765",
        "spi": false,
        "position_source": 0
      }
    },
    {
      "type": "Feature",
      "geometry": {
        "type": "Point",
        "coordinates": [
          12.1015,
          44.1801
        ]
      },
      "properties": {
        "icao24": "738100",
        "callsign": "ELY122",
        "origin_country": "Israel",
        "time_position": 1783869590,
        "last_contact": 1783869590,
        "baro_altitude": 11887.2,
        "on_ground": false,
        "velocity": 267.23,
        "true_track": 112.76,
        "vertical_rate": 0,
        "geo_altitude": 12443.46,
        "squawk": "3750",
        "spi": false,
        "position_source": 0
      }
    },
    {
      "type": "Feature",
      "geometry": {
        "type": "Point",
        "coordinates": [
          16.1505,
          47.3885
        ]
      },
      "properties": {
        "icao24": "896191",
        "callsign": "UAE96R",
        "origin_country": "United Arab Emirates",
        "time_position": 1783869589,
        "last_contact": 1783869589,
        "baro_altitude": 11277.6,
        "on_ground": false,
        "velocity": 281.02,
        "true_track": 125.99,
        "vertical_rate": 0,
        "geo_altitude": 11689.08,
        "squawk": "5416",
        "spi": false,
        "position_source": 0
      }
    },
    {
      "type": "Feature",
      "geometry": {
        "type": "Point",
        "coordinates": [
          6.7862,
          46.2858
        ]
      },
      "properties": {
        "icao24": "4b5100",
        "callsign": "HB3161",
        "origin_country": "Switzerland",
        "time_position": 1783869590,
        "last_contact": 1783869590,
        "baro_altitude": 2773.68,
        "on_ground": false,
        "velocity": 41.99,
        "true_track": 352.96,
        "vertical_rate": -0.33,
        "geo_altitude": null,
        "squawk": null,
        "spi": false,
        "position_source": 0
      }
    },
    {
      "type": "Feature",
      "geometry": {
        "type": "Point",
        "coordinates": [
          16.4025,
          47.7812
        ]
      },
      "properties": {
        "icao24": "896186",
        "callsign": "UAE65W",
        "origin_country": "United Arab Emirates",
        "time_position": 1783869590,
        "last_contact": 1783869590,
        "baro_altitude": 11277.6,
        "on_ground": false,
        "velocity": 278.22,
        "true_track": 119.22,
        "vertical_rate": 0,
        "geo_altitude": 11681.46,
        "squawk": "2114",
        "spi": false,
        "position_source": 0
      }
    },
    {
      "type": "Feature",
      "geometry": {
        "type": "Point",
        "coordinates": [
          6.8074,
          46.3611
        ]
      },
      "properties": {
        "icao24": "4b5155",
        "callsign": "HB3246",
        "origin_country": "Switzerland",
        "time_position": 1783869578,
        "last_contact": 1783869585,
        "baro_altitude": 2705.1,
        "on_ground": false,
        "velocity": 56.92,
        "true_track": 9.89,
        "vertical_rate": -0.33,
        "geo_altitude": null,
        "squawk": null,
        "spi": false,
        "position_source": 0
      }
    },
    {
      "type": "Feature",
      "geometry": {
        "type": "Point",
        "coordinates": [
          13.7656,
          38.2261
        ]
      },
      "properties": {
        "icao24": "896168",
        "callsign": "UAE256",
        "origin_country": "United Arab Emirates",
        "time_position": 1783869590,
        "last_contact": 1783869590,
        "baro_altitude": 11277.6,
        "on_ground": false,
        "velocity": 269.42,
        "true_track": 117.15,
        "vertical_rate": 0,
        "geo_altitude": 11894.82,
        "squawk": "4306",
        "spi": false,
        "position_source": 0
      }
    },
    {
      "type": "Feature",
      "geometry": {
        "type": "Point",
        "coordinates": [
          8.3161,
          42.9934
        ]
      },
      "properties": {
        "icao24": "39dd48",
        "callsign": "CCM42VO",
        "origin_country": "France",
        "time_position": 1783869590,
        "last_contact": 1783869590,
        "baro_altitude": 3223.26,
        "on_ground": false,
        "velocity": 143.97,
        "true_track": 112.26,
        "vertical_rate": -3.58,
        "geo_altitude": 3459.48,
        "squawk": "1000",
        "spi": false,
        "position_source": 0
      }
    },
    {
      "type": "Feature",
      "geometry": {
        "type": "Point",
        "coordinates": [
          7.2068,
          43.6572
        ]
      },
      "properties": {
        "icao24": "39dd40",
        "callsign": "CCM26JA",
        "origin_country": "France",
        "time_position": 1783869443,
        "last_contact": 1783869585,
        "baro_altitude": null,
        "on_ground": true,
        "velocity": 0,
        "true_track": 317.81,
        "vertical_rate": null,
        "geo_altitude": null,
        "squawk": null,
        "spi": false,
        "position_source": 0
      }
    },
    {
      "type": "Feature",
      "geometry": {
        "type": "Point",
        "coordinates": [
          6.5964,
          43.2187
        ]
      },
      "properties": {
        "icao24": "39dd42",
        "callsign": "CCM89AB",
        "origin_country": "France",
        "time_position": 1783869589,
        "last_contact": 1783869589,
        "baro_altitude": 6492.24,
        "on_ground": false,
        "velocity": 216.18,
        "true_track": 277.11,
        "vertical_rate": -13,
        "geo_altitude": 6949.44,
        "squawk": "1000",
        "spi": false,
        "position_source": 0
      }
    },
    {
      "type": "Feature",
      "geometry": {
        "type": "Point",
        "coordinates": [
          12.2584,
          41.8535
        ]
      },
      "properties": {
        "icao24": "440181",
        "callsign": "EJU17MC",
        "origin_country": "Austria",
        "time_position": 1783869463,
        "last_contact": 1783869463,
        "baro_altitude": 53.34,
        "on_ground": false,
        "velocity": 75.5,
        "true_track": 162.55,
        "vertical_rate": -3.58,
        "geo_altitude": 121.92,
        "squawk": "3356",
        "spi": false,
        "position_source": 0
      }
    },
    {
      "type": "Feature",
      "geometry": {
        "type": "Point",
        "coordinates": [
          8.7241,
          45.6445
        ]
      },
      "properties": {
        "icao24": "440198",
        "callsign": "EJU93RF",
        "origin_country": "Austria",
        "time_position": 1783869324,
        "last_contact": 1783869324,
        "baro_altitude": null,
        "on_ground": true,
        "velocity": 4.12,
        "true_track": 258.75,
        "vertical_rate": null,
        "geo_altitude": null,
        "squawk": "1523",
        "spi": false,
        "position_source": 0
      }
    },
    {
      "type": "Feature",
      "geometry": {
        "type": "Point",
        "coordinates": [
          6.0426,
          43.2272
        ]
      },
      "properties": {
        "icao24": "39dd58",
        "callsign": "CCM91PR",
        "origin_country": "France",
        "time_position": 1783869589,
        "last_contact": 1783869589,
        "baro_altitude": 3832.86,
        "on_ground": false,
        "velocity": 132.21,
        "true_track": 270,
        "vertical_rate": 0,
        "geo_altitude": 4107.18,
        "squawk": "1000",
        "spi": false,
        "position_source": 0
      }
    },
    {
      "type": "Feature",
      "geometry": {
        "type": "Point",
        "coordinates": [
          6.6888,
          43.1067
        ]
      },
      "properties": {
        "icao24": "39dd59",
        "callsign": "CCM53AH",
        "origin_country": "France",
        "time_position": 1783869590,
        "last_contact": 1783869590,
        "baro_altitude": 4373.88,
        "on_ground": false,
        "velocity": 129.04,
        "true_track": 129.34,
        "vertical_rate": 2.28,
        "geo_altitude": 4686.3,
        "squawk": "1000",
        "spi": false,
        "position_source": 0
      }
    },
    {
      "type": "Feature",
      "geometry": {
        "type": "Point",
        "coordinates": [
          8.0861,
          43.1814
        ]
      },
      "properties": {
        "icao24": "39dd54",
        "callsign": "CCM76CO",
        "origin_country": "France",
        "time_position": 1783869589,
        "last_contact": 1783869590,
        "baro_altitude": 3962.4,
        "on_ground": false,
        "velocity": 137.48,
        "true_track": 127.86,
        "vertical_rate": 0,
        "geo_altitude": 4229.1,
        "squawk": "1000",
        "spi": false,
        "position_source": 0
      }
    },
    {
      "type": "Feature",
      "geometry": {
        "type": "Point",
        "coordinates": [
          11.6049,
          46.4746
        ]
      },
      "properties": {
        "icao24": "452172",
        "callsign": "EAF9792",
        "origin_country": "Bulgaria",
        "time_position": 1783869590,
        "last_contact": 1783869590,
        "baro_altitude": 10363.2,
        "on_ground": false,
        "velocity": 233.7,
        "true_track": 41.16,
        "vertical_rate": 0,
        "geo_altitude": 10866.12,
        "squawk": "1000",
        "spi": false,
        "position_source": 0
      }
    },
    {
      "type": "Feature",
      "geometry": {
        "type": "Point",
        "coordinates": [
          9.0023,
          45.4626
        ]
      },
      "properties": {
        "icao24": "300a80",
        "callsign": "IGYCO",
        "origin_country": "Italy",
        "time_position": 1783869341,
        "last_contact": 1783869342,
        "baro_altitude": 0,
        "on_ground": false,
        "velocity": 10.11,
        "true_track": 165.26,
        "vertical_rate": -1.3,
        "geo_altitude": 243.84,
        "squawk": "7000",
        "spi": false,
        "position_source": 0
      }
    },
    {
      "type": "Feature",
      "geometry": {
        "type": "Point",
        "coordinates": [
          8.1887,
          40.6253
        ]
      },
      "properties": {
        "icao24": "471dbb",
        "callsign": "WMT2684",
        "origin_country": "Hungary",
        "time_position": 1783869589,
        "last_contact": 1783869590,
        "baro_altitude": 10972.8,
        "on_ground": false,
        "velocity": 247.51,
        "true_track": 79.46,
        "vertical_rate": 0,
        "geo_altitude": 11628.12,
        "squawk": "1000",
        "spi": false,
        "position_source": 0
      }
    },
    {
      "type": "Feature",
      "geometry": {
        "type": "Point",
        "coordinates": [
          8.7219,
          45.6209
        ]
      },
      "properties": {
        "icao24": "471dbc",
        "callsign": "WMT4ZT",
        "origin_country": "Hungary",
        "time_position": 1783869583,
        "last_contact": 1783869583,
        "baro_altitude": null,
        "on_ground": true,
        "velocity": 13.38,
        "true_track": 168.75,
        "vertical_rate": null,
        "geo_altitude": null,
        "squawk": null,
        "spi": false,
        "position_source": 0
      }
    },
    {
      "type": "Feature",
      "geometry": {
        "type": "Point",
        "coordinates": [
          15.09,
          42.4673
        ]
      },
      "properties": {
        "icao24": "471dc0",
        "callsign": "WZZ3112",
        "origin_country": "Hungary",
        "time_position": 1783869590,
        "last_contact": 1783869590,
        "baro_altitude": 10629.9,
        "on_ground": false,
        "velocity": 220.28,
        "true_track": 18.94,
        "vertical_rate": 5.2,
        "geo_altitude": 11163.3,
        "squawk": null,
        "spi": false,
        "position_source": 0
      }
    },
    {
      "type": "Feature",
      "geometry": {
        "type": "Point",
        "coordinates": [
          14.6378,
          44.6548
        ]
      },
      "properties": {
        "icao24": "452138",
        "callsign": "AMQ777",
        "origin_country": "Bulgaria",
        "time_position": 1783869589,
        "last_contact": 1783869589,
        "baro_altitude": 10980.42,
        "on_ground": false,
        "velocity": 228.73,
        "true_track": 18.76,
        "vertical_rate": -0.33,
        "geo_altitude": 11483.34,
        "squawk": "6145",
        "spi": false,
        "position_source": 0
      }
    },
    {
      "type": "Feature",
      "geometry": {
        "type": "Point",
        "coordinates": [
          8.7252,
          45.6129
        ]
      },
      "properties": {
        "icao24": "452122",
        "callsign": "LZB456",
        "origin_country": "Bulgaria",
        "time_position": 1783869590,
        "last_contact": 1783869590,
        "baro_altitude": null,
        "on_ground": true,
        "velocity": 8.75,
        "true_track": 165.94,
        "vertical_rate": null,
        "geo_altitude": null,
        "squawk": null,
        "spi": false,
        "position_source": 0
      }
    },
    {
      "type": "Feature",
      "geometry": {
        "type": "Point",
        "coordinates": [
          18.8789,
          46.549
        ]
      },
      "properties": {
        "icao24": "4bb2b0",
        "callsign": "THY1UP",
        "origin_country": "Turkey",
        "time_position": 1783869589,
        "last_contact": 1783869589,
        "baro_altitude": 10363.2,
        "on_ground": false,
        "velocity": 202.75,
        "true_track": 289.72,
        "vertical_rate": 0,
        "geo_altitude": 10728.96,
        "squawk": "1000",
        "spi": false,
        "position_source": 0
      }
    },
    {
      "type": "Feature",
      "geometry": {
        "type": "Point",
        "coordinates": [
          17.6302,
          47.1355
        ]
      },
      "properties": {
        "icao24": "4bb2ab",
        "callsign": "TKJ1BP",
        "origin_country": "Turkey",
        "time_position": 1783869590,
        "last_contact": 1783869590,
        "baro_altitude": 11277.6,
        "on_ground": false,
        "velocity": 259.82,
        "true_track": 115.2,
        "vertical_rate": -0.33,
        "geo_altitude": 11681.46,
        "squawk": "7656",
        "spi": false,
        "position_source": 0
      }
    },
    {
      "type": "Feature",
      "geometry": {
        "type": "Point",
        "coordinates": [
          13.5664,
          45.1405
        ]
      },
      "properties": {
        "icao24": "300a54",
        "callsign": "IOZZY",
        "origin_country": "Italy",
        "time_position": 1783869589,
        "last_contact": 1783869589,
        "baro_altitude": 2133.6,
        "on_ground": false,
        "velocity": 43.41,
        "true_track": 328.57,
        "vertical_rate": 0.98,
        "geo_altitude": 2301.24,
        "squawk": "3665",
        "spi": false,
        "position_source": 0
      }
    },
    {
      "type": "Feature",
      "geometry": {
        "type": "Point",
        "coordinates": [
          16.2194,
          46.669
        ]
      },
      "properties": {
        "icao24": "506f8f",
        "callsign": "19",
        "origin_country": "Slovenia",
        "time_position": 1783869589,
        "last_contact": 1783869589,
        "baro_altitude": 1943.1,
        "on_ground": false,
        "velocity": 22.69,
        "true_track": 3.9,
        "vertical_rate": -0.33,
        "geo_altitude": null,
        "squawk": "3666",
        "spi": false,
        "position_source": 0
      }
    },
    {
      "type": "Feature",
      "geometry": {
        "type": "Point",
        "coordinates": [
          7.7778,
          40.8919
        ]
      },
      "properties": {
        "icao24": "4bb1e2",
        "callsign": "THY5QT",
        "origin_country": "Turkey",
        "time_position": 1783869590,
        "last_contact": 1783869590,
        "baro_altitude": 12496.8,
        "on_ground": false,
        "velocity": 219.93,
        "true_track": 274.83,
        "vertical_rate": 0,
        "geo_altitude": 13174.98,
        "squawk": "1000",
        "spi": false,
        "position_source": 0
      }
    },
    {
      "type": "Feature",
      "geometry": {
        "type": "Point",
        "coordinates": [
          12.7565,
          45.3591
        ]
      },
      "properties": {
        "icao24": "4bb1e3",
        "callsign": "THY9YH",
        "origin_country": "Turkey",
        "time_position": 1783869590,
        "last_contact": 1783869590,
        "baro_altitude": 10972.8,
        "on_ground": false,
        "velocity": 221.83,
        "true_track": 301.92,
        "vertical_rate": 0,
        "geo_altitude": 11490.96,
        "squawk": "2320",
        "spi": false,
        "position_source": 0
      }
    },
    {
      "type": "Feature",
      "geometry": {
        "type": "Point",
        "coordinates": [
          16.977,
          42.6201
        ]
      },
      "properties": {
        "icao24": "8017f7",
        "callsign": "AIC131",
        "origin_country": "India",
        "time_position": 1783869590,
        "last_contact": 1783869590,
        "baro_altitude": 11574.78,
        "on_ground": false,
        "velocity": 245.22,
        "true_track": 313.98,
        "vertical_rate": 0,
        "geo_altitude": 12131.04,
        "squawk": "2070",
        "spi": false,
        "position_source": 0
      }
    },
    {
      "type": "Feature",
      "geometry": {
        "type": "Point",
        "coordinates": [
          16.4834,
          44.682
        ]
      },
      "properties": {
        "icao24": "4892c6",
        "callsign": "ENT9DA",
        "origin_country": "Poland",
        "time_position": 1783869589,
        "last_contact": 1783869590,
        "baro_altitude": 11887.2,
        "on_ground": false,
        "velocity": 227.83,
        "true_track": 12.12,
        "vertical_rate": 0,
        "geo_altitude": 12405.36,
        "squawk": "1217",
        "spi": false,
        "position_source": 0
      }
    },
    {
      "type": "Feature",
      "geometry": {
        "type": "Point",
        "coordinates": [
          12.5468,
          47.5084
        ]
      },
      "properties": {
        "icao24": "3d489c",
        "callsign": "DEZTC",
        "origin_country": "Germany",
        "time_position": 1783869590,
        "last_contact": 1783869590,
        "baro_altitude": 2133.6,
        "on_ground": false,
        "velocity": 54.41,
        "true_track": 310.01,
        "vertical_rate": 0,
        "geo_altitude": 2308.86,
        "squawk": "7000",
        "spi": false,
        "position_source": 0
      }
    },
    {
      "type": "Feature",
      "geometry": {
        "type": "Point",
        "coordinates": [
          16.0799,
          46.4061
        ]
      },
      "properties": {
        "icao24": "506f26",
        "callsign": "89",
        "origin_country": "Slovenia",
        "time_position": 1783869589,
        "last_contact": 1783869589,
        "baro_altitude": 1744.98,
        "on_ground": false,
        "velocity": 28.46,
        "true_track": 263.77,
        "vertical_rate": -0.33,
        "geo_altitude": null,
        "squawk": "2000",
        "spi": false,
        "position_source": 0
      }
    },
    {
      "type": "Feature",
      "geometry": {
        "type": "Point",
        "coordinates": [
          17.4447,
          42.1801
        ]
      },
      "properties": {
        "icao24": "39dd03",
        "callsign": "TVF54PL",
        "origin_country": "France",
        "time_position": 1783869589,
        "last_contact": 1783869589,
        "baro_altitude": 11285.22,
        "on_ground": false,
        "velocity": 241.94,
        "true_track": 138.28,
        "vertical_rate": 0,
        "geo_altitude": 11826.24,
        "squawk": "0661",
        "spi": false,
        "position_source": 0
      }
    },
    {
      "type": "Feature",
      "geometry": {
        "type": "Point",
        "coordinates": [
          18.2753,
          40.7227
        ]
      },
      "properties": {
        "icao24": "39dd05",
        "callsign": "TVF39PQ",
        "origin_country": "France",
        "time_position": 1783869588,
        "last_contact": 1783869589,
        "baro_altitude": 11574.78,
        "on_ground": false,
        "velocity": 224.11,
        "true_track": 307.63,
        "vertical_rate": 0,
        "geo_altitude": 12153.9,
        "squawk": "2057",
        "spi": false,
        "position_source": 0
      }
    },
    {
      "type": "Feature",
      "geometry": {
        "type": "Point",
        "coordinates": [
          18.7906,
          36.1633
        ]
      },
      "properties": {
        "icao24": "46b434",
        "callsign": "MAR5719",
        "origin_country": "Greece",
        "time_position": 1783869589,
        "last_contact": 1783869589,
        "baro_altitude": 9761.22,
        "on_ground": false,
        "velocity": 214.96,
        "true_track": 292.51,
        "vertical_rate": -0.33,
        "geo_altitude": 10287,
        "squawk": null,
        "spi": false,
        "position_source": 0
      }
    },
    {
      "type": "Feature",
      "geometry": {
        "type": "Point",
        "coordinates": [
          8.5863,
          43.0761
        ]
      },
      "properties": {
        "icao24": "4bb28e",
        "callsign": "THY3TW",
        "origin_country": "Turkey",
        "time_position": 1783869590,
        "last_contact": 1783869590,
        "baro_altitude": 8534.4,
        "on_ground": false,
        "velocity": 211.73,
        "true_track": 276.42,
        "vertical_rate": 0,
        "geo_altitude": 9052.56,
        "squawk": "3260",
        "spi": false,
        "position_source": 0
      }
    },
    {
      "type": "Feature",
      "geometry": {
        "type": "Point",
        "coordinates": [
          11.5333,
          47.6
        ]
      },
      "properties": {
        "icao24": "4bb28c",
        "callsign": "THY3UY",
        "origin_country": "Turkey",
        "time_position": 1783869589,
        "last_contact": 1783869589,
        "baro_altitude": 10347.96,
        "on_ground": false,
        "velocity": 215.31,
        "true_track": 280.88,
        "vertical_rate": 0.98,
        "geo_altitude": 10843.26,
        "squawk": "3266",
        "spi": false,
        "position_source": 0
      }
    },
    {
      "type": "Feature",
      "geometry": {
        "type": "Point",
        "coordinates": [
          15.2949,
          43.2611
        ]
      },
      "properties": {
        "icao24": "4bb274",
        "callsign": "THY6ZU",
        "origin_country": "Turkey",
        "time_position": 1783869590,
        "last_contact": 1783869590,
        "baro_altitude": 10363.2,
        "on_ground": false,
        "velocity": 218.19,
        "true_track": 278,
        "vertical_rate": 0,
        "geo_altitude": 10873.74,
        "squawk": "3217",
        "spi": false,
        "position_source": 0
      }
    },
    {
      "type": "Feature",
      "geometry": {
        "type": "Point",
        "coordinates": [
          10.1503,
          47.4
        ]
      },
      "properties": {
        "icao24": "4bb26e",
        "callsign": "THY8SB",
        "origin_country": "Turkey",
        "time_position": 1783869590,
        "last_contact": 1783869590,
        "baro_altitude": 10066.02,
        "on_ground": false,
        "velocity": 256.29,
        "true_track": 104.65,
        "vertical_rate": 0,
        "geo_altitude": 10568.94,
        "squawk": "0665",
        "spi": false,
        "position_source": 0
      }
    },
    {
      "type": "Feature",
      "geometry": {
        "type": "Point",
        "coordinates": [
          15.9079,
          42.231
        ]
      },
      "properties": {
        "icao24": "4bb285",
        "callsign": "THY87V",
        "origin_country": "Turkey",
        "time_position": 1783869589,
        "last_contact": 1783869590,
        "baro_altitude": 10668,
        "on_ground": false,
        "velocity": 242.34,
        "true_track": 77,
        "vertical_rate": 0,
        "geo_altitude": 11201.4,
        "squawk": "1207",
        "spi": false,
        "position_source": 0
      }
    },
    {
      "type": "Feature",
      "geometry": {
        "type": "Point",
        "coordinates": [
          6.4782,
          46.0841
        ]
      },
      "properties": {
        "icao24": "44cdc6",
        "callsign": "BEL6VF",
        "origin_country": "Belgium",
        "time_position": 1783869589,
        "last_contact": 1783869589,
        "baro_altitude": 10363.2,
        "on_ground": false,
        "velocity": 217.44,
        "true_track": 350.6,
        "vertical_rate": -0.33,
        "geo_altitude": 10919.46,
        "squawk": "1000",
        "spi": false,
        "position_source": 0
      }
    },
    {
      "type": "Feature",
      "geometry": {
        "type": "Point",
        "coordinates": [
          10.9509,
          47.189
        ]
      },
      "properties": {
        "icao24": "44cdc2",
        "callsign": "BEL6KU",
        "origin_country": "Belgium",
        "time_position": 1783869590,
        "last_contact": 1783869590,
        "baro_altitude": 10972.8,
        "on_ground": false,
        "velocity": 218.05,
        "true_track": 324.02,
        "vertical_rate": 0,
        "geo_altitude": 11475.72,
        "squawk": "6637",
        "spi": false,
        "position_source": 0
      }
    },
    {
      "type": "Feature",
      "geometry": {
        "type": "Point",
        "coordinates": [
          10.3185,
          40.8858
        ]
      },
      "properties": {
        "icao24": "506ca5",
        "callsign": "RMB2",
        "origin_country": "Slovenia",
        "time_position": 1783869569,
        "last_contact": 1783869569,
        "baro_altitude": 5486.4,
        "on_ground": false,
        "velocity": 192.44,
        "true_track": 121.78,
        "vertical_rate": 9.75,
        "geo_altitude": 5760.72,
        "squawk": null,
        "spi": false,
        "position_source": 0
      }
    },
    {
      "type": "Feature",
      "geometry": {
        "type": "Point",
        "coordinates": [
          9.8178,
          38.6457
        ]
      },
      "properties": {
        "icao24": "020121",
        "callsign": "RAM216",
        "origin_country": "Morocco",
        "time_position": 1783869569,
        "last_contact": 1783869581,
        "baro_altitude": 11879.58,
        "on_ground": false,
        "velocity": 280.23,
        "true_track": 116.14,
        "vertical_rate": 0,
        "geo_altitude": 12565.38,
        "squawk": "1411",
        "spi": false,
        "position_source": 0
      }
    },
    {
      "type": "Feature",
      "geometry": {
        "type": "Point",
        "coordinates": [
          9.3239,
          45.17
        ]
      },
      "properties": {
        "icao24": "02013e",
        "callsign": "RAM231",
        "origin_country": "Morocco",
        "time_position": 1783869590,
        "last_contact": 1783869590,
        "baro_altitude": 11879.58,
        "on_ground": false,
        "velocity": 242.59,
        "true_track": 230.33,
        "vertical_rate": 0,
        "geo_altitude": 12458.7,
        "squawk": "1330",
        "spi": false,
        "position_source": 0
      }
    },
    {
      "type": "Feature",
      "geometry": {
        "type": "Point",
        "coordinates": [
          10.1826,
          44.0025
        ]
      },
      "properties": {
        "icao24": "31e070",
        "callsign": "IE589",
        "origin_country": "Italy",
        "time_position": 1783869589,
        "last_contact": 1783869589,
        "baro_altitude": 960.12,
        "on_ground": false,
        "velocity": 39.44,
        "true_track": 329.42,
        "vertical_rate": 0.98,
        "geo_altitude": 1082.04,
        "squawk": null,
        "spi": false,
        "position_source": 0
      }
    },
    {
      "type": "Feature",
      "geometry": {
        "type": "Point",
        "coordinates": [
          16.7434,
          44.1576
        ]
      },
      "properties": {
        "icao24": "8005f0",
        "callsign": "AIC151",
        "origin_country": "India",
        "time_position": 1783869589,
        "last_contact": 1783869590,
        "baro_altitude": 13098.78,
        "on_ground": false,
        "velocity": 232.6,
        "true_track": 296.11,
        "vertical_rate": -0.33,
        "geo_altitude": 13670.28,
        "squawk": "6045",
        "spi": false,
        "position_source": 0
      }
    },
    {
      "type": "Feature",
      "geometry": {
        "type": "Point",
        "coordinates": [
          13.3565,
          46.6529
        ]
      },
      "properties": {
        "icao24": "44ce78",
        "callsign": "BEL6HI",
        "origin_country": "Belgium",
        "time_position": 1783869590,
        "last_contact": 1783869590,
        "baro_altitude": 8945.88,
        "on_ground": false,
        "velocity": 202.27,
        "true_track": 314.38,
        "vertical_rate": 9.75,
        "geo_altitude": 9380.22,
        "squawk": "1000",
        "spi": false,
        "position_source": 0
      }
    },
    {
      "type": "Feature",
      "geometry": {
        "type": "Point",
        "coordinates": [
          18.6227,
          46.8518
        ]
      },
      "properties": {
        "icao24": "4bb0f2",
        "callsign": "THY81D",
        "origin_country": "Turkey",
        "time_position": 1783869590,
        "last_contact": 1783869590,
        "baro_altitude": 11582.4,
        "on_ground": false,
        "velocity": 233.48,
        "true_track": 300.01,
        "vertical_rate": 0,
        "geo_altitude": 11963.4,
        "squawk": "2644",
        "spi": false,
        "position_source": 0
      }
    },
    {
      "type": "Feature",
      "geometry": {
        "type": "Point",
        "coordinates": [
          14.4509,
          46.2461
        ]
      },
      "properties": {
        "icao24": "4bb0f3",
        "callsign": "THY904",
        "origin_country": "Turkey",
        "time_position": 1783869589,
        "last_contact": 1783869589,
        "baro_altitude": 12496.8,
        "on_ground": false,
        "velocity": 276.41,
        "true_track": 114.99,
        "vertical_rate": -0.33,
        "geo_altitude": 12999.72,
        "squawk": "6532",
        "spi": false,
        "position_source": 0
      }
    },
    {
      "type": "Feature",
      "geometry": {
        "type": "Point",
        "coordinates": [
          14.8699,
          40.9734
        ]
      },
      "properties": {
        "icao24": "346648",
        "callsign": "VOE1789",
        "origin_country": "Spain",
        "time_position": 1783869520,
        "last_contact": 1783869556,
        "baro_altitude": 3337.56,
        "on_ground": false,
        "velocity": 136.12,
        "true_track": 8.04,
        "vertical_rate": -9.75,
        "geo_altitude": 3581.4,
        "squawk": null,
        "spi": false,
        "position_source": 0
      }
    },
    {
      "type": "Feature",
      "geometry": {
        "type": "Point",
        "coordinates": [
          9.9283,
          40.9784
        ]
      },
      "properties": {
        "icao24": "346612",
        "callsign": "VOE80DP",
        "origin_country": "Spain",
        "time_position": 1783869575,
        "last_contact": 1783869575,
        "baro_altitude": 5227.32,
        "on_ground": false,
        "velocity": 140.11,
        "true_track": 223.36,
        "vertical_rate": -5.53,
        "geo_altitude": 5623.56,
        "squawk": "7435",
        "spi": false,
        "position_source": 0
      }
    },
    {
      "type": "Feature",
      "geometry": {
        "type": "Point",
        "coordinates": [
          7.6708,
          45.1572
        ]
      },
      "properties": {
        "icao24": "4bb206",
        "callsign": "THY7PE",
        "origin_country": "Turkey",
        "time_position": 1783869589,
        "last_contact": 1783869589,
        "baro_altitude": 8846.82,
        "on_ground": false,
        "velocity": 212.16,
        "true_track": 274.73,
        "vertical_rate": -5.2,
        "geo_altitude": 9380.22,
        "squawk": "3224",
        "spi": false,
        "position_source": 0
      }
    },
    {
      "type": "Feature",
      "geometry": {
        "type": "Point",
        "coordinates": [
          14.7447,
          44.1623
        ]
      },
      "properties": {
        "icao24": "80073e",
        "callsign": "AIC169",
        "origin_country": "India",
        "time_position": 1783869587,
        "last_contact": 1783869589,
        "baro_altitude": 12192,
        "on_ground": false,
        "velocity": 232.53,
        "true_track": 307,
        "vertical_rate": 0,
        "geo_altitude": 12748.26,
        "squawk": "5506",
        "spi": false,
        "position_source": 0
      }
    },
    {
      "type": "Feature",
      "geometry": {
        "type": "Point",
        "coordinates": [
          6.3279,
          46.4193
        ]
      },
      "properties": {
        "icao24": "8963f7",
        "callsign": "UAE4PV",
        "origin_country": "United Arab Emirates",
        "time_position": 1783869590,
        "last_contact": 1783869590,
        "baro_altitude": 9342.12,
        "on_ground": false,
        "velocity": 239.76,
        "true_track": 314.04,
        "vertical_rate": 4.23,
        "geo_altitude": 9852.66,
        "squawk": "5702",
        "spi": false,
        "position_source": 0
      }
    },
    {
      "type": "Feature",
      "geometry": {
        "type": "Point",
        "coordinates": [
          13.2806,
          40.5809
        ]
      },
      "properties": {
        "icao24": "489228",
        "callsign": "ENT4030",
        "origin_country": "Poland",
        "time_position": 1783869590,
        "last_contact": 1783869590,
        "baro_altitude": 11582.4,
        "on_ground": false,
        "velocity": 234.75,
        "true_track": 29.54,
        "vertical_rate": 0,
        "geo_altitude": 12192,
        "squawk": "6132",
        "spi": false,
        "position_source": 0
      }
    },
    {
      "type": "Feature",
      "geometry": {
        "type": "Point",
        "coordinates": [
          11.2284,
          38.7147
        ]
      },
      "properties": {
        "icao24": "8963df",
        "callsign": "UAE186",
        "origin_country": "United Arab Emirates",
        "time_position": 1783869589,
        "last_contact": 1783869590,
        "baro_altitude": 10668,
        "on_ground": false,
        "velocity": 278.76,
        "true_track": 133.35,
        "vertical_rate": 0,
        "geo_altitude": 11308.08,
        "squawk": "1426",
        "spi": false,
        "position_source": 0
      }
    },
    {
      "type": "Feature",
      "geometry": {
        "type": "Point",
        "coordinates": [
          17.8095,
          35.6273
        ]
      },
      "properties": {
        "icao24": "8963e2",
        "callsign": "UAE5M",
        "origin_country": "United Arab Emirates",
        "time_position": 1783869590,
        "last_contact": 1783869590,
        "baro_altitude": 10972.8,
        "on_ground": false,
        "velocity": 237.61,
        "true_track": 281.87,
        "vertical_rate": 0,
        "geo_altitude": 11628.12,
        "squawk": null,
        "spi": false,
        "position_source": 0
      }
    },
    {
      "type": "Feature",
      "geometry": {
        "type": "Point",
        "coordinates": [
          16.7322,
          38.2122
        ]
      },
      "properties": {
        "icao24": "8963da",
        "callsign": "UAE187",
        "origin_country": "United Arab Emirates",
        "time_position": 1783869589,
        "last_contact": 1783869590,
        "baro_altitude": 11582.4,
        "on_ground": false,
        "velocity": 237.72,
        "true_track": 295.23,
        "vertical_rate": 0,
        "geo_altitude": 12222.48,
        "squawk": "5512",
        "spi": false,
        "position_source": 0
      }
    },
    {
      "type": "Feature",
      "geometry": {
        "type": "Point",
        "coordinates": [
          9.4681,
          44.5639
        ]
      },
      "properties": {
        "icao24": "3465d8",
        "callsign": "VOE1374",
        "origin_country": "Spain",
        "time_position": 1783869589,
        "last_contact": 1783869589,
        "baro_altitude": 8831.58,
        "on_ground": false,
        "velocity": 204.2,
        "true_track": 246.86,
        "vertical_rate": 0,
        "geo_altitude": 9349.74,
        "squawk": "1000",
        "spi": false,
        "position_source": 0
      }
    },
    {
      "type": "Feature",
      "geometry": {
        "type": "Point",
        "coordinates": [
          14.9732,
          45.8052
        ]
      },
      "properties": {
        "icao24": "896534",
        "callsign": "ETD47",
        "origin_country": "United Arab Emirates",
        "time_position": 1783869589,
        "last_contact": 1783869589,
        "baro_altitude": 11574.78,
        "on_ground": false,
        "velocity": 233.18,
        "true_track": 315.27,
        "vertical_rate": -0.33,
        "geo_altitude": 12085.32,
        "squawk": "7233",
        "spi": false,
        "position_source": 0
      }
    },
    {
      "type": "Feature",
      "geometry": {
        "type": "Point",
        "coordinates": [
          13.9733,
          36.226
        ]
      },
      "properties": {
        "icao24": "896539",
        "callsign": "ETD9D2",
        "origin_country": "United Arab Emirates",
        "time_position": 1783869590,
        "last_contact": 1783869590,
        "baro_altitude": 11582.4,
        "on_ground": false,
        "velocity": 241.97,
        "true_track": 279.42,
        "vertical_rate": -0.33,
        "geo_altitude": 12275.82,
        "squawk": "6635",
        "spi": false,
        "position_source": 0
      }
    },
    {
      "type": "Feature",
      "geometry": {
        "type": "Point",
        "coordinates": [
          18.2189,
          44.2083
        ]
      },
      "properties": {
        "icao24": "89652d",
        "callsign": "ABY266",
        "origin_country": "United Arab Emirates",
        "time_position": 1783869589,
        "last_contact": 1783869590,
        "baro_altitude": 10058.4,
        "on_ground": false,
        "velocity": 256.78,
        "true_track": 128.98,
        "vertical_rate": 0,
        "geo_altitude": 10515.6,
        "squawk": "2725",
        "spi": false,
        "position_source": 0
      }
    },
    {
      "type": "Feature",
      "geometry": {
        "type": "Point",
        "coordinates": [
          11.9766,
          45.522
        ]
      },
      "properties": {
        "icao24": "4b1f4d",
        "callsign": "HBLWF",
        "origin_country": "Switzerland",
        "time_position": 1783869590,
        "last_contact": 1783869590,
        "baro_altitude": 5486.4,
        "on_ground": false,
        "velocity": 89.51,
        "true_track": 334.47,
        "vertical_rate": 0,
        "geo_altitude": 5814.06,
        "squawk": "1000",
        "spi": false,
        "position_source": 0
      }
    },
    {
      "type": "Feature",
      "geometry": {
        "type": "Point",
        "coordinates": [
          14.8753,
          46.7634
        ]
      },
      "properties": {
        "icao24": "89650a",
        "callsign": "ETD917",
        "origin_country": "United Arab Emirates",
        "time_position": 1783869589,
        "last_contact": 1783869589,
        "baro_altitude": 10363.2,
        "on_ground": false,
        "velocity": 225.33,
        "true_track": 320.09,
        "vertical_rate": 0,
        "geo_altitude": 10820.4,
        "squawk": "5523",
        "spi": false,
        "position_source": 0
      }
    },
    {
      "type": "Feature",
      "geometry": {
        "type": "Point",
        "coordinates": [
          10.8984,
          45.0439
        ]
      },
      "properties": {
        "icao24": "31e09d",
        "callsign": "IE694",
        "origin_country": "Italy",
        "time_position": 1783869586,
        "last_contact": 1783869587,
        "baro_altitude": 746.76,
        "on_ground": false,
        "velocity": 48.97,
        "true_track": 273.61,
        "vertical_rate": -1.3,
        "geo_altitude": 838.2,
        "squawk": "2000",
        "spi": false,
        "position_source": 0
      }
    },
    {
      "type": "Feature",
      "geometry": {
        "type": "Point",
        "coordinates": [
          8.501,
          47.4283
        ]
      },
      "properties": {
        "icao24": "4d02b6",
        "callsign": "JFA09Q",
        "origin_country": "Luxembourg",
        "time_position": 1783869590,
        "last_contact": 1783869590,
        "baro_altitude": 6385.56,
        "on_ground": false,
        "velocity": 196.84,
        "true_track": 251.57,
        "vertical_rate": 0,
        "geo_altitude": 6781.8,
        "squawk": "1000",
        "spi": false,
        "position_source": 0
      }
    },
    {
      "type": "Feature",
      "geometry": {
        "type": "Point",
        "coordinates": [
          9.5054,
          43.9877
        ]
      },
      "properties": {
        "icao24": "4d02bd",
        "callsign": "LXJFD",
        "origin_country": "Luxembourg",
        "time_position": 1783869589,
        "last_contact": 1783869589,
        "baro_altitude": 2453.64,
        "on_ground": false,
        "velocity": 111.22,
        "true_track": 87.61,
        "vertical_rate": -5.53,
        "geo_altitude": 2667,
        "squawk": "3351",
        "spi": false,
        "position_source": 0
      }
    },
    {
      "type": "Feature",
      "geometry": {
        "type": "Point",
        "coordinates": [
          6.9541,
          43.3344
        ]
      },
      "properties": {
        "icao24": "4d02c2",
        "callsign": "JFA05P",
        "origin_country": "Luxembourg",
        "time_position": 1783869589,
        "last_contact": 1783869589,
        "baro_altitude": 594.36,
        "on_ground": false,
        "velocity": 109.78,
        "true_track": 37.19,
        "vertical_rate": 0.33,
        "geo_altitude": 693.42,
        "squawk": "0657",
        "spi": false,
        "position_source": 0
      }
    },
    {
      "type": "Feature",
      "geometry": {
        "type": "Point",
        "coordinates": [
          9.2807,
          45.4367
        ]
      },
      "properties": {
        "icao24": "506d8e",
        "callsign": "UEE1",
        "origin_country": "Slovenia",
        "time_position": 1783869590,
        "last_contact": 1783869590,
        "baro_altitude": null,
        "on_ground": true,
        "velocity": 0.06,
        "true_track": 177.19,
        "vertical_rate": null,
        "geo_altitude": null,
        "squawk": null,
        "spi": false,
        "position_source": 0
      }
    },
    {
      "type": "Feature",
      "geometry": {
        "type": "Point",
        "coordinates": [
          6.087,
          43.3723
        ]
      },
      "properties": {
        "icao24": "4d02e1",
        "callsign": "JFA01G",
        "origin_country": "Luxembourg",
        "time_position": 1783869590,
        "last_contact": 1783869590,
        "baro_altitude": 10363.2,
        "on_ground": false,
        "velocity": 215.25,
        "true_track": 19.26,
        "vertical_rate": 0,
        "geo_altitude": 10965.18,
        "squawk": "1000",
        "spi": false,
        "position_source": 0
      }
    },
    {
      "type": "Feature",
      "geometry": {
        "type": "Point",
        "coordinates": [
          10.0715,
          42.0375
        ]
      },
      "properties": {
        "icao24": "4d02d8",
        "callsign": "JFA38S",
        "origin_country": "Luxembourg",
        "time_position": 1783869541,
        "last_contact": 1783869541,
        "baro_altitude": 5486.4,
        "on_ground": false,
        "velocity": 132.1,
        "true_track": 18.86,
        "vertical_rate": 0,
        "geo_altitude": 5859.78,
        "squawk": null,
        "spi": false,
        "position_source": 0
      }
    },
    {
      "type": "Feature",
      "geometry": {
        "type": "Point",
        "coordinates": [
          14.7228,
          44.9729
        ]
      },
      "properties": {
        "icao24": "4d02dd",
        "callsign": "JFA49E",
        "origin_country": "Luxembourg",
        "time_position": 1783869590,
        "last_contact": 1783869590,
        "baro_altitude": 6995.16,
        "on_ground": false,
        "velocity": 81.67,
        "true_track": 340.88,
        "vertical_rate": 3.58,
        "geo_altitude": 7376.16,
        "squawk": "1000",
        "spi": false,
        "position_source": 0
      }
    },
    {
      "type": "Feature",
      "geometry": {
        "type": "Point",
        "coordinates": [
          9.1478,
          40.5654
        ]
      },
      "properties": {
        "icao24": "738443",
        "callsign": "AIZ271",
        "origin_country": "Israel",
        "time_position": 1783869590,
        "last_contact": 1783869590,
        "baro_altitude": 10668,
        "on_ground": false,
        "velocity": 207.6,
        "true_track": 289.24,
        "vertical_rate": 0,
        "geo_altitude": 11300.46,
        "squawk": "2237",
        "spi": false,
        "position_source": 0
      }
    },
    {
      "type": "Feature",
      "geometry": {
        "type": "Point",
        "coordinates": [
          11.4859,
          47.289
        ]
      },
      "properties": {
        "icao24": "4064bb",
        "callsign": "EXS8WJ",
        "origin_country": "United Kingdom",
        "time_position": 1783869590,
        "last_contact": 1783869590,
        "baro_altitude": 11277.6,
        "on_ground": false,
        "velocity": 248.66,
        "true_track": 128.36,
        "vertical_rate": 0.33,
        "geo_altitude": 11780.52,
        "squawk": "2210",
        "spi": false,
        "position_source": 0
      }
    },
    {
      "type": "Feature",
      "geometry": {
        "type": "Point",
        "coordinates": [
          17.098,
          41.2539
        ]
      },
      "properties": {
        "icao24": "3965ae",
        "callsign": "AFR473",
        "origin_country": "France",
        "time_position": 1783869589,
        "last_contact": 1783869589,
        "baro_altitude": 10972.8,
        "on_ground": false,
        "velocity": 235.42,
        "true_track": 310.3,
        "vertical_rate": 0,
        "geo_altitude": 11513.82,
        "squawk": "2014",
        "spi": false,
        "position_source": 0
      }
    },
    {
      "type": "Feature",
      "geometry": {
        "type": "Point",
        "coordinates": [
          17.0481,
          43.7146
        ]
      },
      "properties": {
        "icao24": "8964bd",
        "callsign": "ETD123",
        "origin_country": "United Arab Emirates",
        "time_position": 1783869588,
        "last_contact": 1783869589,
        "baro_altitude": 11582.4,
        "on_ground": false,
        "velocity": 239.36,
        "true_track": 307.93,
        "vertical_rate": 0.33,
        "geo_altitude": 12115.8,
        "squawk": "6522",
        "spi": false,
        "position_source": 0
      }
    },
    {
      "type": "Feature",
      "geometry": {
        "type": "Point",
        "coordinates": [
          10.8702,
          42.7933
        ]
      },
      "properties": {
        "icao24": "4064a4",
        "callsign": "TOM94K",
        "origin_country": "United Kingdom",
        "time_position": 1783869590,
        "last_contact": 1783869590,
        "baro_altitude": 11277.6,
        "on_ground": false,
        "velocity": 258.68,
        "true_track": 127.49,
        "vertical_rate": 0,
        "geo_altitude": 11849.1,
        "squawk": "2251",
        "spi": false,
        "position_source": 0
      }
    },
    {
      "type": "Feature",
      "geometry": {
        "type": "Point",
        "coordinates": [
          6.4086,
          47.7261
        ]
      },
      "properties": {
        "icao24": "4077ba",
        "callsign": "EXS99NL",
        "origin_country": "United Kingdom",
        "time_position": 1783869590,
        "last_contact": 1783869590,
        "baro_altitude": 11582.4,
        "on_ground": false,
        "velocity": 218.98,
        "true_track": 283.45,
        "vertical_rate": 0,
        "geo_altitude": 12115.8,
        "squawk": "2741",
        "spi": false,
        "position_source": 0
      }
    },
    {
      "type": "Feature",
      "geometry": {
        "type": "Point",
        "coordinates": [
          18.1301,
          42.6452
        ]
      },
      "properties": {
        "icao24": "896623",
        "callsign": "UAE41M",
        "origin_country": "United Arab Emirates",
        "time_position": 1783869589,
        "last_contact": 1783869589,
        "baro_altitude": 11887.2,
        "on_ground": false,
        "velocity": 269.7,
        "true_track": 115.29,
        "vertical_rate": 0,
        "geo_altitude": 12412.98,
        "squawk": "3741",
        "spi": false,
        "position_source": 0
      }
    },
    {
      "type": "Feature",
      "geometry": {
        "type": "Point",
        "coordinates": [
          18.5402,
          47.373
        ]
      },
      "properties": {
        "icao24": "89661f",
        "callsign": "UAE34Q",
        "origin_country": "United Arab Emirates",
        "time_position": 1783869590,
        "last_contact": 1783869590,
        "baro_altitude": 11887.2,
        "on_ground": false,
        "velocity": 274.83,
        "true_track": 124.55,
        "vertical_rate": 0,
        "geo_altitude": 12268.2,
        "squawk": "4635",
        "spi": false,
        "position_source": 0
      }
    },
    {
      "type": "Feature",
      "geometry": {
        "type": "Point",
        "coordinates": [
          12.3262,
          46.216
        ]
      },
      "properties": {
        "icao24": "896614",
        "callsign": "UAE9935",
        "origin_country": "United Arab Emirates",
        "time_position": 1783869589,
        "last_contact": 1783869589,
        "baro_altitude": 10972.8,
        "on_ground": false,
        "velocity": 228.86,
        "true_track": 313.82,
        "vertical_rate": 0,
        "geo_altitude": 11475.72,
        "squawk": "7210",
        "spi": false,
        "position_source": 0
      }
    },
    {
      "type": "Feature",
      "geometry": {
        "type": "Point",
        "coordinates": [
          17.8135,
          41.0892
        ]
      },
      "properties": {
        "icao24": "484c5a",
        "callsign": "TRA5413",
        "origin_country": "Kingdom of the Netherlands",
        "time_position": 1783869590,
        "last_contact": 1783869590,
        "baro_altitude": 11277.6,
        "on_ground": false,
        "velocity": 241.82,
        "true_track": 152.78,
        "vertical_rate": -0.33,
        "geo_altitude": 11833.86,
        "squawk": "3142",
        "spi": false,
        "position_source": 0
      }
    },
    {
      "type": "Feature",
      "geometry": {
        "type": "Point",
        "coordinates": [
          8.7205,
          45.6299
        ]
      },
      "properties": {
        "icao24": "34768c",
        "callsign": "VLG11GN",
        "origin_country": "Spain",
        "time_position": 1783869588,
        "last_contact": 1783869588,
        "baro_altitude": null,
        "on_ground": true,
        "velocity": 12.86,
        "true_track": 168.75,
        "vertical_rate": null,
        "geo_altitude": null,
        "squawk": "1000",
        "spi": false,
        "position_source": 0
      }
    },
    {
      "type": "Feature",
      "geometry": {
        "type": "Point",
        "coordinates": [
          11.5387,
          44.4697
        ]
      },
      "properties": {
        "icao24": "3008be",
        "callsign": "IOZZP",
        "origin_country": "Italy",
        "time_position": 1783869405,
        "last_contact": 1783869409,
        "baro_altitude": 0,
        "on_ground": false,
        "velocity": 31.33,
        "true_track": 29.51,
        "vertical_rate": -1.63,
        "geo_altitude": 76.2,
        "squawk": null,
        "spi": false,
        "position_source": 0
      }
    },
    {
      "type": "Feature",
      "geometry": {
        "type": "Point",
        "coordinates": [
          15.0773,
          46.6832
        ]
      },
      "properties": {
        "icao24": "48af0b",
        "callsign": "LOT6673",
        "origin_country": "Poland",
        "time_position": 1783869590,
        "last_contact": 1783869590,
        "baro_altitude": 10972.8,
        "on_ground": false,
        "velocity": 240.93,
        "true_track": 202.07,
        "vertical_rate": 0.33,
        "geo_altitude": 11437.62,
        "squawk": "5543",
        "spi": false,
        "position_source": 0
      }
    },
    {
      "type": "Feature",
      "geometry": {
        "type": "Point",
        "coordinates": [
          12.2493,
          46.9536
        ]
      },
      "properties": {
        "icao24": "89655c",
        "callsign": "UAE88",
        "origin_country": "United Arab Emirates",
        "time_position": 1783869590,
        "last_contact": 1783869590,
        "baro_altitude": 10294.62,
        "on_ground": false,
        "velocity": 255.84,
        "true_track": 116.26,
        "vertical_rate": 5.53,
        "geo_altitude": 10751.82,
        "squawk": "3055",
        "spi": false,
        "position_source": 0
      }
    },
    {
      "type": "Feature",
      "geometry": {
        "type": "Point",
        "coordinates": [
          6.5865,
          41.3023
        ]
      },
      "properties": {
        "icao24": "48af01",
        "callsign": "LOT440",
        "origin_country": "Poland",
        "time_position": 1783869590,
        "last_contact": 1783869590,
        "baro_altitude": 11582.4,
        "on_ground": false,
        "velocity": 245.05,
        "true_track": 51.73,
        "vertical_rate": 0,
        "geo_altitude": 12245.34,
        "squawk": "5307",
        "spi": false,
        "position_source": 0
      }
    },
    {
      "type": "Feature",
      "geometry": {
        "type": "Point",
        "coordinates": [
          12.5492,
          46.9457
        ]
      },
      "properties": {
        "icao24": "48af02",
        "callsign": "LOT2161",
        "origin_country": "Poland",
        "time_position": 1783869590,
        "last_contact": 1783869590,
        "baro_altitude": 10972.8,
        "on_ground": false,
        "velocity": 228.44,
        "true_track": 232.23,
        "vertical_rate": 0,
        "geo_altitude": 11468.1,
        "squawk": "1000",
        "spi": false,
        "position_source": 0
      }
    },
    {
      "type": "Feature",
      "geometry": {
        "type": "Point",
        "coordinates": [
          18.3985,
          44.5005
        ]
      },
      "properties": {
        "icao24": "896559",
        "callsign": "ABY258",
        "origin_country": "United Arab Emirates",
        "time_position": 1783869589,
        "last_contact": 1783869589,
        "baro_altitude": 11582.4,
        "on_ground": false,
        "velocity": 212.14,
        "true_track": 288.08,
        "vertical_rate": 0,
        "geo_altitude": 12085.32,
        "squawk": "3237",
        "spi": false,
        "position_source": 0
      }
    },
    {
      "type": "Feature",
      "geometry": {
        "type": "Point",
        "coordinates": [
          10.0475,
          46.8061
        ]
      },
      "properties": {
        "icao24": "407838",
        "callsign": "EZY28FG",
        "origin_country": "United Kingdom",
        "time_position": 1783869590,
        "last_contact": 1783869590,
        "baro_altitude": 10972.8,
        "on_ground": false,
        "velocity": 209.81,
        "true_track": 292.79,
        "vertical_rate": 0,
        "geo_altitude": 11498.58,
        "squawk": "2776",
        "spi": false,
        "position_source": 0
      }
    },
    {
      "type": "Feature",
      "geometry": {
        "type": "Point",
        "coordinates": [
          11.997,
          45.8486
        ]
      },
      "properties": {
        "icao24": "407837",
        "callsign": "EZY53ZG",
        "origin_country": "United Kingdom",
        "time_position": 1783869589,
        "last_contact": 1783869589,
        "baro_altitude": 10972.8,
        "on_ground": false,
        "velocity": 212.29,
        "true_track": 309.59,
        "vertical_rate": 0,
        "geo_altitude": 11483.34,
        "squawk": "2004",
        "spi": false,
        "position_source": 0
      }
    },
    {
      "type": "Feature",
      "geometry": {
        "type": "Point",
        "coordinates": [
          9.7449,
          42.7705
        ]
      },
      "properties": {
        "icao24": "a52ea4",
        "callsign": "DAL213",
        "origin_country": "United States",
        "time_position": 1783869590,
        "last_contact": 1783869590,
        "baro_altitude": 10972.8,
        "on_ground": false,
        "velocity": 216.27,
        "true_track": 296.87,
        "vertical_rate": 0,
        "geo_altitude": 11559.54,
        "squawk": "5515",
        "spi": false,
        "position_source": 0
      }
    },
    {
      "type": "Feature",
      "geometry": {
        "type": "Point",
        "coordinates": [
          7.7899,
          47.6166
        ]
      },
      "properties": {
        "icao24": "461f39",
        "callsign": "FIN6YT",
        "origin_country": "Finland",
        "time_position": 1783869590,
        "last_contact": 1783869590,
        "baro_altitude": 11879.58,
        "on_ground": false,
        "velocity": 225.12,
        "true_track": 217.11,
        "vertical_rate": -0.33,
        "geo_altitude": 12412.98,
        "squawk": "1000",
        "spi": false,
        "position_source": 0
      }
    },
    {
      "type": "Feature",
      "geometry": {
        "type": "Point",
        "coordinates": [
          17.9205,
          41.3229
        ]
      },
      "properties": {
        "icao24": "8964a0",
        "callsign": "UAE83",
        "origin_country": "United Arab Emirates",
        "time_position": 1783869590,
        "last_contact": 1783869590,
        "baro_altitude": 10972.8,
        "on_ground": false,
        "velocity": 238.97,
        "true_track": 320.42,
        "vertical_rate": 0,
        "geo_altitude": 11506.2,
        "squawk": "5516",
        "spi": false,
        "position_source": 0
      }
    },
    {
      "type": "Feature",
      "geometry": {
        "type": "Point",
        "coordinates": [
          6.0811,
          46.219
        ]
      },
      "properties": {
        "icao24": "4a5245",
        "callsign": "TOY624",
        "origin_country": "Romania",
        "time_position": 1783869285,
        "last_contact": 1783869331,
        "baro_altitude": 472.44,
        "on_ground": false,
        "velocity": 69.48,
        "true_track": 45.3,
        "vertical_rate": -3.25,
        "geo_altitude": 563.88,
        "squawk": "1000",
        "spi": false,
        "position_source": 0
      }
    },
    {
      "type": "Feature",
      "geometry": {
        "type": "Point",
        "coordinates": [
          7.3925,
          43.6336
        ]
      },
      "properties": {
        "icao24": "49130a",
        "callsign": "NJE590T",
        "origin_country": "Portugal",
        "time_position": 1783869590,
        "last_contact": 1783869590,
        "baro_altitude": 8107.68,
        "on_ground": false,
        "velocity": 195.56,
        "true_track": 54.64,
        "vertical_rate": 7.48,
        "geo_altitude": 8580.12,
        "squawk": "1000",
        "spi": false,
        "position_source": 0
      }
    },
    {
      "type": "Feature",
      "geometry": {
        "type": "Point",
        "coordinates": [
          6.9242,
          38.6571
        ]
      },
      "properties": {
        "icao24": "484cbb",
        "callsign": "KLM589",
        "origin_country": "Kingdom of the Netherlands",
        "time_position": 1783869589,
        "last_contact": 1783869589,
        "baro_altitude": 10058.4,
        "on_ground": false,
        "velocity": 261.84,
        "true_track": 186.2,
        "vertical_rate": 0,
        "geo_altitude": 10721.34,
        "squawk": "0142",
        "spi": false,
        "position_source": 0
      }
    },
    {
      "type": "Feature",
      "geometry": {
        "type": "Point",
        "coordinates": [
          18.1165,
          42.4916
        ]
      },
      "properties": {
        "icao24": "491306",
        "callsign": "NJE517C",
        "origin_country": "Portugal",
        "time_position": 1783869590,
        "last_contact": 1783869590,
        "baro_altitude": 1211.58,
        "on_ground": false,
        "velocity": 123.73,
        "true_track": 119.66,
        "vertical_rate": -1.95,
        "geo_altitude": 1325.88,
        "squawk": "1000",
        "spi": false,
        "position_source": 0
      }
    },
    {
      "type": "Feature",
      "geometry": {
        "type": "Point",
        "coordinates": [
          6.8794,
          43.3976
        ]
      },
      "properties": {
        "icao24": "4ab554",
        "callsign": "SEMJT",
        "origin_country": "Sweden",
        "time_position": 1783869590,
        "last_contact": 1783869590,
        "baro_altitude": 1661.16,
        "on_ground": false,
        "velocity": 79.71,
        "true_track": 293.59,
        "vertical_rate": 7.8,
        "geo_altitude": 1828.8,
        "squawk": null,
        "spi": false,
        "position_source": 0
      }
    },
    {
      "type": "Feature",
      "geometry": {
        "type": "Point",
        "coordinates": [
          9.8674,
          47.2099
        ]
      },
      "properties": {
        "icao24": "3e637a",
        "callsign": "DKCWG",
        "origin_country": "Germany",
        "time_position": 1783869589,
        "last_contact": 1783869589,
        "baro_altitude": 2339.34,
        "on_ground": false,
        "velocity": 50.46,
        "true_track": 309.21,
        "vertical_rate": -0.33,
        "geo_altitude": 2529.84,
        "squawk": "7000",
        "spi": false,
        "position_source": 0
      }
    },
    {
      "type": "Feature",
      "geometry": {
        "type": "Point",
        "coordinates": [
          8.6032,
          46.9617
        ]
      },
      "properties": {
        "icao24": "4078ef",
        "callsign": "EZY63HL",
        "origin_country": "United Kingdom",
        "time_position": 1783869590,
        "last_contact": 1783869590,
        "baro_altitude": 10972.8,
        "on_ground": false,
        "velocity": 211.69,
        "true_track": 295.63,
        "vertical_rate": -0.33,
        "geo_altitude": 11506.2,
        "squawk": "2752",
        "spi": false,
        "position_source": 0
      }
    },
    {
      "type": "Feature",
      "geometry": {
        "type": "Point",
        "coordinates": [
          9.5545,
          47.4857
        ]
      },
      "properties": {
        "icao24": "3cce03",
        "callsign": "DWW504",
        "origin_country": "Germany",
        "time_position": 1783869584,
        "last_contact": 1783869584,
        "baro_altitude": null,
        "on_ground": true,
        "velocity": 12.35,
        "true_track": 272.81,
        "vertical_rate": null,
        "geo_altitude": null,
        "squawk": "1000",
        "spi": false,
        "position_source": 0
      }
    },
    {
      "type": "Feature",
      "geometry": {
        "type": "Point",
        "coordinates": [
          14.6563,
          44.5387
        ]
      },
      "properties": {
        "icao24": "4078f0",
        "callsign": "EZY85GC",
        "origin_country": "United Kingdom",
        "time_position": 1783869590,
        "last_contact": 1783869590,
        "baro_altitude": 10675.62,
        "on_ground": false,
        "velocity": 248.99,
        "true_track": 131.23,
        "vertical_rate": 0,
        "geo_altitude": 11178.54,
        "squawk": "3447",
        "spi": false,
        "position_source": 0
      }
    },
    {
      "type": "Feature",
      "geometry": {
        "type": "Point",
        "coordinates": [
          11.6471,
          47.122
        ]
      },
      "properties": {
        "icao24": "406696",
        "callsign": "TOM86D",
        "origin_country": "United Kingdom",
        "time_position": 1783869589,
        "last_contact": 1783869589,
        "baro_altitude": 11277.6,
        "on_ground": false,
        "velocity": 251.82,
        "true_track": 104.92,
        "vertical_rate": 0,
        "geo_altitude": 11780.52,
        "squawk": "0511",
        "spi": false,
        "position_source": 0
      }
    },
    {
      "type": "Feature",
      "geometry": {
        "type": "Point",
        "coordinates": [
          8.7306,
          45.6115
        ]
      },
      "properties": {
        "icao24": "40666c",
        "callsign": "EZY27XH",
        "origin_country": "United Kingdom",
        "time_position": 1783869588,
        "last_contact": 1783869588,
        "baro_altitude": null,
        "on_ground": true,
        "velocity": 0,
        "true_track": 222.19,
        "vertical_rate": null,
        "geo_altitude": null,
        "squawk": null,
        "spi": false,
        "position_source": 0
      }
    },
    {
      "type": "Feature",
      "geometry": {
        "type": "Point",
        "coordinates": [
          13.7712,
          41.0007
        ]
      },
      "properties": {
        "icao24": "471a7b",
        "callsign": "FRF500",
        "origin_country": "Hungary",
        "time_position": 1783869590,
        "last_contact": 1783869590,
        "baro_altitude": 7315.2,
        "on_ground": false,
        "velocity": 127.58,
        "true_track": 270.23,
        "vertical_rate": 0,
        "geo_altitude": 7741.92,
        "squawk": "2034",
        "spi": false,
        "position_source": 0
      }
    },
    {
      "type": "Feature",
      "geometry": {
        "type": "Point",
        "coordinates": [
          10.605,
          45.4148
        ]
      },
      "properties": {
        "icao24": "3009fd",
        "callsign": "ICNTM",
        "origin_country": "Italy",
        "time_position": 1783869541,
        "last_contact": 1783869542,
        "baro_altitude": 899.16,
        "on_ground": false,
        "velocity": 62.41,
        "true_track": 299.1,
        "vertical_rate": 0,
        "geo_altitude": 1013.46,
        "squawk": "6341",
        "spi": false,
        "position_source": 0
      }
    },
    {
      "type": "Feature",
      "geometry": {
        "type": "Point",
        "coordinates": [
          14.3213,
          46.7899
        ]
      },
      "properties": {
        "icao24": "471a79",
        "callsign": "HAKAR",
        "origin_country": "Hungary",
        "time_position": 1783869590,
        "last_contact": 1783869590,
        "baro_altitude": 10965.18,
        "on_ground": false,
        "velocity": 155.05,
        "true_track": 291.2,
        "vertical_rate": 0,
        "geo_altitude": 11430,
        "squawk": "1336",
        "spi": false,
        "position_source": 0
      }
    },
    {
      "type": "Feature",
      "geometry": {
        "type": "Point",
        "coordinates": [
          18.9986,
          35.4213
        ]
      },
      "properties": {
        "icao24": "89667d",
        "callsign": "UAE143",
        "origin_country": "United Arab Emirates",
        "time_position": 1783869558,
        "last_contact": 1783869558,
        "baro_altitude": 12192,
        "on_ground": false,
        "velocity": 238.26,
        "true_track": 282.6,
        "vertical_rate": 0,
        "geo_altitude": 12915.9,
        "squawk": null,
        "spi": false,
        "position_source": 0
      }
    },
    {
      "type": "Feature",
      "geometry": {
        "type": "Point",
        "coordinates": [
          16.286,
          38.329
        ]
      },
      "properties": {
        "icao24": "4c3c84",
        "callsign": "FUU121E",
        "origin_country": "Serbia",
        "time_position": 1783869589,
        "last_contact": 1783869590,
        "baro_altitude": 10363.2,
        "on_ground": false,
        "velocity": 208.04,
        "true_track": 263.75,
        "vertical_rate": -0.33,
        "geo_altitude": 10934.7,
        "squawk": null,
        "spi": false,
        "position_source": 0
      }
    },
    {
      "type": "Feature",
      "geometry": {
        "type": "Point",
        "coordinates": [
          18.3338,
          42.1384
        ]
      },
      "properties": {
        "icao24": "4d00ed",
        "callsign": "LGL85HK",
        "origin_country": "Luxembourg",
        "time_position": 1783869590,
        "last_contact": 1783869590,
        "baro_altitude": 11887.2,
        "on_ground": false,
        "velocity": 248.87,
        "true_track": 130.47,
        "vertical_rate": -0.33,
        "geo_altitude": 12458.7,
        "squawk": "3507",
        "spi": false,
        "position_source": 0
      }
    },
    {
      "type": "Feature",
      "geometry": {
        "type": "Point",
        "coordinates": [
          8.726,
          45.6109
        ]
      },
      "properties": {
        "icao24": "4d00d5",
        "callsign": "LGL96MC",
        "origin_country": "Luxembourg",
        "time_position": 1783869589,
        "last_contact": 1783869589,
        "baro_altitude": null,
        "on_ground": true,
        "velocity": 2.31,
        "true_track": 135,
        "vertical_rate": null,
        "geo_altitude": null,
        "squawk": null,
        "spi": false,
        "position_source": 0
      }
    },
    {
      "type": "Feature",
      "geometry": {
        "type": "Point",
        "coordinates": [
          6.0596,
          47.5287
        ]
      },
      "properties": {
        "icao24": "4d00d9",
        "callsign": "LGL8366",
        "origin_country": "Luxembourg",
        "time_position": 1783869590,
        "last_contact": 1783869590,
        "baro_altitude": 7315.2,
        "on_ground": false,
        "velocity": 165.14,
        "true_track": 0,
        "vertical_rate": 0,
        "geo_altitude": 7772.4,
        "squawk": "1000",
        "spi": false,
        "position_source": 0
      }
    },
    {
      "type": "Feature",
      "geometry": {
        "type": "Point",
        "coordinates": [
          8.314,
          44.882
        ]
      },
      "properties": {
        "icao24": "4d00f3",
        "callsign": "LGL6558",
        "origin_country": "Luxembourg",
        "time_position": 1783869590,
        "last_contact": 1783869590,
        "baro_altitude": 10972.8,
        "on_ground": false,
        "velocity": 210.41,
        "true_track": 323.55,
        "vertical_rate": 0,
        "geo_altitude": 11529.06,
        "squawk": "1000",
        "spi": false,
        "position_source": 0
      }
    },
    {
      "type": "Feature",
      "geometry": {
        "type": "Point",
        "coordinates": [
          6.7807,
          44.8182
        ]
      },
      "properties": {
        "icao24": "4d00dc",
        "callsign": "LGL8244",
        "origin_country": "Luxembourg",
        "time_position": 1783869590,
        "last_contact": 1783869590,
        "baro_altitude": 9144,
        "on_ground": false,
        "velocity": 223.19,
        "true_track": 350.58,
        "vertical_rate": 0,
        "geo_altitude": 9669.78,
        "squawk": "1000",
        "spi": false,
        "position_source": 0
      }
    },
    {
      "type": "Feature",
      "geometry": {
        "type": "Point",
        "coordinates": [
          17.7245,
          44.2074
        ]
      },
      "properties": {
        "icao24": "4b9856",
        "callsign": "FHY8115",
        "origin_country": "Turkey",
        "time_position": 1783869590,
        "last_contact": 1783869590,
        "baro_altitude": 10668,
        "on_ground": false,
        "velocity": 251.09,
        "true_track": 129.43,
        "vertical_rate": 0.33,
        "geo_altitude": 11140.44,
        "squawk": "0106",
        "spi": false,
        "position_source": 0
      }
    },
    {
      "type": "Feature",
      "geometry": {
        "type": "Point",
        "coordinates": [
          7.5114,
          46.8373
        ]
      },
      "properties": {
        "icao24": "4b1bc5",
        "callsign": "HBKNL",
        "origin_country": "Switzerland",
        "time_position": 1783869589,
        "last_contact": 1783869589,
        "baro_altitude": 1059.18,
        "on_ground": false,
        "velocity": 48.66,
        "true_track": 340.22,
        "vertical_rate": -2.28,
        "geo_altitude": 1181.1,
        "squawk": "7000",
        "spi": false,
        "position_source": 0
      }
    },
    {
      "type": "Feature",
      "geometry": {
        "type": "Point",
        "coordinates": [
          10.8097,
          44.3113
        ]
      },
      "properties": {
        "icao24": "4b1bc2",
        "callsign": "HBKNI",
        "origin_country": "Switzerland",
        "time_position": 1783869417,
        "last_contact": 1783869417,
        "baro_altitude": 845.82,
        "on_ground": false,
        "velocity": 38.08,
        "true_track": 178.45,
        "vertical_rate": 0.33,
        "geo_altitude": 1005.84,
        "squawk": "2137",
        "spi": false,
        "position_source": 0
      }
    },
    {
      "type": "Feature",
      "geometry": {
        "type": "Point",
        "coordinates": [
          17.9913,
          47.1923
        ]
      },
      "properties": {
        "icao24": "4bcd86",
        "callsign": "SXS6VE",
        "origin_country": "Turkey",
        "time_position": 1783869590,
        "last_contact": 1783869590,
        "baro_altitude": 11582.4,
        "on_ground": false,
        "velocity": 214.9,
        "true_track": 317.91,
        "vertical_rate": 0.33,
        "geo_altitude": 11993.88,
        "squawk": "3206",
        "spi": false,
        "position_source": 0
      }
    },
    {
      "type": "Feature",
      "geometry": {
        "type": "Point",
        "coordinates": [
          7.4007,
          39.6702
        ]
      },
      "properties": {
        "icao24": "49d3ac",
        "callsign": "BOH711",
        "origin_country": "Czech Republic",
        "time_position": 1783869589,
        "last_contact": 1783869590,
        "baro_altitude": 11582.4,
        "on_ground": false,
        "velocity": 245.39,
        "true_track": 86.27,
        "vertical_rate": 0,
        "geo_altitude": 12245.34,
        "squawk": "1442",
        "spi": false,
        "position_source": 0
      }
    },
    {
      "type": "Feature",
      "geometry": {
        "type": "Point",
        "coordinates": [
          12.2084,
          42.4376
        ]
      },
      "properties": {
        "icao24": "49d3d4",
        "callsign": "TVS2QZ",
        "origin_country": "Czech Republic",
        "time_position": 1783869589,
        "last_contact": 1783869589,
        "baro_altitude": 2354.58,
        "on_ground": false,
        "velocity": 168.29,
        "true_track": 181.58,
        "vertical_rate": -3.25,
        "geo_altitude": 2560.32,
        "squawk": "1000",
        "spi": false,
        "position_source": 0
      }
    },
    {
      "type": "Feature",
      "geometry": {
        "type": "Point",
        "coordinates": [
          17.9231,
          47.6345
        ]
      },
      "properties": {
        "icao24": "406f76",
        "callsign": "BAW168",
        "origin_country": "United Kingdom",
        "time_position": 1783869590,
        "last_contact": 1783869590,
        "baro_altitude": 12184.38,
        "on_ground": false,
        "velocity": 236.64,
        "true_track": 290.09,
        "vertical_rate": 0.33,
        "geo_altitude": 12611.1,
        "squawk": "5642",
        "spi": false,
        "position_source": 0
      }
    },
    {
      "type": "Feature",
      "geometry": {
        "type": "Point",
        "coordinates": [
          12.7819,
          45.2064
        ]
      },
      "properties": {
        "icao24": "406f79",
        "callsign": "BAW60",
        "origin_country": "United Kingdom",
        "time_position": 1783869590,
        "last_contact": 1783869590,
        "baro_altitude": 12192,
        "on_ground": false,
        "velocity": 236.58,
        "true_track": 305.8,
        "vertical_rate": 0,
        "geo_altitude": 12748.26,
        "squawk": "2032",
        "spi": false,
        "position_source": 0
      }
    },
    {
      "type": "Feature",
      "geometry": {
        "type": "Point",
        "coordinates": [
          18.0418,
          47.7652
        ]
      },
      "properties": {
        "icao24": "49d3fa",
        "callsign": "TVQ6121",
        "origin_country": "Czech Republic",
        "time_position": 1783869590,
        "last_contact": 1783869590,
        "baro_altitude": 3268.98,
        "on_ground": false,
        "velocity": 136.99,
        "true_track": 302.74,
        "vertical_rate": -5.2,
        "geo_altitude": 3436.62,
        "squawk": "5310",
        "spi": false,
        "position_source": 0
      }
    },
    {
      "type": "Feature",
      "geometry": {
        "type": "Point",
        "coordinates": [
          9.5361,
          45.4345
        ]
      },
      "properties": {
        "icao24": "502daa",
        "callsign": "AFR34ZZ",
        "origin_country": "Latvia",
        "time_position": 1783869590,
        "last_contact": 1783869590,
        "baro_altitude": 8877.3,
        "on_ground": false,
        "velocity": 249.18,
        "true_track": 140.36,
        "vertical_rate": -10.08,
        "geo_altitude": 9372.6,
        "squawk": "1000",
        "spi": false,
        "position_source": 0
      }
    },
    {
      "type": "Feature",
      "geometry": {
        "type": "Point",
        "coordinates": [
          17.9258,
          45.516
        ]
      },
      "properties": {
        "icao24": "502db4",
        "callsign": "SWR868L",
        "origin_country": "Latvia",
        "time_position": 1783869590,
        "last_contact": 1783869590,
        "baro_altitude": 10363.2,
        "on_ground": false,
        "velocity": 194.54,
        "true_track": 293.04,
        "vertical_rate": 0,
        "geo_altitude": 10789.92,
        "squawk": "6111",
        "spi": false,
        "position_source": 0
      }
    },
    {
      "type": "Feature",
      "geometry": {
        "type": "Point",
        "coordinates": [
          12.6873,
          40.669
        ]
      },
      "properties": {
        "icao24": "4ca566",
        "callsign": "RYR8WW",
        "origin_country": "Ireland",
        "time_position": 1783869590,
        "last_contact": 1783869590,
        "baro_altitude": 11277.6,
        "on_ground": false,
        "velocity": 252.66,
        "true_track": 137.31,
        "vertical_rate": 0,
        "geo_altitude": 11864.34,
        "squawk": "0002",
        "spi": false,
        "position_source": 0
      }
    },
    {
      "type": "Feature",
      "geometry": {
        "type": "Point",
        "coordinates": [
          13.3444,
          38.5304
        ]
      },
      "properties": {
        "icao24": "49d590",
        "callsign": "AAO57",
        "origin_country": "Czech Republic",
        "time_position": 1783869586,
        "last_contact": 1783869586,
        "baro_altitude": 4861.56,
        "on_ground": false,
        "velocity": 86.1,
        "true_track": 20.28,
        "vertical_rate": 7.15,
        "geo_altitude": 5113.02,
        "squawk": null,
        "spi": false,
        "position_source": 0
      }
    },
    {
      "type": "Feature",
      "geometry": {
        "type": "Point",
        "coordinates": [
          11.0846,
          41.4777
        ]
      },
      "properties": {
        "icao24": "49d57b",
        "callsign": "AAO58",
        "origin_country": "Czech Republic",
        "time_position": 1783869589,
        "last_contact": 1783869589,
        "baro_altitude": 5486.4,
        "on_ground": false,
        "velocity": 141.1,
        "true_track": 68.39,
        "vertical_rate": 0,
        "geo_altitude": 5852.16,
        "squawk": null,
        "spi": false,
        "position_source": 0
      }
    },
    {
      "type": "Feature",
      "geometry": {
        "type": "Point",
        "coordinates": [
          9.5724,
          45.4193
        ]
      },
      "properties": {
        "icao24": "49d57a",
        "callsign": "OKNOW",
        "origin_country": "Czech Republic",
        "time_position": 1783869590,
        "last_contact": 1783869590,
        "baro_altitude": 594.36,
        "on_ground": false,
        "velocity": 91.12,
        "true_track": 332.42,
        "vertical_rate": 0,
        "geo_altitude": 670.56,
        "squawk": "5167",
        "spi": false,
        "position_source": 0
      }
    },
    {
      "type": "Feature",
      "geometry": {
        "type": "Point",
        "coordinates": [
          10.4661,
          41.1032
        ]
      },
      "properties": {
        "icao24": "34134e",
        "callsign": "IBE06ZM",
        "origin_country": "Spain",
        "time_position": 1783869585,
        "last_contact": 1783869589,
        "baro_altitude": 7475.22,
        "on_ground": false,
        "velocity": 215.08,
        "true_track": 250.87,
        "vertical_rate": 7.15,
        "geo_altitude": 7940.04,
        "squawk": null,
        "spi": false,
        "position_source": 0
      }
    },
    {
      "type": "Feature",
      "geometry": {
        "type": "Point",
        "coordinates": [
          8.5287,
          47.4875
        ]
      },
      "properties": {
        "icao24": "06a3cf",
        "callsign": "QAF9",
        "origin_country": "Qatar",
        "time_position": 1783869590,
        "last_contact": 1783869590,
        "baro_altitude": 426.72,
        "on_ground": false,
        "velocity": 68.8,
        "true_track": 137.12,
        "vertical_rate": -3.9,
        "geo_altitude": 533.4,
        "squawk": "1000",
        "spi": false,
        "position_source": 0
      }
    },
    {
      "type": "Feature",
      "geometry": {
        "type": "Point",
        "coordinates": [
          17.8993,
          39.0011
        ]
      },
      "properties": {
        "icao24": "4ba9ea",
        "callsign": "THY575",
        "origin_country": "Turkey",
        "time_position": 1783869590,
        "last_contact": 1783869590,
        "baro_altitude": 10668,
        "on_ground": false,
        "velocity": 241.5,
        "true_track": 208.64,
        "vertical_rate": -0.33,
        "geo_altitude": 11224.26,
        "squawk": "2312",
        "spi": false,
        "position_source": 0
      }
    },
    {
      "type": "Feature",
      "geometry": {
        "type": "Point",
        "coordinates": [
          15.3848,
          47.7964
        ]
      },
      "properties": {
        "icao24": "4ba9ce",
        "callsign": "THY1634",
        "origin_country": "Turkey",
        "time_position": 1783869590,
        "last_contact": 1783869590,
        "baro_altitude": 10561.32,
        "on_ground": false,
        "velocity": 257.64,
        "true_track": 113.29,
        "vertical_rate": 6.5,
        "geo_altitude": 10995.66,
        "squawk": "5567",
        "spi": false,
        "position_source": 0
      }
    },
    {
      "type": "Feature",
      "geometry": {
        "type": "Point",
        "coordinates": [
          8.8991,
          45.536
        ]
      },
      "properties": {
        "icao24": "502d24",
        "callsign": "BTI629",
        "origin_country": "Latvia",
        "time_position": 1783869590,
        "last_contact": 1783869590,
        "baro_altitude": 2735.58,
        "on_ground": false,
        "velocity": 150.33,
        "true_track": 169.15,
        "vertical_rate": -9.43,
        "geo_altitude": 2948.94,
        "squawk": "1000",
        "spi": false,
        "position_source": 0
      }
    },
    {
      "type": "Feature",
      "geometry": {
        "type": "Point",
        "coordinates": [
          8.539,
          47.4755
        ]
      },
      "properties": {
        "icao24": "502d0c",
        "callsign": "SWR374P",
        "origin_country": "Latvia",
        "time_position": 1783869582,
        "last_contact": 1783869590,
        "baro_altitude": 373.38,
        "on_ground": true,
        "velocity": 0,
        "true_track": 334.69,
        "vertical_rate": null,
        "geo_altitude": null,
        "squawk": "1000",
        "spi": false,
        "position_source": 0
      }
    },
    {
      "type": "Feature",
      "geometry": {
        "type": "Point",
        "coordinates": [
          7.8253,
          44.3464
        ]
      },
      "properties": {
        "icao24": "502d29",
        "callsign": "DLH77M",
        "origin_country": "Latvia",
        "time_position": 1783869589,
        "last_contact": 1783869589,
        "baro_altitude": 10668,
        "on_ground": false,
        "velocity": 227.85,
        "true_track": 215.63,
        "vertical_rate": 0,
        "geo_altitude": 11239.5,
        "squawk": "1000",
        "spi": false,
        "position_source": 0
      }
    },
    {
      "type": "Feature",
      "geometry": {
        "type": "Point",
        "coordinates": [
          16.539,
          46.1245
        ]
      },
      "properties": {
        "icao24": "44d1a1",
        "callsign": "TFL7MV",
        "origin_country": "Belgium",
        "time_position": 1783869589,
        "last_contact": 1783869590,
        "baro_altitude": 11887.2,
        "on_ground": false,
        "velocity": 263.37,
        "true_track": 135.32,
        "vertical_rate": 0.65,
        "geo_altitude": 12352.02,
        "squawk": "0157",
        "spi": false,
        "position_source": 0
      }
    },
    {
      "type": "Feature",
      "geometry": {
        "type": "Point",
        "coordinates": [
          13.926,
          47.7157
        ]
      },
      "properties": {
        "icao24": "502d5f",
        "callsign": "BTI26R",
        "origin_country": "Latvia",
        "time_position": 1783869590,
        "last_contact": 1783869590,
        "baro_altitude": 11277.6,
        "on_ground": false,
        "velocity": 234.7,
        "true_track": 58.26,
        "vertical_rate": -0.33,
        "geo_altitude": 11750.04,
        "squawk": "1000",
        "spi": false,
        "position_source": 0
      }
    },
    {
      "type": "Feature",
      "geometry": {
        "type": "Point",
        "coordinates": [
          7.081,
          47.7254
        ]
      },
      "properties": {
        "icao24": "502d5b",
        "callsign": "SWR3YL",
        "origin_country": "Latvia",
        "time_position": 1783869590,
        "last_contact": 1783869590,
        "baro_altitude": 6827.52,
        "on_ground": false,
        "velocity": 219.63,
        "true_track": 108.01,
        "vertical_rate": -10.4,
        "geo_altitude": 7254.24,
        "squawk": "7301",
        "spi": false,
        "position_source": 0
      }
    },
    {
      "type": "Feature",
      "geometry": {
        "type": "Point",
        "coordinates": [
          11.1624,
          46.6636
        ]
      },
      "properties": {
        "icao24": "3ce686",
        "callsign": "PTN37A",
        "origin_country": "Germany",
        "time_position": 1783869590,
        "last_contact": 1783869590,
        "baro_altitude": 10363.2,
        "on_ground": false,
        "velocity": 194.89,
        "true_track": 341.37,
        "vertical_rate": 0,
        "geo_altitude": 10881.36,
        "squawk": "1000",
        "spi": false,
        "position_source": 0
      }
    },
    {
      "type": "Feature",
      "geometry": {
        "type": "Point",
        "coordinates": [
          10.3756,
          45.8339
        ]
      },
      "properties": {
        "icao24": "3cc006",
        "callsign": "IJM45G",
        "origin_country": "Germany",
        "time_position": 1783869589,
        "last_contact": 1783869590,
        "baro_altitude": 13716,
        "on_ground": false,
        "velocity": 227.11,
        "true_track": 229.96,
        "vertical_rate": 0,
        "geo_altitude": 14325.6,
        "squawk": "1335",
        "spi": false,
        "position_source": 0
      }
    },
    {
      "type": "Feature",
      "geometry": {
        "type": "Point",
        "coordinates": [
          16.1606,
          43.5778
        ]
      },
      "properties": {
        "icao24": "485209",
        "callsign": "TRA62H",
        "origin_country": "Kingdom of the Netherlands",
        "time_position": 1783869586,
        "last_contact": 1783869590,
        "baro_altitude": 11277.6,
        "on_ground": false,
        "velocity": 246.93,
        "true_track": 152.05,
        "vertical_rate": 0,
        "geo_altitude": 11795.76,
        "squawk": "0140",
        "spi": false,
        "position_source": 0
      }
    },
    {
      "type": "Feature",
      "geometry": {
        "type": "Point",
        "coordinates": [
          12.5378,
          43.1545
        ]
      },
      "properties": {
        "icao24": "3cf8be",
        "callsign": "PTN81T",
        "origin_country": "Germany",
        "time_position": 1783869590,
        "last_contact": 1783869590,
        "baro_altitude": 9753.6,
        "on_ground": false,
        "velocity": 205.37,
        "true_track": 271.87,
        "vertical_rate": 0,
        "geo_altitude": 10287,
        "squawk": "1000",
        "spi": false,
        "position_source": 0
      }
    },
    {
      "type": "Feature",
      "geometry": {
        "type": "Point",
        "coordinates": [
          18.9555,
          45.1723
        ]
      },
      "properties": {
        "icao24": "502cc8",
        "callsign": "ASL60L",
        "origin_country": "Latvia",
        "time_position": 1783869589,
        "last_contact": 1783869589,
        "baro_altitude": 7498.08,
        "on_ground": false,
        "velocity": 183.85,
        "true_track": 297.5,
        "vertical_rate": 6.5,
        "geo_altitude": 7848.6,
        "squawk": "7232",
        "spi": false,
        "position_source": 0
      }
    },
    {
      "type": "Feature",
      "geometry": {
        "type": "Point",
        "coordinates": [
          7.1431,
          40.2697
        ]
      },
      "properties": {
        "icao24": "040103",
        "callsign": "DRC098",
        "origin_country": "Ethiopia",
        "time_position": 1783869590,
        "last_contact": 1783869590,
        "baro_altitude": 11574.78,
        "on_ground": false,
        "velocity": 235.09,
        "true_track": 3.76,
        "vertical_rate": -0.33,
        "geo_altitude": 12252.96,
        "squawk": null,
        "spi": false,
        "position_source": 0
      }
    },
    {
      "type": "Feature",
      "geometry": {
        "type": "Point",
        "coordinates": [
          14.0703,
          46.2681
        ]
      },
      "properties": {
        "icao24": "502d7c",
        "callsign": "SWR2275",
        "origin_country": "Latvia",
        "time_position": 1783869589,
        "last_contact": 1783869589,
        "baro_altitude": 4808.22,
        "on_ground": false,
        "velocity": 167.94,
        "true_track": 289.88,
        "vertical_rate": 10.08,
        "geo_altitude": 5090.16,
        "squawk": "1000",
        "spi": false,
        "position_source": 0
      }
    },
    {
      "type": "Feature",
      "geometry": {
        "type": "Point",
        "coordinates": [
          9.683,
          46.872
        ]
      },
      "properties": {
        "icao24": "502d7d",
        "callsign": "SWR3EC",
        "origin_country": "Latvia",
        "time_position": 1783869590,
        "last_contact": 1783869590,
        "baro_altitude": 7360.92,
        "on_ground": false,
        "velocity": 217.36,
        "true_track": 147.66,
        "vertical_rate": 6.5,
        "geo_altitude": 7795.26,
        "squawk": "1000",
        "spi": false,
        "position_source": 0
      }
    },
    {
      "type": "Feature",
      "geometry": {
        "type": "Point",
        "coordinates": [
          10.419,
          46.9134
        ]
      },
      "properties": {
        "icao24": "3e6c83",
        "callsign": "DKGHF",
        "origin_country": "Germany",
        "time_position": 1783869590,
        "last_contact": 1783869590,
        "baro_altitude": 3718.56,
        "on_ground": false,
        "velocity": 51.76,
        "true_track": 79.7,
        "vertical_rate": -0.33,
        "geo_altitude": 4000.5,
        "squawk": null,
        "spi": false,
        "position_source": 0
      }
    },
    {
      "type": "Feature",
      "geometry": {
        "type": "Point",
        "coordinates": [
          14.0417,
          46.3103
        ]
      },
      "properties": {
        "icao24": "407fad",
        "callsign": "TOM34G",
        "origin_country": "United Kingdom",
        "time_position": 1783869590,
        "last_contact": 1783869590,
        "baro_altitude": 11277.6,
        "on_ground": false,
        "velocity": 255.79,
        "true_track": 136.22,
        "vertical_rate": -0.33,
        "geo_altitude": 11765.28,
        "squawk": "0505",
        "spi": false,
        "position_source": 0
      }
    },
    {
      "type": "Feature",
      "geometry": {
        "type": "Point",
        "coordinates": [
          11.4298,
          45.4874
        ]
      },
      "properties": {
        "icao24": "39bdac",
        "callsign": "AFR1226",
        "origin_country": "France",
        "time_position": 1783869589,
        "last_contact": 1783869590,
        "baro_altitude": 3802.38,
        "on_ground": false,
        "velocity": 175.49,
        "true_track": 137.38,
        "vertical_rate": -7.48,
        "geo_altitude": 4069.08,
        "squawk": "1000",
        "spi": false,
        "position_source": 0
      }
    },
    {
      "type": "Feature",
      "geometry": {
        "type": "Point",
        "coordinates": [
          6.0946,
          46.2283
        ]
      },
      "properties": {
        "icao24": "39bda7",
        "callsign": "AFR97DR",
        "origin_country": "France",
        "time_position": 1783869435,
        "last_contact": 1783869435,
        "baro_altitude": 411.48,
        "on_ground": false,
        "velocity": 67.3,
        "true_track": 45.31,
        "vertical_rate": -2.6,
        "geo_altitude": 541.02,
        "squawk": "1000",
        "spi": false,
        "position_source": 0
      }
    },
    {
      "type": "Feature",
      "geometry": {
        "type": "Point",
        "coordinates": [
          10.6742,
          46.1826
        ]
      },
      "properties": {
        "icao24": "406d7b",
        "callsign": "BAW198",
        "origin_country": "United Kingdom",
        "time_position": 1783869590,
        "last_contact": 1783869590,
        "baro_altitude": 12192,
        "on_ground": false,
        "velocity": 237.16,
        "true_track": 304.48,
        "vertical_rate": 0,
        "geo_altitude": 12755.88,
        "squawk": "2055",
        "spi": false,
        "position_source": 0
      }
    },
    {
      "type": "Feature",
      "geometry": {
        "type": "Point",
        "coordinates": [
          13.5891,
          45.256
        ]
      },
      "properties": {
        "icao24": "405a49",
        "callsign": "BAW32T",
        "origin_country": "United Kingdom",
        "time_position": 1783869590,
        "last_contact": 1783869590,
        "baro_altitude": 10660.38,
        "on_ground": false,
        "velocity": 252.31,
        "true_track": 137.4,
        "vertical_rate": -0.33,
        "geo_altitude": 11148.06,
        "squawk": "3474",
        "spi": false,
        "position_source": 0
      }
    },
    {
      "type": "Feature",
      "geometry": {
        "type": "Point",
        "coordinates": [
          11.1458,
          47.5523
        ]
      },
      "properties": {
        "icao24": "3e1207",
        "callsign": "CHX74",
        "origin_country": "Germany",
        "time_position": 1783869387,
        "last_contact": 1783869387,
        "baro_altitude": 891.54,
        "on_ground": false,
        "velocity": 56.5,
        "true_track": 33.11,
        "vertical_rate": 0.65,
        "geo_altitude": 1021.08,
        "squawk": null,
        "spi": false,
        "position_source": 0
      }
    },
    {
      "type": "Feature",
      "geometry": {
        "type": "Point",
        "coordinates": [
          7.8746,
          46.6808
        ]
      },
      "properties": {
        "icao24": "4b3300",
        "callsign": "RGA17",
        "origin_country": "Switzerland",
        "time_position": 1783869589,
        "last_contact": 1783869589,
        "baro_altitude": 899.16,
        "on_ground": false,
        "velocity": 67.79,
        "true_track": 237.4,
        "vertical_rate": -2.28,
        "geo_altitude": 1013.46,
        "squawk": null,
        "spi": false,
        "position_source": 0
      }
    },
    {
      "type": "Feature",
      "geometry": {
        "type": "Point",
        "coordinates": [
          6.6034,
          46.0391
        ]
      },
      "properties": {
        "icao24": "4ba934",
        "callsign": "THY33C",
        "origin_country": "Turkey",
        "time_position": 1783869590,
        "last_contact": 1783869590,
        "baro_altitude": 4960.62,
        "on_ground": false,
        "velocity": 184.96,
        "true_track": 293.78,
        "vertical_rate": -7.15,
        "geo_altitude": 5318.76,
        "squawk": "3225",
        "spi": false,
        "position_source": 0
      }
    },
    {
      "type": "Feature",
      "geometry": {
        "type": "Point",
        "coordinates": [
          11.2812,
          45.0351
        ]
      },
      "properties": {
        "icao24": "44083c",
        "callsign": "EJU41EG",
        "origin_country": "Austria",
        "time_position": 1783869590,
        "last_contact": 1783869590,
        "baro_altitude": 11590.02,
        "on_ground": false,
        "velocity": 212.01,
        "true_track": 290.9,
        "vertical_rate": 0,
        "geo_altitude": 12131.04,
        "squawk": "3732",
        "spi": false,
        "position_source": 0
      }
    },
    {
      "type": "Feature",
      "geometry": {
        "type": "Point",
        "coordinates": [
          8.8401,
          42.9468
        ]
      },
      "properties": {
        "icao24": "4ca303",
        "callsign": "RYR945",
        "origin_country": "Ireland",
        "time_position": 1783869589,
        "last_contact": 1783869589,
        "baro_altitude": 9144,
        "on_ground": false,
        "velocity": 211.71,
        "true_track": 280.22,
        "vertical_rate": 0,
        "geo_altitude": 9669.78,
        "squawk": "1000",
        "spi": false,
        "position_source": 0
      }
    },
    {
      "type": "Feature",
      "geometry": {
        "type": "Point",
        "coordinates": [
          10.8105,
          45.5252
        ]
      },
      "properties": {
        "icao24": "440834",
        "callsign": "GCK18",
        "origin_country": "Austria",
        "time_position": 1783869589,
        "last_contact": 1783869589,
        "baro_altitude": 12184.38,
        "on_ground": false,
        "velocity": 254.43,
        "true_track": 55.38,
        "vertical_rate": 0,
        "geo_altitude": 12763.5,
        "squawk": "1000",
        "spi": false,
        "position_source": 0
      }
    },
    {
      "type": "Feature",
      "geometry": {
        "type": "Point",
        "coordinates": [
          10.6312,
          42.8626
        ]
      },
      "properties": {
        "icao24": "49d365",
        "callsign": "TVS2GH",
        "origin_country": "Czech Republic",
        "time_position": 1783869590,
        "last_contact": 1783869590,
        "baro_altitude": 10972.8,
        "on_ground": false,
        "velocity": 219.13,
        "true_track": 16.22,
        "vertical_rate": 0,
        "geo_altitude": 11536.68,
        "squawk": "1275",
        "spi": false,
        "position_source": 0
      }
    },
    {
      "type": "Feature",
      "geometry": {
        "type": "Point",
        "coordinates": [
          17.1569,
          43.0708
        ]
      },
      "properties": {
        "icao24": "407eb2",
        "callsign": "BAW399",
        "origin_country": "United Kingdom",
        "time_position": 1783869590,
        "last_contact": 1783869590,
        "baro_altitude": 11582.4,
        "on_ground": false,
        "velocity": 230.13,
        "true_track": 317.54,
        "vertical_rate": 0,
        "geo_altitude": 12146.28,
        "squawk": "6627",
        "spi": false,
        "position_source": 0
      }
    },
    {
      "type": "Feature",
      "geometry": {
        "type": "Point",
        "coordinates": [
          18.0223,
          47.639
        ]
      },
      "properties": {
        "icao24": "44081f",
        "callsign": "AUA74UD",
        "origin_country": "Austria",
        "time_position": 1783869590,
        "last_contact": 1783869590,
        "baro_altitude": 7269.48,
        "on_ground": false,
        "velocity": 200.8,
        "true_track": 287.14,
        "vertical_rate": -14.31,
        "geo_altitude": 7528.56,
        "squawk": "5607",
        "spi": false,
        "position_source": 0
      }
    },
    {
      "type": "Feature",
      "geometry": {
        "type": "Point",
        "coordinates": [
          10.7581,
          45.852
        ]
      },
      "properties": {
        "icao24": "49d38c",
        "callsign": "TVS49A",
        "origin_country": "Czech Republic",
        "time_position": 1783869590,
        "last_contact": 1783869590,
        "baro_altitude": 10363.2,
        "on_ground": false,
        "velocity": 239.37,
        "true_track": 45.52,
        "vertical_rate": 0,
        "geo_altitude": 10866.12,
        "squawk": "1000",
        "spi": false,
        "position_source": 0
      }
    },
    {
      "type": "Feature",
      "geometry": {
        "type": "Point",
        "coordinates": [
          6.0777,
          45.8506
        ]
      },
      "properties": {
        "icao24": "45ac32",
        "callsign": "SAS40A",
        "origin_country": "Denmark",
        "time_position": 1783869590,
        "last_contact": 1783869590,
        "baro_altitude": 11277.6,
        "on_ground": false,
        "velocity": 225.93,
        "true_track": 192.36,
        "vertical_rate": 0.33,
        "geo_altitude": 11856.72,
        "squawk": "0740",
        "spi": false,
        "position_source": 0
      }
    },
    {
      "type": "Feature",
      "geometry": {
        "type": "Point",
        "coordinates": [
          10.3335,
          46.6454
        ]
      },
      "properties": {
        "icao24": "74482c",
        "callsign": "RJA142",
        "origin_country": "Jordan",
        "time_position": 1783869590,
        "last_contact": 1783869590,
        "baro_altitude": 10058.4,
        "on_ground": false,
        "velocity": 257.21,
        "true_track": 129.64,
        "vertical_rate": 0,
        "geo_altitude": 10584.18,
        "squawk": "0107",
        "spi": false,
        "position_source": 0
      }
    },
    {
      "type": "Feature",
      "geometry": {
        "type": "Point",
        "coordinates": [
          18.1169,
          40.6507
        ]
      },
      "properties": {
        "icao24": "74482a",
        "callsign": "RJA126",
        "origin_country": "Jordan",
        "time_position": 1783869589,
        "last_contact": 1783869589,
        "baro_altitude": 10675.62,
        "on_ground": false,
        "velocity": 252.38,
        "true_track": 153.23,
        "vertical_rate": 0.33,
        "geo_altitude": 11216.64,
        "squawk": "6056",
        "spi": false,
        "position_source": 0
      }
    },
    {
      "type": "Feature",
      "geometry": {
        "type": "Point",
        "coordinates": [
          13.552,
          44.2806
        ]
      },
      "properties": {
        "icao24": "744829",
        "callsign": "RJA118",
        "origin_country": "Jordan",
        "time_position": 1783869590,
        "last_contact": 1783869590,
        "baro_altitude": 10668,
        "on_ground": false,
        "velocity": 253.4,
        "true_track": 138.87,
        "vertical_rate": 0,
        "geo_altitude": 11186.16,
        "squawk": "0255",
        "spi": false,
        "position_source": 0
      }
    },
    {
      "type": "Feature",
      "geometry": {
        "type": "Point",
        "coordinates": [
          11.0654,
          46.8053
        ]
      },
      "properties": {
        "icao24": "744823",
        "callsign": "RJA152",
        "origin_country": "Jordan",
        "time_position": 1783869590,
        "last_contact": 1783869590,
        "baro_altitude": 10675.62,
        "on_ground": false,
        "velocity": 257.88,
        "true_track": 145.07,
        "vertical_rate": 0.33,
        "geo_altitude": 11193.78,
        "squawk": "0176",
        "spi": false,
        "position_source": 0
      }
    },
    {
      "type": "Feature",
      "geometry": {
        "type": "Point",
        "coordinates": [
          18.5197,
          39.8109
        ]
      },
      "properties": {
        "icao24": "406e69",
        "callsign": "EZY31ZL",
        "origin_country": "United Kingdom",
        "time_position": 1783869589,
        "last_contact": 1783869590,
        "baro_altitude": 11277.6,
        "on_ground": false,
        "velocity": 245.02,
        "true_track": 144.14,
        "vertical_rate": 0.33,
        "geo_altitude": 11871.96,
        "squawk": "7573",
        "spi": false,
        "position_source": 0
      }
    },
    {
      "type": "Feature",
      "geometry": {
        "type": "Point",
        "coordinates": [
          14.6846,
          41.2321
        ]
      },
      "properties": {
        "icao24": "4ca243",
        "callsign": "RYR5836",
        "origin_country": "Ireland",
        "time_position": 1783869590,
        "last_contact": 1783869590,
        "baro_altitude": 11277.6,
        "on_ground": false,
        "velocity": 246.18,
        "true_track": 155.95,
        "vertical_rate": 0,
        "geo_altitude": 11856.72,
        "squawk": "7430",
        "spi": false,
        "position_source": 0
      }
    },
    {
      "type": "Feature",
      "geometry": {
        "type": "Point",
        "coordinates": [
          13.8469,
          40.5206
        ]
      },
      "properties": {
        "icao24": "4ca242",
        "callsign": "RYR42XH",
        "origin_country": "Ireland",
        "time_position": 1783869582,
        "last_contact": 1783869582,
        "baro_altitude": 4914.9,
        "on_ground": false,
        "velocity": 207.9,
        "true_track": 271.42,
        "vertical_rate": 13,
        "geo_altitude": 5173.98,
        "squawk": null,
        "spi": false,
        "position_source": 0
      }
    },
    {
      "type": "Feature",
      "geometry": {
        "type": "Point",
        "coordinates": [
          8.028,
          46.6159
        ]
      },
      "properties": {
        "icao24": "4b3273",
        "callsign": "HBTCT",
        "origin_country": "Switzerland",
        "time_position": 1783869589,
        "last_contact": 1783869589,
        "baro_altitude": 2758.44,
        "on_ground": false,
        "velocity": 81.15,
        "true_track": 50.66,
        "vertical_rate": -3.9,
        "geo_altitude": 2956.56,
        "squawk": "7000",
        "spi": false,
        "position_source": 0
      }
    },
    {
      "type": "Feature",
      "geometry": {
        "type": "Point",
        "coordinates": [
          14.2351,
          44.7554
        ]
      },
      "properties": {
        "icao24": "407fea",
        "callsign": "WUK6SQ",
        "origin_country": "United Kingdom",
        "time_position": 1783869590,
        "last_contact": 1783869590,
        "baro_altitude": 10660.38,
        "on_ground": false,
        "velocity": 244.73,
        "true_track": 128.94,
        "vertical_rate": 0,
        "geo_altitude": 11170.92,
        "squawk": "3440",
        "spi": false,
        "position_source": 0
      }
    },
    {
      "type": "Feature",
      "geometry": {
        "type": "Point",
        "coordinates": [
          16.7926,
          42.3026
        ]
      },
      "properties": {
        "icao24": "407fca",
        "callsign": "BAW677",
        "origin_country": "United Kingdom",
        "time_position": 1783869589,
        "last_contact": 1783869589,
        "baro_altitude": 10988.04,
        "on_ground": false,
        "velocity": 221.52,
        "true_track": 318.2,
        "vertical_rate": 0,
        "geo_altitude": 11513.82,
        "squawk": null,
        "spi": false,
        "position_source": 0
      }
    },
    {
      "type": "Feature",
      "geometry": {
        "type": "Point",
        "coordinates": [
          14.0312,
          39.4222
        ]
      },
      "properties": {
        "icao24": "4ca216",
        "callsign": "EIN46P",
        "origin_country": "Ireland",
        "time_position": 1783869590,
        "last_contact": 1783869590,
        "baro_altitude": 10675.62,
        "on_ground": false,
        "velocity": 263.08,
        "true_track": 136.35,
        "vertical_rate": 0,
        "geo_altitude": 11269.98,
        "squawk": "5260",
        "spi": false,
        "position_source": 0
      }
    },
    {
      "type": "Feature",
      "geometry": {
        "type": "Point",
        "coordinates": [
          10.2519,
          44.2974
        ]
      },
      "properties": {
        "icao24": "44093e",
        "callsign": "EJU18NT",
        "origin_country": "Austria",
        "time_position": 1783869590,
        "last_contact": 1783869590,
        "baro_altitude": 9067.8,
        "on_ground": false,
        "velocity": 221.36,
        "true_track": 301.21,
        "vertical_rate": -5.2,
        "geo_altitude": 9585.96,
        "squawk": "2002",
        "spi": false,
        "position_source": 0
      }
    },
    {
      "type": "Feature",
      "geometry": {
        "type": "Point",
        "coordinates": [
          7.796,
          47.5608
        ]
      },
      "properties": {
        "icao24": "342582",
        "callsign": "VLG8BH",
        "origin_country": "Spain",
        "time_position": 1783869590,
        "last_contact": 1783869590,
        "baro_altitude": 10469.88,
        "on_ground": false,
        "velocity": 214.53,
        "true_track": 216.32,
        "vertical_rate": 3.9,
        "geo_altitude": 10980.42,
        "squawk": "2525",
        "spi": false,
        "position_source": 0
      }
    },
    {
      "type": "Feature",
      "geometry": {
        "type": "Point",
        "coordinates": [
          11.0557,
          46.4035
        ]
      },
      "properties": {
        "icao24": "4ca27a",
        "callsign": "RYR42UP",
        "origin_country": "Ireland",
        "time_position": 1783869590,
        "last_contact": 1783869590,
        "baro_altitude": 8557.26,
        "on_ground": false,
        "velocity": 230,
        "true_track": 241.26,
        "vertical_rate": -5.2,
        "geo_altitude": 9022.08,
        "squawk": "5545",
        "spi": false,
        "position_source": 0
      }
    },
    {
      "type": "Feature",
      "geometry": {
        "type": "Point",
        "coordinates": [
          16.4388,
          41.1047
        ]
      },
      "properties": {
        "icao24": "4ca27c",
        "callsign": "RYR95AT",
        "origin_country": "Ireland",
        "time_position": 1783869588,
        "last_contact": 1783869589,
        "baro_altitude": 1676.4,
        "on_ground": false,
        "velocity": 129.28,
        "true_track": 150.17,
        "vertical_rate": -7.8,
        "geo_altitude": 1836.42,
        "squawk": "1000",
        "spi": false,
        "position_source": 0
      }
    },
    {
      "type": "Feature",
      "geometry": {
        "type": "Point",
        "coordinates": [
          14.4672,
          46.1347
        ]
      },
      "properties": {
        "icao24": "49d276",
        "callsign": "TVQ6244",
        "origin_country": "Czech Republic",
        "time_position": 1783869590,
        "last_contact": 1783869590,
        "baro_altitude": 11582.4,
        "on_ground": false,
        "velocity": 215.92,
        "true_track": 275.19,
        "vertical_rate": 0.33,
        "geo_altitude": 12077.7,
        "squawk": "1000",
        "spi": false,
        "position_source": 0
      }
    },
    {
      "type": "Feature",
      "geometry": {
        "type": "Point",
        "coordinates": [
          12.4694,
          40.4755
        ]
      },
      "properties": {
        "icao24": "4ca264",
        "callsign": "RYR89MA",
        "origin_country": "Ireland",
        "time_position": 1783869590,
        "last_contact": 1783869590,
        "baro_altitude": 9822.18,
        "on_ground": false,
        "velocity": 222.78,
        "true_track": 270.79,
        "vertical_rate": 7.48,
        "geo_altitude": 10378.44,
        "squawk": null,
        "spi": false,
        "position_source": 0
      }
    },
    {
      "type": "Feature",
      "geometry": {
        "type": "Point",
        "coordinates": [
          12.7457,
          38.4449
        ]
      },
      "properties": {
        "icao24": "4ca24e",
        "callsign": "RYR5BC",
        "origin_country": "Ireland",
        "time_position": 1783869436,
        "last_contact": 1783869436,
        "baro_altitude": 2575.56,
        "on_ground": false,
        "velocity": 128.85,
        "true_track": 226.94,
        "vertical_rate": -6.5,
        "geo_altitude": 2804.16,
        "squawk": null,
        "spi": false,
        "position_source": 0
      }
    },
    {
      "type": "Feature",
      "geometry": {
        "type": "Point",
        "coordinates": [
          8.9786,
          40.9381
        ]
      },
      "properties": {
        "icao24": "4ca24c",
        "callsign": "RYR49TV",
        "origin_country": "Ireland",
        "time_position": 1783869590,
        "last_contact": 1783869590,
        "baro_altitude": 11650.98,
        "on_ground": false,
        "velocity": 247.01,
        "true_track": 70.28,
        "vertical_rate": -5.2,
        "geo_altitude": 12298.68,
        "squawk": "1000",
        "spi": false,
        "position_source": 0
      }
    },
    {
      "type": "Feature",
      "geometry": {
        "type": "Point",
        "coordinates": [
          17.2096,
          41.9624
        ]
      },
      "properties": {
        "icao24": "4ca256",
        "callsign": "RYR3AF",
        "origin_country": "Ireland",
        "time_position": 1783869589,
        "last_contact": 1783869589,
        "baro_altitude": 9227.82,
        "on_ground": false,
        "velocity": 225.86,
        "true_track": 320.55,
        "vertical_rate": 9.1,
        "geo_altitude": 9692.64,
        "squawk": null,
        "spi": false,
        "position_source": 0
      }
    },
    {
      "type": "Feature",
      "geometry": {
        "type": "Point",
        "coordinates": [
          16.722,
          44.4164
        ]
      },
      "properties": {
        "icao24": "407fff",
        "callsign": "EZY38TB",
        "origin_country": "United Kingdom",
        "time_position": 1783869588,
        "last_contact": 1783869589,
        "baro_altitude": 11285.22,
        "on_ground": false,
        "velocity": 252.62,
        "true_track": 144.95,
        "vertical_rate": 0,
        "geo_altitude": 11780.52,
        "squawk": "2235",
        "spi": false,
        "position_source": 0
      }
    },
    {
      "type": "Feature",
      "geometry": {
        "type": "Point",
        "coordinates": [
          8.7226,
          43.6424
        ]
      },
      "properties": {
        "icao24": "4ca25b",
        "callsign": "RYR1YV",
        "origin_country": "Ireland",
        "time_position": 1783869590,
        "last_contact": 1783869590,
        "baro_altitude": 11269.98,
        "on_ground": false,
        "velocity": 223.93,
        "true_track": 220.9,
        "vertical_rate": 0,
        "geo_altitude": 11864.34,
        "squawk": "1000",
        "spi": false,
        "position_source": 0
      }
    },
    {
      "type": "Feature",
      "geometry": {
        "type": "Point",
        "coordinates": [
          14.8799,
          46.0863
        ]
      },
      "properties": {
        "icao24": "406b84",
        "callsign": "EFW147P",
        "origin_country": "United Kingdom",
        "time_position": 1783869589,
        "last_contact": 1783869589,
        "baro_altitude": 10668,
        "on_ground": false,
        "velocity": 253.94,
        "true_track": 130.56,
        "vertical_rate": 0,
        "geo_altitude": 11155.68,
        "squawk": "4734",
        "spi": false,
        "position_source": 0
      }
    },
    {
      "type": "Feature",
      "geometry": {
        "type": "Point",
        "coordinates": [
          8.9663,
          41.6201
        ]
      },
      "properties": {
        "icao24": "406b6c",
        "callsign": "CFE12G",
        "origin_country": "United Kingdom",
        "time_position": 1783869589,
        "last_contact": 1783869589,
        "baro_altitude": 7071.36,
        "on_ground": false,
        "velocity": 197.75,
        "true_track": 330.03,
        "vertical_rate": 9.1,
        "geo_altitude": 7528.56,
        "squawk": null,
        "spi": false,
        "position_source": 0
      }
    },
    {
      "type": "Feature",
      "geometry": {
        "type": "Point",
        "coordinates": [
          14.8053,
          44.1813
        ]
      },
      "properties": {
        "icao24": "468e45",
        "callsign": "SEH8BR",
        "origin_country": "Greece",
        "time_position": 1783869590,
        "last_contact": 1783869590,
        "baro_altitude": 11574.78,
        "on_ground": false,
        "velocity": 216.23,
        "true_track": 318.96,
        "vertical_rate": 0.33,
        "geo_altitude": 12115.8,
        "squawk": "2026",
        "spi": false,
        "position_source": 0
      }
    },
    {
      "type": "Feature",
      "geometry": {
        "type": "Point",
        "coordinates": [
          14.494,
          35.8492
        ]
      },
      "properties": {
        "icao24": "4405b6",
        "callsign": "EJU51AM",
        "origin_country": "Austria",
        "time_position": 1783869290,
        "last_contact": 1783869297,
        "baro_altitude": null,
        "on_ground": true,
        "velocity": 0,
        "true_track": 0,
        "vertical_rate": null,
        "geo_altitude": null,
        "squawk": "0174",
        "spi": false,
        "position_source": 0
      }
    },
    {
      "type": "Feature",
      "geometry": {
        "type": "Point",
        "coordinates": [
          7.6334,
          43.178
        ]
      },
      "properties": {
        "icao24": "39ceb7",
        "callsign": "TVF48ZM",
        "origin_country": "France",
        "time_position": 1783869589,
        "last_contact": 1783869589,
        "baro_altitude": 10553.7,
        "on_ground": false,
        "velocity": 249.81,
        "true_track": 111.76,
        "vertical_rate": 5.85,
        "geo_altitude": 11148.06,
        "squawk": "5673",
        "spi": false,
        "position_source": 0
      }
    },
    {
      "type": "Feature",
      "geometry": {
        "type": "Point",
        "coordinates": [
          14.8319,
          44.2498
        ]
      },
      "properties": {
        "icao24": "47c98d",
        "callsign": "IGO56K",
        "origin_country": "Norway",
        "time_position": 1783869590,
        "last_contact": 1783869590,
        "baro_altitude": 11887.2,
        "on_ground": false,
        "velocity": 234.36,
        "true_track": 308.4,
        "vertical_rate": -0.33,
        "geo_altitude": 12443.46,
        "squawk": "7730",
        "spi": false,
        "position_source": 0
      }
    },
    {
      "type": "Feature",
      "geometry": {
        "type": "Point",
        "coordinates": [
          9.8147,
          45.5068
        ]
      },
      "properties": {
        "icao24": "7448a2",
        "callsign": "RJA104",
        "origin_country": "Jordan",
        "time_position": 1783869590,
        "last_contact": 1783869590,
        "baro_altitude": 6736.08,
        "on_ground": false,
        "velocity": 204.34,
        "true_track": 113.6,
        "vertical_rate": 9.1,
        "geo_altitude": 7139.94,
        "squawk": "3751",
        "spi": false,
        "position_source": 0
      }
    },
    {
      "type": "Feature",
      "geometry": {
        "type": "Point",
        "coordinates": [
          13.1461,
          43.9562
        ]
      },
      "properties": {
        "icao24": "48e979",
        "callsign": "LOT1PT",
        "origin_country": "Poland",
        "time_position": 1783869590,
        "last_contact": 1783869590,
        "baro_altitude": 10942.32,
        "on_ground": false,
        "velocity": 233.55,
        "true_track": 210.29,
        "vertical_rate": -4.88,
        "geo_altitude": 11475.72,
        "squawk": "1000",
        "spi": false,
        "position_source": 0
      }
    },
    {
      "type": "Feature",
      "geometry": {
        "type": "Point",
        "coordinates": [
          6.8841,
          46.5136
        ]
      },
      "properties": {
        "icao24": "48e973",
        "callsign": "LOT6YQ",
        "origin_country": "Poland",
        "time_position": 1783869589,
        "last_contact": 1783869589,
        "baro_altitude": 10972.8,
        "on_ground": false,
        "velocity": 245.39,
        "true_track": 47.38,
        "vertical_rate": 0,
        "geo_altitude": 11536.68,
        "squawk": "1000",
        "spi": false,
        "position_source": 0
      }
    },
    {
      "type": "Feature",
      "geometry": {
        "type": "Point",
        "coordinates": [
          9.883,
          40.5164
        ]
      },
      "properties": {
        "icao24": "39cea8",
        "callsign": "TVF6329",
        "origin_country": "France",
        "time_position": 1783869588,
        "last_contact": 1783869590,
        "baro_altitude": 11582.4,
        "on_ground": false,
        "velocity": 219.16,
        "true_track": 359.6,
        "vertical_rate": 0.33,
        "geo_altitude": 12222.48,
        "squawk": null,
        "spi": false,
        "position_source": 0
      }
    },
    {
      "type": "Feature",
      "geometry": {
        "type": "Point",
        "coordinates": [
          7.2031,
          43.6534
        ]
      },
      "properties": {
        "icao24": "407e6f",
        "callsign": "VXS4",
        "origin_country": "United Kingdom",
        "time_position": 1783869504,
        "last_contact": 1783869589,
        "baro_altitude": null,
        "on_ground": true,
        "velocity": 7.2,
        "true_track": 135,
        "vertical_rate": null,
        "geo_altitude": null,
        "squawk": null,
        "spi": false,
        "position_source": 0
      }
    },
    {
      "type": "Feature",
      "geometry": {
        "type": "Point",
        "coordinates": [
          11.382,
          46.7924
        ]
      },
      "properties": {
        "icao24": "48e939",
        "callsign": "SPJMP",
        "origin_country": "Poland",
        "time_position": 1783869590,
        "last_contact": 1783869590,
        "baro_altitude": 6705.6,
        "on_ground": false,
        "velocity": 154.06,
        "true_track": 222.16,
        "vertical_rate": 0,
        "geo_altitude": 7063.74,
        "squawk": "0610",
        "spi": false,
        "position_source": 0
      }
    },
    {
      "type": "Feature",
      "geometry": {
        "type": "Point",
        "coordinates": [
          9.2918,
          40.637
        ]
      },
      "properties": {
        "icao24": "a2b9f8",
        "callsign": "N275KH",
        "origin_country": "United States",
        "time_position": 1783869589,
        "last_contact": 1783869589,
        "baro_altitude": 1828.8,
        "on_ground": false,
        "velocity": 126.73,
        "true_track": 235.08,
        "vertical_rate": 0,
        "geo_altitude": 2011.68,
        "squawk": "5165",
        "spi": false,
        "position_source": 0
      }
    },
    {
      "type": "Feature",
      "geometry": {
        "type": "Point",
        "coordinates": [
          11.6787,
          46.557
        ]
      },
      "properties": {
        "icao24": "440667",
        "callsign": "AUA153D",
        "origin_country": "Austria",
        "time_position": 1783869590,
        "last_contact": 1783869590,
        "baro_altitude": 10683.24,
        "on_ground": false,
        "velocity": 227.81,
        "true_track": 244.59,
        "vertical_rate": 0,
        "geo_altitude": 11193.78,
        "squawk": "1000",
        "spi": false,
        "position_source": 0
      }
    },
    {
      "type": "Feature",
      "geometry": {
        "type": "Point",
        "coordinates": [
          15.513,
          47.2354
        ]
      },
      "properties": {
        "icao24": "440604",
        "callsign": "AUA37R",
        "origin_country": "Austria",
        "time_position": 1783869590,
        "last_contact": 1783869590,
        "baro_altitude": 7376.16,
        "on_ground": false,
        "velocity": 224.23,
        "true_track": 69.03,
        "vertical_rate": -13.98,
        "geo_altitude": 7772.4,
        "squawk": "1000",
        "spi": false,
        "position_source": 0
      }
    },
    {
      "type": "Feature",
      "geometry": {
        "type": "Point",
        "coordinates": [
          10.5609,
          45.3429
        ]
      },
      "properties": {
        "icao24": "440631",
        "callsign": "EJU81TP",
        "origin_country": "Austria",
        "time_position": 1783869589,
        "last_contact": 1783869589,
        "baro_altitude": 11582.4,
        "on_ground": false,
        "velocity": 209.36,
        "true_track": 296.57,
        "vertical_rate": 0,
        "geo_altitude": 12115.8,
        "squawk": "1000",
        "spi": false,
        "position_source": 0
      }
    },
    {
      "type": "Feature",
      "geometry": {
        "type": "Point",
        "coordinates": [
          13.9478,
          45.5099
        ]
      },
      "properties": {
        "icao24": "48c1a9",
        "callsign": "RYR86TA",
        "origin_country": "Poland",
        "time_position": 1783869590,
        "last_contact": 1783869590,
        "baro_altitude": 3947.16,
        "on_ground": false,
        "velocity": 196.97,
        "true_track": 212.2,
        "vertical_rate": -12.35,
        "geo_altitude": 4191,
        "squawk": "1000",
        "spi": false,
        "position_source": 0
      }
    },
    {
      "type": "Feature",
      "geometry": {
        "type": "Point",
        "coordinates": [
          12.8919,
          44.8682
        ]
      },
      "properties": {
        "icao24": "48c1a7",
        "callsign": "RYR2DY",
        "origin_country": "Poland",
        "time_position": 1783869590,
        "last_contact": 1783869590,
        "baro_altitude": 11582.4,
        "on_ground": false,
        "velocity": 247.28,
        "true_track": 85.23,
        "vertical_rate": 0.33,
        "geo_altitude": 12108.18,
        "squawk": "1000",
        "spi": false,
        "position_source": 0
      }
    },
    {
      "type": "Feature",
      "geometry": {
        "type": "Point",
        "coordinates": [
          16.989,
          43.4478
        ]
      },
      "properties": {
        "icao24": "4404db",
        "callsign": "GAC531D",
        "origin_country": "Austria",
        "time_position": 1783869585,
        "last_contact": 1783869587,
        "baro_altitude": 10972.8,
        "on_ground": false,
        "velocity": 156.36,
        "true_track": 342.58,
        "vertical_rate": 0,
        "geo_altitude": 11483.34,
        "squawk": "1000",
        "spi": false,
        "position_source": 0
      }
    },
    {
      "type": "Feature",
      "geometry": {
        "type": "Point",
        "coordinates": [
          13.1691,
          37.2954
        ]
      },
      "properties": {
        "icao24": "503d8a",
        "callsign": "DTR88N",
        "origin_country": "Lithuania",
        "time_position": 1783869589,
        "last_contact": 1783869589,
        "baro_altitude": 3657.6,
        "on_ground": false,
        "velocity": 124.29,
        "true_track": 18.58,
        "vertical_rate": -0.33,
        "geo_altitude": 3931.92,
        "squawk": "3766",
        "spi": false,
        "position_source": 0
      }
    },
    {
      "type": "Feature",
      "geometry": {
        "type": "Point",
        "coordinates": [
          7.2125,
          43.6513
        ]
      },
      "properties": {
        "icao24": "392651",
        "callsign": "FGJSR",
        "origin_country": "France",
        "time_position": 1783869578,
        "last_contact": 1783869578,
        "baro_altitude": null,
        "on_ground": true,
        "velocity": 0,
        "true_track": 42.19,
        "vertical_rate": null,
        "geo_altitude": null,
        "squawk": null,
        "spi": false,
        "position_source": 0
      }
    },
    {
      "type": "Feature",
      "geometry": {
        "type": "Point",
        "coordinates": [
          8.808,
          44.9823
        ]
      },
      "properties": {
        "icao24": "44079a",
        "callsign": "EJU51ZW",
        "origin_country": "Austria",
        "time_position": 1783869590,
        "last_contact": 1783869590,
        "baro_altitude": 3939.54,
        "on_ground": false,
        "velocity": 153.28,
        "true_track": 319.63,
        "vertical_rate": -5.85,
        "geo_altitude": 4213.86,
        "squawk": "2040",
        "spi": false,
        "position_source": 0
      }
    },
    {
      "type": "Feature",
      "geometry": {
        "type": "Point",
        "coordinates": [
          10.3202,
          43.6119
        ]
      },
      "properties": {
        "icao24": "407f67",
        "callsign": "EZY21DY",
        "origin_country": "United Kingdom",
        "time_position": 1783869589,
        "last_contact": 1783869589,
        "baro_altitude": 434.34,
        "on_ground": false,
        "velocity": 76.45,
        "true_track": 36.79,
        "vertical_rate": -2.28,
        "geo_altitude": 525.78,
        "squawk": "2714",
        "spi": false,
        "position_source": 0
      }
    },
    {
      "type": "Feature",
      "geometry": {
        "type": "Point",
        "coordinates": [
          9.426,
          47.6995
        ]
      },
      "properties": {
        "icao24": "407f60",
        "callsign": "EZY74WG",
        "origin_country": "United Kingdom",
        "time_position": 1783869589,
        "last_contact": 1783869590,
        "baro_altitude": 10972.8,
        "on_ground": false,
        "velocity": 222.29,
        "true_track": 259.6,
        "vertical_rate": 0,
        "geo_altitude": 11460.48,
        "squawk": "3262",
        "spi": false,
        "position_source": 0
      }
    },
    {
      "type": "Feature",
      "geometry": {
        "type": "Point",
        "coordinates": [
          11.1498,
          43.7566
        ]
      },
      "properties": {
        "icao24": "3e2274",
        "callsign": "PAV692",
        "origin_country": "Germany",
        "time_position": 1783869590,
        "last_contact": 1783869590,
        "baro_altitude": 4899.66,
        "on_ground": false,
        "velocity": 171.67,
        "true_track": 338.74,
        "vertical_rate": -3.25,
        "geo_altitude": 5196.84,
        "squawk": "1000",
        "spi": false,
        "position_source": 0
      }
    },
    {
      "type": "Feature",
      "geometry": {
        "type": "Point",
        "coordinates": [
          9.1423,
          47.731
        ]
      },
      "properties": {
        "icao24": "3ecbec",
        "callsign": "DKSEM",
        "origin_country": "Germany",
        "time_position": 1783869590,
        "last_contact": 1783869590,
        "baro_altitude": 1600.2,
        "on_ground": false,
        "velocity": 57.76,
        "true_track": 265.91,
        "vertical_rate": -0.33,
        "geo_altitude": 1775.46,
        "squawk": "2677",
        "spi": false,
        "position_source": 0
      }
    },
    {
      "type": "Feature",
      "geometry": {
        "type": "Point",
        "coordinates": [
          17.9426,
          40.6666
        ]
      },
      "properties": {
        "icao24": "406ae8",
        "callsign": "TOM2JG",
        "origin_country": "United Kingdom",
        "time_position": 1783869589,
        "last_contact": 1783869590,
        "baro_altitude": 10058.4,
        "on_ground": false,
        "velocity": 243.68,
        "true_track": 148.99,
        "vertical_rate": -0.33,
        "geo_altitude": 10568.94,
        "squawk": "3473",
        "spi": false,
        "position_source": 0
      }
    },
    {
      "type": "Feature",
      "geometry": {
        "type": "Point",
        "coordinates": [
          12.3502,
          43.1245
        ]
      },
      "properties": {
        "icao24": "440735",
        "callsign": "EJU35KA",
        "origin_country": "Austria",
        "time_position": 1783869589,
        "last_contact": 1783869589,
        "baro_altitude": 11590.02,
        "on_ground": false,
        "velocity": 211.22,
        "true_track": 300.44,
        "vertical_rate": -0.33,
        "geo_altitude": 12153.9,
        "squawk": "0212",
        "spi": false,
        "position_source": 0
      }
    },
    {
      "type": "Feature",
      "geometry": {
        "type": "Point",
        "coordinates": [
          11.5027,
          45.9544
        ]
      },
      "properties": {
        "icao24": "a03a99",
        "callsign": "N1136Y",
        "origin_country": "United States",
        "time_position": 1783869589,
        "last_contact": 1783869590,
        "baro_altitude": 4015.74,
        "on_ground": false,
        "velocity": 81,
        "true_track": 355.63,
        "vertical_rate": 1.63,
        "geo_altitude": 4259.58,
        "squawk": "2141",
        "spi": false,
        "position_source": 0
      }
    },
    {
      "type": "Feature",
      "geometry": {
        "type": "Point",
        "coordinates": [
          8.2136,
          43.0025
        ]
      },
      "properties": {
        "icao24": "48c2af",
        "callsign": "RYR95VG",
        "origin_country": "Poland",
        "time_position": 1783869590,
        "last_contact": 1783869590,
        "baro_altitude": 11277.6,
        "on_ground": false,
        "velocity": 218.71,
        "true_track": 223.38,
        "vertical_rate": 0,
        "geo_altitude": 11887.2,
        "squawk": "1000",
        "spi": false,
        "position_source": 0
      }
    },
    {
      "type": "Feature",
      "geometry": {
        "type": "Point",
        "coordinates": [
          17.834,
          47.2517
        ]
      },
      "properties": {
        "icao24": "48c2a9",
        "callsign": "RYR12BX",
        "origin_country": "Poland",
        "time_position": 1783869590,
        "last_contact": 1783869590,
        "baro_altitude": 10972.8,
        "on_ground": false,
        "velocity": 218.09,
        "true_track": 16.73,
        "vertical_rate": 0.33,
        "geo_altitude": 11346.18,
        "squawk": "6563",
        "spi": false,
        "position_source": 0
      }
    },
    {
      "type": "Feature",
      "geometry": {
        "type": "Point",
        "coordinates": [
          14.1708,
          47.7924
        ]
      },
      "properties": {
        "icao24": "48c2a3",
        "callsign": "RYR23RR",
        "origin_country": "Poland",
        "time_position": 1783869589,
        "last_contact": 1783869590,
        "baro_altitude": 10972.8,
        "on_ground": false,
        "velocity": 238.08,
        "true_track": 233.08,
        "vertical_rate": 0,
        "geo_altitude": 11437.62,
        "squawk": "7225",
        "spi": false,
        "position_source": 0
      }
    },
    {
      "type": "Feature",
      "geometry": {
        "type": "Point",
        "coordinates": [
          8.5681,
          47.4557
        ]
      },
      "properties": {
        "icao24": "440713",
        "callsign": "EJU9043",
        "origin_country": "Austria",
        "time_position": 1783869589,
        "last_contact": 1783869589,
        "baro_altitude": null,
        "on_ground": true,
        "velocity": 12.35,
        "true_track": 95.62,
        "vertical_rate": null,
        "geo_altitude": null,
        "squawk": "1000",
        "spi": false,
        "position_source": 0
      }
    },
    {
      "type": "Feature",
      "geometry": {
        "type": "Point",
        "coordinates": [
          6.6602,
          46.972
        ]
      },
      "properties": {
        "icao24": "4b303c",
        "callsign": "HBSGY",
        "origin_country": "Switzerland",
        "time_position": 1783869590,
        "last_contact": 1783869590,
        "baro_altitude": 2065.02,
        "on_ground": false,
        "velocity": 70.94,
        "true_track": 219.11,
        "vertical_rate": 0,
        "geo_altitude": 2255.52,
        "squawk": "1000",
        "spi": false,
        "position_source": 0
      }
    },
    {
      "type": "Feature",
      "geometry": {
        "type": "Point",
        "coordinates": [
          12.2818,
          44.4365
        ]
      },
      "properties": {
        "icao24": "4403a7",
        "callsign": "EJU48EM",
        "origin_country": "Austria",
        "time_position": 1783869589,
        "last_contact": 1783869589,
        "baro_altitude": 11871.96,
        "on_ground": false,
        "velocity": 245.04,
        "true_track": 154.24,
        "vertical_rate": 0,
        "geo_altitude": 12420.6,
        "squawk": "1000",
        "spi": false,
        "position_source": 0
      }
    },
    {
      "type": "Feature",
      "geometry": {
        "type": "Point",
        "coordinates": [
          17.9892,
          44.2014
        ]
      },
      "properties": {
        "icao24": "801406",
        "callsign": "AIC112",
        "origin_country": "India",
        "time_position": 1783869588,
        "last_contact": 1783869588,
        "baro_altitude": 11269.98,
        "on_ground": false,
        "velocity": 268.85,
        "true_track": 131.9,
        "vertical_rate": 0.33,
        "geo_altitude": 11772.9,
        "squawk": "2721",
        "spi": false,
        "position_source": 0
      }
    },
    {
      "type": "Feature",
      "geometry": {
        "type": "Point",
        "coordinates": [
          17.573,
          43.3612
        ]
      },
      "properties": {
        "icao24": "48c12e",
        "callsign": "RYR829J",
        "origin_country": "Poland",
        "time_position": 1783869582,
        "last_contact": 1783869587,
        "baro_altitude": 11445.24,
        "on_ground": false,
        "velocity": 222.31,
        "true_track": 310.21,
        "vertical_rate": 9.1,
        "geo_altitude": 11948.16,
        "squawk": "1355",
        "spi": false,
        "position_source": 0
      }
    },
    {
      "type": "Feature",
      "geometry": {
        "type": "Point",
        "coordinates": [
          16.6515,
          41.1076
        ]
      },
      "properties": {
        "icao24": "48c130",
        "callsign": "RYR9627",
        "origin_country": "Poland",
        "time_position": 1783869589,
        "last_contact": 1783869590,
        "baro_altitude": 464.82,
        "on_ground": false,
        "velocity": 86.89,
        "true_track": 70.28,
        "vertical_rate": -4.23,
        "geo_altitude": 556.26,
        "squawk": "1000",
        "spi": false,
        "position_source": 0
      }
    },
    {
      "type": "Feature",
      "geometry": {
        "type": "Point",
        "coordinates": [
          7.5219,
          45.6991
        ]
      },
      "properties": {
        "icao24": "46316e",
        "callsign": "FSF376D",
        "origin_country": "Finland",
        "time_position": 1783869590,
        "last_contact": 1783869590,
        "baro_altitude": 6705.6,
        "on_ground": false,
        "velocity": 127.69,
        "true_track": 323.68,
        "vertical_rate": -1.3,
        "geo_altitude": 7139.94,
        "squawk": "0414",
        "spi": false,
        "position_source": 0
      }
    },
    {
      "type": "Feature",
      "geometry": {
        "type": "Point",
        "coordinates": [
          12.1435,
          44.6993
        ]
      },
      "properties": {
        "icao24": "48c123",
        "callsign": "RYR21FQ",
        "origin_country": "Poland",
        "time_position": 1783869589,
        "last_contact": 1783869590,
        "baro_altitude": 10668,
        "on_ground": false,
        "velocity": 256.57,
        "true_track": 117.59,
        "vertical_rate": 0,
        "geo_altitude": 11178.54,
        "squawk": "0460",
        "spi": false,
        "position_source": 0
      }
    },
    {
      "type": "Feature",
      "geometry": {
        "type": "Point",
        "coordinates": [
          12.4547,
          36.7081
        ]
      },
      "properties": {
        "icao24": "440488",
        "callsign": "EJU692D",
        "origin_country": "Austria",
        "time_position": 1783869589,
        "last_contact": 1783869589,
        "baro_altitude": 7536.18,
        "on_ground": false,
        "velocity": 237.74,
        "true_track": 178.64,
        "vertical_rate": -19.18,
        "geo_altitude": 8084.82,
        "squawk": "0441",
        "spi": false,
        "position_source": 0
      }
    },
    {
      "type": "Feature",
      "geometry": {
        "type": "Point",
        "coordinates": [
          8.5943,
          47.4016
        ]
      },
      "properties": {
        "icao24": "440406",
        "callsign": "TSW7M",
        "origin_country": "Austria",
        "time_position": 1783869590,
        "last_contact": 1783869590,
        "baro_altitude": 4023.36,
        "on_ground": false,
        "velocity": 161.28,
        "true_track": 329.1,
        "vertical_rate": -9.75,
        "geo_altitude": 4312.92,
        "squawk": "1000",
        "spi": false,
        "position_source": 0
      }
    },
    {
      "type": "Feature",
      "geometry": {
        "type": "Point",
        "coordinates": [
          15.8738,
          46.4949
        ]
      },
      "properties": {
        "icao24": "4bb843",
        "callsign": "PGT388P",
        "origin_country": "Turkey",
        "time_position": 1783869590,
        "last_contact": 1783869590,
        "baro_altitude": 10668,
        "on_ground": false,
        "velocity": 257.16,
        "true_track": 125.88,
        "vertical_rate": 0,
        "geo_altitude": 11125.2,
        "squawk": "6401",
        "spi": false,
        "position_source": 0
      }
    },
    {
      "type": "Feature",
      "geometry": {
        "type": "Point",
        "coordinates": [
          14.7893,
          46.2327
        ]
      },
      "properties": {
        "icao24": "4bb841",
        "callsign": "PGT45PH",
        "origin_country": "Turkey",
        "time_position": 1783869589,
        "last_contact": 1783869589,
        "baro_altitude": 10980.42,
        "on_ground": false,
        "velocity": 209.72,
        "true_track": 309.63,
        "vertical_rate": -0.33,
        "geo_altitude": 11460.48,
        "squawk": "3234",
        "spi": false,
        "position_source": 0
      }
    },
    {
      "type": "Feature",
      "geometry": {
        "type": "Point",
        "coordinates": [
          14.6831,
          46.7472
        ]
      },
      "properties": {
        "icao24": "4bb853",
        "callsign": "PGT140N",
        "origin_country": "Turkey",
        "time_position": 1783869590,
        "last_contact": 1783869590,
        "baro_altitude": 11269.98,
        "on_ground": false,
        "velocity": 253.83,
        "true_track": 126.43,
        "vertical_rate": 0,
        "geo_altitude": 11742.42,
        "squawk": "4751",
        "spi": false,
        "position_source": 0
      }
    },
    {
      "type": "Feature",
      "geometry": {
        "type": "Point",
        "coordinates": [
          16.0199,
          39.3562
        ]
      },
      "properties": {
        "icao24": "46a5e2",
        "callsign": "SEH921",
        "origin_country": "Greece",
        "time_position": 1783869590,
        "last_contact": 1783869590,
        "baro_altitude": 11887.2,
        "on_ground": false,
        "velocity": 248.92,
        "true_track": 104.24,
        "vertical_rate": 0,
        "geo_altitude": 12527.28,
        "squawk": "4315",
        "spi": false,
        "position_source": 0
      }
    },
    {
      "type": "Feature",
      "geometry": {
        "type": "Point",
        "coordinates": [
          7.0969,
          46.0405
        ]
      },
      "properties": {
        "icao24": "4cc547",
        "callsign": "ICE21V",
        "origin_country": "Iceland",
        "time_position": 1783869589,
        "last_contact": 1783869589,
        "baro_altitude": 8427.72,
        "on_ground": false,
        "velocity": 216.85,
        "true_track": 324.46,
        "vertical_rate": 6.5,
        "geo_altitude": 8923.02,
        "squawk": "5750",
        "spi": false,
        "position_source": 0
      }
    },
    {
      "type": "Feature",
      "geometry": {
        "type": "Point",
        "coordinates": [
          12.6013,
          45.3139
        ]
      },
      "properties": {
        "icao24": "504e77",
        "callsign": "FIA5903",
        "origin_country": "Republic of Moldova",
        "time_position": 1783869589,
        "last_contact": 1783869589,
        "baro_altitude": 10668,
        "on_ground": false,
        "velocity": 217.45,
        "true_track": 253.37,
        "vertical_rate": 0,
        "geo_altitude": 11170.92,
        "squawk": "1000",
        "spi": false,
        "position_source": 0
      }
    },
    {
      "type": "Feature",
      "geometry": {
        "type": "Point",
        "coordinates": [
          15.5116,
          42.167
        ]
      },
      "properties": {
        "icao24": "4402ae",
        "callsign": "EJU171A",
        "origin_country": "Austria",
        "time_position": 1783869590,
        "last_contact": 1783869590,
        "baro_altitude": 10058.4,
        "on_ground": false,
        "velocity": 260.33,
        "true_track": 122.25,
        "vertical_rate": 0,
        "geo_altitude": 10599.42,
        "squawk": "1000",
        "spi": false,
        "position_source": 0
      }
    },
    {
      "type": "Feature",
      "geometry": {
        "type": "Point",
        "coordinates": [
          8.5339,
          45.8392
        ]
      },
      "properties": {
        "icao24": "4402c4",
        "callsign": "BRJ273",
        "origin_country": "Austria",
        "time_position": 1783869590,
        "last_contact": 1783869590,
        "baro_altitude": 10058.4,
        "on_ground": false,
        "velocity": 275.96,
        "true_track": 197.35,
        "vertical_rate": 0.33,
        "geo_altitude": 10576.56,
        "squawk": "6667",
        "spi": false,
        "position_source": 0
      }
    },
    {
      "type": "Feature",
      "geometry": {
        "type": "Point",
        "coordinates": [
          17.0277,
          47.0092
        ]
      },
      "properties": {
        "icao24": "504e86",
        "callsign": "FIA5406",
        "origin_country": "Republic of Moldova",
        "time_position": 1783869590,
        "last_contact": 1783869590,
        "baro_altitude": 11277.6,
        "on_ground": false,
        "velocity": 251.4,
        "true_track": 93.05,
        "vertical_rate": 0,
        "geo_altitude": 11704.32,
        "squawk": "1000",
        "spi": false,
        "position_source": 0
      }
    },
    {
      "type": "Feature",
      "geometry": {
        "type": "Point",
        "coordinates": [
          12.3207,
          42.475
        ]
      },
      "properties": {
        "icao24": "4402b9",
        "callsign": "EJU75CU",
        "origin_country": "Austria",
        "time_position": 1783869589,
        "last_contact": 1783869589,
        "baro_altitude": 11277.6,
        "on_ground": false,
        "velocity": 247.36,
        "true_track": 134.83,
        "vertical_rate": 0,
        "geo_altitude": 11871.96,
        "squawk": "1000",
        "spi": false,
        "position_source": 0
      }
    },
    {
      "type": "Feature",
      "geometry": {
        "type": "Point",
        "coordinates": [
          7.2111,
          46.0112
        ]
      },
      "properties": {
        "icao24": "4b4271",
        "callsign": "AGV01",
        "origin_country": "Switzerland",
        "time_position": 1783869589,
        "last_contact": 1783869589,
        "baro_altitude": 2461.26,
        "on_ground": false,
        "velocity": 53.55,
        "true_track": 8.29,
        "vertical_rate": 2.93,
        "geo_altitude": 2644.14,
        "squawk": null,
        "spi": false,
        "position_source": 0
      }
    },
    {
      "type": "Feature",
      "geometry": {
        "type": "Point",
        "coordinates": [
          7.2187,
          43.6665
        ]
      },
      "properties": {
        "icao24": "4402cc",
        "callsign": "AOJ75J",
        "origin_country": "Austria",
        "time_position": 1783869590,
        "last_contact": 1783869590,
        "baro_altitude": null,
        "on_ground": true,
        "velocity": 5.14,
        "true_track": 244.69,
        "vertical_rate": null,
        "geo_altitude": null,
        "squawk": null,
        "spi": false,
        "position_source": 0
      }
    },
    {
      "type": "Feature",
      "geometry": {
        "type": "Point",
        "coordinates": [
          11.2224,
          46.739
        ]
      },
      "properties": {
        "icao24": "46b8ad",
        "callsign": "AEE604",
        "origin_country": "Greece",
        "time_position": 1783869590,
        "last_contact": 1783869590,
        "baro_altitude": 11590.02,
        "on_ground": false,
        "velocity": 216.13,
        "true_track": 318.57,
        "vertical_rate": -0.33,
        "geo_altitude": 12146.28,
        "squawk": "2016",
        "spi": false,
        "position_source": 0
      }
    },
    {
      "type": "Feature",
      "geometry": {
        "type": "Point",
        "coordinates": [
          11.242,
          44.4859
        ]
      },
      "properties": {
        "icao24": "4402d3",
        "callsign": "OEFIX",
        "origin_country": "Austria",
        "time_position": 1783869589,
        "last_contact": 1783869589,
        "baro_altitude": 11277.6,
        "on_ground": false,
        "velocity": 184.79,
        "true_track": 194.35,
        "vertical_rate": 0,
        "geo_altitude": 11833.86,
        "squawk": "7436",
        "spi": false,
        "position_source": 0
      }
    },
    {
      "type": "Feature",
      "geometry": {
        "type": "Point",
        "coordinates": [
          15.7959,
          43.6617
        ]
      },
      "properties": {
        "icao24": "06a115",
        "callsign": "QTR66Y",
        "origin_country": "Qatar",
        "time_position": 1783869588,
        "last_contact": 1783869590,
        "baro_altitude": 11582.4,
        "on_ground": false,
        "velocity": 241.14,
        "true_track": 309.63,
        "vertical_rate": 0,
        "geo_altitude": 12100.56,
        "squawk": "7740",
        "spi": false,
        "position_source": 0
      }
    },
    {
      "type": "Feature",
      "geometry": {
        "type": "Point",
        "coordinates": [
          11.4197,
          43.68
        ]
      },
      "properties": {
        "icao24": "06a10b",
        "callsign": "QTR31B",
        "origin_country": "Qatar",
        "time_position": 1783869590,
        "last_contact": 1783869590,
        "baro_altitude": 11887.2,
        "on_ground": false,
        "velocity": 271.08,
        "true_track": 113.01,
        "vertical_rate": 0,
        "geo_altitude": 12458.7,
        "squawk": "5765",
        "spi": false,
        "position_source": 0
      }
    },
    {
      "type": "Feature",
      "geometry": {
        "type": "Point",
        "coordinates": [
          14.3883,
          44.5027
        ]
      },
      "properties": {
        "icao24": "06a129",
        "callsign": "QTR1F",
        "origin_country": "Qatar",
        "time_position": 1783869590,
        "last_contact": 1783869590,
        "baro_altitude": 11582.4,
        "on_ground": false,
        "velocity": 238.23,
        "true_track": 307.98,
        "vertical_rate": 0,
        "geo_altitude": 12100.56,
        "squawk": "2024",
        "spi": false,
        "position_source": 0
      }
    },
    {
      "type": "Feature",
      "geometry": {
        "type": "Point",
        "coordinates": [
          17.123,
          35.4918
        ]
      },
      "properties": {
        "icao24": "06a120",
        "callsign": "QTR51U",
        "origin_country": "Qatar",
        "time_position": 1783869589,
        "last_contact": 1783869589,
        "baro_altitude": 11277.6,
        "on_ground": false,
        "velocity": 271.52,
        "true_track": 98.5,
        "vertical_rate": 0.33,
        "geo_altitude": 11963.4,
        "squawk": "4110",
        "spi": false,
        "position_source": 0
      }
    },
    {
      "type": "Feature",
      "geometry": {
        "type": "Point",
        "coordinates": [
          13.5911,
          44.5039
        ]
      },
      "properties": {
        "icao24": "407d75",
        "callsign": "BAW662",
        "origin_country": "United Kingdom",
        "time_position": 1783869590,
        "last_contact": 1783869590,
        "baro_altitude": 10668,
        "on_ground": false,
        "velocity": 252.59,
        "true_track": 143.36,
        "vertical_rate": 0,
        "geo_altitude": 11178.54,
        "squawk": "0504",
        "spi": false,
        "position_source": 0
      }
    },
    {
      "type": "Feature",
      "geometry": {
        "type": "Point",
        "coordinates": [
          16.0266,
          43.8888
        ]
      },
      "properties": {
        "icao24": "468d07",
        "callsign": "SEH872",
        "origin_country": "Greece",
        "time_position": 1783869589,
        "last_contact": 1783869589,
        "baro_altitude": 11582.4,
        "on_ground": false,
        "velocity": 222.84,
        "true_track": 345.84,
        "vertical_rate": 0,
        "geo_altitude": 12115.8,
        "squawk": "7734",
        "spi": false,
        "position_source": 0
      }
    },
    {
      "type": "Feature",
      "geometry": {
        "type": "Point",
        "coordinates": [
          12.5833,
          47.6289
        ]
      },
      "properties": {
        "icao24": "48c234",
        "callsign": "RYR96JG",
        "origin_country": "Poland",
        "time_position": 1783869589,
        "last_contact": 1783869589,
        "baro_altitude": 11277.6,
        "on_ground": false,
        "velocity": 246.14,
        "true_track": 123.06,
        "vertical_rate": 0.33,
        "geo_altitude": 11765.28,
        "squawk": "0115",
        "spi": false,
        "position_source": 0
      }
    },
    {
      "type": "Feature",
      "geometry": {
        "type": "Point",
        "coordinates": [
          17.8013,
          41.4743
        ]
      },
      "properties": {
        "icao24": "48c228",
        "callsign": "RYR3662",
        "origin_country": "Poland",
        "time_position": 1783869589,
        "last_contact": 1783869589,
        "baro_altitude": 11582.4,
        "on_ground": false,
        "velocity": 221.84,
        "true_track": 293.65,
        "vertical_rate": 0,
        "geo_altitude": 12138.66,
        "squawk": null,
        "spi": false,
        "position_source": 0
      }
    },
    {
      "type": "Feature",
      "geometry": {
        "type": "Point",
        "coordinates": [
          13.1237,
          36.0318
        ]
      },
      "properties": {
        "icao24": "50050a",
        "callsign": "T7BGL",
        "origin_country": "San Marino",
        "time_position": 1783869589,
        "last_contact": 1783869589,
        "baro_altitude": 11582.4,
        "on_ground": false,
        "velocity": 232.43,
        "true_track": 356.57,
        "vertical_rate": 0.33,
        "geo_altitude": 12268.2,
        "squawk": "4103",
        "spi": false,
        "position_source": 0
      }
    },
    {
      "type": "Feature",
      "geometry": {
        "type": "Point",
        "coordinates": [
          12.8162,
          41.8284
        ]
      },
      "properties": {
        "icao24": "06a109",
        "callsign": "QTR4T",
        "origin_country": "Qatar",
        "time_position": 1783869590,
        "last_contact": 1783869590,
        "baro_altitude": 11696.7,
        "on_ground": false,
        "velocity": 271.71,
        "true_track": 116.18,
        "vertical_rate": 1.95,
        "geo_altitude": 12291.06,
        "squawk": "4303",
        "spi": false,
        "position_source": 0
      }
    },
    {
      "type": "Feature",
      "geometry": {
        "type": "Point",
        "coordinates": [
          14.3989,
          37.6428
        ]
      },
      "properties": {
        "icao24": "440591",
        "callsign": "GAC678B",
        "origin_country": "Austria",
        "time_position": 1783869590,
        "last_contact": 1783869590,
        "baro_altitude": 7254.24,
        "on_ground": false,
        "velocity": 102.81,
        "true_track": 292.97,
        "vertical_rate": 6.83,
        "geo_altitude": 7711.44,
        "squawk": null,
        "spi": false,
        "position_source": 0
      }
    },
    {
      "type": "Feature",
      "geometry": {
        "type": "Point",
        "coordinates": [
          6.0377,
          38.3785
        ]
      },
      "properties": {
        "icao24": "440550",
        "callsign": "OEINK",
        "origin_country": "Austria",
        "time_position": 1783869586,
        "last_contact": 1783869590,
        "baro_altitude": 11582.4,
        "on_ground": false,
        "velocity": 228.87,
        "true_track": 3.61,
        "vertical_rate": 0,
        "geo_altitude": 12291.06,
        "squawk": null,
        "spi": false,
        "position_source": 0
      }
    },
    {
      "type": "Feature",
      "geometry": {
        "type": "Point",
        "coordinates": [
          17.7465,
          42.5932
        ]
      },
      "properties": {
        "icao24": "8013c2",
        "callsign": "AIC2017",
        "origin_country": "India",
        "time_position": 1783869589,
        "last_contact": 1783869589,
        "baro_altitude": 11574.78,
        "on_ground": false,
        "velocity": 247.33,
        "true_track": 317.95,
        "vertical_rate": -0.33,
        "geo_altitude": 12115.8,
        "squawk": "6631",
        "spi": false,
        "position_source": 0
      }
    },
    {
      "type": "Feature",
      "geometry": {
        "type": "Point",
        "coordinates": [
          12.5743,
          45.0533
        ]
      },
      "properties": {
        "icao24": "06a0f9",
        "callsign": "QTR99X",
        "origin_country": "Qatar",
        "time_position": 1783869590,
        "last_contact": 1783869590,
        "baro_altitude": 10477.5,
        "on_ground": false,
        "velocity": 274.98,
        "true_track": 100.24,
        "vertical_rate": 3.25,
        "geo_altitude": 10988.04,
        "squawk": "0455",
        "spi": false,
        "position_source": 0
      }
    },
    {
      "type": "Feature",
      "geometry": {
        "type": "Point",
        "coordinates": [
          15.9977,
          46.822
        ]
      },
      "properties": {
        "icao24": "06a0fa",
        "callsign": "QTR8X",
        "origin_country": "Qatar",
        "time_position": 1783869590,
        "last_contact": 1783869590,
        "baro_altitude": 11277.6,
        "on_ground": false,
        "velocity": 278.39,
        "true_track": 102.16,
        "vertical_rate": 0,
        "geo_altitude": 11727.18,
        "squawk": "3031",
        "spi": false,
        "position_source": 0
      }
    },
    {
      "type": "Feature",
      "geometry": {
        "type": "Point",
        "coordinates": [
          13.7114,
          42.7902
        ]
      },
      "properties": {
        "icao24": "710db9",
        "callsign": "KNE398",
        "origin_country": "Saudi Arabia",
        "time_position": 1783869589,
        "last_contact": 1783869589,
        "baro_altitude": 11277.6,
        "on_ground": false,
        "velocity": 254.29,
        "true_track": 128.84,
        "vertical_rate": 0.33,
        "geo_altitude": 11841.48,
        "squawk": "3753",
        "spi": false,
        "position_source": 0
      }
    },
    {
      "type": "Feature",
      "geometry": {
        "type": "Point",
        "coordinates": [
          16.419,
          42.9216
        ]
      },
      "properties": {
        "icao24": "4b1815",
        "callsign": "LX1839",
        "origin_country": "Switzerland",
        "time_position": 1783869589,
        "last_contact": 1783869589,
        "baro_altitude": 11582.4,
        "on_ground": false,
        "velocity": 226.98,
        "true_track": 311.78,
        "vertical_rate": 0,
        "geo_altitude": 12131.04,
        "squawk": "2064",
        "spi": false,
        "position_source": 0
      }
    },
    {
      "type": "Feature",
      "geometry": {
        "type": "Point",
        "coordinates": [
          11.7978,
          43.2491
        ]
      },
      "properties": {
        "icao24": "398239",
        "callsign": "FHARZ",
        "origin_country": "France",
        "time_position": 1783869590,
        "last_contact": 1783869590,
        "baro_altitude": 1341.12,
        "on_ground": false,
        "velocity": 64.78,
        "true_track": 12.38,
        "vertical_rate": -2.28,
        "geo_altitude": 1478.28,
        "squawk": null,
        "spi": false,
        "position_source": 0
      }
    },
    {
      "type": "Feature",
      "geometry": {
        "type": "Point",
        "coordinates": [
          12.2375,
          45.571
        ]
      },
      "properties": {
        "icao24": "4b1813",
        "callsign": "EDW97F",
        "origin_country": "Switzerland",
        "time_position": 1783869590,
        "last_contact": 1783869590,
        "baro_altitude": 10911.84,
        "on_ground": false,
        "velocity": 257.88,
        "true_track": 145.07,
        "vertical_rate": 5.53,
        "geo_altitude": 11422.38,
        "squawk": "3051",
        "spi": false,
        "position_source": 0
      }
    },
    {
      "type": "Feature",
      "geometry": {
        "type": "Point",
        "coordinates": [
          8.5532,
          47.4634
        ]
      },
      "properties": {
        "icao24": "4b1805",
        "callsign": "SWR3WZ",
        "origin_country": "Switzerland",
        "time_position": 1783869580,
        "last_contact": 1783869585,
        "baro_altitude": 373.38,
        "on_ground": true,
        "velocity": 0,
        "true_track": 5.62,
        "vertical_rate": null,
        "geo_altitude": null,
        "squawk": "2000",
        "spi": false,
        "position_source": 0
      }
    },
    {
      "type": "Feature",
      "geometry": {
        "type": "Point",
        "coordinates": [
          8.4765,
          47.5256
        ]
      },
      "properties": {
        "icao24": "4b1806",
        "callsign": "SWR4VZ",
        "origin_country": "Switzerland",
        "time_position": 1783869589,
        "last_contact": 1783869590,
        "baro_altitude": 716.28,
        "on_ground": false,
        "velocity": 76.1,
        "true_track": 137.47,
        "vertical_rate": -4.23,
        "geo_altitude": 838.2,
        "squawk": "1000",
        "spi": false,
        "position_source": 0
      }
    },
    {
      "type": "Feature",
      "geometry": {
        "type": "Point",
        "coordinates": [
          8.5636,
          47.4414
        ]
      },
      "properties": {
        "icao24": "4b1807",
        "callsign": "SWR9LK",
        "origin_country": "Switzerland",
        "time_position": 1783869588,
        "last_contact": 1783869588,
        "baro_altitude": null,
        "on_ground": true,
        "velocity": 0,
        "true_track": 64.69,
        "vertical_rate": null,
        "geo_altitude": null,
        "squawk": "1000",
        "spi": false,
        "position_source": 0
      }
    },
    {
      "type": "Feature",
      "geometry": {
        "type": "Point",
        "coordinates": [
          8.4082,
          47.5741
        ]
      },
      "properties": {
        "icao24": "4b1800",
        "callsign": "SWR7PZ",
        "origin_country": "Switzerland",
        "time_position": 1783869589,
        "last_contact": 1783869590,
        "baro_altitude": 1082.04,
        "on_ground": false,
        "velocity": 98.22,
        "true_track": 135.42,
        "vertical_rate": -7.15,
        "geo_altitude": 1226.82,
        "squawk": "1000",
        "spi": false,
        "position_source": 0
      }
    },
    {
      "type": "Feature",
      "geometry": {
        "type": "Point",
        "coordinates": [
          8.5633,
          47.4417
        ]
      },
      "properties": {
        "icao24": "4b1801",
        "callsign": "EDW403Y",
        "origin_country": "Switzerland",
        "time_position": 1783869581,
        "last_contact": 1783869586,
        "baro_altitude": null,
        "on_ground": true,
        "velocity": 0,
        "true_track": 64.69,
        "vertical_rate": null,
        "geo_altitude": null,
        "squawk": "2000",
        "spi": false,
        "position_source": 0
      }
    },
    {
      "type": "Feature",
      "geometry": {
        "type": "Point",
        "coordinates": [
          8.5586,
          47.4504
        ]
      },
      "properties": {
        "icao24": "4b1802",
        "callsign": "SWR730M",
        "origin_country": "Switzerland",
        "time_position": 1783869581,
        "last_contact": 1783869590,
        "baro_altitude": null,
        "on_ground": true,
        "velocity": 0.06,
        "true_track": 5.62,
        "vertical_rate": null,
        "geo_altitude": null,
        "squawk": "1000",
        "spi": false,
        "position_source": 0
      }
    },
    {
      "type": "Feature",
      "geometry": {
        "type": "Point",
        "coordinates": [
          7.0392,
          46.8422
        ]
      },
      "properties": {
        "icao24": "4b181a",
        "callsign": "SWR82L",
        "origin_country": "Switzerland",
        "time_position": 1783869589,
        "last_contact": 1783869590,
        "baro_altitude": 9037.32,
        "on_ground": false,
        "velocity": 234.57,
        "true_track": 236.45,
        "vertical_rate": 7.48,
        "geo_altitude": 9547.86,
        "squawk": "3035",
        "spi": false,
        "position_source": 0
      }
    },
    {
      "type": "Feature",
      "geometry": {
        "type": "Point",
        "coordinates": [
          18.5324,
          46.5544
        ]
      },
      "properties": {
        "icao24": "4b181b",
        "callsign": "SWR98G",
        "origin_country": "Switzerland",
        "time_position": 1783869590,
        "last_contact": 1783869590,
        "baro_altitude": 10370.82,
        "on_ground": false,
        "velocity": 213.91,
        "true_track": 286.34,
        "vertical_rate": 0,
        "geo_altitude": 10736.58,
        "squawk": "1000",
        "spi": false,
        "position_source": 0
      }
    },
    {
      "type": "Feature",
      "geometry": {
        "type": "Point",
        "coordinates": [
          8.5526,
          47.4557
        ]
      },
      "properties": {
        "icao24": "4b181c",
        "callsign": "SWR4TD",
        "origin_country": "Switzerland",
        "time_position": 1783869590,
        "last_contact": 1783869590,
        "baro_altitude": null,
        "on_ground": true,
        "velocity": 5.66,
        "true_track": 154.69,
        "vertical_rate": null,
        "geo_altitude": null,
        "squawk": "1000",
        "spi": false,
        "position_source": 0
      }
    },
    {
      "type": "Feature",
      "geometry": {
        "type": "Point",
        "coordinates": [
          8.5649,
          47.4467
        ]
      },
      "properties": {
        "icao24": "4b180b",
        "callsign": "SWR9AM",
        "origin_country": "Switzerland",
        "time_position": 1783869579,
        "last_contact": 1783869587,
        "baro_altitude": 373.38,
        "on_ground": true,
        "velocity": 0,
        "true_track": 334.69,
        "vertical_rate": null,
        "geo_altitude": null,
        "squawk": "3065",
        "spi": false,
        "position_source": 0
      }
    },
    {
      "type": "Feature",
      "geometry": {
        "type": "Point",
        "coordinates": [
          9.6544,
          47.5803
        ]
      },
      "properties": {
        "icao24": "3c6667",
        "callsign": "DLH48H",
        "origin_country": "Germany",
        "time_position": 1783869589,
        "last_contact": 1783869589,
        "baro_altitude": 8229.6,
        "on_ground": false,
        "velocity": 216.95,
        "true_track": 69.89,
        "vertical_rate": 0,
        "geo_altitude": 8656.32,
        "squawk": "1000",
        "spi": false,
        "position_source": 0
      }
    },
    {
      "type": "Feature",
      "geometry": {
        "type": "Point",
        "coordinates": [
          17.4666,
          43.081
        ]
      },
      "properties": {
        "icao24": "3c6664",
        "callsign": "DLH9AC",
        "origin_country": "Germany",
        "time_position": 1783869587,
        "last_contact": 1783869589,
        "baro_altitude": 6332.22,
        "on_ground": false,
        "velocity": 200.14,
        "true_track": 313.54,
        "vertical_rate": 10.4,
        "geo_altitude": 6659.88,
        "squawk": null,
        "spi": false,
        "position_source": 0
      }
    },
    {
      "type": "Feature",
      "geometry": {
        "type": "Point",
        "coordinates": [
          15.4498,
          38.4198
        ]
      },
      "properties": {
        "icao24": "3c666e",
        "callsign": "DLH1EJ",
        "origin_country": "Germany",
        "time_position": 1783869590,
        "last_contact": 1783869590,
        "baro_altitude": 6111.24,
        "on_ground": false,
        "velocity": 220.8,
        "true_track": 155.64,
        "vertical_rate": -10.73,
        "geo_altitude": 6507.48,
        "squawk": "5546",
        "spi": false,
        "position_source": 0
      }
    },
    {
      "type": "Feature",
      "geometry": {
        "type": "Point",
        "coordinates": [
          9.465,
          40.5013
        ]
      },
      "properties": {
        "icao24": "3c666b",
        "callsign": "DLH4NC",
        "origin_country": "Germany",
        "time_position": 1783869589,
        "last_contact": 1783869589,
        "baro_altitude": 7490.46,
        "on_ground": false,
        "velocity": 228.33,
        "true_track": 201.13,
        "vertical_rate": -11.7,
        "geo_altitude": 8001,
        "squawk": "4356",
        "spi": false,
        "position_source": 0
      }
    },
    {
      "type": "Feature",
      "geometry": {
        "type": "Point",
        "coordinates": [
          13.8033,
          46.2271
        ]
      },
      "properties": {
        "icao24": "3cc95a",
        "callsign": "UNI133",
        "origin_country": "Germany",
        "time_position": 1783869590,
        "last_contact": 1783869590,
        "baro_altitude": 10972.8,
        "on_ground": false,
        "velocity": 219.57,
        "true_track": 319.18,
        "vertical_rate": 0,
        "geo_altitude": 11475.72,
        "squawk": "5653",
        "spi": false,
        "position_source": 0
      }
    },
    {
      "type": "Feature",
      "geometry": {
        "type": "Point",
        "coordinates": [
          9.0705,
          42.6855
        ]
      },
      "properties": {
        "icao24": "39824d",
        "callsign": "FHASN",
        "origin_country": "France",
        "time_position": 1783869589,
        "last_contact": 1783869589,
        "baro_altitude": 3032.76,
        "on_ground": false,
        "velocity": 80.65,
        "true_track": 293.29,
        "vertical_rate": 0,
        "geo_altitude": 3284.22,
        "squawk": null,
        "spi": false,
        "position_source": 0
      }
    },
    {
      "type": "Feature",
      "geometry": {
        "type": "Point",
        "coordinates": [
          9.1256,
          46.7811
        ]
      },
      "properties": {
        "icao24": "408134",
        "callsign": "BAW705",
        "origin_country": "United Kingdom",
        "time_position": 1783869590,
        "last_contact": 1783869590,
        "baro_altitude": 11574.78,
        "on_ground": false,
        "velocity": 217.42,
        "true_track": 296.26,
        "vertical_rate": 0,
        "geo_altitude": 12115.8,
        "squawk": "2745",
        "spi": false,
        "position_source": 0
      }
    },
    {
      "type": "Feature",
      "geometry": {
        "type": "Point",
        "coordinates": [
          9.312,
          40.7911
        ]
      },
      "properties": {
        "icao24": "3c65e1",
        "callsign": "DLH1LC",
        "origin_country": "Germany",
        "time_position": 1783869590,
        "last_contact": 1783869590,
        "baro_altitude": 1226.82,
        "on_ground": false,
        "velocity": 96.17,
        "true_track": 56.56,
        "vertical_rate": -5.85,
        "geo_altitude": 1402.08,
        "squawk": "2560",
        "spi": false,
        "position_source": 0
      }
    },
    {
      "type": "Feature",
      "geometry": {
        "type": "Point",
        "coordinates": [
          12.8603,
          38.1713
        ]
      },
      "properties": {
        "icao24": "3c65d7",
        "callsign": "DLH3YJ",
        "origin_country": "Germany",
        "time_position": 1783869438,
        "last_contact": 1783869438,
        "baro_altitude": 922.02,
        "on_ground": false,
        "velocity": 118.28,
        "true_track": 157.23,
        "vertical_rate": -5.53,
        "geo_altitude": 1036.32,
        "squawk": "1000",
        "spi": false,
        "position_source": 0
      }
    },
    {
      "type": "Feature",
      "geometry": {
        "type": "Point",
        "coordinates": [
          9.0576,
          47.6069
        ]
      },
      "properties": {
        "icao24": "4b4bfa",
        "callsign": "HB1875",
        "origin_country": "Switzerland",
        "time_position": 1783869590,
        "last_contact": 1783869590,
        "baro_altitude": 1264.92,
        "on_ground": false,
        "velocity": 32.43,
        "true_track": 228.22,
        "vertical_rate": -0.33,
        "geo_altitude": 1440.18,
        "squawk": "7000",
        "spi": false,
        "position_source": 0
      }
    },
    {
      "type": "Feature",
      "geometry": {
        "type": "Point",
        "coordinates": [
          12.8656,
          42.0093
        ]
      },
      "properties": {
        "icao24": "4baf21",
        "callsign": "TCKYA",
        "origin_country": "Turkey",
        "time_position": 1783869590,
        "last_contact": 1783869590,
        "baro_altitude": 12161.52,
        "on_ground": false,
        "velocity": 250.8,
        "true_track": 104.49,
        "vertical_rate": 2.6,
        "geo_altitude": 12771.12,
        "squawk": "4311",
        "spi": false,
        "position_source": 0
      }
    },
    {
      "type": "Feature",
      "geometry": {
        "type": "Point",
        "coordinates": [
          12.0024,
          47.7078
        ]
      },
      "properties": {
        "icao24": "516097",
        "callsign": "MNE301",
        "origin_country": "Montenegro",
        "time_position": 1783869589,
        "last_contact": 1783869589,
        "baro_altitude": 11277.6,
        "on_ground": false,
        "velocity": 249.44,
        "true_track": 137.59,
        "vertical_rate": 0,
        "geo_altitude": 11765.28,
        "squawk": "6047",
        "spi": false,
        "position_source": 0
      }
    },
    {
      "type": "Feature",
      "geometry": {
        "type": "Point",
        "coordinates": [
          6.9518,
          40.4554
        ]
      },
      "properties": {
        "icao24": "488cc1",
        "callsign": "SPDGB",
        "origin_country": "Poland",
        "time_position": 1783869576,
        "last_contact": 1783869576,
        "baro_altitude": 3048,
        "on_ground": false,
        "velocity": 97.1,
        "true_track": 74.64,
        "vertical_rate": -1.3,
        "geo_altitude": 3314.7,
        "squawk": null,
        "spi": false,
        "position_source": 0
      }
    },
    {
      "type": "Feature",
      "geometry": {
        "type": "Point",
        "coordinates": [
          8.3594,
          47.6577
        ]
      },
      "properties": {
        "icao24": "3c6747",
        "callsign": "DLH2FF",
        "origin_country": "Germany",
        "time_position": 1783869589,
        "last_contact": 1783869589,
        "baro_altitude": 10058.4,
        "on_ground": false,
        "velocity": 229.21,
        "true_track": 182.83,
        "vertical_rate": 0.33,
        "geo_altitude": 10576.56,
        "squawk": "1000",
        "spi": false,
        "position_source": 0
      }
    },
    {
      "type": "Feature",
      "geometry": {
        "type": "Point",
        "coordinates": [
          8.7488,
          45.3542
        ]
      },
      "properties": {
        "icao24": "3c6754",
        "callsign": "DLH340",
        "origin_country": "Germany",
        "time_position": 1783869590,
        "last_contact": 1783869590,
        "baro_altitude": 11277.6,
        "on_ground": false,
        "velocity": 241.51,
        "true_track": 175.48,
        "vertical_rate": 0,
        "geo_altitude": 11849.1,
        "squawk": "2567",
        "spi": false,
        "position_source": 0
      }
    },
    {
      "type": "Feature",
      "geometry": {
        "type": "Point",
        "coordinates": [
          8.4538,
          45.832
        ]
      },
      "properties": {
        "icao24": "40806a",
        "callsign": "LNX70RG",
        "origin_country": "United Kingdom",
        "time_position": 1783869590,
        "last_contact": 1783869590,
        "baro_altitude": 10668,
        "on_ground": false,
        "velocity": 242.35,
        "true_track": 183.89,
        "vertical_rate": 0,
        "geo_altitude": 11216.64,
        "squawk": "1000",
        "spi": false,
        "position_source": 0
      }
    },
    {
      "type": "Feature",
      "geometry": {
        "type": "Point",
        "coordinates": [
          13.146,
          47.7822
        ]
      },
      "properties": {
        "icao24": "440cbe",
        "callsign": "EJU81RY",
        "origin_country": "Austria",
        "time_position": 1783869590,
        "last_contact": 1783869590,
        "baro_altitude": 10355.58,
        "on_ground": false,
        "velocity": 221.19,
        "true_track": 32.66,
        "vertical_rate": -3.9,
        "geo_altitude": 10820.4,
        "squawk": "1000",
        "spi": false,
        "position_source": 0
      }
    },
    {
      "type": "Feature",
      "geometry": {
        "type": "Point",
        "coordinates": [
          11.9281,
          45.9366
        ]
      },
      "properties": {
        "icao24": "440cbf",
        "callsign": "EJU76XR",
        "origin_country": "Austria",
        "time_position": 1783869590,
        "last_contact": 1783869590,
        "baro_altitude": 11285.22,
        "on_ground": false,
        "velocity": 246.41,
        "true_track": 145.98,
        "vertical_rate": -0.33,
        "geo_altitude": 11803.38,
        "squawk": "0170",
        "spi": false,
        "position_source": 0
      }
    },
    {
      "type": "Feature",
      "geometry": {
        "type": "Point",
        "coordinates": [
          11.542,
          47.0545
        ]
      },
      "properties": {
        "icao24": "440cb1",
        "callsign": "EJU59FK",
        "origin_country": "Austria",
        "time_position": 1783869590,
        "last_contact": 1783869590,
        "baro_altitude": 10660.38,
        "on_ground": false,
        "velocity": 215.94,
        "true_track": 19.77,
        "vertical_rate": 4.55,
        "geo_altitude": 11155.68,
        "squawk": "1000",
        "spi": false,
        "position_source": 0
      }
    },
    {
      "type": "Feature",
      "geometry": {
        "type": "Point",
        "coordinates": [
          7.9639,
          43.9231
        ]
      },
      "properties": {
        "icao24": "4951ce",
        "callsign": "TAP86VR",
        "origin_country": "Portugal",
        "time_position": 1783869589,
        "last_contact": 1783869590,
        "baro_altitude": 9753.6,
        "on_ground": false,
        "velocity": 246.87,
        "true_track": 54.16,
        "vertical_rate": 0,
        "geo_altitude": 10325.1,
        "squawk": "1000",
        "spi": false,
        "position_source": 0
      }
    },
    {
      "type": "Feature",
      "geometry": {
        "type": "Point",
        "coordinates": [
          14.3463,
          45.5632
        ]
      },
      "properties": {
        "icao24": "3c6581",
        "callsign": "DLH7XC",
        "origin_country": "Germany",
        "time_position": 1783869590,
        "last_contact": 1783869590,
        "baro_altitude": 5737.86,
        "on_ground": false,
        "velocity": 130.64,
        "true_track": 340.92,
        "vertical_rate": 7.8,
        "geo_altitude": 6050.28,
        "squawk": "1000",
        "spi": false,
        "position_source": 0
      }
    },
    {
      "type": "Feature",
      "geometry": {
        "type": "Point",
        "coordinates": [
          10.9449,
          45.7175
        ]
      },
      "properties": {
        "icao24": "3c6588",
        "callsign": "DLH9MF",
        "origin_country": "Germany",
        "time_position": 1783869590,
        "last_contact": 1783869590,
        "baro_altitude": 7338.06,
        "on_ground": false,
        "velocity": 211.3,
        "true_track": 141.62,
        "vertical_rate": -7.8,
        "geo_altitude": 7787.64,
        "squawk": "1000",
        "spi": false,
        "position_source": 0
      }
    },
    {
      "type": "Feature",
      "geometry": {
        "type": "Point",
        "coordinates": [
          8.7271,
          45.6392
        ]
      },
      "properties": {
        "icao24": "3c6585",
        "callsign": "DLH4LF",
        "origin_country": "Germany",
        "time_position": 1783869588,
        "last_contact": 1783869588,
        "baro_altitude": null,
        "on_ground": true,
        "velocity": 9.77,
        "true_track": 303.75,
        "vertical_rate": null,
        "geo_altitude": null,
        "squawk": "1000",
        "spi": false,
        "position_source": 0
      }
    },
    {
      "type": "Feature",
      "geometry": {
        "type": "Point",
        "coordinates": [
          12.1433,
          42.776
        ]
      },
      "properties": {
        "icao24": "3c658d",
        "callsign": "DLH7KH",
        "origin_country": "Germany",
        "time_position": 1783869589,
        "last_contact": 1783869590,
        "baro_altitude": 4800.6,
        "on_ground": false,
        "velocity": 187.06,
        "true_track": 169.06,
        "vertical_rate": -10.08,
        "geo_altitude": 5128.26,
        "squawk": "1000",
        "spi": false,
        "position_source": 0
      }
    },
    {
      "type": "Feature",
      "geometry": {
        "type": "Point",
        "coordinates": [
          10.3429,
          37.5691
        ]
      },
      "properties": {
        "icao24": "02a1a3",
        "callsign": null,
        "origin_country": "Tunisia",
        "time_position": 1783869515,
        "last_contact": 1783869516,
        "baro_altitude": 4480.56,
        "on_ground": false,
        "velocity": 191.62,
        "true_track": 177.08,
        "vertical_rate": -7.8,
        "geo_altitude": 4869.18,
        "squawk": null,
        "spi": false,
        "position_source": 0
      }
    },
    {
      "type": "Feature",
      "geometry": {
        "type": "Point",
        "coordinates": [
          10.7718,
          35.7621
        ]
      },
      "properties": {
        "icao24": "02a1a2",
        "callsign": null,
        "origin_country": "Tunisia",
        "time_position": 1783869504,
        "last_contact": 1783869504,
        "baro_altitude": 167.64,
        "on_ground": false,
        "velocity": 85.79,
        "true_track": 73.63,
        "vertical_rate": 13.66,
        "geo_altitude": null,
        "squawk": null,
        "spi": false,
        "position_source": 0
      }
    },
    {
      "type": "Feature",
      "geometry": {
        "type": "Point",
        "coordinates": [
          17.9708,
          41.6884
        ]
      },
      "properties": {
        "icao24": "408229",
        "callsign": "BAW63VP",
        "origin_country": "United Kingdom",
        "time_position": 1783869589,
        "last_contact": 1783869589,
        "baro_altitude": 10363.2,
        "on_ground": false,
        "velocity": 214.31,
        "true_track": 303.84,
        "vertical_rate": 0,
        "geo_altitude": 10873.74,
        "squawk": "2022",
        "spi": false,
        "position_source": 0
      }
    },
    {
      "type": "Feature",
      "geometry": {
        "type": "Point",
        "coordinates": [
          8.5061,
          44.1512
        ]
      },
      "properties": {
        "icao24": "39d30d",
        "callsign": "TVF44TT",
        "origin_country": "France",
        "time_position": 1783869589,
        "last_contact": 1783869589,
        "baro_altitude": 11277.6,
        "on_ground": false,
        "velocity": 249.18,
        "true_track": 135.25,
        "vertical_rate": 0,
        "geo_altitude": 11849.1,
        "squawk": "1000",
        "spi": false,
        "position_source": 0
      }
    },
    {
      "type": "Feature",
      "geometry": {
        "type": "Point",
        "coordinates": [
          12.5445,
          45.2656
        ]
      },
      "properties": {
        "icao24": "c02ee9",
        "callsign": "ACA923",
        "origin_country": "Canada",
        "time_position": 1783869589,
        "last_contact": 1783869589,
        "baro_altitude": 11582.4,
        "on_ground": false,
        "velocity": 234.43,
        "true_track": 305.71,
        "vertical_rate": -0.33,
        "geo_altitude": 12108.18,
        "squawk": "2063",
        "spi": false,
        "position_source": 0
      }
    },
    {
      "type": "Feature",
      "geometry": {
        "type": "Point",
        "coordinates": [
          11.8347,
          46.6675
        ]
      },
      "properties": {
        "icao24": "3c6548",
        "callsign": "LHX7LP",
        "origin_country": "Germany",
        "time_position": 1783869590,
        "last_contact": 1783869590,
        "baro_altitude": 10386.06,
        "on_ground": false,
        "velocity": 245.84,
        "true_track": 176.52,
        "vertical_rate": 4.55,
        "geo_altitude": 10888.98,
        "squawk": "1000",
        "spi": false,
        "position_source": 0
      }
    },
    {
      "type": "Feature",
      "geometry": {
        "type": "Point",
        "coordinates": [
          16.2692,
          42.9371
        ]
      },
      "properties": {
        "icao24": "3c7877",
        "callsign": "CFG3AD",
        "origin_country": "Germany",
        "time_position": 1783869589,
        "last_contact": 1783869589,
        "baro_altitude": 11285.22,
        "on_ground": false,
        "velocity": 252.38,
        "true_track": 132.27,
        "vertical_rate": 0.33,
        "geo_altitude": 11818.62,
        "squawk": "3020",
        "spi": false,
        "position_source": 0
      }
    },
    {
      "type": "Feature",
      "geometry": {
        "type": "Point",
        "coordinates": [
          10.4906,
          46.0621
        ]
      },
      "properties": {
        "icao24": "3c7878",
        "callsign": "CFG6DZ",
        "origin_country": "Germany",
        "time_position": 1783869590,
        "last_contact": 1783869590,
        "baro_altitude": 10195.56,
        "on_ground": false,
        "velocity": 232.58,
        "true_track": 34.18,
        "vertical_rate": -4.55,
        "geo_altitude": 10713.72,
        "squawk": "1000",
        "spi": false,
        "position_source": 0
      }
    },
    {
      "type": "Feature",
      "geometry": {
        "type": "Point",
        "coordinates": [
          14.1278,
          44.8719
        ]
      },
      "properties": {
        "icao24": "3c7879",
        "callsign": "CFG8PZ",
        "origin_country": "Germany",
        "time_position": 1783869590,
        "last_contact": 1783869590,
        "baro_altitude": 11590.02,
        "on_ground": false,
        "velocity": 215.1,
        "true_track": 316.84,
        "vertical_rate": 0,
        "geo_altitude": 12115.8,
        "squawk": "5536",
        "spi": false,
        "position_source": 0
      }
    },
    {
      "type": "Feature",
      "geometry": {
        "type": "Point",
        "coordinates": [
          18.7366,
          40.1853
        ]
      },
      "properties": {
        "icao24": "4690e4",
        "callsign": "AEE4RI",
        "origin_country": "Greece",
        "time_position": 1783869590,
        "last_contact": 1783869590,
        "baro_altitude": 9189.72,
        "on_ground": false,
        "velocity": 206.32,
        "true_track": 303.61,
        "vertical_rate": -4.23,
        "geo_altitude": 9677.4,
        "squawk": "5050",
        "spi": false,
        "position_source": 0
      }
    },
    {
      "type": "Feature",
      "geometry": {
        "type": "Point",
        "coordinates": [
          8.5583,
          47.453
        ]
      },
      "properties": {
        "icao24": "4b5da6",
        "callsign": "TE25",
        "origin_country": "Switzerland",
        "time_position": 1783869590,
        "last_contact": 1783869590,
        "baro_altitude": null,
        "on_ground": true,
        "velocity": 3.86,
        "true_track": 95.62,
        "vertical_rate": null,
        "geo_altitude": null,
        "squawk": null,
        "spi": false,
        "position_source": 0
      }
    },
    {
      "type": "Feature",
      "geometry": {
        "type": "Point",
        "coordinates": [
          14.3454,
          47.5246
        ]
      },
      "properties": {
        "icao24": "4690e2",
        "callsign": "AEE532",
        "origin_country": "Greece",
        "time_position": 1783869590,
        "last_contact": 1783869590,
        "baro_altitude": 10965.18,
        "on_ground": false,
        "velocity": 213.31,
        "true_track": 308.83,
        "vertical_rate": 0.33,
        "geo_altitude": 11445.24,
        "squawk": "1750",
        "spi": false,
        "position_source": 0
      }
    },
    {
      "type": "Feature",
      "geometry": {
        "type": "Point",
        "coordinates": [
          8.5565,
          47.4521
        ]
      },
      "properties": {
        "icao24": "4b5da8",
        "callsign": "ATL778",
        "origin_country": "Switzerland",
        "time_position": 1783869588,
        "last_contact": 1783869589,
        "baro_altitude": null,
        "on_ground": true,
        "velocity": 5.14,
        "true_track": 357.19,
        "vertical_rate": null,
        "geo_altitude": null,
        "squawk": null,
        "spi": false,
        "position_source": 0
      }
    },
    {
      "type": "Feature",
      "geometry": {
        "type": "Point",
        "coordinates": [
          8.5573,
          47.4538
        ]
      },
      "properties": {
        "icao24": "4b5da2",
        "callsign": "TE21",
        "origin_country": "Switzerland",
        "time_position": 1783868868,
        "last_contact": 1783869534,
        "baro_altitude": null,
        "on_ground": true,
        "velocity": 0,
        "true_track": 331.88,
        "vertical_rate": null,
        "geo_altitude": null,
        "squawk": null,
        "spi": false,
        "position_source": 0
      }
    },
    {
      "type": "Feature",
      "geometry": {
        "type": "Point",
        "coordinates": [
          8.5573,
          47.4537
        ]
      },
      "properties": {
        "icao24": "4b5da3",
        "callsign": "TE22",
        "origin_country": "Switzerland",
        "time_position": 1783869588,
        "last_contact": 1783869590,
        "baro_altitude": null,
        "on_ground": true,
        "velocity": 0.06,
        "true_track": 87.19,
        "vertical_rate": null,
        "geo_altitude": null,
        "squawk": null,
        "spi": false,
        "position_source": 0
      }
    },
    {
      "type": "Feature",
      "geometry": {
        "type": "Point",
        "coordinates": [
          12.7126,
          41.558
        ]
      },
      "properties": {
        "icao24": "4690ea",
        "callsign": "AEE551",
        "origin_country": "Greece",
        "time_position": 1783869589,
        "last_contact": 1783869590,
        "baro_altitude": 6111.24,
        "on_ground": false,
        "velocity": 204.94,
        "true_track": 79.73,
        "vertical_rate": 9.43,
        "geo_altitude": 6507.48,
        "squawk": "1263",
        "spi": false,
        "position_source": 0
      }
    },
    {
      "type": "Feature",
      "geometry": {
        "type": "Point",
        "coordinates": [
          15.8953,
          43.9962
        ]
      },
      "properties": {
        "icao24": "3cc83d",
        "callsign": "EFD5D",
        "origin_country": "Germany",
        "time_position": 1783869567,
        "last_contact": 1783869588,
        "baro_altitude": 11109.96,
        "on_ground": false,
        "velocity": 198.1,
        "true_track": 333.97,
        "vertical_rate": 7.8,
        "geo_altitude": 11612.88,
        "squawk": "1000",
        "spi": false,
        "position_source": 0
      }
    },
    {
      "type": "Feature",
      "geometry": {
        "type": "Point",
        "coordinates": [
          7.2071,
          43.6599
        ]
      },
      "properties": {
        "icao24": "39e684",
        "callsign": "AFR68LT",
        "origin_country": "France",
        "time_position": 1783869497,
        "last_contact": 1783869502,
        "baro_altitude": null,
        "on_ground": true,
        "velocity": 0,
        "true_track": 258.75,
        "vertical_rate": null,
        "geo_altitude": null,
        "squawk": "1000",
        "spi": false,
        "position_source": 0
      }
    },
    {
      "type": "Feature",
      "geometry": {
        "type": "Point",
        "coordinates": [
          8.5605,
          47.452
        ]
      },
      "properties": {
        "icao24": "4b5daa",
        "callsign": "ATL786",
        "origin_country": "Switzerland",
        "time_position": 1783869567,
        "last_contact": 1783869580,
        "baro_altitude": null,
        "on_ground": true,
        "velocity": 4.89,
        "true_track": 146.25,
        "vertical_rate": null,
        "geo_altitude": null,
        "squawk": null,
        "spi": false,
        "position_source": 0
      }
    },
    {
      "type": "Feature",
      "geometry": {
        "type": "Point",
        "coordinates": [
          9.7048,
          46.8179
        ]
      },
      "properties": {
        "icao24": "4080f6",
        "callsign": "EZY58FW",
        "origin_country": "United Kingdom",
        "time_position": 1783869589,
        "last_contact": 1783869589,
        "baro_altitude": 10972.8,
        "on_ground": false,
        "velocity": 211.91,
        "true_track": 295.76,
        "vertical_rate": 0,
        "geo_altitude": 11490.96,
        "squawk": "2742",
        "spi": false,
        "position_source": 0
      }
    },
    {
      "type": "Feature",
      "geometry": {
        "type": "Point",
        "coordinates": [
          10.2978,
          42.6024
        ]
      },
      "properties": {
        "icao24": "02a1ae",
        "callsign": "LBT508",
        "origin_country": "Tunisia",
        "time_position": 1783869590,
        "last_contact": 1783869590,
        "baro_altitude": 10972.8,
        "on_ground": false,
        "velocity": 207.78,
        "true_track": 327.33,
        "vertical_rate": 0,
        "geo_altitude": 11529.06,
        "squawk": "6142",
        "spi": false,
        "position_source": 0
      }
    },
    {
      "type": "Feature",
      "geometry": {
        "type": "Point",
        "coordinates": [
          8.7897,
          45.142
        ]
      },
      "properties": {
        "icao24": "02a1ab",
        "callsign": "LBT634",
        "origin_country": "Tunisia",
        "time_position": 1783869588,
        "last_contact": 1783869590,
        "baro_altitude": 2301.24,
        "on_ground": false,
        "velocity": 145.6,
        "true_track": 359.39,
        "vertical_rate": -11.05,
        "geo_altitude": 2499.36,
        "squawk": "6175",
        "spi": false,
        "position_source": 0
      }
    },
    {
      "type": "Feature",
      "geometry": {
        "type": "Point",
        "coordinates": [
          11.5845,
          41.3205
        ]
      },
      "properties": {
        "icao24": "02a1b3",
        "callsign": "LBT2599",
        "origin_country": "Tunisia",
        "time_position": 1783869590,
        "last_contact": 1783869590,
        "baro_altitude": 10668,
        "on_ground": false,
        "velocity": 242.54,
        "true_track": 182.55,
        "vertical_rate": 0,
        "geo_altitude": 11239.5,
        "squawk": "1135",
        "spi": false,
        "position_source": 0
      }
    },
    {
      "type": "Feature",
      "geometry": {
        "type": "Point",
        "coordinates": [
          8.7091,
          43.8837
        ]
      },
      "properties": {
        "icao24": "02a1b0",
        "callsign": "LBT542",
        "origin_country": "Tunisia",
        "time_position": 1783869590,
        "last_contact": 1783869590,
        "baro_altitude": 11582.4,
        "on_ground": false,
        "velocity": 210.28,
        "true_track": 333.56,
        "vertical_rate": 0,
        "geo_altitude": 12184.38,
        "squawk": "1000",
        "spi": false,
        "position_source": 0
      }
    },
    {
      "type": "Feature",
      "geometry": {
        "type": "Point",
        "coordinates": [
          7.6936,
          43.4423
        ]
      },
      "properties": {
        "icao24": "49410c",
        "callsign": "NJE287V",
        "origin_country": "Portugal",
        "time_position": 1783869589,
        "last_contact": 1783869590,
        "baro_altitude": 1767.84,
        "on_ground": false,
        "velocity": 129.22,
        "true_track": 187.55,
        "vertical_rate": -5.2,
        "geo_altitude": 1950.72,
        "squawk": "3131",
        "spi": false,
        "position_source": 0
      }
    },
    {
      "type": "Feature",
      "geometry": {
        "type": "Point",
        "coordinates": [
          7.2123,
          43.6643
        ]
      },
      "properties": {
        "icao24": "4080e4",
        "callsign": "BAW332",
        "origin_country": "United Kingdom",
        "time_position": 1783869589,
        "last_contact": 1783869589,
        "baro_altitude": null,
        "on_ground": true,
        "velocity": 0.9,
        "true_track": 343.12,
        "vertical_rate": null,
        "geo_altitude": null,
        "squawk": "7502",
        "spi": false,
        "position_source": 0
      }
    },
    {
      "type": "Feature",
      "geometry": {
        "type": "Point",
        "coordinates": [
          8.2969,
          47.4517
        ]
      },
      "properties": {
        "icao24": "4b15d7",
        "callsign": "EDW18H",
        "origin_country": "Switzerland",
        "time_position": 1783869589,
        "last_contact": 1783869590,
        "baro_altitude": 3604.26,
        "on_ground": false,
        "velocity": 188.89,
        "true_track": 252.4,
        "vertical_rate": 9.75,
        "geo_altitude": 3863.34,
        "squawk": "3011",
        "spi": false,
        "position_source": 0
      }
    },
    {
      "type": "Feature",
      "geometry": {
        "type": "Point",
        "coordinates": [
          15.6269,
          41.4547
        ]
      },
      "properties": {
        "icao24": "7103dd",
        "callsign": "SVA210",
        "origin_country": "Saudi Arabia",
        "time_position": 1783869590,
        "last_contact": 1783869590,
        "baro_altitude": 11277.6,
        "on_ground": false,
        "velocity": 255.41,
        "true_track": 128.79,
        "vertical_rate": 0.33,
        "geo_altitude": 11849.1,
        "squawk": "0472",
        "spi": false,
        "position_source": 0
      }
    },
    {
      "type": "Feature",
      "geometry": {
        "type": "Point",
        "coordinates": [
          12.4169,
          44.6248
        ]
      },
      "properties": {
        "icao24": "4b15ed",
        "callsign": "EDW346M",
        "origin_country": "Switzerland",
        "time_position": 1783869589,
        "last_contact": 1783869589,
        "baro_altitude": 10668,
        "on_ground": false,
        "velocity": 263.61,
        "true_track": 138.88,
        "vertical_rate": 0,
        "geo_altitude": 11186.16,
        "squawk": "3025",
        "spi": false,
        "position_source": 0
      }
    },
    {
      "type": "Feature",
      "geometry": {
        "type": "Point",
        "coordinates": [
          17.5492,
          42.0885
        ]
      },
      "properties": {
        "icao24": "4b15ef",
        "callsign": "EDW55Q",
        "origin_country": "Switzerland",
        "time_position": 1783869589,
        "last_contact": 1783869589,
        "baro_altitude": 10668,
        "on_ground": false,
        "velocity": 250.48,
        "true_track": 137.33,
        "vertical_rate": -0.33,
        "geo_altitude": 11186.16,
        "squawk": "3023",
        "spi": false,
        "position_source": 0
      }
    },
    {
      "type": "Feature",
      "geometry": {
        "type": "Point",
        "coordinates": [
          8.4935,
          47.3049
        ]
      },
      "properties": {
        "icao24": "3c6657",
        "callsign": "DLH01Y",
        "origin_country": "Germany",
        "time_position": 1783869590,
        "last_contact": 1783869590,
        "baro_altitude": 10363.2,
        "on_ground": false,
        "velocity": 244.02,
        "true_track": 174.31,
        "vertical_rate": 0,
        "geo_altitude": 10873.74,
        "squawk": "1000",
        "spi": false,
        "position_source": 0
      }
    },
    {
      "type": "Feature",
      "geometry": {
        "type": "Point",
        "coordinates": [
          14.5098,
          35.8313
        ]
      },
      "properties": {
        "icao24": "3c6659",
        "callsign": "DLH4UP",
        "origin_country": "Germany",
        "time_position": 1783869588,
        "last_contact": 1783869589,
        "baro_altitude": 243.84,
        "on_ground": false,
        "velocity": 92.77,
        "true_track": 135.67,
        "vertical_rate": 12.68,
        "geo_altitude": 312.42,
        "squawk": null,
        "spi": false,
        "position_source": 0
      }
    },
    {
      "type": "Feature",
      "geometry": {
        "type": "Point",
        "coordinates": [
          8.6513,
          46.0134
        ]
      },
      "properties": {
        "icao24": "3c7982",
        "callsign": "CFG1TV",
        "origin_country": "Germany",
        "time_position": 1783869589,
        "last_contact": 1783869589,
        "baro_altitude": 10668,
        "on_ground": false,
        "velocity": 241.67,
        "true_track": 176.71,
        "vertical_rate": 0,
        "geo_altitude": 11216.64,
        "squawk": "1000",
        "spi": false,
        "position_source": 0
      }
    },
    {
      "type": "Feature",
      "geometry": {
        "type": "Point",
        "coordinates": [
          9.8382,
          44.7336
        ]
      },
      "properties": {
        "icao24": "39d303",
        "callsign": "TVF8029",
        "origin_country": "France",
        "time_position": 1783869590,
        "last_contact": 1783869590,
        "baro_altitude": 11277.6,
        "on_ground": false,
        "velocity": 208.12,
        "true_track": 284.31,
        "vertical_rate": 0.33,
        "geo_altitude": 11833.86,
        "squawk": "2043",
        "spi": false,
        "position_source": 0
      }
    },
    {
      "type": "Feature",
      "geometry": {
        "type": "Point",
        "coordinates": [
          8.5573,
          47.4547
        ]
      },
      "properties": {
        "icao24": "4b5d9e",
        "callsign": "ATL785",
        "origin_country": "Switzerland",
        "time_position": 1783868616,
        "last_contact": 1783869587,
        "baro_altitude": null,
        "on_ground": true,
        "velocity": 6.94,
        "true_track": 261.56,
        "vertical_rate": null,
        "geo_altitude": null,
        "squawk": null,
        "spi": false,
        "position_source": 0
      }
    },
    {
      "type": "Feature",
      "geometry": {
        "type": "Point",
        "coordinates": [
          8.5571,
          47.454
        ]
      },
      "properties": {
        "icao24": "4b5d9c",
        "callsign": "TE782",
        "origin_country": "Switzerland",
        "time_position": 1783869567,
        "last_contact": 1783869569,
        "baro_altitude": null,
        "on_ground": true,
        "velocity": 0,
        "true_track": 357.19,
        "vertical_rate": null,
        "geo_altitude": null,
        "squawk": null,
        "spi": false,
        "position_source": 0
      }
    },
    {
      "type": "Feature",
      "geometry": {
        "type": "Point",
        "coordinates": [
          8.0798,
          44.3248
        ]
      },
      "properties": {
        "icao24": "3c6484",
        "callsign": "DLH99X",
        "origin_country": "Germany",
        "time_position": 1783869589,
        "last_contact": 1783869590,
        "baro_altitude": 6179.82,
        "on_ground": false,
        "velocity": 231.56,
        "true_track": 218.14,
        "vertical_rate": -9.75,
        "geo_altitude": 6591.3,
        "squawk": "1000",
        "spi": false,
        "position_source": 0
      }
    },
    {
      "type": "Feature",
      "geometry": {
        "type": "Point",
        "coordinates": [
          6.7255,
          46.494
        ]
      },
      "properties": {
        "icao24": "3c6490",
        "callsign": "EWG18C",
        "origin_country": "Germany",
        "time_position": 1783869589,
        "last_contact": 1783869590,
        "baro_altitude": 10668,
        "on_ground": false,
        "velocity": 226.69,
        "true_track": 208.02,
        "vertical_rate": 0,
        "geo_altitude": 11201.4,
        "squawk": "1000",
        "spi": false,
        "position_source": 0
      }
    },
    {
      "type": "Feature",
      "geometry": {
        "type": "Point",
        "coordinates": [
          12.9521,
          44.6902
        ]
      },
      "properties": {
        "icao24": "3c6421",
        "callsign": "CFG1VU",
        "origin_country": "Germany",
        "time_position": 1783869590,
        "last_contact": 1783869590,
        "baro_altitude": 10668,
        "on_ground": false,
        "velocity": 253.56,
        "true_track": 138.13,
        "vertical_rate": -0.33,
        "geo_altitude": 11170.92,
        "squawk": "7715",
        "spi": false,
        "position_source": 0
      }
    },
    {
      "type": "Feature",
      "geometry": {
        "type": "Point",
        "coordinates": [
          6.5565,
          46.3955
        ]
      },
      "properties": {
        "icao24": "3c6447",
        "callsign": "DLH33A",
        "origin_country": "Germany",
        "time_position": 1783869589,
        "last_contact": 1783869589,
        "baro_altitude": 11285.22,
        "on_ground": false,
        "velocity": 226.97,
        "true_track": 204.65,
        "vertical_rate": 0,
        "geo_altitude": 11856.72,
        "squawk": "1000",
        "spi": false,
        "position_source": 0
      }
    },
    {
      "type": "Feature",
      "geometry": {
        "type": "Point",
        "coordinates": [
          8.563,
          47.455
        ]
      },
      "properties": {
        "icao24": "4b161f",
        "callsign": "EDW268G",
        "origin_country": "Switzerland",
        "time_position": 1783869589,
        "last_contact": 1783869590,
        "baro_altitude": 381,
        "on_ground": true,
        "velocity": 5.92,
        "true_track": 39.38,
        "vertical_rate": null,
        "geo_altitude": null,
        "squawk": "3006",
        "spi": false,
        "position_source": 0
      }
    },
    {
      "type": "Feature",
      "geometry": {
        "type": "Point",
        "coordinates": [
          8.5595,
          47.4534
        ]
      },
      "properties": {
        "icao24": "4b161a",
        "callsign": "SWR43E",
        "origin_country": "Switzerland",
        "time_position": 1783869585,
        "last_contact": 1783869587,
        "baro_altitude": null,
        "on_ground": true,
        "velocity": 0,
        "true_track": 5.62,
        "vertical_rate": null,
        "geo_altitude": null,
        "squawk": "1000",
        "spi": false,
        "position_source": 0
      }
    },
    {
      "type": "Feature",
      "geometry": {
        "type": "Point",
        "coordinates": [
          13.7391,
          46.7746
        ]
      },
      "properties": {
        "icao24": "3c6442",
        "callsign": "DLH1721",
        "origin_country": "Germany",
        "time_position": 1783869589,
        "last_contact": 1783869589,
        "baro_altitude": 7315.2,
        "on_ground": false,
        "velocity": 208.93,
        "true_track": 332.43,
        "vertical_rate": 0,
        "geo_altitude": 7711.44,
        "squawk": "1000",
        "spi": false,
        "position_source": 0
      }
    },
    {
      "type": "Feature",
      "geometry": {
        "type": "Point",
        "coordinates": [
          10.0893,
          42.4751
        ]
      },
      "properties": {
        "icao24": "424838",
        "callsign": "VPCDP",
        "origin_country": "United Kingdom",
        "time_position": 1783869590,
        "last_contact": 1783869590,
        "baro_altitude": 10233.66,
        "on_ground": false,
        "velocity": 233.26,
        "true_track": 9.65,
        "vertical_rate": 9.43,
        "geo_altitude": 10843.26,
        "squawk": "1205",
        "spi": false,
        "position_source": 0
      }
    },
    {
      "type": "Feature",
      "geometry": {
        "type": "Point",
        "coordinates": [
          8.2669,
          44.9927
        ]
      },
      "properties": {
        "icao24": "aaebff",
        "callsign": "N8022X",
        "origin_country": "United States",
        "time_position": 1783869589,
        "last_contact": 1783869589,
        "baro_altitude": 769.62,
        "on_ground": false,
        "velocity": 64.55,
        "true_track": 275.03,
        "vertical_rate": 0,
        "geo_altitude": 868.68,
        "squawk": null,
        "spi": false,
        "position_source": 0
      }
    },
    {
      "type": "Feature",
      "geometry": {
        "type": "Point",
        "coordinates": [
          8.7252,
          45.6447
        ]
      },
      "properties": {
        "icao24": "440c83",
        "callsign": "EJU16VW",
        "origin_country": "Austria",
        "time_position": 1783869589,
        "last_contact": 1783869589,
        "baro_altitude": null,
        "on_ground": true,
        "velocity": 0,
        "true_track": 264.38,
        "vertical_rate": null,
        "geo_altitude": null,
        "squawk": null,
        "spi": false,
        "position_source": 0
      }
    },
    {
      "type": "Feature",
      "geometry": {
        "type": "Point",
        "coordinates": [
          7.8157,
          43.8742
        ]
      },
      "properties": {
        "icao24": "495145",
        "callsign": "TAP1242",
        "origin_country": "Portugal",
        "time_position": 1783869590,
        "last_contact": 1783869590,
        "baro_altitude": 10370.82,
        "on_ground": false,
        "velocity": 238.35,
        "true_track": 46.49,
        "vertical_rate": 0,
        "geo_altitude": 10934.7,
        "squawk": "1000",
        "spi": false,
        "position_source": 0
      }
    },
    {
      "type": "Feature",
      "geometry": {
        "type": "Point",
        "coordinates": [
          14.0157,
          39.7982
        ]
      },
      "properties": {
        "icao24": "440c34",
        "callsign": "EJU4132",
        "origin_country": "Austria",
        "time_position": 1783869589,
        "last_contact": 1783869589,
        "baro_altitude": 7399.02,
        "on_ground": false,
        "velocity": 241.95,
        "true_track": 17.32,
        "vertical_rate": -4.88,
        "geo_altitude": 7856.22,
        "squawk": "3763",
        "spi": false,
        "position_source": 0
      }
    },
    {
      "type": "Feature",
      "geometry": {
        "type": "Point",
        "coordinates": [
          15.1414,
          42.3484
        ]
      },
      "properties": {
        "icao24": "4b027e",
        "callsign": "EZS17VT",
        "origin_country": "Switzerland",
        "time_position": 1783869590,
        "last_contact": 1783869590,
        "baro_altitude": 11277.6,
        "on_ground": false,
        "velocity": 254.64,
        "true_track": 135,
        "vertical_rate": -0.33,
        "geo_altitude": 11826.24,
        "squawk": "0266",
        "spi": false,
        "position_source": 0
      }
    },
    {
      "type": "Feature",
      "geometry": {
        "type": "Point",
        "coordinates": [
          6.3512,
          45.9226
        ]
      },
      "properties": {
        "icao24": "4b027d",
        "callsign": "EZS78KD",
        "origin_country": "Switzerland",
        "time_position": 1783869590,
        "last_contact": 1783869590,
        "baro_altitude": 6438.9,
        "on_ground": false,
        "velocity": 191.54,
        "true_track": 132.39,
        "vertical_rate": 9.1,
        "geo_altitude": 6850.38,
        "squawk": "1000",
        "spi": false,
        "position_source": 0
      }
    },
    {
      "type": "Feature",
      "geometry": {
        "type": "Point",
        "coordinates": [
          15.9548,
          43.1721
        ]
      },
      "properties": {
        "icao24": "4b0274",
        "callsign": "EZS81MK",
        "origin_country": "Switzerland",
        "time_position": 1783869590,
        "last_contact": 1783869590,
        "baro_altitude": 11262.36,
        "on_ground": false,
        "velocity": 246.12,
        "true_track": 132.63,
        "vertical_rate": 0,
        "geo_altitude": 11780.52,
        "squawk": "0267",
        "spi": false,
        "position_source": 0
      }
    },
    {
      "type": "Feature",
      "geometry": {
        "type": "Point",
        "coordinates": [
          6.6235,
          46.4159
        ]
      },
      "properties": {
        "icao24": "4b028f",
        "callsign": "SWR841C",
        "origin_country": "Switzerland",
        "time_position": 1783869590,
        "last_contact": 1783869590,
        "baro_altitude": 8839.2,
        "on_ground": false,
        "velocity": 226.18,
        "true_track": 215.93,
        "vertical_rate": 0,
        "geo_altitude": 9334.5,
        "squawk": "1000",
        "spi": false,
        "position_source": 0
      }
    },
    {
      "type": "Feature",
      "geometry": {
        "type": "Point",
        "coordinates": [
          8.5603,
          47.4463
        ]
      },
      "properties": {
        "icao24": "4b028a",
        "callsign": "SWR7DF",
        "origin_country": "Switzerland",
        "time_position": 1783869399,
        "last_contact": 1783869405,
        "baro_altitude": 373.38,
        "on_ground": true,
        "velocity": 0,
        "true_track": 244.69,
        "vertical_rate": null,
        "geo_altitude": null,
        "squawk": "1000",
        "spi": false,
        "position_source": 0
      }
    },
    {
      "type": "Feature",
      "geometry": {
        "type": "Point",
        "coordinates": [
          7.6183,
          47.484
        ]
      },
      "properties": {
        "icao24": "4b0294",
        "callsign": "SWR478V",
        "origin_country": "Switzerland",
        "time_position": 1783869590,
        "last_contact": 1783869590,
        "baro_altitude": 6995.16,
        "on_ground": false,
        "velocity": 203.22,
        "true_track": 270.58,
        "vertical_rate": 10.4,
        "geo_altitude": 7414.26,
        "squawk": "3062",
        "spi": false,
        "position_source": 0
      }
    },
    {
      "type": "Feature",
      "geometry": {
        "type": "Point",
        "coordinates": [
          8.7944,
          45.4104
        ]
      },
      "properties": {
        "icao24": "3991e7",
        "callsign": "AFR93SM",
        "origin_country": "France",
        "time_position": 1783869590,
        "last_contact": 1783869590,
        "baro_altitude": 891.54,
        "on_ground": false,
        "velocity": 117.18,
        "true_track": 347.06,
        "vertical_rate": 0,
        "geo_altitude": 1013.46,
        "squawk": "1000",
        "spi": false,
        "position_source": 0
      }
    },
    {
      "type": "Feature",
      "geometry": {
        "type": "Point",
        "coordinates": [
          15.981,
          42.7619
        ]
      },
      "properties": {
        "icao24": "3c7865",
        "callsign": "VJH713",
        "origin_country": "Germany",
        "time_position": 1783869590,
        "last_contact": 1783869590,
        "baro_altitude": 12192,
        "on_ground": false,
        "velocity": 219.84,
        "true_track": 313.1,
        "vertical_rate": 0,
        "geo_altitude": 12755.88,
        "squawk": "2020",
        "spi": false,
        "position_source": 0
      }
    },
    {
      "type": "Feature",
      "geometry": {
        "type": "Point",
        "coordinates": [
          6.1071,
          45.8904
        ]
      },
      "properties": {
        "icao24": "06002f",
        "callsign": "MAU15",
        "origin_country": "Mauritius",
        "time_position": 1783869590,
        "last_contact": 1783869590,
        "baro_altitude": 10668,
        "on_ground": false,
        "velocity": 274.4,
        "true_track": 112.72,
        "vertical_rate": 0,
        "geo_altitude": 11231.88,
        "squawk": "7674",
        "spi": false,
        "position_source": 0
      }
    },
    {
      "type": "Feature",
      "geometry": {
        "type": "Point",
        "coordinates": [
          9.603,
          47.0136
        ]
      },
      "properties": {
        "icao24": "4b4a79",
        "callsign": "HB1490",
        "origin_country": "Switzerland",
        "time_position": 1783869589,
        "last_contact": 1783869589,
        "baro_altitude": 2781.3,
        "on_ground": false,
        "velocity": 32.74,
        "true_track": 81.87,
        "vertical_rate": -0.33,
        "geo_altitude": null,
        "squawk": "7000",
        "spi": false,
        "position_source": 0
      }
    },
    {
      "type": "Feature",
      "geometry": {
        "type": "Point",
        "coordinates": [
          13.0024,
          47.7958
        ]
      },
      "properties": {
        "icao24": "440ca1",
        "callsign": "BAG11",
        "origin_country": "Austria",
        "time_position": 1783869521,
        "last_contact": 1783869521,
        "baro_altitude": null,
        "on_ground": true,
        "velocity": 24.69,
        "true_track": 157.5,
        "vertical_rate": null,
        "geo_altitude": null,
        "squawk": "1000",
        "spi": false,
        "position_source": 0
      }
    },
    {
      "type": "Feature",
      "geometry": {
        "type": "Point",
        "coordinates": [
          8.7426,
          45.5975
        ]
      },
      "properties": {
        "icao24": "440ca9",
        "callsign": "EJU65XF",
        "origin_country": "Austria",
        "time_position": 1783869590,
        "last_contact": 1783869590,
        "baro_altitude": 304.8,
        "on_ground": false,
        "velocity": 79.61,
        "true_track": 349.2,
        "vertical_rate": -3.58,
        "geo_altitude": 396.24,
        "squawk": "5136",
        "spi": false,
        "position_source": 0
      }
    },
    {
      "type": "Feature",
      "geometry": {
        "type": "Point",
        "coordinates": [
          6.084,
          47.7476
        ]
      },
      "properties": {
        "icao24": "408027",
        "callsign": "TOM74T",
        "origin_country": "United Kingdom",
        "time_position": 1783869589,
        "last_contact": 1783869589,
        "baro_altitude": 12192,
        "on_ground": false,
        "velocity": 214.94,
        "true_track": 310.44,
        "vertical_rate": 0,
        "geo_altitude": 12748.26,
        "squawk": "2743",
        "spi": false,
        "position_source": 0
      }
    },
    {
      "type": "Feature",
      "geometry": {
        "type": "Point",
        "coordinates": [
          12.9516,
          46.948
        ]
      },
      "properties": {
        "icao24": "7105b1",
        "callsign": "SVA214",
        "origin_country": "Saudi Arabia",
        "time_position": 1783869590,
        "last_contact": 1783869590,
        "baro_altitude": 11277.6,
        "on_ground": false,
        "velocity": 271.85,
        "true_track": 142.46,
        "vertical_rate": -0.33,
        "geo_altitude": 11772.9,
        "squawk": "3132",
        "spi": false,
        "position_source": 0
      }
    },
    {
      "type": "Feature",
      "geometry": {
        "type": "Point",
        "coordinates": [
          8.9895,
          45.1975
        ]
      },
      "properties": {
        "icao24": "78103a",
        "callsign": "CCA749",
        "origin_country": "China",
        "time_position": 1783869590,
        "last_contact": 1783869590,
        "baro_altitude": 2697.48,
        "on_ground": false,
        "velocity": 140.11,
        "true_track": 177.05,
        "vertical_rate": -10.4,
        "geo_altitude": 2933.7,
        "squawk": "1000",
        "spi": false,
        "position_source": 0
      }
    },
    {
      "type": "Feature",
      "geometry": {
        "type": "Point",
        "coordinates": [
          9.8322,
          44.0784
        ]
      },
      "properties": {
        "icao24": "a7e941",
        "callsign": "LXJ609",
        "origin_country": "United States",
        "time_position": 1783869590,
        "last_contact": 1783869590,
        "baro_altitude": 13106.4,
        "on_ground": false,
        "velocity": 222.63,
        "true_track": 315,
        "vertical_rate": 0,
        "geo_altitude": 13708.38,
        "squawk": "1000",
        "spi": false,
        "position_source": 0
      }
    },
    {
      "type": "Feature",
      "geometry": {
        "type": "Point",
        "coordinates": [
          13.9216,
          44.2663
        ]
      },
      "properties": {
        "icao24": "7105ae",
        "callsign": "SVA126",
        "origin_country": "Saudi Arabia",
        "time_position": 1783869590,
        "last_contact": 1783869590,
        "baro_altitude": 11269.98,
        "on_ground": false,
        "velocity": 274.53,
        "true_track": 132.57,
        "vertical_rate": -0.33,
        "geo_altitude": 11795.76,
        "squawk": "0265",
        "spi": false,
        "position_source": 0
      }
    },
    {
      "type": "Feature",
      "geometry": {
        "type": "Point",
        "coordinates": [
          10.4778,
          44.184
        ]
      },
      "properties": {
        "icao24": "4baacb",
        "callsign": "THY9WX",
        "origin_country": "Turkey",
        "time_position": 1783869590,
        "last_contact": 1783869590,
        "baro_altitude": 10363.2,
        "on_ground": false,
        "velocity": 214.86,
        "true_track": 284.14,
        "vertical_rate": 0,
        "geo_altitude": 10896.6,
        "squawk": "2347",
        "spi": false,
        "position_source": 0
      }
    },
    {
      "type": "Feature",
      "geometry": {
        "type": "Point",
        "coordinates": [
          9.484,
          44.1312
        ]
      },
      "properties": {
        "icao24": "495212",
        "callsign": "TAP876",
        "origin_country": "Portugal",
        "time_position": 1783869590,
        "last_contact": 1783869590,
        "baro_altitude": 8115.3,
        "on_ground": false,
        "velocity": 211.22,
        "true_track": 74.17,
        "vertical_rate": -4.88,
        "geo_altitude": 8580.12,
        "squawk": "1000",
        "spi": false,
        "position_source": 0
      }
    },
    {
      "type": "Feature",
      "geometry": {
        "type": "Point",
        "coordinates": [
          8.5698,
          47.4552
        ]
      },
      "properties": {
        "icao24": "4b5c20",
        "callsign": "ZEBRA7",
        "origin_country": "Switzerland",
        "time_position": 1783869462,
        "last_contact": 1783869462,
        "baro_altitude": null,
        "on_ground": true,
        "velocity": 0,
        "true_track": 227.81,
        "vertical_rate": null,
        "geo_altitude": null,
        "squawk": null,
        "spi": false,
        "position_source": 0
      }
    },
    {
      "type": "Feature",
      "geometry": {
        "type": "Point",
        "coordinates": [
          11.2391,
          45.6708
        ]
      },
      "properties": {
        "icao24": "484506",
        "callsign": "TRA42V",
        "origin_country": "Kingdom of the Netherlands",
        "time_position": 1783869590,
        "last_contact": 1783869590,
        "baro_altitude": 11887.2,
        "on_ground": false,
        "velocity": 249.91,
        "true_track": 134.58,
        "vertical_rate": 0,
        "geo_altitude": 12412.98,
        "squawk": "1000",
        "spi": false,
        "position_source": 0
      }
    },
    {
      "type": "Feature",
      "geometry": {
        "type": "Point",
        "coordinates": [
          8.6706,
          44.9853
        ]
      },
      "properties": {
        "icao24": "4ca9d4",
        "callsign": "RYR7SR",
        "origin_country": "Ireland",
        "time_position": 1783869589,
        "last_contact": 1783869590,
        "baro_altitude": 10668,
        "on_ground": false,
        "velocity": 243.89,
        "true_track": 178.91,
        "vertical_rate": 0,
        "geo_altitude": 11216.64,
        "squawk": "1000",
        "spi": false,
        "position_source": 0
      }
    },
    {
      "type": "Feature",
      "geometry": {
        "type": "Point",
        "coordinates": [
          9.9075,
          47.5654
        ]
      },
      "properties": {
        "icao24": "4b39e3",
        "callsign": "HBVXZ",
        "origin_country": "Switzerland",
        "time_position": 1783869589,
        "last_contact": 1783869590,
        "baro_altitude": 7620,
        "on_ground": false,
        "velocity": 216.55,
        "true_track": 62.1,
        "vertical_rate": 0,
        "geo_altitude": 8054.34,
        "squawk": "1000",
        "spi": false,
        "position_source": 0
      }
    },
    {
      "type": "Feature",
      "geometry": {
        "type": "Point",
        "coordinates": [
          8.5568,
          47.456
        ]
      },
      "properties": {
        "icao24": "4b5c1e",
        "callsign": "ZEBRA2",
        "origin_country": "Switzerland",
        "time_position": 1783869590,
        "last_contact": 1783869590,
        "baro_altitude": null,
        "on_ground": true,
        "velocity": 0,
        "true_track": 323.44,
        "vertical_rate": null,
        "geo_altitude": null,
        "squawk": null,
        "spi": false,
        "position_source": 0
      }
    },
    {
      "type": "Feature",
      "geometry": {
        "type": "Point",
        "coordinates": [
          8.5566,
          47.4522
        ]
      },
      "properties": {
        "icao24": "4b5c65",
        "callsign": "ORION1",
        "origin_country": "Switzerland",
        "time_position": 1783869588,
        "last_contact": 1783869590,
        "baro_altitude": null,
        "on_ground": true,
        "velocity": 0,
        "true_track": 165.94,
        "vertical_rate": null,
        "geo_altitude": null,
        "squawk": null,
        "spi": false,
        "position_source": 0
      }
    },
    {
      "type": "Feature",
      "geometry": {
        "type": "Point",
        "coordinates": [
          17.6822,
          39.8697
        ]
      },
      "properties": {
        "icao24": "4ca9e7",
        "callsign": "NOS611",
        "origin_country": "Ireland",
        "time_position": 1783869589,
        "last_contact": 1783869589,
        "baro_altitude": 11582.4,
        "on_ground": false,
        "velocity": 244.18,
        "true_track": 298.02,
        "vertical_rate": 0,
        "geo_altitude": 12199.62,
        "squawk": "6621",
        "spi": false,
        "position_source": 0
      }
    },
    {
      "type": "Feature",
      "geometry": {
        "type": "Point",
        "coordinates": [
          10.5821,
          40.0646
        ]
      },
      "properties": {
        "icao24": "3b9bfe",
        "callsign": "FNY50F1",
        "origin_country": "France",
        "time_position": 1783869583,
        "last_contact": 1783869583,
        "baro_altitude": 9060.18,
        "on_ground": false,
        "velocity": 227.29,
        "true_track": 323.47,
        "vertical_rate": -9.1,
        "geo_altitude": 9700.26,
        "squawk": "1213",
        "spi": false,
        "position_source": 0
      }
    },
    {
      "type": "Feature",
      "geometry": {
        "type": "Point",
        "coordinates": [
          9.6851,
          47.3949
        ]
      },
      "properties": {
        "icao24": "440a6b",
        "callsign": "OEDUI",
        "origin_country": "Austria",
        "time_position": 1783869588,
        "last_contact": 1783869588,
        "baro_altitude": 541.02,
        "on_ground": false,
        "velocity": 68.91,
        "true_track": 221.07,
        "vertical_rate": -6.18,
        "geo_altitude": 685.8,
        "squawk": "4453",
        "spi": false,
        "position_source": 0
      }
    },
    {
      "type": "Feature",
      "geometry": {
        "type": "Point",
        "coordinates": [
          17.7173,
          40.8437
        ]
      },
      "properties": {
        "icao24": "43ea15",
        "callsign": "GZR614",
        "origin_country": "United Kingdom",
        "time_position": 1783869590,
        "last_contact": 1783869590,
        "baro_altitude": 944.88,
        "on_ground": false,
        "velocity": 125.75,
        "true_track": 129.36,
        "vertical_rate": -3.58,
        "geo_altitude": 1043.94,
        "squawk": "1000",
        "spi": false,
        "position_source": 0
      }
    },
    {
      "type": "Feature",
      "geometry": {
        "type": "Point",
        "coordinates": [
          17.5496,
          45.7063
        ]
      },
      "properties": {
        "icao24": "70c122",
        "callsign": "OMA131",
        "origin_country": "Oman",
        "time_position": 1783869590,
        "last_contact": 1783869590,
        "baro_altitude": 12192,
        "on_ground": false,
        "velocity": 226.88,
        "true_track": 295.52,
        "vertical_rate": 0,
        "geo_altitude": 12687.3,
        "squawk": "2226",
        "spi": false,
        "position_source": 0
      }
    },
    {
      "type": "Feature",
      "geometry": {
        "type": "Point",
        "coordinates": [
          7.2081,
          43.5744
        ]
      },
      "properties": {
        "icao24": "4d4027",
        "callsign": "3AMAC",
        "origin_country": "Monaco",
        "time_position": 1783869589,
        "last_contact": 1783869589,
        "baro_altitude": 121.92,
        "on_ground": false,
        "velocity": 62.51,
        "true_track": 230.68,
        "vertical_rate": 0.33,
        "geo_altitude": 205.74,
        "squawk": null,
        "spi": false,
        "position_source": 0
      }
    },
    {
      "type": "Feature",
      "geometry": {
        "type": "Point",
        "coordinates": [
          15.3924,
          44.922
        ]
      },
      "properties": {
        "icao24": "4bab2a",
        "callsign": "THY1FY",
        "origin_country": "Turkey",
        "time_position": 1783869590,
        "last_contact": 1783869590,
        "baro_altitude": 11582.4,
        "on_ground": false,
        "velocity": 216.63,
        "true_track": 271.22,
        "vertical_rate": 0.33,
        "geo_altitude": 12092.94,
        "squawk": "3247",
        "spi": false,
        "position_source": 0
      }
    },
    {
      "type": "Feature",
      "geometry": {
        "type": "Point",
        "coordinates": [
          15.6657,
          36.2469
        ]
      },
      "properties": {
        "icao24": "4866fe",
        "callsign": "EAGLE7",
        "origin_country": "Kingdom of the Netherlands",
        "time_position": 1783869590,
        "last_contact": 1783869590,
        "baro_altitude": 1516.38,
        "on_ground": false,
        "velocity": 78.51,
        "true_track": 219.95,
        "vertical_rate": 0.33,
        "geo_altitude": 1653.54,
        "squawk": "7000",
        "spi": false,
        "position_source": 0
      }
    },
    {
      "type": "Feature",
      "geometry": {
        "type": "Point",
        "coordinates": [
          6.1137,
          45.386
        ]
      },
      "properties": {
        "icao24": "3c0ac6",
        "callsign": "CFG1HT",
        "origin_country": "Germany",
        "time_position": 1783869589,
        "last_contact": 1783869589,
        "baro_altitude": 10668,
        "on_ground": false,
        "velocity": 227.29,
        "true_track": 199.3,
        "vertical_rate": 0,
        "geo_altitude": 11239.5,
        "squawk": "1000",
        "spi": false,
        "position_source": 0
      }
    },
    {
      "type": "Feature",
      "geometry": {
        "type": "Point",
        "coordinates": [
          12.9749,
          46.9347
        ]
      },
      "properties": {
        "icao24": "4c31e0",
        "callsign": "MPC002",
        "origin_country": "Serbia",
        "time_position": 1783869590,
        "last_contact": 1783869590,
        "baro_altitude": 12192,
        "on_ground": false,
        "velocity": 221.99,
        "true_track": 46.69,
        "vertical_rate": 0,
        "geo_altitude": 12694.92,
        "squawk": "1000",
        "spi": false,
        "position_source": 0
      }
    },
    {
      "type": "Feature",
      "geometry": {
        "type": "Point",
        "coordinates": [
          11.5732,
          43.4983
        ]
      },
      "properties": {
        "icao24": "3c0acb",
        "callsign": "CFG4XK",
        "origin_country": "Germany",
        "time_position": 1783869590,
        "last_contact": 1783869590,
        "baro_altitude": 9151.62,
        "on_ground": false,
        "velocity": 234.04,
        "true_track": 354.7,
        "vertical_rate": 2.28,
        "geo_altitude": 9662.16,
        "squawk": "1000",
        "spi": false,
        "position_source": 0
      }
    },
    {
      "type": "Feature",
      "geometry": {
        "type": "Point",
        "coordinates": [
          18.6072,
          42.8007
        ]
      },
      "properties": {
        "icao24": "70c0fd",
        "callsign": "OMA101",
        "origin_country": "Oman",
        "time_position": 1783869576,
        "last_contact": 1783869580,
        "baro_altitude": 10972.8,
        "on_ground": false,
        "velocity": 237.74,
        "true_track": 309.03,
        "vertical_rate": 0,
        "geo_altitude": 11460.48,
        "squawk": "7213",
        "spi": false,
        "position_source": 0
      }
    },
    {
      "type": "Feature",
      "geometry": {
        "type": "Point",
        "coordinates": [
          15.8403,
          38.8521
        ]
      },
      "properties": {
        "icao24": "4baa70",
        "callsign": "THY663",
        "origin_country": "Turkey",
        "time_position": 1783869590,
        "last_contact": 1783869590,
        "baro_altitude": 9761.22,
        "on_ground": false,
        "velocity": 230.81,
        "true_track": 248.7,
        "vertical_rate": 0.33,
        "geo_altitude": 10309.86,
        "squawk": "2326",
        "spi": false,
        "position_source": 0
      }
    },
    {
      "type": "Feature",
      "geometry": {
        "type": "Point",
        "coordinates": [
          15.2737,
          40.6767
        ]
      },
      "properties": {
        "icao24": "4ca960",
        "callsign": "NOS7321",
        "origin_country": "Ireland",
        "time_position": 1783869589,
        "last_contact": 1783869589,
        "baro_altitude": 5486.4,
        "on_ground": false,
        "velocity": 215.16,
        "true_track": 82.86,
        "vertical_rate": 0.33,
        "geo_altitude": 5814.06,
        "squawk": null,
        "spi": false,
        "position_source": 0
      }
    },
    {
      "type": "Feature",
      "geometry": {
        "type": "Point",
        "coordinates": [
          15.3924,
          45.7281
        ]
      },
      "properties": {
        "icao24": "501e45",
        "callsign": "JSY6G",
        "origin_country": "Croatia",
        "time_position": 1783869590,
        "last_contact": 1783869590,
        "baro_altitude": 4251.96,
        "on_ground": false,
        "velocity": 158.81,
        "true_track": 310.14,
        "vertical_rate": -7.48,
        "geo_altitude": 4480.56,
        "squawk": "4334",
        "spi": false,
        "position_source": 0
      }
    },
    {
      "type": "Feature",
      "geometry": {
        "type": "Point",
        "coordinates": [
          13.7221,
          40.9918
        ]
      },
      "properties": {
        "icao24": "484363",
        "callsign": "P4JIMI2",
        "origin_country": "Kingdom of the Netherlands",
        "time_position": 1783869590,
        "last_contact": 1783869590,
        "baro_altitude": 13716,
        "on_ground": false,
        "velocity": 240.42,
        "true_track": 145.9,
        "vertical_rate": -0.33,
        "geo_altitude": 14401.8,
        "squawk": "0553",
        "spi": false,
        "position_source": 0
      }
    },
    {
      "type": "Feature",
      "geometry": {
        "type": "Point",
        "coordinates": [
          17.615,
          45.7943
        ]
      },
      "properties": {
        "icao24": "77058f",
        "callsign": "ALK558",
        "origin_country": "Sri Lanka",
        "time_position": 1783869590,
        "last_contact": 1783869590,
        "baro_altitude": 10058.4,
        "on_ground": false,
        "velocity": 270.93,
        "true_track": 111.5,
        "vertical_rate": 0,
        "geo_altitude": 10469.88,
        "squawk": "6435",
        "spi": false,
        "position_source": 0
      }
    },
    {
      "type": "Feature",
      "geometry": {
        "type": "Point",
        "coordinates": [
          16.6926,
          41.1193
        ]
      },
      "properties": {
        "icao24": "4ca857",
        "callsign": "RYR6HL",
        "origin_country": "Ireland",
        "time_position": 1783869445,
        "last_contact": 1783869445,
        "baro_altitude": 274.32,
        "on_ground": false,
        "velocity": 75.87,
        "true_track": 69.35,
        "vertical_rate": -3.25,
        "geo_altitude": 373.38,
        "squawk": "7424",
        "spi": false,
        "position_source": 0
      }
    },
    {
      "type": "Feature",
      "geometry": {
        "type": "Point",
        "coordinates": [
          10.2308,
          43.781
        ]
      },
      "properties": {
        "icao24": "4ca852",
        "callsign": "RYR55MM",
        "origin_country": "Ireland",
        "time_position": 1783869590,
        "last_contact": 1783869590,
        "baro_altitude": 2606.04,
        "on_ground": false,
        "velocity": 146.12,
        "true_track": 268.99,
        "vertical_rate": 14.31,
        "geo_altitude": 2804.16,
        "squawk": null,
        "spi": false,
        "position_source": 0
      }
    },
    {
      "type": "Feature",
      "geometry": {
        "type": "Point",
        "coordinates": [
          8.0906,
          45.1823
        ]
      },
      "properties": {
        "icao24": "3c0c0c",
        "callsign": "VJH728",
        "origin_country": "Germany",
        "time_position": 1783869590,
        "last_contact": 1783869590,
        "baro_altitude": 11170.92,
        "on_ground": false,
        "velocity": 251.45,
        "true_track": 106.77,
        "vertical_rate": 4.88,
        "geo_altitude": 11719.56,
        "squawk": "0402",
        "spi": false,
        "position_source": 0
      }
    },
    {
      "type": "Feature",
      "geometry": {
        "type": "Point",
        "coordinates": [
          9.6607,
          40.1499
        ]
      },
      "properties": {
        "icao24": "48690c",
        "callsign": "PHLAC",
        "origin_country": "Kingdom of the Netherlands",
        "time_position": 1783869320,
        "last_contact": 1783869320,
        "baro_altitude": 3192.78,
        "on_ground": false,
        "velocity": 64.92,
        "true_track": 3.18,
        "vertical_rate": -1.95,
        "geo_altitude": 3436.62,
        "squawk": null,
        "spi": false,
        "position_source": 0
      }
    },
    {
      "type": "Feature",
      "geometry": {
        "type": "Point",
        "coordinates": [
          17.7328,
          44.17
        ]
      },
      "properties": {
        "icao24": "501dd0",
        "callsign": "CTN345",
        "origin_country": "Croatia",
        "time_position": 1783869590,
        "last_contact": 1783869590,
        "baro_altitude": 5829.3,
        "on_ground": false,
        "velocity": 140.02,
        "true_track": 329.29,
        "vertical_rate": 5.85,
        "geo_altitude": 6134.1,
        "squawk": null,
        "spi": false,
        "position_source": 0
      }
    },
    {
      "type": "Feature",
      "geometry": {
        "type": "Point",
        "coordinates": [
          8.3695,
          46.5472
        ]
      },
      "properties": {
        "icao24": "49d5d7",
        "callsign": "ATJ251",
        "origin_country": "Czech Republic",
        "time_position": 1783869589,
        "last_contact": 1783869589,
        "baro_altitude": 12496.8,
        "on_ground": false,
        "velocity": 247.88,
        "true_track": 155.08,
        "vertical_rate": 0,
        "geo_altitude": 13068.3,
        "squawk": "0503",
        "spi": false,
        "position_source": 0
      }
    },
    {
      "type": "Feature",
      "geometry": {
        "type": "Point",
        "coordinates": [
          18.6279,
          42.5227
        ]
      },
      "properties": {
        "icao24": "44d2ab",
        "callsign": "JAF3VE",
        "origin_country": "Belgium",
        "time_position": 1783869590,
        "last_contact": 1783869590,
        "baro_altitude": 11285.22,
        "on_ground": false,
        "velocity": 236.56,
        "true_track": 138.61,
        "vertical_rate": 0.33,
        "geo_altitude": 11811,
        "squawk": "0111",
        "spi": false,
        "position_source": 0
      }
    },
    {
      "type": "Feature",
      "geometry": {
        "type": "Point",
        "coordinates": [
          14.6164,
          46.1607
        ]
      },
      "properties": {
        "icao24": "49d5ef",
        "callsign": "TVS2CD",
        "origin_country": "Czech Republic",
        "time_position": 1783869590,
        "last_contact": 1783869590,
        "baro_altitude": 10355.58,
        "on_ground": false,
        "velocity": 216,
        "true_track": 356.31,
        "vertical_rate": 0,
        "geo_altitude": 10805.16,
        "squawk": "0213",
        "spi": false,
        "position_source": 0
      }
    },
    {
      "type": "Feature",
      "geometry": {
        "type": "Point",
        "coordinates": [
          10.3749,
          42.1022
        ]
      },
      "properties": {
        "icao24": "02a194",
        "callsign": "TAR654",
        "origin_country": "Tunisia",
        "time_position": 1783869589,
        "last_contact": 1783869590,
        "baro_altitude": 11574.78,
        "on_ground": false,
        "velocity": 207.62,
        "true_track": 346.24,
        "vertical_rate": 0,
        "geo_altitude": 12192,
        "squawk": "6146",
        "spi": false,
        "position_source": 0
      }
    },
    {
      "type": "Feature",
      "geometry": {
        "type": "Point",
        "coordinates": [
          8.7749,
          44.3605
        ]
      },
      "properties": {
        "icao24": "02a191",
        "callsign": "TAR440",
        "origin_country": "Tunisia",
        "time_position": 1783869590,
        "last_contact": 1783869590,
        "baro_altitude": 11582.4,
        "on_ground": false,
        "velocity": 213.34,
        "true_track": 325.31,
        "vertical_rate": 0,
        "geo_altitude": 12161.52,
        "squawk": "6136",
        "spi": false,
        "position_source": 0
      }
    },
    {
      "type": "Feature",
      "geometry": {
        "type": "Point",
        "coordinates": [
          13.3314,
          44.7764
        ]
      },
      "properties": {
        "icao24": "4ca809",
        "callsign": "RYR37VH",
        "origin_country": "Ireland",
        "time_position": 1783869590,
        "last_contact": 1783869590,
        "baro_altitude": 11277.6,
        "on_ground": false,
        "velocity": 236.74,
        "true_track": 206.18,
        "vertical_rate": 0,
        "geo_altitude": 11788.14,
        "squawk": "1000",
        "spi": false,
        "position_source": 0
      }
    },
    {
      "type": "Feature",
      "geometry": {
        "type": "Point",
        "coordinates": [
          13.3488,
          41.7336
        ]
      },
      "properties": {
        "icao24": "4ca804",
        "callsign": "RYR26HH",
        "origin_country": "Ireland",
        "time_position": 1783869590,
        "last_contact": 1783869590,
        "baro_altitude": 11277.6,
        "on_ground": false,
        "velocity": 254.47,
        "true_track": 144.96,
        "vertical_rate": 0,
        "geo_altitude": 11849.1,
        "squawk": "6310",
        "spi": false,
        "position_source": 0
      }
    },
    {
      "type": "Feature",
      "geometry": {
        "type": "Point",
        "coordinates": [
          18.5936,
          45.2297
        ]
      },
      "properties": {
        "icao24": "4ca801",
        "callsign": "RYR52UR",
        "origin_country": "Ireland",
        "time_position": 1783869590,
        "last_contact": 1783869590,
        "baro_altitude": 10668,
        "on_ground": false,
        "velocity": 258.2,
        "true_track": 93.43,
        "vertical_rate": 0,
        "geo_altitude": 11102.34,
        "squawk": "0247",
        "spi": false,
        "position_source": 0
      }
    },
    {
      "type": "Feature",
      "geometry": {
        "type": "Point",
        "coordinates": [
          15.2218,
          46.083
        ]
      },
      "properties": {
        "icao24": "501d21",
        "callsign": "CTN19H",
        "origin_country": "Croatia",
        "time_position": 1783869590,
        "last_contact": 1783869590,
        "baro_altitude": 4876.8,
        "on_ground": false,
        "velocity": 238.57,
        "true_track": 137.88,
        "vertical_rate": -12.35,
        "geo_altitude": 5181.6,
        "squawk": "1000",
        "spi": false,
        "position_source": 0
      }
    },
    {
      "type": "Feature",
      "geometry": {
        "type": "Point",
        "coordinates": [
          10.4681,
          47.7635
        ]
      },
      "properties": {
        "icao24": "3e1689",
        "callsign": "CHX17",
        "origin_country": "Germany",
        "time_position": 1783869396,
        "last_contact": 1783869396,
        "baro_altitude": 990.6,
        "on_ground": false,
        "velocity": 57.8,
        "true_track": 69.15,
        "vertical_rate": -1.3,
        "geo_altitude": 1158.24,
        "squawk": null,
        "spi": false,
        "position_source": 0
      }
    },
    {
      "type": "Feature",
      "geometry": {
        "type": "Point",
        "coordinates": [
          8.1116,
          42.9729
        ]
      },
      "properties": {
        "icao24": "4ca815",
        "callsign": "RYR33EL",
        "origin_country": "Ireland",
        "time_position": 1783869589,
        "last_contact": 1783869590,
        "baro_altitude": 10668,
        "on_ground": false,
        "velocity": 227.37,
        "true_track": 221.7,
        "vertical_rate": 0,
        "geo_altitude": 11254.74,
        "squawk": "1730",
        "spi": false,
        "position_source": 0
      }
    },
    {
      "type": "Feature",
      "geometry": {
        "type": "Point",
        "coordinates": [
          10.2671,
          44.0835
        ]
      },
      "properties": {
        "icao24": "4ca816",
        "callsign": "RYR38LU",
        "origin_country": "Ireland",
        "time_position": 1783869590,
        "last_contact": 1783869590,
        "baro_altitude": 10972.8,
        "on_ground": false,
        "velocity": 208.8,
        "true_track": 314.8,
        "vertical_rate": 0,
        "geo_altitude": 11536.68,
        "squawk": "1230",
        "spi": false,
        "position_source": 0
      }
    },
    {
      "type": "Feature",
      "geometry": {
        "type": "Point",
        "coordinates": [
          12.8661,
          47.5672
        ]
      },
      "properties": {
        "icao24": "3e1688",
        "callsign": "CHX14",
        "origin_country": "Germany",
        "time_position": 1783869590,
        "last_contact": 1783869590,
        "baro_altitude": 2377.44,
        "on_ground": false,
        "velocity": 19.47,
        "true_track": 77.8,
        "vertical_rate": -0.65,
        "geo_altitude": 2583.18,
        "squawk": "0020",
        "spi": false,
        "position_source": 0
      }
    },
    {
      "type": "Feature",
      "geometry": {
        "type": "Point",
        "coordinates": [
          9.2805,
          45.4388
        ]
      },
      "properties": {
        "icao24": "4ca81d",
        "callsign": "EJU51YQ",
        "origin_country": "Ireland",
        "time_position": 1783869589,
        "last_contact": 1783869589,
        "baro_altitude": null,
        "on_ground": true,
        "velocity": 5.66,
        "true_track": 174.38,
        "vertical_rate": null,
        "geo_altitude": null,
        "squawk": null,
        "spi": false,
        "position_source": 0
      }
    },
    {
      "type": "Feature",
      "geometry": {
        "type": "Point",
        "coordinates": [
          11.2484,
          36.6408
        ]
      },
      "properties": {
        "icao24": "70605b",
        "callsign": "KAC122",
        "origin_country": "Kuwait",
        "time_position": 1783869589,
        "last_contact": 1783869590,
        "baro_altitude": 11277.6,
        "on_ground": false,
        "velocity": 268.38,
        "true_track": 95.83,
        "vertical_rate": 0,
        "geo_altitude": 11971.02,
        "squawk": "4605",
        "spi": false,
        "position_source": 0
      }
    },
    {
      "type": "Feature",
      "geometry": {
        "type": "Point",
        "coordinates": [
          13.645,
          40.6721
        ]
      },
      "properties": {
        "icao24": "4ca758",
        "callsign": "ITY1726",
        "origin_country": "Ireland",
        "time_position": 1783869590,
        "last_contact": 1783869590,
        "baro_altitude": 9456.42,
        "on_ground": false,
        "velocity": 222.1,
        "true_track": 327.97,
        "vertical_rate": -4.88,
        "geo_altitude": 10005.06,
        "squawk": null,
        "spi": false,
        "position_source": 0
      }
    },
    {
      "type": "Feature",
      "geometry": {
        "type": "Point",
        "coordinates": [
          14.8475,
          46.5088
        ]
      },
      "properties": {
        "icao24": "4bcdf9",
        "callsign": "SXS2DU",
        "origin_country": "Turkey",
        "time_position": 1783869590,
        "last_contact": 1783869590,
        "baro_altitude": 10668,
        "on_ground": false,
        "velocity": 255.92,
        "true_track": 127.81,
        "vertical_rate": 0,
        "geo_altitude": 11125.2,
        "squawk": "7653",
        "spi": false,
        "position_source": 0
      }
    },
    {
      "type": "Feature",
      "geometry": {
        "type": "Point",
        "coordinates": [
          6.4564,
          43.9825
        ]
      },
      "properties": {
        "icao24": "4ca765",
        "callsign": "RYR4735",
        "origin_country": "Ireland",
        "time_position": 1783869589,
        "last_contact": 1783869589,
        "baro_altitude": 10058.4,
        "on_ground": false,
        "velocity": 225.8,
        "true_track": 227.77,
        "vertical_rate": 0,
        "geo_altitude": 10652.76,
        "squawk": "4012",
        "spi": false,
        "position_source": 0
      }
    },
    {
      "type": "Feature",
      "geometry": {
        "type": "Point",
        "coordinates": [
          13.3622,
          39.0141
        ]
      },
      "properties": {
        "icao24": "4ca761",
        "callsign": "RYR460G",
        "origin_country": "Ireland",
        "time_position": 1783869590,
        "last_contact": 1783869590,
        "baro_altitude": 11277.6,
        "on_ground": false,
        "velocity": 253.12,
        "true_track": 120.94,
        "vertical_rate": -0.33,
        "geo_altitude": 11887.2,
        "squawk": "4313",
        "spi": false,
        "position_source": 0
      }
    },
    {
      "type": "Feature",
      "geometry": {
        "type": "Point",
        "coordinates": [
          7.9867,
          42.8781
        ]
      },
      "properties": {
        "icao24": "4ca762",
        "callsign": "RYR37JM",
        "origin_country": "Ireland",
        "time_position": 1783869589,
        "last_contact": 1783869589,
        "baro_altitude": 11277.6,
        "on_ground": false,
        "velocity": 222.13,
        "true_track": 222.37,
        "vertical_rate": 0,
        "geo_altitude": 11894.82,
        "squawk": "1000",
        "spi": false,
        "position_source": 0
      }
    },
    {
      "type": "Feature",
      "geometry": {
        "type": "Point",
        "coordinates": [
          15.9682,
          40.5269
        ]
      },
      "properties": {
        "icao24": "4ca738",
        "callsign": "RYR88YD",
        "origin_country": "Ireland",
        "time_position": 1783869588,
        "last_contact": 1783869590,
        "baro_altitude": 8709.66,
        "on_ground": false,
        "velocity": 242.56,
        "true_track": 193.74,
        "vertical_rate": 11.38,
        "geo_altitude": 9212.58,
        "squawk": null,
        "spi": false,
        "position_source": 0
      }
    },
    {
      "type": "Feature",
      "geometry": {
        "type": "Point",
        "coordinates": [
          14.0086,
          39.1168
        ]
      },
      "properties": {
        "icao24": "4ca739",
        "callsign": "RYR8VD",
        "origin_country": "Ireland",
        "time_position": 1783869590,
        "last_contact": 1783869590,
        "baro_altitude": 10972.8,
        "on_ground": false,
        "velocity": 225.18,
        "true_track": 335.72,
        "vertical_rate": 0,
        "geo_altitude": 11582.4,
        "squawk": null,
        "spi": false,
        "position_source": 0
      }
    },
    {
      "type": "Feature",
      "geometry": {
        "type": "Point",
        "coordinates": [
          18.7996,
          47.0379
        ]
      },
      "properties": {
        "icao24": "4bcdd6",
        "callsign": "SXS5YP",
        "origin_country": "Turkey",
        "time_position": 1783869589,
        "last_contact": 1783869589,
        "baro_altitude": 10972.8,
        "on_ground": false,
        "velocity": 204.57,
        "true_track": 295.47,
        "vertical_rate": 0,
        "geo_altitude": 11330.94,
        "squawk": "3264",
        "spi": false,
        "position_source": 0
      }
    },
    {
      "type": "Feature",
      "geometry": {
        "type": "Point",
        "coordinates": [
          9.5018,
          47.5098
        ]
      },
      "properties": {
        "icao24": "4bcde4",
        "callsign": "SXS813",
        "origin_country": "Turkey",
        "time_position": 1783869590,
        "last_contact": 1783869590,
        "baro_altitude": 9052.56,
        "on_ground": false,
        "velocity": 252.16,
        "true_track": 108.8,
        "vertical_rate": 4.88,
        "geo_altitude": 9517.38,
        "squawk": "6743",
        "spi": false,
        "position_source": 0
      }
    },
    {
      "type": "Feature",
      "geometry": {
        "type": "Point",
        "coordinates": [
          16.829,
          45.4407
        ]
      },
      "properties": {
        "icao24": "4bcde1",
        "callsign": "SXS1ZM",
        "origin_country": "Turkey",
        "time_position": 1783869590,
        "last_contact": 1783869590,
        "baro_altitude": 10058.4,
        "on_ground": false,
        "velocity": 263.09,
        "true_track": 130.48,
        "vertical_rate": -0.33,
        "geo_altitude": 10485.12,
        "squawk": "6421",
        "spi": false,
        "position_source": 0
      }
    },
    {
      "type": "Feature",
      "geometry": {
        "type": "Point",
        "coordinates": [
          12.0453,
          45.4
        ]
      },
      "properties": {
        "icao24": "405e24",
        "callsign": "TOM29K",
        "origin_country": "United Kingdom",
        "time_position": 1783869590,
        "last_contact": 1783869590,
        "baro_altitude": 11582.4,
        "on_ground": false,
        "velocity": 215.32,
        "true_track": 308.4,
        "vertical_rate": 0,
        "geo_altitude": 12100.56,
        "squawk": "2067",
        "spi": false,
        "position_source": 0
      }
    },
    {
      "type": "Feature",
      "geometry": {
        "type": "Point",
        "coordinates": [
          14.4569,
          41.7005
        ]
      },
      "properties": {
        "icao24": "405e23",
        "callsign": "TOM5MV",
        "origin_country": "United Kingdom",
        "time_position": 1783869590,
        "last_contact": 1783869590,
        "baro_altitude": 11277.6,
        "on_ground": false,
        "velocity": 247.27,
        "true_track": 123.46,
        "vertical_rate": 0,
        "geo_altitude": 11833.86,
        "squawk": "2706",
        "spi": false,
        "position_source": 0
      }
    },
    {
      "type": "Feature",
      "geometry": {
        "type": "Point",
        "coordinates": [
          14.2682,
          39.9315
        ]
      },
      "properties": {
        "icao24": "4ca783",
        "callsign": "ITY1754",
        "origin_country": "Ireland",
        "time_position": 1783869589,
        "last_contact": 1783869590,
        "baro_altitude": 10363.2,
        "on_ground": false,
        "velocity": 217.95,
        "true_track": 350.63,
        "vertical_rate": -0.33,
        "geo_altitude": 10919.46,
        "squawk": null,
        "spi": false,
        "position_source": 0
      }
    },
    {
      "type": "Feature",
      "geometry": {
        "type": "Point",
        "coordinates": [
          7.524,
          41.5181
        ]
      },
      "properties": {
        "icao24": "02a263",
        "callsign": "TAR903",
        "origin_country": "Tunisia",
        "time_position": 1783869590,
        "last_contact": 1783869590,
        "baro_altitude": 11277.6,
        "on_ground": false,
        "velocity": 255.38,
        "true_track": 126.32,
        "vertical_rate": 0,
        "geo_altitude": 11925.3,
        "squawk": "5671",
        "spi": false,
        "position_source": 0
      }
    },
    {
      "type": "Feature",
      "geometry": {
        "type": "Point",
        "coordinates": [
          10.3836,
          37.9023
        ]
      },
      "properties": {
        "icao24": "02a260",
        "callsign": "TAR753",
        "origin_country": "Tunisia",
        "time_position": 1783869481,
        "last_contact": 1783869484,
        "baro_altitude": 6004.56,
        "on_ground": false,
        "velocity": 171.11,
        "true_track": 183.45,
        "vertical_rate": -7.48,
        "geo_altitude": 6454.14,
        "squawk": null,
        "spi": false,
        "position_source": 0
      }
    },
    {
      "type": "Feature",
      "geometry": {
        "type": "Point",
        "coordinates": [
          13.812,
          41.0262
        ]
      },
      "properties": {
        "icao24": "4853d4",
        "callsign": "TRA58Z",
        "origin_country": "Kingdom of the Netherlands",
        "time_position": 1783869590,
        "last_contact": 1783869590,
        "baro_altitude": 11277.6,
        "on_ground": false,
        "velocity": 250.31,
        "true_track": 153.65,
        "vertical_rate": 0,
        "geo_altitude": 11856.72,
        "squawk": "7106",
        "spi": false,
        "position_source": 0
      }
    },
    {
      "type": "Feature",
      "geometry": {
        "type": "Point",
        "coordinates": [
          16.164,
          42.9855
        ]
      },
      "properties": {
        "icao24": "501c16",
        "callsign": "CFG3MF",
        "origin_country": "Croatia",
        "time_position": 1783869573,
        "last_contact": 1783869587,
        "baro_altitude": 9448.8,
        "on_ground": false,
        "velocity": 262.28,
        "true_track": 142.41,
        "vertical_rate": 0,
        "geo_altitude": 9944.1,
        "squawk": "1167",
        "spi": false,
        "position_source": 0
      }
    },
    {
      "type": "Feature",
      "geometry": {
        "type": "Point",
        "coordinates": [
          12.126,
          47.525
        ]
      },
      "properties": {
        "icao24": "4bce43",
        "callsign": "SXS5ET",
        "origin_country": "Turkey",
        "time_position": 1783869590,
        "last_contact": 1783869590,
        "baro_altitude": 10690.86,
        "on_ground": false,
        "velocity": 219.39,
        "true_track": 279.18,
        "vertical_rate": -4.88,
        "geo_altitude": 11178.54,
        "squawk": "3221",
        "spi": false,
        "position_source": 0
      }
    },
    {
      "type": "Feature",
      "geometry": {
        "type": "Point",
        "coordinates": [
          16.623,
          46.0343
        ]
      },
      "properties": {
        "icao24": "4bce42",
        "callsign": "SXS2KC",
        "origin_country": "Turkey",
        "time_position": 1783869590,
        "last_contact": 1783869590,
        "baro_altitude": 11582.4,
        "on_ground": false,
        "velocity": 211.75,
        "true_track": 307.4,
        "vertical_rate": 0.33,
        "geo_altitude": 12054.84,
        "squawk": "2646",
        "spi": false,
        "position_source": 0
      }
    },
    {
      "type": "Feature",
      "geometry": {
        "type": "Point",
        "coordinates": [
          17.7254,
          42.918
        ]
      },
      "properties": {
        "icao24": "501c42",
        "callsign": "CTN6H",
        "origin_country": "Croatia",
        "time_position": 1783869590,
        "last_contact": 1783869590,
        "baro_altitude": 5654.04,
        "on_ground": false,
        "velocity": 177.04,
        "true_track": 318.06,
        "vertical_rate": 11.05,
        "geo_altitude": 5943.6,
        "squawk": null,
        "spi": false,
        "position_source": 0
      }
    },
    {
      "type": "Feature",
      "geometry": {
        "type": "Point",
        "coordinates": [
          12.5883,
          45.8546
        ]
      },
      "properties": {
        "icao24": "501c2f",
        "callsign": "CFG5EM",
        "origin_country": "Croatia",
        "time_position": 1783869589,
        "last_contact": 1783869589,
        "baro_altitude": 10972.8,
        "on_ground": false,
        "velocity": 214.49,
        "true_track": 319.28,
        "vertical_rate": 0,
        "geo_altitude": 11475.72,
        "squawk": "5505",
        "spi": false,
        "position_source": 0
      }
    },
    {
      "type": "Feature",
      "geometry": {
        "type": "Point",
        "coordinates": [
          16.5821,
          44.1487
        ]
      },
      "properties": {
        "icao24": "501c3b",
        "callsign": "CTN369",
        "origin_country": "Croatia",
        "time_position": 1783869588,
        "last_contact": 1783869588,
        "baro_altitude": 8564.88,
        "on_ground": false,
        "velocity": 209.54,
        "true_track": 341.83,
        "vertical_rate": -11.05,
        "geo_altitude": 9006.84,
        "squawk": "4332",
        "spi": false,
        "position_source": 0
      }
    },
    {
      "type": "Feature",
      "geometry": {
        "type": "Point",
        "coordinates": [
          7.5019,
          46.9118
        ]
      },
      "properties": {
        "icao24": "501c2b",
        "callsign": "JSY2W",
        "origin_country": "Croatia",
        "time_position": 1783869581,
        "last_contact": 1783869582,
        "baro_altitude": null,
        "on_ground": true,
        "velocity": 0,
        "true_track": 227.81,
        "vertical_rate": null,
        "geo_altitude": null,
        "squawk": null,
        "spi": false,
        "position_source": 0
      }
    },
    {
      "type": "Feature",
      "geometry": {
        "type": "Point",
        "coordinates": [
          17.1539,
          47.6517
        ]
      },
      "properties": {
        "icao24": "501c2d",
        "callsign": "CFG6AK",
        "origin_country": "Croatia",
        "time_position": 1783869590,
        "last_contact": 1783869590,
        "baro_altitude": 10363.2,
        "on_ground": false,
        "velocity": 204.17,
        "true_track": 288.66,
        "vertical_rate": 0.33,
        "geo_altitude": 10721.34,
        "squawk": "1000",
        "spi": false,
        "position_source": 0
      }
    },
    {
      "type": "Feature",
      "geometry": {
        "type": "Point",
        "coordinates": [
          13.1143,
          44.9038
        ]
      },
      "properties": {
        "icao24": "48ea3b",
        "callsign": "ENT6631",
        "origin_country": "Poland",
        "time_position": 1783869590,
        "last_contact": 1783869590,
        "baro_altitude": 11277.6,
        "on_ground": false,
        "velocity": 251.93,
        "true_track": 150.92,
        "vertical_rate": 0,
        "geo_altitude": 11795.76,
        "squawk": "5552",
        "spi": false,
        "position_source": 0
      }
    },
    {
      "type": "Feature",
      "geometry": {
        "type": "Point",
        "coordinates": [
          8.1288,
          46.8908
        ]
      },
      "properties": {
        "icao24": "3cc24a",
        "callsign": "AWH22T",
        "origin_country": "Germany",
        "time_position": 1783869589,
        "last_contact": 1783869589,
        "baro_altitude": 10668,
        "on_ground": false,
        "velocity": 235.86,
        "true_track": 154.55,
        "vertical_rate": 0,
        "geo_altitude": 11170.92,
        "squawk": "0155",
        "spi": false,
        "position_source": 0
      }
    },
    {
      "type": "Feature",
      "geometry": {
        "type": "Point",
        "coordinates": [
          14.4034,
          46.2674
        ]
      },
      "properties": {
        "icao24": "4bcda5",
        "callsign": "SXS7JR",
        "origin_country": "Turkey",
        "time_position": 1783869590,
        "last_contact": 1783869590,
        "baro_altitude": 11277.6,
        "on_ground": false,
        "velocity": 254.9,
        "true_track": 137.62,
        "vertical_rate": 0.33,
        "geo_altitude": 11757.66,
        "squawk": "7655",
        "spi": false,
        "position_source": 0
      }
    },
    {
      "type": "Feature",
      "geometry": {
        "type": "Point",
        "coordinates": [
          10.8748,
          42.1674
        ]
      },
      "properties": {
        "icao24": "4ca719",
        "callsign": "ITY336",
        "origin_country": "Ireland",
        "time_position": 1783869589,
        "last_contact": 1783869590,
        "baro_altitude": 8564.88,
        "on_ground": false,
        "velocity": 201.08,
        "true_track": 296.43,
        "vertical_rate": 16.26,
        "geo_altitude": 9083.04,
        "squawk": "1000",
        "spi": false,
        "position_source": 0
      }
    },
    {
      "type": "Feature",
      "geometry": {
        "type": "Point",
        "coordinates": [
          12.795,
          43.3031
        ]
      },
      "properties": {
        "icao24": "48414c",
        "callsign": "TRA65M",
        "origin_country": "Kingdom of the Netherlands",
        "time_position": 1783869590,
        "last_contact": 1783869590,
        "baro_altitude": 11285.22,
        "on_ground": false,
        "velocity": 219.44,
        "true_track": 348.51,
        "vertical_rate": 2.93,
        "geo_altitude": 11833.86,
        "squawk": "1000",
        "spi": false,
        "position_source": 0
      }
    },
    {
      "type": "Feature",
      "geometry": {
        "type": "Point",
        "coordinates": [
          10.2952,
          46.3914
        ]
      },
      "properties": {
        "icao24": "4bcdb3",
        "callsign": "SXS6RU",
        "origin_country": "Turkey",
        "time_position": 1783869590,
        "last_contact": 1783869590,
        "baro_altitude": 10210.8,
        "on_ground": false,
        "velocity": 206.83,
        "true_track": 296.76,
        "vertical_rate": -4.88,
        "geo_altitude": 10728.96,
        "squawk": "1000",
        "spi": false,
        "position_source": 0
      }
    },
    {
      "type": "Feature",
      "geometry": {
        "type": "Point",
        "coordinates": [
          14.2683,
          46.2958
        ]
      },
      "properties": {
        "icao24": "4bcdab",
        "callsign": "SXS6MX",
        "origin_country": "Turkey",
        "time_position": 1783869590,
        "last_contact": 1783869590,
        "baro_altitude": 11582.4,
        "on_ground": false,
        "velocity": 213.17,
        "true_track": 314.8,
        "vertical_rate": -0.33,
        "geo_altitude": 12077.7,
        "squawk": "2340",
        "spi": false,
        "position_source": 0
      }
    },
    {
      "type": "Feature",
      "geometry": {
        "type": "Point",
        "coordinates": [
          17.2193,
          47.3924
        ]
      },
      "properties": {
        "icao24": "4bcda1",
        "callsign": "SXS21R",
        "origin_country": "Turkey",
        "time_position": 1783869590,
        "last_contact": 1783869590,
        "baro_altitude": 11536.68,
        "on_ground": false,
        "velocity": 199.17,
        "true_track": 298.88,
        "vertical_rate": -7.8,
        "geo_altitude": 11948.16,
        "squawk": "3250",
        "spi": false,
        "position_source": 0
      }
    },
    {
      "type": "Feature",
      "geometry": {
        "type": "Point",
        "coordinates": [
          10.4014,
          42.8407
        ]
      },
      "properties": {
        "icao24": "4ca704",
        "callsign": "RYR76CW",
        "origin_country": "Ireland",
        "time_position": 1783869589,
        "last_contact": 1783869589,
        "baro_altitude": 7749.54,
        "on_ground": false,
        "velocity": 245.91,
        "true_track": 157.62,
        "vertical_rate": 9.43,
        "geo_altitude": 8214.36,
        "squawk": "5437",
        "spi": false,
        "position_source": 0
      }
    },
    {
      "type": "Feature",
      "geometry": {
        "type": "Point",
        "coordinates": [
          13.0125,
          47.44
        ]
      },
      "properties": {
        "icao24": "4bccb9",
        "callsign": "SXS8NA",
        "origin_country": "Turkey",
        "time_position": 1783869589,
        "last_contact": 1783869590,
        "baro_altitude": 11277.6,
        "on_ground": false,
        "velocity": 245.91,
        "true_track": 127.35,
        "vertical_rate": 0,
        "geo_altitude": 11757.66,
        "squawk": "7654",
        "spi": false,
        "position_source": 0
      }
    },
    {
      "type": "Feature",
      "geometry": {
        "type": "Point",
        "coordinates": [
          12.5051,
          43.0942
        ]
      },
      "properties": {
        "icao24": "49d677",
        "callsign": "SUA6Z",
        "origin_country": "Czech Republic",
        "time_position": 1783869284,
        "last_contact": 1783869284,
        "baro_altitude": null,
        "on_ground": true,
        "velocity": 5.14,
        "true_track": 157.5,
        "vertical_rate": null,
        "geo_altitude": null,
        "squawk": "3055",
        "spi": false,
        "position_source": 0
      }
    },
    {
      "type": "Feature",
      "geometry": {
        "type": "Point",
        "coordinates": [
          9.867,
          43.4801
        ]
      },
      "properties": {
        "icao24": "49d690",
        "callsign": "ECC652",
        "origin_country": "Czech Republic",
        "time_position": 1783869590,
        "last_contact": 1783869590,
        "baro_altitude": 10591.8,
        "on_ground": false,
        "velocity": 229.78,
        "true_track": 29.95,
        "vertical_rate": 4.23,
        "geo_altitude": 11170.92,
        "squawk": "1000",
        "spi": false,
        "position_source": 0
      }
    },
    {
      "type": "Feature",
      "geometry": {
        "type": "Point",
        "coordinates": [
          13.3905,
          47.2012
        ]
      },
      "properties": {
        "icao24": "49d699",
        "callsign": "AAO52",
        "origin_country": "Czech Republic",
        "time_position": 1783869590,
        "last_contact": 1783869590,
        "baro_altitude": 7924.8,
        "on_ground": false,
        "velocity": 135.16,
        "true_track": 54.92,
        "vertical_rate": 0,
        "geo_altitude": 8351.52,
        "squawk": "1000",
        "spi": false,
        "position_source": 0
      }
    },
    {
      "type": "Feature",
      "geometry": {
        "type": "Point",
        "coordinates": [
          6.1306,
          46.2527
        ]
      },
      "properties": {
        "icao24": "4bce0e",
        "callsign": "SXS9KZ",
        "origin_country": "Turkey",
        "time_position": 1783869589,
        "last_contact": 1783869589,
        "baro_altitude": 769.62,
        "on_ground": false,
        "velocity": 85.86,
        "true_track": 45.97,
        "vertical_rate": 14.63,
        "geo_altitude": 861.06,
        "squawk": null,
        "spi": false,
        "position_source": 0
      }
    },
    {
      "type": "Feature",
      "geometry": {
        "type": "Point",
        "coordinates": [
          8.1834,
          47.3871
        ]
      },
      "properties": {
        "icao24": "4b1ab1",
        "callsign": "HBKCV",
        "origin_country": "Switzerland",
        "time_position": 1783869589,
        "last_contact": 1783869590,
        "baro_altitude": 1303.02,
        "on_ground": false,
        "velocity": 73.51,
        "true_track": 136.7,
        "vertical_rate": 0.33,
        "geo_altitude": 1455.42,
        "squawk": "7000",
        "spi": false,
        "position_source": 0
      }
    },
    {
      "type": "Feature",
      "geometry": {
        "type": "Point",
        "coordinates": [
          11.1921,
          43.8015
        ]
      },
      "properties": {
        "icao24": "4075a2",
        "callsign": "CFE82DC",
        "origin_country": "United Kingdom",
        "time_position": 1783869586,
        "last_contact": 1783869586,
        "baro_altitude": 76.2,
        "on_ground": false,
        "velocity": 67.38,
        "true_track": 47.79,
        "vertical_rate": -4.23,
        "geo_altitude": 144.78,
        "squawk": "0555",
        "spi": false,
        "position_source": 0
      }
    },
    {
      "type": "Feature",
      "geometry": {
        "type": "Point",
        "coordinates": [
          6.0976,
          38.9504
        ]
      },
      "properties": {
        "icao24": "346193",
        "callsign": "VOE4CL",
        "origin_country": "Spain",
        "time_position": 1783869589,
        "last_contact": 1783869589,
        "baro_altitude": 11582.4,
        "on_ground": false,
        "velocity": 216.61,
        "true_track": 351.12,
        "vertical_rate": -0.33,
        "geo_altitude": 12283.44,
        "squawk": null,
        "spi": false,
        "position_source": 0
      }
    },
    {
      "type": "Feature",
      "geometry": {
        "type": "Point",
        "coordinates": [
          15.1689,
          46.5027
        ]
      },
      "properties": {
        "icao24": "48ad83",
        "callsign": "LOT6VT",
        "origin_country": "Poland",
        "time_position": 1783869589,
        "last_contact": 1783869590,
        "baro_altitude": 5638.8,
        "on_ground": false,
        "velocity": 176.6,
        "true_track": 39.21,
        "vertical_rate": 7.15,
        "geo_altitude": 5943.6,
        "squawk": "1000",
        "spi": false,
        "position_source": 0
      }
    },
    {
      "type": "Feature",
      "geometry": {
        "type": "Point",
        "coordinates": [
          6.3824,
          42.9309
        ]
      },
      "properties": {
        "icao24": "346188",
        "callsign": "VLG9HF",
        "origin_country": "Spain",
        "time_position": 1783869589,
        "last_contact": 1783869589,
        "baro_altitude": 10363.2,
        "on_ground": false,
        "velocity": 244.42,
        "true_track": 47.99,
        "vertical_rate": 0,
        "geo_altitude": 10949.94,
        "squawk": "1000",
        "spi": false,
        "position_source": 0
      }
    },
    {
      "type": "Feature",
      "geometry": {
        "type": "Point",
        "coordinates": [
          6.0863,
          42.7807
        ]
      },
      "properties": {
        "icao24": "346185",
        "callsign": "IBE07KG",
        "origin_country": "Spain",
        "time_position": 1783869589,
        "last_contact": 1783869589,
        "baro_altitude": 11597.64,
        "on_ground": false,
        "velocity": 242.85,
        "true_track": 48.95,
        "vertical_rate": -0.33,
        "geo_altitude": 12237.72,
        "squawk": "1000",
        "spi": false,
        "position_source": 0
      }
    },
    {
      "type": "Feature",
      "geometry": {
        "type": "Point",
        "coordinates": [
          16.6575,
          40.7952
        ]
      },
      "properties": {
        "icao24": "3006ba",
        "callsign": "IMADE",
        "origin_country": "Italy",
        "time_position": 1783869589,
        "last_contact": 1783869590,
        "baro_altitude": 678.18,
        "on_ground": false,
        "velocity": 71.37,
        "true_track": 193.34,
        "vertical_rate": 0.65,
        "geo_altitude": 769.62,
        "squawk": null,
        "spi": false,
        "position_source": 0
      }
    },
    {
      "type": "Feature",
      "geometry": {
        "type": "Point",
        "coordinates": [
          12.205,
          45.3906
        ]
      },
      "properties": {
        "icao24": "34745a",
        "callsign": "AEA96KY",
        "origin_country": "Spain",
        "time_position": 1783869589,
        "last_contact": 1783869590,
        "baro_altitude": 784.86,
        "on_ground": false,
        "velocity": 99.8,
        "true_track": 42.08,
        "vertical_rate": -5.2,
        "geo_altitude": 899.16,
        "squawk": "1000",
        "spi": false,
        "position_source": 0
      }
    },
    {
      "type": "Feature",
      "geometry": {
        "type": "Point",
        "coordinates": [
          8.303,
          40.8377
        ]
      },
      "properties": {
        "icao24": "3950ce",
        "callsign": "AFR11QN",
        "origin_country": "France",
        "time_position": 1783869589,
        "last_contact": 1783869590,
        "baro_altitude": 8923.02,
        "on_ground": false,
        "velocity": 257.37,
        "true_track": 164.46,
        "vertical_rate": -18.86,
        "geo_altitude": 9525,
        "squawk": "7655",
        "spi": false,
        "position_source": 0
      }
    },
    {
      "type": "Feature",
      "geometry": {
        "type": "Point",
        "coordinates": [
          8.5745,
          40.8783
        ]
      },
      "properties": {
        "icao24": "347453",
        "callsign": "IBE06YG",
        "origin_country": "Spain",
        "time_position": 1783869589,
        "last_contact": 1783869589,
        "baro_altitude": 11574.78,
        "on_ground": false,
        "velocity": 245.82,
        "true_track": 71.07,
        "vertical_rate": 0,
        "geo_altitude": 12245.34,
        "squawk": "1000",
        "spi": false,
        "position_source": 0
      }
    },
    {
      "type": "Feature",
      "geometry": {
        "type": "Point",
        "coordinates": [
          11.9682,
          47.0998
        ]
      },
      "properties": {
        "icao24": "40766d",
        "callsign": "EXS78H",
        "origin_country": "United Kingdom",
        "time_position": 1783869589,
        "last_contact": 1783869589,
        "baro_altitude": 11277.6,
        "on_ground": false,
        "velocity": 251.15,
        "true_track": 118.51,
        "vertical_rate": 0.33,
        "geo_altitude": 11772.9,
        "squawk": "2157",
        "spi": false,
        "position_source": 0
      }
    },
    {
      "type": "Feature",
      "geometry": {
        "type": "Point",
        "coordinates": [
          11.5231,
          47.4765
        ]
      },
      "properties": {
        "icao24": "400ceb",
        "callsign": "EFW36VL",
        "origin_country": "United Kingdom",
        "time_position": 1783869589,
        "last_contact": 1783869589,
        "baro_altitude": 10668,
        "on_ground": false,
        "velocity": 249.75,
        "true_track": 124.93,
        "vertical_rate": 0.33,
        "geo_altitude": 11163.3,
        "squawk": "4761",
        "spi": false,
        "position_source": 0
      }
    },
    {
      "type": "Feature",
      "geometry": {
        "type": "Point",
        "coordinates": [
          11.7793,
          37.7766
        ]
      },
      "properties": {
        "icao24": "46c28d",
        "callsign": "MNS527",
        "origin_country": "Greece",
        "time_position": 1783869590,
        "last_contact": 1783869590,
        "baro_altitude": 11277.6,
        "on_ground": false,
        "velocity": 248.91,
        "true_track": 171.08,
        "vertical_rate": -0.33,
        "geo_altitude": 11925.3,
        "squawk": "3756",
        "spi": false,
        "position_source": 0
      }
    },
    {
      "type": "Feature",
      "geometry": {
        "type": "Point",
        "coordinates": [
          12.2232,
          42.1962
        ]
      },
      "properties": {
        "icao24": "300878",
        "callsign": "TJD800",
        "origin_country": "Italy",
        "time_position": 1783869590,
        "last_contact": 1783869590,
        "baro_altitude": 11231.88,
        "on_ground": false,
        "velocity": 231.75,
        "true_track": 168.22,
        "vertical_rate": 4.55,
        "geo_altitude": 11803.38,
        "squawk": "1000",
        "spi": false,
        "position_source": 0
      }
    },
    {
      "type": "Feature",
      "geometry": {
        "type": "Point",
        "coordinates": [
          17.6431,
          42.629
        ]
      },
      "properties": {
        "icao24": "8966f9",
        "callsign": "UAE181",
        "origin_country": "United Arab Emirates",
        "time_position": 1783869589,
        "last_contact": 1783869589,
        "baro_altitude": 12192,
        "on_ground": false,
        "velocity": 238.33,
        "true_track": 313.69,
        "vertical_rate": -0.33,
        "geo_altitude": 12740.64,
        "squawk": "5526",
        "spi": false,
        "position_source": 0
      }
    },
    {
      "type": "Feature",
      "geometry": {
        "type": "Point",
        "coordinates": [
          12.7971,
          45.6174
        ]
      },
      "properties": {
        "icao24": "30087a",
        "callsign": "ICEST",
        "origin_country": "Italy",
        "time_position": 1783869590,
        "last_contact": 1783869590,
        "baro_altitude": 426.72,
        "on_ground": false,
        "velocity": 35.83,
        "true_track": 111.04,
        "vertical_rate": 3.25,
        "geo_altitude": 541.02,
        "squawk": "4202",
        "spi": false,
        "position_source": 0
      }
    },
    {
      "type": "Feature",
      "geometry": {
        "type": "Point",
        "coordinates": [
          12.5636,
          47.4944
        ]
      },
      "properties": {
        "icao24": "3e768f",
        "callsign": "DKKCD",
        "origin_country": "Germany",
        "time_position": 1783869590,
        "last_contact": 1783869590,
        "baro_altitude": 2354.58,
        "on_ground": false,
        "velocity": 39.31,
        "true_track": 312.88,
        "vertical_rate": -0.33,
        "geo_altitude": 2560.32,
        "squawk": "7000",
        "spi": false,
        "position_source": 0
      }
    },
    {
      "type": "Feature",
      "geometry": {
        "type": "Point",
        "coordinates": [
          10.3627,
          42.8965
        ]
      },
      "properties": {
        "icao24": "4cafc3",
        "callsign": "RYR78YM",
        "origin_country": "Ireland",
        "time_position": 1783869589,
        "last_contact": 1783869589,
        "baro_altitude": 4625.34,
        "on_ground": false,
        "velocity": 191.68,
        "true_track": 346.97,
        "vertical_rate": -9.1,
        "geo_altitude": 4953,
        "squawk": "5144",
        "spi": false,
        "position_source": 0
      }
    },
    {
      "type": "Feature",
      "geometry": {
        "type": "Point",
        "coordinates": [
          17.1992,
          42.0984
        ]
      },
      "properties": {
        "icao24": "4cafce",
        "callsign": "SAS2989",
        "origin_country": "Ireland",
        "time_position": 1783869589,
        "last_contact": 1783869590,
        "baro_altitude": 11894.82,
        "on_ground": false,
        "velocity": 236.09,
        "true_track": 162.63,
        "vertical_rate": -0.33,
        "geo_altitude": 12466.32,
        "squawk": "6521",
        "spi": false,
        "position_source": 0
      }
    },
    {
      "type": "Feature",
      "geometry": {
        "type": "Point",
        "coordinates": [
          8.7282,
          45.6111
        ]
      },
      "properties": {
        "icao24": "4cafd0",
        "callsign": "RYR74RR",
        "origin_country": "Ireland",
        "time_position": 1783869590,
        "last_contact": 1783869590,
        "baro_altitude": null,
        "on_ground": true,
        "velocity": 4.63,
        "true_track": 30.94,
        "vertical_rate": null,
        "geo_altitude": null,
        "squawk": null,
        "spi": false,
        "position_source": 0
      }
    },
    {
      "type": "Feature",
      "geometry": {
        "type": "Point",
        "coordinates": [
          18.0802,
          37.6155
        ]
      },
      "properties": {
        "icao24": "717c83",
        "callsign": "SVA202",
        "origin_country": "Saudi Arabia",
        "time_position": 1783869589,
        "last_contact": 1783869589,
        "baro_altitude": 10058.4,
        "on_ground": false,
        "velocity": 255.23,
        "true_track": 131.08,
        "vertical_rate": -0.33,
        "geo_altitude": 10622.28,
        "squawk": "4317",
        "spi": false,
        "position_source": 0
      }
    },
    {
      "type": "Feature",
      "geometry": {
        "type": "Point",
        "coordinates": [
          6.9515,
          43.5445
        ]
      },
      "properties": {
        "icao24": "0100f3",
        "callsign": "SME596",
        "origin_country": "Egypt",
        "time_position": 1783869590,
        "last_contact": 1783869590,
        "baro_altitude": null,
        "on_ground": true,
        "velocity": 8.75,
        "true_track": 168.75,
        "vertical_rate": null,
        "geo_altitude": null,
        "squawk": "2056",
        "spi": false,
        "position_source": 0
      }
    },
    {
      "type": "Feature",
      "geometry": {
        "type": "Point",
        "coordinates": [
          18.9991,
          44.0032
        ]
      },
      "properties": {
        "icao24": "4076b0",
        "callsign": "TOM5GK",
        "origin_country": "United Kingdom",
        "time_position": 1783869589,
        "last_contact": 1783869589,
        "baro_altitude": 11887.2,
        "on_ground": false,
        "velocity": 253.58,
        "true_track": 120.21,
        "vertical_rate": 0,
        "geo_altitude": 12390.12,
        "squawk": "4754",
        "spi": false,
        "position_source": 0
      }
    },
    {
      "type": "Feature",
      "geometry": {
        "type": "Point",
        "coordinates": [
          8.5574,
          47.4641
        ]
      },
      "properties": {
        "icao24": "01024b",
        "callsign": "MSC2920",
        "origin_country": "Egypt",
        "time_position": 1783869589,
        "last_contact": 1783869589,
        "baro_altitude": null,
        "on_ground": true,
        "velocity": 5.92,
        "true_track": 163.12,
        "vertical_rate": null,
        "geo_altitude": null,
        "squawk": "1000",
        "spi": false,
        "position_source": 0
      }
    },
    {
      "type": "Feature",
      "geometry": {
        "type": "Point",
        "coordinates": [
          12.2864,
          47.6107
        ]
      },
      "properties": {
        "icao24": "407795",
        "callsign": "EZY16NE",
        "origin_country": "United Kingdom",
        "time_position": 1783869590,
        "last_contact": 1783869590,
        "baro_altitude": 11597.64,
        "on_ground": false,
        "velocity": 214.49,
        "true_track": 310.72,
        "vertical_rate": 0.33,
        "geo_altitude": 12092.94,
        "squawk": "2072",
        "spi": false,
        "position_source": 0
      }
    },
    {
      "type": "Feature",
      "geometry": {
        "type": "Point",
        "coordinates": [
          13.4454,
          45.191
        ]
      },
      "properties": {
        "icao24": "01024d",
        "callsign": "MSC2910",
        "origin_country": "Egypt",
        "time_position": 1783869590,
        "last_contact": 1783869590,
        "baro_altitude": 10972.8,
        "on_ground": false,
        "velocity": 214.1,
        "true_track": 310.81,
        "vertical_rate": 0,
        "geo_altitude": 11475.72,
        "squawk": "2035",
        "spi": false,
        "position_source": 0
      }
    },
    {
      "type": "Feature",
      "geometry": {
        "type": "Point",
        "coordinates": [
          18.2632,
          42.5634
        ]
      },
      "properties": {
        "icao24": "3964ea",
        "callsign": "TVF38EU",
        "origin_country": "France",
        "time_position": 1783869589,
        "last_contact": 1783869590,
        "baro_altitude": 144.78,
        "on_ground": false,
        "velocity": 76.86,
        "true_track": 297.94,
        "vertical_rate": 0.65,
        "geo_altitude": 205.74,
        "squawk": null,
        "spi": false,
        "position_source": 0
      }
    },
    {
      "type": "Feature",
      "geometry": {
        "type": "Point",
        "coordinates": [
          15.6696,
          45.5428
        ]
      },
      "properties": {
        "icao24": "01024e",
        "callsign": "MSC2951",
        "origin_country": "Egypt",
        "time_position": 1783869589,
        "last_contact": 1783869589,
        "baro_altitude": 10652.76,
        "on_ground": false,
        "velocity": 257.58,
        "true_track": 135.97,
        "vertical_rate": 0.33,
        "geo_altitude": 11132.82,
        "squawk": "0123",
        "spi": false,
        "position_source": 0
      }
    },
    {
      "type": "Feature",
      "geometry": {
        "type": "Point",
        "coordinates": [
          18.7594,
          46.1163
        ]
      },
      "properties": {
        "icao24": "010259",
        "callsign": "MSC553",
        "origin_country": "Egypt",
        "time_position": 1783869590,
        "last_contact": 1783869590,
        "baro_altitude": 10980.42,
        "on_ground": false,
        "velocity": 205.92,
        "true_track": 327.34,
        "vertical_rate": -0.65,
        "geo_altitude": 11376.66,
        "squawk": "2050",
        "spi": false,
        "position_source": 0
      }
    },
    {
      "type": "Feature",
      "geometry": {
        "type": "Point",
        "coordinates": [
          7.1552,
          40.1736
        ]
      },
      "properties": {
        "icao24": "40643b",
        "callsign": "EZY69RJ",
        "origin_country": "United Kingdom",
        "time_position": 1783869589,
        "last_contact": 1783869589,
        "baro_altitude": 11285.22,
        "on_ground": false,
        "velocity": 250.15,
        "true_track": 147.26,
        "vertical_rate": 0,
        "geo_altitude": 11948.16,
        "squawk": "2711",
        "spi": false,
        "position_source": 0
      }
    },
    {
      "type": "Feature",
      "geometry": {
        "type": "Point",
        "coordinates": [
          16.277,
          35.8795
        ]
      },
      "properties": {
        "icao24": "010244",
        "callsign": "MSR848",
        "origin_country": "Egypt",
        "time_position": 1783869590,
        "last_contact": 1783869590,
        "baro_altitude": 10668,
        "on_ground": false,
        "velocity": 252.61,
        "true_track": 93.74,
        "vertical_rate": -0.33,
        "geo_altitude": 11315.7,
        "squawk": "4106",
        "spi": false,
        "position_source": 0
      }
    },
    {
      "type": "Feature",
      "geometry": {
        "type": "Point",
        "coordinates": [
          18.764,
          42.5813
        ]
      },
      "properties": {
        "icao24": "010243",
        "callsign": "MSR788",
        "origin_country": "Egypt",
        "time_position": 1783869586,
        "last_contact": 1783869589,
        "baro_altitude": 10675.62,
        "on_ground": false,
        "velocity": 248.82,
        "true_track": 141.21,
        "vertical_rate": -0.65,
        "geo_altitude": 11186.16,
        "squawk": "5650",
        "spi": false,
        "position_source": 0
      }
    },
    {
      "type": "Feature",
      "geometry": {
        "type": "Point",
        "coordinates": [
          7.2237,
          43.6682
        ]
      },
      "properties": {
        "icao24": "3964e0",
        "callsign": "TVF945H",
        "origin_country": "France",
        "time_position": 1783869590,
        "last_contact": 1783869590,
        "baro_altitude": null,
        "on_ground": true,
        "velocity": 4.89,
        "true_track": 278.44,
        "vertical_rate": null,
        "geo_altitude": null,
        "squawk": "1000",
        "spi": false,
        "position_source": 0
      }
    },
    {
      "type": "Feature",
      "geometry": {
        "type": "Point",
        "coordinates": [
          9.4796,
          47.0748
        ]
      },
      "properties": {
        "icao24": "3964e2",
        "callsign": "TVF26PJ",
        "origin_country": "France",
        "time_position": 1783869589,
        "last_contact": 1783869589,
        "baro_altitude": 11277.6,
        "on_ground": false,
        "velocity": 254.97,
        "true_track": 126.38,
        "vertical_rate": 0,
        "geo_altitude": 11788.14,
        "squawk": "0674",
        "spi": false,
        "position_source": 0
      }
    },
    {
      "type": "Feature",
      "geometry": {
        "type": "Point",
        "coordinates": [
          11.2696,
          44.5423
        ]
      },
      "properties": {
        "icao24": "48ae83",
        "callsign": "LOT329",
        "origin_country": "Poland",
        "time_position": 1783869454,
        "last_contact": 1783869455,
        "baro_altitude": 60.96,
        "on_ground": false,
        "velocity": 78.22,
        "true_track": 116.57,
        "vertical_rate": -5.2,
        "geo_altitude": 144.78,
        "squawk": "1000",
        "spi": false,
        "position_source": 0
      }
    },
    {
      "type": "Feature",
      "geometry": {
        "type": "Point",
        "coordinates": [
          15.1773,
          45.6192
        ]
      },
      "properties": {
        "icao24": "01025e",
        "callsign": "MSR758",
        "origin_country": "Egypt",
        "time_position": 1783869590,
        "last_contact": 1783869590,
        "baro_altitude": 11879.58,
        "on_ground": false,
        "velocity": 271,
        "true_track": 137.92,
        "vertical_rate": -0.33,
        "geo_altitude": 12397.74,
        "squawk": "3161",
        "spi": false,
        "position_source": 0
      }
    },
    {
      "type": "Feature",
      "geometry": {
        "type": "Point",
        "coordinates": [
          17.182,
          44.0584
        ]
      },
      "properties": {
        "icao24": "010264",
        "callsign": "MSC2931",
        "origin_country": "Egypt",
        "time_position": 1783869589,
        "last_contact": 1783869589,
        "baro_altitude": 10066.02,
        "on_ground": false,
        "velocity": 255.51,
        "true_track": 140.64,
        "vertical_rate": 0,
        "geo_altitude": 10546.08,
        "squawk": "5556",
        "spi": false,
        "position_source": 0
      }
    },
    {
      "type": "Feature",
      "geometry": {
        "type": "Point",
        "coordinates": [
          9.2963,
          45.266
        ]
      },
      "properties": {
        "icao24": "3007f2",
        "callsign": "DLH276",
        "origin_country": "Italy",
        "time_position": 1783869589,
        "last_contact": 1783869590,
        "baro_altitude": 891.54,
        "on_ground": false,
        "velocity": 113.65,
        "true_track": 352.46,
        "vertical_rate": 0,
        "geo_altitude": 1005.84,
        "squawk": "1000",
        "spi": false,
        "position_source": 0
      }
    },
    {
      "type": "Feature",
      "geometry": {
        "type": "Point",
        "coordinates": [
          10.5927,
          44.9771
        ]
      },
      "properties": {
        "icao24": "3007d9",
        "callsign": "ISCOR",
        "origin_country": "Italy",
        "time_position": 1783869368,
        "last_contact": 1783869368,
        "baro_altitude": 579.12,
        "on_ground": false,
        "velocity": 71.05,
        "true_track": 349.99,
        "vertical_rate": -0.33,
        "geo_altitude": null,
        "squawk": null,
        "spi": false,
        "position_source": 0
      }
    },
    {
      "type": "Feature",
      "geometry": {
        "type": "Point",
        "coordinates": [
          9.5079,
          45.5737
        ]
      },
      "properties": {
        "icao24": "3007b0",
        "callsign": "ICNTN",
        "origin_country": "Italy",
        "time_position": 1783869590,
        "last_contact": 1783869590,
        "baro_altitude": 579.12,
        "on_ground": false,
        "velocity": 48.64,
        "true_track": 342.14,
        "vertical_rate": -1.3,
        "geo_altitude": 678.18,
        "squawk": "4611",
        "spi": false,
        "position_source": 0
      }
    },
    {
      "type": "Feature",
      "geometry": {
        "type": "Point",
        "coordinates": [
          11.1807,
          44.3736
        ]
      },
      "properties": {
        "icao24": "3008b7",
        "callsign": "IATLS",
        "origin_country": "Italy",
        "time_position": 1783869590,
        "last_contact": 1783869590,
        "baro_altitude": 899.16,
        "on_ground": false,
        "velocity": 60.94,
        "true_track": 35.03,
        "vertical_rate": 0.65,
        "geo_altitude": 1013.46,
        "squawk": null,
        "spi": false,
        "position_source": 0
      }
    },
    {
      "type": "Feature",
      "geometry": {
        "type": "Point",
        "coordinates": [
          9.3454,
          41.0288
        ]
      },
      "properties": {
        "icao24": "4b1a2f",
        "callsign": "EZS79ER",
        "origin_country": "Switzerland",
        "time_position": 1783869589,
        "last_contact": 1783869589,
        "baro_altitude": 2956.56,
        "on_ground": false,
        "velocity": 146.7,
        "true_track": 100.92,
        "vertical_rate": -4.88,
        "geo_altitude": 3467.1,
        "squawk": "5725",
        "spi": false,
        "position_source": 0
      }
    },
    {
      "type": "Feature",
      "geometry": {
        "type": "Point",
        "coordinates": [
          6.7454,
          45.4214
        ]
      },
      "properties": {
        "icao24": "4b1a37",
        "callsign": "EZS91HZ",
        "origin_country": "Switzerland",
        "time_position": 1783869590,
        "last_contact": 1783869590,
        "baro_altitude": 6400.8,
        "on_ground": false,
        "velocity": 217.25,
        "true_track": 163.07,
        "vertical_rate": 0,
        "geo_altitude": 6827.52,
        "squawk": "1000",
        "spi": false,
        "position_source": 0
      }
    },
    {
      "type": "Feature",
      "geometry": {
        "type": "Point",
        "coordinates": [
          6.3724,
          46.154
        ]
      },
      "properties": {
        "icao24": "4b1a34",
        "callsign": "EZS19BN",
        "origin_country": "Switzerland",
        "time_position": 1783869590,
        "last_contact": 1783869590,
        "baro_altitude": 3855.72,
        "on_ground": false,
        "velocity": 191.34,
        "true_track": 314.78,
        "vertical_rate": -8.45,
        "geo_altitude": 4183.38,
        "squawk": "1000",
        "spi": false,
        "position_source": 0
      }
    },
    {
      "type": "Feature",
      "geometry": {
        "type": "Point",
        "coordinates": [
          17.0837,
          42.846
        ]
      },
      "properties": {
        "icao24": "4b1a1d",
        "callsign": "EZS41BP",
        "origin_country": "Switzerland",
        "time_position": 1783869587,
        "last_contact": 1783869589,
        "baro_altitude": 10965.18,
        "on_ground": false,
        "velocity": 214.37,
        "true_track": 308.08,
        "vertical_rate": 0.33,
        "geo_altitude": 11490.96,
        "squawk": "2065",
        "spi": false,
        "position_source": 0
      }
    },
    {
      "type": "Feature",
      "geometry": {
        "type": "Point",
        "coordinates": [
          6.237,
          46.1792
        ]
      },
      "properties": {
        "icao24": "4b1a1e",
        "callsign": "EZS49KC",
        "origin_country": "Switzerland",
        "time_position": 1783869589,
        "last_contact": 1783869589,
        "baro_altitude": 3802.38,
        "on_ground": false,
        "velocity": 171.2,
        "true_track": 209.72,
        "vertical_rate": 22.11,
        "geo_altitude": 4091.94,
        "squawk": null,
        "spi": false,
        "position_source": 0
      }
    },
    {
      "type": "Feature",
      "geometry": {
        "type": "Point",
        "coordinates": [
          7.8195,
          47.2489
        ]
      },
      "properties": {
        "icao24": "4b1a1f",
        "callsign": "EZS12QD",
        "origin_country": "Switzerland",
        "time_position": 1783869590,
        "last_contact": 1783869590,
        "baro_altitude": 2667,
        "on_ground": false,
        "velocity": 145.73,
        "true_track": 311.85,
        "vertical_rate": -11.38,
        "geo_altitude": 2918.46,
        "squawk": "0446",
        "spi": false,
        "position_source": 0
      }
    },
    {
      "type": "Feature",
      "geometry": {
        "type": "Point",
        "coordinates": [
          9.6585,
          46.7124
        ]
      },
      "properties": {
        "icao24": "4b1a25",
        "callsign": "EZS47VV",
        "origin_country": "Switzerland",
        "time_position": 1783869589,
        "last_contact": 1783869589,
        "baro_altitude": 9136.38,
        "on_ground": false,
        "velocity": 197.6,
        "true_track": 311.2,
        "vertical_rate": 0,
        "geo_altitude": 9646.92,
        "squawk": "1000",
        "spi": false,
        "position_source": 0
      }
    },
    {
      "type": "Feature",
      "geometry": {
        "type": "Point",
        "coordinates": [
          7.7814,
          40.5892
        ]
      },
      "properties": {
        "icao24": "346317",
        "callsign": "LAV5343",
        "origin_country": "Spain",
        "time_position": 1783869589,
        "last_contact": 1783869589,
        "baro_altitude": 11582.4,
        "on_ground": false,
        "velocity": 257.7,
        "true_track": 84.96,
        "vertical_rate": 0,
        "geo_altitude": 12245.34,
        "squawk": "1000",
        "spi": false,
        "position_source": 0
      }
    },
    {
      "type": "Feature",
      "geometry": {
        "type": "Point",
        "coordinates": [
          17.4108,
          43.9992
        ]
      },
      "properties": {
        "icao24": "4b1a28",
        "callsign": "EZS89GX",
        "origin_country": "Switzerland",
        "time_position": 1783869589,
        "last_contact": 1783869589,
        "baro_altitude": 11590.02,
        "on_ground": false,
        "velocity": 218.26,
        "true_track": 315.38,
        "vertical_rate": 0.33,
        "geo_altitude": 12115.8,
        "squawk": "1354",
        "spi": false,
        "position_source": 0
      }
    },
    {
      "type": "Feature",
      "geometry": {
        "type": "Point",
        "coordinates": [
          6.9952,
          43.8341
        ]
      },
      "properties": {
        "icao24": "346310",
        "callsign": "AEA1684",
        "origin_country": "Spain",
        "time_position": 1783869590,
        "last_contact": 1783869590,
        "baro_altitude": 12496.8,
        "on_ground": false,
        "velocity": 236.07,
        "true_track": 244.16,
        "vertical_rate": 0,
        "geo_altitude": 13121.64,
        "squawk": "4017",
        "spi": false,
        "position_source": 0
      }
    },
    {
      "type": "Feature",
      "geometry": {
        "type": "Point",
        "coordinates": [
          6.5783,
          44.4612
        ]
      },
      "properties": {
        "icao24": "4b1a65",
        "callsign": "EJU87RL",
        "origin_country": "Switzerland",
        "time_position": 1783869590,
        "last_contact": 1783869590,
        "baro_altitude": 9601.2,
        "on_ground": false,
        "velocity": 220.98,
        "true_track": 21.01,
        "vertical_rate": -7.15,
        "geo_altitude": 10165.08,
        "squawk": "1043",
        "spi": false,
        "position_source": 0
      }
    },
    {
      "type": "Feature",
      "geometry": {
        "type": "Point",
        "coordinates": [
          9.1866,
          44.6696
        ]
      },
      "properties": {
        "icao24": "4d24cc",
        "callsign": "RYR2QH",
        "origin_country": "Malta",
        "time_position": 1783869590,
        "last_contact": 1783869590,
        "baro_altitude": 11582.4,
        "on_ground": false,
        "velocity": 240.41,
        "true_track": 54.41,
        "vertical_rate": 0,
        "geo_altitude": 12153.9,
        "squawk": "1000",
        "spi": false,
        "position_source": 0
      }
    },
    {
      "type": "Feature",
      "geometry": {
        "type": "Point",
        "coordinates": [
          13.1714,
          44.9004
        ]
      },
      "properties": {
        "icao24": "4b1a66",
        "callsign": "EZS68ME",
        "origin_country": "Switzerland",
        "time_position": 1783869590,
        "last_contact": 1783869590,
        "baro_altitude": 10972.8,
        "on_ground": false,
        "velocity": 209.59,
        "true_track": 306.62,
        "vertical_rate": 0,
        "geo_altitude": 11498.58,
        "squawk": "1000",
        "spi": false,
        "position_source": 0
      }
    },
    {
      "type": "Feature",
      "geometry": {
        "type": "Point",
        "coordinates": [
          7.9657,
          44.5195
        ]
      },
      "properties": {
        "icao24": "4d24d6",
        "callsign": "WZZ6296",
        "origin_country": "Malta",
        "time_position": 1783869589,
        "last_contact": 1783869589,
        "baro_altitude": 10660.38,
        "on_ground": false,
        "velocity": 227.01,
        "true_track": 213.26,
        "vertical_rate": 0,
        "geo_altitude": 11239.5,
        "squawk": "1000",
        "spi": false,
        "position_source": 0
      }
    },
    {
      "type": "Feature",
      "geometry": {
        "type": "Point",
        "coordinates": [
          16.333,
          40.9218
        ]
      },
      "properties": {
        "icao24": "4d24d5",
        "callsign": "WMT24GD",
        "origin_country": "Malta",
        "time_position": 1783869590,
        "last_contact": 1783869590,
        "baro_altitude": 11285.22,
        "on_ground": false,
        "velocity": 253.64,
        "true_track": 99.69,
        "vertical_rate": 0,
        "geo_altitude": 11871.96,
        "squawk": "4310",
        "spi": false,
        "position_source": 0
      }
    },
    {
      "type": "Feature",
      "geometry": {
        "type": "Point",
        "coordinates": [
          13.7967,
          36.4343
        ]
      },
      "properties": {
        "icao24": "4d24de",
        "callsign": "KMM102",
        "origin_country": "Malta",
        "time_position": 1783869590,
        "last_contact": 1783869590,
        "baro_altitude": 7894.32,
        "on_ground": false,
        "velocity": 196.05,
        "true_track": 326.02,
        "vertical_rate": 5.2,
        "geo_altitude": 8427.72,
        "squawk": "6561",
        "spi": false,
        "position_source": 0
      }
    },
    {
      "type": "Feature",
      "geometry": {
        "type": "Point",
        "coordinates": [
          14.8453,
          38.3582
        ]
      },
      "properties": {
        "icao24": "34761a",
        "callsign": "VOE71QQ",
        "origin_country": "Spain",
        "time_position": 1783869590,
        "last_contact": 1783869590,
        "baro_altitude": 9829.8,
        "on_ground": false,
        "velocity": 219.72,
        "true_track": 268.79,
        "vertical_rate": -5.2,
        "geo_altitude": 10401.3,
        "squawk": null,
        "spi": false,
        "position_source": 0
      }
    },
    {
      "type": "Feature",
      "geometry": {
        "type": "Point",
        "coordinates": [
          11.3538,
          43.429
        ]
      },
      "properties": {
        "icao24": "010288",
        "callsign": "MSR800",
        "origin_country": "Egypt",
        "time_position": 1783869590,
        "last_contact": 1783869590,
        "baro_altitude": 11887.2,
        "on_ground": false,
        "velocity": 269.54,
        "true_track": 123.08,
        "vertical_rate": 0,
        "geo_altitude": 12443.46,
        "squawk": "3752",
        "spi": false,
        "position_source": 0
      }
    },
    {
      "type": "Feature",
      "geometry": {
        "type": "Point",
        "coordinates": [
          14.8344,
          44.2027
        ]
      },
      "properties": {
        "icao24": "40772d",
        "callsign": "EZY16UD",
        "origin_country": "United Kingdom",
        "time_position": 1783869590,
        "last_contact": 1783869590,
        "baro_altitude": 11277.6,
        "on_ground": false,
        "velocity": 249.65,
        "true_track": 133.33,
        "vertical_rate": -0.33,
        "geo_altitude": 11780.52,
        "squawk": "3441",
        "spi": false,
        "position_source": 0
      }
    },
    {
      "type": "Feature",
      "geometry": {
        "type": "Point",
        "coordinates": [
          15.8381,
          43.6682
        ]
      },
      "properties": {
        "icao24": "407739",
        "callsign": "TOM7WB",
        "origin_country": "United Kingdom",
        "time_position": 1783869588,
        "last_contact": 1783869590,
        "baro_altitude": 10668,
        "on_ground": false,
        "velocity": 257.14,
        "true_track": 127.6,
        "vertical_rate": 0,
        "geo_altitude": 11170.92,
        "squawk": "7501",
        "spi": false,
        "position_source": 0
      }
    },
    {
      "type": "Feature",
      "geometry": {
        "type": "Point",
        "coordinates": [
          11.9451,
          42.8088
        ]
      },
      "properties": {
        "icao24": "4d24ad",
        "callsign": "WZZ6UN",
        "origin_country": "Malta",
        "time_position": 1783869590,
        "last_contact": 1783869590,
        "baro_altitude": 10660.38,
        "on_ground": false,
        "velocity": 231.4,
        "true_track": 229.69,
        "vertical_rate": 0.33,
        "geo_altitude": 11239.5,
        "squawk": "1000",
        "spi": false,
        "position_source": 0
      }
    },
    {
      "type": "Feature",
      "geometry": {
        "type": "Point",
        "coordinates": [
          10.6287,
          45.8954
        ]
      },
      "properties": {
        "icao24": "400db1",
        "callsign": "EZY68FL",
        "origin_country": "United Kingdom",
        "time_position": 1783869590,
        "last_contact": 1783869590,
        "baro_altitude": 4983.48,
        "on_ground": false,
        "velocity": 161.09,
        "true_track": 165.39,
        "vertical_rate": -3.9,
        "geo_altitude": 5311.14,
        "squawk": "7314",
        "spi": false,
        "position_source": 0
      }
    },
    {
      "type": "Feature",
      "geometry": {
        "type": "Point",
        "coordinates": [
          7.2281,
          43.9582
        ]
      },
      "properties": {
        "icao24": "4d24b6",
        "callsign": "SEU405",
        "origin_country": "Malta",
        "time_position": 1783869590,
        "last_contact": 1783869590,
        "baro_altitude": 11277.6,
        "on_ground": false,
        "velocity": 205.46,
        "true_track": 242.73,
        "vertical_rate": 0,
        "geo_altitude": 11902.44,
        "squawk": "1000",
        "spi": false,
        "position_source": 0
      }
    },
    {
      "type": "Feature",
      "geometry": {
        "type": "Point",
        "coordinates": [
          7.381,
          44.0515
        ]
      },
      "properties": {
        "icao24": "4d24b2",
        "callsign": "WMT5ST",
        "origin_country": "Malta",
        "time_position": 1783869589,
        "last_contact": 1783869590,
        "baro_altitude": 10660.38,
        "on_ground": false,
        "velocity": 220.24,
        "true_track": 242,
        "vertical_rate": 0,
        "geo_altitude": 11254.74,
        "squawk": "4001",
        "spi": false,
        "position_source": 0
      }
    },
    {
      "type": "Feature",
      "geometry": {
        "type": "Point",
        "coordinates": [
          17.2393,
          42.9685
        ]
      },
      "properties": {
        "icao24": "0101ba",
        "callsign": "MSR734",
        "origin_country": "Egypt",
        "time_position": 1783869588,
        "last_contact": 1783869589,
        "baro_altitude": 11277.6,
        "on_ground": false,
        "velocity": 250.28,
        "true_track": 134.67,
        "vertical_rate": 0,
        "geo_altitude": 11788.14,
        "squawk": "2511",
        "spi": false,
        "position_source": 0
      }
    },
    {
      "type": "Feature",
      "geometry": {
        "type": "Point",
        "coordinates": [
          14.0722,
          45.5609
        ]
      },
      "properties": {
        "icao24": "461e16",
        "callsign": "FIN3AN",
        "origin_country": "Finland",
        "time_position": 1783869590,
        "last_contact": 1783869590,
        "baro_altitude": 11887.2,
        "on_ground": false,
        "velocity": 228.66,
        "true_track": 218.88,
        "vertical_rate": 0,
        "geo_altitude": 12390.12,
        "squawk": "2246",
        "spi": false,
        "position_source": 0
      }
    },
    {
      "type": "Feature",
      "geometry": {
        "type": "Point",
        "coordinates": [
          15.0661,
          39.0432
        ]
      },
      "properties": {
        "icao24": "4d24ea",
        "callsign": "RYR6YZ",
        "origin_country": "Malta",
        "time_position": 1783869570,
        "last_contact": 1783869590,
        "baro_altitude": 11582.4,
        "on_ground": false,
        "velocity": 231.14,
        "true_track": 7.93,
        "vertical_rate": 0,
        "geo_altitude": 12214.86,
        "squawk": "6565",
        "spi": false,
        "position_source": 0
      }
    },
    {
      "type": "Feature",
      "geometry": {
        "type": "Point",
        "coordinates": [
          12.1443,
          47.797
        ]
      },
      "properties": {
        "icao24": "0101db",
        "callsign": "MSR786",
        "origin_country": "Egypt",
        "time_position": 1783869590,
        "last_contact": 1783869590,
        "baro_altitude": 10058.4,
        "on_ground": false,
        "velocity": 265.24,
        "true_track": 146.31,
        "vertical_rate": -0.33,
        "geo_altitude": 10538.46,
        "squawk": "2572",
        "spi": false,
        "position_source": 0
      }
    },
    {
      "type": "Feature",
      "geometry": {
        "type": "Point",
        "coordinates": [
          11.1687,
          46.0775
        ]
      },
      "properties": {
        "icao24": "30095d",
        "callsign": "IPBOE",
        "origin_country": "Italy",
        "time_position": 1783869493,
        "last_contact": 1783869493,
        "baro_altitude": 1043.94,
        "on_ground": false,
        "velocity": 63.64,
        "true_track": 212.79,
        "vertical_rate": -5.85,
        "geo_altitude": 1181.1,
        "squawk": null,
        "spi": false,
        "position_source": 0
      }
    },
    {
      "type": "Feature",
      "geometry": {
        "type": "Point",
        "coordinates": [
          9.61,
          41.1617
        ]
      },
      "properties": {
        "icao24": "3461ce",
        "callsign": "VOE8LB",
        "origin_country": "Spain",
        "time_position": 1783869590,
        "last_contact": 1783869590,
        "baro_altitude": 8709.66,
        "on_ground": false,
        "velocity": 230.59,
        "true_track": 62.06,
        "vertical_rate": 7.8,
        "geo_altitude": 9250.68,
        "squawk": null,
        "spi": false,
        "position_source": 0
      }
    },
    {
      "type": "Feature",
      "geometry": {
        "type": "Point",
        "coordinates": [
          13.1888,
          46.0159
        ]
      },
      "properties": {
        "icao24": "300936",
        "callsign": "ICREW",
        "origin_country": "Italy",
        "time_position": 1783869589,
        "last_contact": 1783869589,
        "baro_altitude": 243.84,
        "on_ground": false,
        "velocity": 55.62,
        "true_track": 2.65,
        "vertical_rate": -0.65,
        "geo_altitude": 342.9,
        "squawk": "1030",
        "spi": false,
        "position_source": 0
      }
    },
    {
      "type": "Feature",
      "geometry": {
        "type": "Point",
        "coordinates": [
          17.1925,
          46.204
        ]
      },
      "properties": {
        "icao24": "0101b7",
        "callsign": "MSR760",
        "origin_country": "Egypt",
        "time_position": 1783869590,
        "last_contact": 1783869590,
        "baro_altitude": 10668,
        "on_ground": false,
        "velocity": 268.15,
        "true_track": 151.71,
        "vertical_rate": 0.33,
        "geo_altitude": 11071.86,
        "squawk": "1120",
        "spi": false,
        "position_source": 0
      }
    },
    {
      "type": "Feature",
      "geometry": {
        "type": "Point",
        "coordinates": [
          10.8691,
          42.866
        ]
      },
      "properties": {
        "icao24": "3ccbb6",
        "callsign": "EUL5R",
        "origin_country": "Germany",
        "time_position": 1783869590,
        "last_contact": 1783869590,
        "baro_altitude": 4175.76,
        "on_ground": false,
        "velocity": 118.38,
        "true_track": 339.12,
        "vertical_rate": 11.38,
        "geo_altitude": 4472.94,
        "squawk": null,
        "spi": false,
        "position_source": 0
      }
    },
    {
      "type": "Feature",
      "geometry": {
        "type": "Point",
        "coordinates": [
          14.1431,
          42.2892
        ]
      },
      "properties": {
        "icao24": "4d2518",
        "callsign": "RYR46CZ",
        "origin_country": "Malta",
        "time_position": 1783869590,
        "last_contact": 1783869590,
        "baro_altitude": 7962.9,
        "on_ground": false,
        "velocity": 236.99,
        "true_track": 258.86,
        "vertical_rate": -5.2,
        "geo_altitude": 8427.72,
        "squawk": "1000",
        "spi": false,
        "position_source": 0
      }
    },
    {
      "type": "Feature",
      "geometry": {
        "type": "Point",
        "coordinates": [
          11.5483,
          44.8326
        ]
      },
      "properties": {
        "icao24": "4d2519",
        "callsign": "RYR5MG",
        "origin_country": "Malta",
        "time_position": 1783869590,
        "last_contact": 1783869590,
        "baro_altitude": 11277.6,
        "on_ground": false,
        "velocity": 246.63,
        "true_track": 153.22,
        "vertical_rate": 0,
        "geo_altitude": 11795.76,
        "squawk": "1000",
        "spi": false,
        "position_source": 0
      }
    },
    {
      "type": "Feature",
      "geometry": {
        "type": "Point",
        "coordinates": [
          14.8977,
          37.4528
        ]
      },
      "properties": {
        "icao24": "4d2522",
        "callsign": null,
        "origin_country": "Malta",
        "time_position": 1783869587,
        "last_contact": 1783869588,
        "baro_altitude": 1744.98,
        "on_ground": false,
        "velocity": 110.16,
        "true_track": 264.1,
        "vertical_rate": 6.5,
        "geo_altitude": 1905,
        "squawk": null,
        "spi": false,
        "position_source": 0
      }
    },
    {
      "type": "Feature",
      "geometry": {
        "type": "Point",
        "coordinates": [
          12.5782,
          44.1583
        ]
      },
      "properties": {
        "icao24": "4d2528",
        "callsign": "WZZ9573",
        "origin_country": "Malta",
        "time_position": 1783869589,
        "last_contact": 1783869589,
        "baro_altitude": 1706.88,
        "on_ground": false,
        "velocity": 139.19,
        "true_track": 311.7,
        "vertical_rate": -6.5,
        "geo_altitude": 1889.76,
        "squawk": "1000",
        "spi": false,
        "position_source": 0
      }
    },
    {
      "type": "Feature",
      "geometry": {
        "type": "Point",
        "coordinates": [
          14.8684,
          44.3356
        ]
      },
      "properties": {
        "icao24": "400afb",
        "callsign": "EFW6RQ",
        "origin_country": "United Kingdom",
        "time_position": 1783869589,
        "last_contact": 1783869589,
        "baro_altitude": 10363.2,
        "on_ground": false,
        "velocity": 222.14,
        "true_track": 310.77,
        "vertical_rate": 0,
        "geo_altitude": 10850.88,
        "squawk": "6634",
        "spi": false,
        "position_source": 0
      }
    },
    {
      "type": "Feature",
      "geometry": {
        "type": "Point",
        "coordinates": [
          15.9212,
          46.003
        ]
      },
      "properties": {
        "icao24": "4d2507",
        "callsign": "EWG51AV",
        "origin_country": "Malta",
        "time_position": 1783869590,
        "last_contact": 1783869590,
        "baro_altitude": 10972.8,
        "on_ground": false,
        "velocity": 210.99,
        "true_track": 314.6,
        "vertical_rate": -0.33,
        "geo_altitude": 11445.24,
        "squawk": "1000",
        "spi": false,
        "position_source": 0
      }
    },
    {
      "type": "Feature",
      "geometry": {
        "type": "Point",
        "coordinates": [
          9.279,
          45.4276
        ]
      },
      "properties": {
        "icao24": "4d253d",
        "callsign": "AEZ75HH",
        "origin_country": "Malta",
        "time_position": 1783869589,
        "last_contact": 1783869589,
        "baro_altitude": 129.54,
        "on_ground": false,
        "velocity": 79.43,
        "true_track": 355.91,
        "vertical_rate": -3.9,
        "geo_altitude": 205.74,
        "squawk": "5166",
        "spi": false,
        "position_source": 0
      }
    },
    {
      "type": "Feature",
      "geometry": {
        "type": "Point",
        "coordinates": [
          8.5686,
          46.2417
        ]
      },
      "properties": {
        "icao24": "4caee7",
        "callsign": "RYR98ML",
        "origin_country": "Ireland",
        "time_position": 1783869589,
        "last_contact": 1783869590,
        "baro_altitude": null,
        "on_ground": true,
        "velocity": 212.59,
        "true_track": 153.87,
        "vertical_rate": -9.1,
        "geo_altitude": null,
        "squawk": "4350",
        "spi": false,
        "position_source": 0
      }
    },
    {
      "type": "Feature",
      "geometry": {
        "type": "Point",
        "coordinates": [
          7.1405,
          43.5869
        ]
      },
      "properties": {
        "icao24": "a4b89f",
        "callsign": "N403JS",
        "origin_country": "United States",
        "time_position": 1783869590,
        "last_contact": 1783869590,
        "baro_altitude": 419.1,
        "on_ground": false,
        "velocity": 94.05,
        "true_track": 349.92,
        "vertical_rate": -10.08,
        "geo_altitude": 510.54,
        "squawk": "6363",
        "spi": false,
        "position_source": 0
      }
    },
    {
      "type": "Feature",
      "geometry": {
        "type": "Point",
        "coordinates": [
          6.3775,
          43.598
        ]
      },
      "properties": {
        "icao24": "4d251b",
        "callsign": "RYR42MQ",
        "origin_country": "Malta",
        "time_position": 1783869589,
        "last_contact": 1783869589,
        "baro_altitude": 11277.6,
        "on_ground": false,
        "velocity": 213.47,
        "true_track": 235.51,
        "vertical_rate": 0,
        "geo_altitude": 11894.82,
        "squawk": "1000",
        "spi": false,
        "position_source": 0
      }
    },
    {
      "type": "Feature",
      "geometry": {
        "type": "Point",
        "coordinates": [
          8.7874,
          45.3112
        ]
      },
      "properties": {
        "icao24": "3004c2",
        "callsign": "NOS40UN",
        "origin_country": "Italy",
        "time_position": 1783869590,
        "last_contact": 1783869590,
        "baro_altitude": 1958.34,
        "on_ground": false,
        "velocity": 121.66,
        "true_track": 23.42,
        "vertical_rate": -3.25,
        "geo_altitude": 2133.6,
        "squawk": "3515",
        "spi": false,
        "position_source": 0
      }
    },
    {
      "type": "Feature",
      "geometry": {
        "type": "Point",
        "coordinates": [
          11.9125,
          44.2763
        ]
      },
      "properties": {
        "icao24": "4d251d",
        "callsign": "RYR19EW",
        "origin_country": "Malta",
        "time_position": 1783869590,
        "last_contact": 1783869590,
        "baro_altitude": 5676.9,
        "on_ground": false,
        "velocity": 208.81,
        "true_track": 134.6,
        "vertical_rate": 12.68,
        "geo_altitude": 6012.18,
        "squawk": "7420",
        "spi": false,
        "position_source": 0
      }
    },
    {
      "type": "Feature",
      "geometry": {
        "type": "Point",
        "coordinates": [
          11.373,
          47.53
        ]
      },
      "properties": {
        "icao24": "4caee0",
        "callsign": "SAS1830",
        "origin_country": "Ireland",
        "time_position": 1783869588,
        "last_contact": 1783869590,
        "baro_altitude": 10972.8,
        "on_ground": false,
        "velocity": 228.93,
        "true_track": 359.61,
        "vertical_rate": -0.33,
        "geo_altitude": 11468.1,
        "squawk": "1000",
        "spi": false,
        "position_source": 0
      }
    },
    {
      "type": "Feature",
      "geometry": {
        "type": "Point",
        "coordinates": [
          9.0464,
          41.4506
        ]
      },
      "properties": {
        "icao24": "347256",
        "callsign": "VOE82WP",
        "origin_country": "Spain",
        "time_position": 1783869589,
        "last_contact": 1783869589,
        "baro_altitude": 373.38,
        "on_ground": false,
        "velocity": 71.57,
        "true_track": 27.85,
        "vertical_rate": -4.88,
        "geo_altitude": 472.44,
        "squawk": "1000",
        "spi": false,
        "position_source": 0
      }
    },
    {
      "type": "Feature",
      "geometry": {
        "type": "Point",
        "coordinates": [
          6.0458,
          43.6441
        ]
      },
      "properties": {
        "icao24": "4932a3",
        "callsign": "NJE747C",
        "origin_country": "Portugal",
        "time_position": 1783869590,
        "last_contact": 1783869590,
        "baro_altitude": 5242.56,
        "on_ground": false,
        "velocity": 207.48,
        "true_track": 140.23,
        "vertical_rate": -10.73,
        "geo_altitude": 5593.08,
        "squawk": "2026",
        "spi": false,
        "position_source": 0
      }
    },
    {
      "type": "Feature",
      "geometry": {
        "type": "Point",
        "coordinates": [
          6.8054,
          44.3279
        ]
      },
      "properties": {
        "icao24": "aab001",
        "callsign": "UAL506",
        "origin_country": "United States",
        "time_position": 1783869590,
        "last_contact": 1783869590,
        "baro_altitude": 9144,
        "on_ground": false,
        "velocity": 246.39,
        "true_track": 313.22,
        "vertical_rate": 0,
        "geo_altitude": 9707.88,
        "squawk": "4002",
        "spi": false,
        "position_source": 0
      }
    },
    {
      "type": "Feature",
      "geometry": {
        "type": "Point",
        "coordinates": [
          11.1601,
          43.7971
        ]
      },
      "properties": {
        "icao24": "4caf20",
        "callsign": "ITY1672",
        "origin_country": "Ireland",
        "time_position": 1783869590,
        "last_contact": 1783869590,
        "baro_altitude": 9144,
        "on_ground": false,
        "velocity": 228.46,
        "true_track": 280.25,
        "vertical_rate": 0,
        "geo_altitude": 9654.54,
        "squawk": "1000",
        "spi": false,
        "position_source": 0
      }
    },
    {
      "type": "Feature",
      "geometry": {
        "type": "Point",
        "coordinates": [
          10.7932,
          44.1927
        ]
      },
      "properties": {
        "icao24": "4caf1e",
        "callsign": "ITY1721",
        "origin_country": "Ireland",
        "time_position": 1783869590,
        "last_contact": 1783869590,
        "baro_altitude": 8740.14,
        "on_ground": false,
        "velocity": 248.33,
        "true_track": 137.52,
        "vertical_rate": 4.23,
        "geo_altitude": 9235.44,
        "squawk": "6467",
        "spi": false,
        "position_source": 0
      }
    },
    {
      "type": "Feature",
      "geometry": {
        "type": "Point",
        "coordinates": [
          11.9646,
          42.5138
        ]
      },
      "properties": {
        "icao24": "4caf1f",
        "callsign": "ITY436",
        "origin_country": "Ireland",
        "time_position": 1783869589,
        "last_contact": 1783869589,
        "baro_altitude": 6736.08,
        "on_ground": false,
        "velocity": 184.63,
        "true_track": 350.54,
        "vertical_rate": 8.13,
        "geo_altitude": 7147.56,
        "squawk": "1000",
        "spi": false,
        "position_source": 0
      }
    },
    {
      "type": "Feature",
      "geometry": {
        "type": "Point",
        "coordinates": [
          13.2742,
          47.2203
        ]
      },
      "properties": {
        "icao24": "4072ea",
        "callsign": "VIR355",
        "origin_country": "United Kingdom",
        "time_position": 1783869590,
        "last_contact": 1783869590,
        "baro_altitude": 11574.78,
        "on_ground": false,
        "velocity": 233.61,
        "true_track": 304.77,
        "vertical_rate": 0,
        "geo_altitude": 12077.7,
        "squawk": "2052",
        "spi": false,
        "position_source": 0
      }
    },
    {
      "type": "Feature",
      "geometry": {
        "type": "Point",
        "coordinates": [
          18.2602,
          47.346
        ]
      },
      "properties": {
        "icao24": "400b84",
        "callsign": "BAW867",
        "origin_country": "United Kingdom",
        "time_position": 1783869589,
        "last_contact": 1783869590,
        "baro_altitude": 7056.12,
        "on_ground": false,
        "velocity": 191.4,
        "true_track": 302.15,
        "vertical_rate": 7.48,
        "geo_altitude": 7322.82,
        "squawk": "4212",
        "spi": false,
        "position_source": 0
      }
    },
    {
      "type": "Feature",
      "geometry": {
        "type": "Point",
        "coordinates": [
          17.0818,
          45.6176
        ]
      },
      "properties": {
        "icao24": "4caf2b",
        "callsign": "RYR174C",
        "origin_country": "Ireland",
        "time_position": 1783869589,
        "last_contact": 1783869589,
        "baro_altitude": 6332.22,
        "on_ground": false,
        "velocity": 189.14,
        "true_track": 3.43,
        "vertical_rate": 7.48,
        "geo_altitude": 6644.64,
        "squawk": "2202",
        "spi": false,
        "position_source": 0
      }
    },
    {
      "type": "Feature",
      "geometry": {
        "type": "Point",
        "coordinates": [
          7.0111,
          46.9933
        ]
      },
      "properties": {
        "icao24": "4d23a4",
        "callsign": "EWG3HE",
        "origin_country": "Malta",
        "time_position": 1783869589,
        "last_contact": 1783869589,
        "baro_altitude": 10660.38,
        "on_ground": false,
        "velocity": 217.31,
        "true_track": 232.7,
        "vertical_rate": 0,
        "geo_altitude": 11209.02,
        "squawk": "0636",
        "spi": false,
        "position_source": 0
      }
    },
    {
      "type": "Feature",
      "geometry": {
        "type": "Point",
        "coordinates": [
          10.2634,
          46.1654
        ]
      },
      "properties": {
        "icao24": "4d23a3",
        "callsign": "EWG1WH",
        "origin_country": "Malta",
        "time_position": 1783869590,
        "last_contact": 1783869590,
        "baro_altitude": 10972.8,
        "on_ground": false,
        "velocity": 215.59,
        "true_track": 334.11,
        "vertical_rate": 0.33,
        "geo_altitude": 11513.82,
        "squawk": "1274",
        "spi": false,
        "position_source": 0
      }
    },
    {
      "type": "Feature",
      "geometry": {
        "type": "Point",
        "coordinates": [
          7.1581,
          43.4652
        ]
      },
      "properties": {
        "icao24": "4d23ed",
        "callsign": "VJT751",
        "origin_country": "Malta",
        "time_position": 1783869590,
        "last_contact": 1783869590,
        "baro_altitude": 1188.72,
        "on_ground": false,
        "velocity": 110.89,
        "true_track": 26.45,
        "vertical_rate": -2.93,
        "geo_altitude": 1325.88,
        "squawk": "1000",
        "spi": false,
        "position_source": 0
      }
    },
    {
      "type": "Feature",
      "geometry": {
        "type": "Point",
        "coordinates": [
          11.219,
          46.2431
        ]
      },
      "properties": {
        "icao24": "4d23ef",
        "callsign": "SWU1954",
        "origin_country": "Malta",
        "time_position": 1783869590,
        "last_contact": 1783869590,
        "baro_altitude": 3139.44,
        "on_ground": false,
        "velocity": 98.59,
        "true_track": 198.25,
        "vertical_rate": 9.75,
        "geo_altitude": 3368.04,
        "squawk": null,
        "spi": false,
        "position_source": 0
      }
    },
    {
      "type": "Feature",
      "geometry": {
        "type": "Point",
        "coordinates": [
          17.1318,
          46.0359
        ]
      },
      "properties": {
        "icao24": "4d23ea",
        "callsign": "CAI14DA",
        "origin_country": "Malta",
        "time_position": 1783869590,
        "last_contact": 1783869590,
        "baro_altitude": 11277.6,
        "on_ground": false,
        "velocity": 258.99,
        "true_track": 122.84,
        "vertical_rate": 0,
        "geo_altitude": 11711.94,
        "squawk": "7651",
        "spi": false,
        "position_source": 0
      }
    },
    {
      "type": "Feature",
      "geometry": {
        "type": "Point",
        "coordinates": [
          7.9752,
          47.1625
        ]
      },
      "properties": {
        "icao24": "400b00",
        "callsign": "EFW59AU",
        "origin_country": "United Kingdom",
        "time_position": 1783869590,
        "last_contact": 1783869590,
        "baro_altitude": 10355.58,
        "on_ground": false,
        "velocity": 210.32,
        "true_track": 295.5,
        "vertical_rate": -0.33,
        "geo_altitude": 10881.36,
        "squawk": "2770",
        "spi": false,
        "position_source": 0
      }
    },
    {
      "type": "Feature",
      "geometry": {
        "type": "Point",
        "coordinates": [
          9.4377,
          45.3132
        ]
      },
      "properties": {
        "icao24": "4d23f0",
        "callsign": "AEZ2631",
        "origin_country": "Malta",
        "time_position": 1783869590,
        "last_contact": 1783869590,
        "baro_altitude": 2217.42,
        "on_ground": false,
        "velocity": 162.91,
        "true_track": 152.54,
        "vertical_rate": 14.63,
        "geo_altitude": 2400.3,
        "squawk": "7466",
        "spi": false,
        "position_source": 0
      }
    },
    {
      "type": "Feature",
      "geometry": {
        "type": "Point",
        "coordinates": [
          15.838,
          44.1553
        ]
      },
      "properties": {
        "icao24": "4a1eae",
        "callsign": "AWG607",
        "origin_country": "Romania",
        "time_position": 1783869589,
        "last_contact": 1783869589,
        "baro_altitude": 11277.6,
        "on_ground": false,
        "velocity": 243.37,
        "true_track": 79.4,
        "vertical_rate": 0,
        "geo_altitude": 11780.52,
        "squawk": "0430",
        "spi": false,
        "position_source": 0
      }
    },
    {
      "type": "Feature",
      "geometry": {
        "type": "Point",
        "coordinates": [
          15.4474,
          38.5064
        ]
      },
      "properties": {
        "icao24": "300602",
        "callsign": "MESSINA",
        "origin_country": "Italy",
        "time_position": 1783869590,
        "last_contact": 1783869590,
        "baro_altitude": 609.6,
        "on_ground": false,
        "velocity": 65.34,
        "true_track": 153.84,
        "vertical_rate": 0.33,
        "geo_altitude": 685.8,
        "squawk": null,
        "spi": false,
        "position_source": 0
      }
    },
    {
      "type": "Feature",
      "geometry": {
        "type": "Point",
        "coordinates": [
          7.6413,
          45.0517
        ]
      },
      "properties": {
        "icao24": "300607",
        "callsign": "IPREM",
        "origin_country": "Italy",
        "time_position": 1783869589,
        "last_contact": 1783869590,
        "baro_altitude": 1127.76,
        "on_ground": false,
        "velocity": 59.68,
        "true_track": 0,
        "vertical_rate": -4.55,
        "geo_altitude": 1219.2,
        "squawk": null,
        "spi": false,
        "position_source": 0
      }
    },
    {
      "type": "Feature",
      "geometry": {
        "type": "Point",
        "coordinates": [
          18.9173,
          42.3696
        ]
      },
      "properties": {
        "icao24": "4072a4",
        "callsign": "TOM8WK",
        "origin_country": "United Kingdom",
        "time_position": 1783869590,
        "last_contact": 1783869590,
        "baro_altitude": 10668,
        "on_ground": false,
        "velocity": 252.01,
        "true_track": 140.13,
        "vertical_rate": -0.65,
        "geo_altitude": 11163.3,
        "squawk": "5262",
        "spi": false,
        "position_source": 0
      }
    },
    {
      "type": "Feature",
      "geometry": {
        "type": "Point",
        "coordinates": [
          17.8461,
          47.206
        ]
      },
      "properties": {
        "icao24": "4d2402",
        "callsign": "WZZ8594",
        "origin_country": "Malta",
        "time_position": 1783869589,
        "last_contact": 1783869589,
        "baro_altitude": 10378.44,
        "on_ground": false,
        "velocity": 251.07,
        "true_track": 197.28,
        "vertical_rate": 0,
        "geo_altitude": 10736.58,
        "squawk": "5553",
        "spi": false,
        "position_source": 0
      }
    },
    {
      "type": "Feature",
      "geometry": {
        "type": "Point",
        "coordinates": [
          7.7949,
          43.697
        ]
      },
      "properties": {
        "icao24": "4d241a",
        "callsign": "WZZ8UW",
        "origin_country": "Malta",
        "time_position": 1783869590,
        "last_contact": 1783869590,
        "baro_altitude": 10965.18,
        "on_ground": false,
        "velocity": 236.19,
        "true_track": 46.68,
        "vertical_rate": 0,
        "geo_altitude": 11559.54,
        "squawk": "1000",
        "spi": false,
        "position_source": 0
      }
    },
    {
      "type": "Feature",
      "geometry": {
        "type": "Point",
        "coordinates": [
          8.5825,
          44.1846
        ]
      },
      "properties": {
        "icao24": "4cadc7",
        "callsign": "ITY610",
        "origin_country": "Ireland",
        "time_position": 1783869590,
        "last_contact": 1783869590,
        "baro_altitude": 10363.2,
        "on_ground": false,
        "velocity": 226.63,
        "true_track": 315.09,
        "vertical_rate": 0,
        "geo_altitude": 10927.08,
        "squawk": "0204",
        "spi": false,
        "position_source": 0
      }
    },
    {
      "type": "Feature",
      "geometry": {
        "type": "Point",
        "coordinates": [
          11.1586,
          46.1376
        ]
      },
      "properties": {
        "icao24": "3005fb",
        "callsign": "N",
        "origin_country": "Italy",
        "time_position": 1783869589,
        "last_contact": 1783869589,
        "baro_altitude": 1112.52,
        "on_ground": false,
        "velocity": 63.89,
        "true_track": 14.93,
        "vertical_rate": 0,
        "geo_altitude": 1234.44,
        "squawk": null,
        "spi": false,
        "position_source": 0
      }
    },
    {
      "type": "Feature",
      "geometry": {
        "type": "Point",
        "coordinates": [
          12.5141,
          43.1052
        ]
      },
      "properties": {
        "icao24": "4d2449",
        "callsign": "RYR6487",
        "origin_country": "Malta",
        "time_position": 1783869590,
        "last_contact": 1783869590,
        "baro_altitude": null,
        "on_ground": true,
        "velocity": 13.38,
        "true_track": 194.06,
        "vertical_rate": null,
        "geo_altitude": null,
        "squawk": "0550",
        "spi": false,
        "position_source": 0
      }
    },
    {
      "type": "Feature",
      "geometry": {
        "type": "Point",
        "coordinates": [
          7.7346,
          47.6461
        ]
      },
      "properties": {
        "icao24": "4cade2",
        "callsign": "RYR4CQ",
        "origin_country": "Ireland",
        "time_position": 1783869590,
        "last_contact": 1783869590,
        "baro_altitude": 11277.6,
        "on_ground": false,
        "velocity": 254.55,
        "true_track": 126.45,
        "vertical_rate": 0,
        "geo_altitude": 11811,
        "squawk": "1000",
        "spi": false,
        "position_source": 0
      }
    },
    {
      "type": "Feature",
      "geometry": {
        "type": "Point",
        "coordinates": [
          14.6851,
          45.0311
        ]
      },
      "properties": {
        "icao24": "4d242b",
        "callsign": "WMT634",
        "origin_country": "Malta",
        "time_position": 1783869590,
        "last_contact": 1783869590,
        "baro_altitude": 10355.58,
        "on_ground": false,
        "velocity": 241.88,
        "true_track": 61.96,
        "vertical_rate": 0,
        "geo_altitude": 10866.12,
        "squawk": "1000",
        "spi": false,
        "position_source": 0
      }
    },
    {
      "type": "Feature",
      "geometry": {
        "type": "Point",
        "coordinates": [
          16.0918,
          46.068
        ]
      },
      "properties": {
        "icao24": "4d242c",
        "callsign": "WMT1UF",
        "origin_country": "Malta",
        "time_position": 1783869589,
        "last_contact": 1783869590,
        "baro_altitude": 10980.42,
        "on_ground": false,
        "velocity": 216.86,
        "true_track": 252.04,
        "vertical_rate": 0.33,
        "geo_altitude": 11445.24,
        "squawk": "1000",
        "spi": false,
        "position_source": 0
      }
    },
    {
      "type": "Feature",
      "geometry": {
        "type": "Point",
        "coordinates": [
          8.7211,
          45.6275
        ]
      },
      "properties": {
        "icao24": "346082",
        "callsign": "AEA69HR",
        "origin_country": "Spain",
        "time_position": 1783869586,
        "last_contact": 1783869586,
        "baro_altitude": null,
        "on_ground": true,
        "velocity": 7.2,
        "true_track": 171.56,
        "vertical_rate": null,
        "geo_altitude": null,
        "squawk": "1000",
        "spi": false,
        "position_source": 0
      }
    },
    {
      "type": "Feature",
      "geometry": {
        "type": "Point",
        "coordinates": [
          9.606,
          45.2892
        ]
      },
      "properties": {
        "icao24": "4cadac",
        "callsign": "ITY1793",
        "origin_country": "Ireland",
        "time_position": 1783869589,
        "last_contact": 1783869589,
        "baro_altitude": 4511.04,
        "on_ground": false,
        "velocity": 167.71,
        "true_track": 143.48,
        "vertical_rate": 13,
        "geo_altitude": 4815.84,
        "squawk": "1000",
        "spi": false,
        "position_source": 0
      }
    },
    {
      "type": "Feature",
      "geometry": {
        "type": "Point",
        "coordinates": [
          6.0049,
          45.2683
        ]
      },
      "properties": {
        "icao24": "4d240b",
        "callsign": "EWG9RZ",
        "origin_country": "Malta",
        "time_position": 1783869589,
        "last_contact": 1783869589,
        "baro_altitude": 11277.6,
        "on_ground": false,
        "velocity": 222.28,
        "true_track": 197.09,
        "vertical_rate": 0,
        "geo_altitude": 11871.96,
        "squawk": "2522",
        "spi": false,
        "position_source": 0
      }
    },
    {
      "type": "Feature",
      "geometry": {
        "type": "Point",
        "coordinates": [
          7.7333,
          43.8067
        ]
      },
      "properties": {
        "icao24": "4cadfe",
        "callsign": "RYR7CE",
        "origin_country": "Ireland",
        "time_position": 1783869589,
        "last_contact": 1783869589,
        "baro_altitude": 9144,
        "on_ground": false,
        "velocity": 238.22,
        "true_track": 51.22,
        "vertical_rate": 0,
        "geo_altitude": 9685.02,
        "squawk": "4633",
        "spi": false,
        "position_source": 0
      }
    },
    {
      "type": "Feature",
      "geometry": {
        "type": "Point",
        "coordinates": [
          6.5356,
          42.9135
        ]
      },
      "properties": {
        "icao24": "4cadff",
        "callsign": "RYR859V",
        "origin_country": "Ireland",
        "time_position": 1783869590,
        "last_contact": 1783869590,
        "baro_altitude": 10972.8,
        "on_ground": false,
        "velocity": 246.32,
        "true_track": 43.9,
        "vertical_rate": 0.33,
        "geo_altitude": 11590.02,
        "squawk": "1000",
        "spi": false,
        "position_source": 0
      }
    },
    {
      "type": "Feature",
      "geometry": {
        "type": "Point",
        "coordinates": [
          11.4646,
          46.4449
        ]
      },
      "properties": {
        "icao24": "40753d",
        "callsign": "TOM522",
        "origin_country": "United Kingdom",
        "time_position": 1783869590,
        "last_contact": 1783869590,
        "baro_altitude": 10668,
        "on_ground": false,
        "velocity": 262.36,
        "true_track": 144.66,
        "vertical_rate": -0.33,
        "geo_altitude": 11170.92,
        "squawk": "1162",
        "spi": false,
        "position_source": 0
      }
    },
    {
      "type": "Feature",
      "geometry": {
        "type": "Point",
        "coordinates": [
          8.5939,
          44.6257
        ]
      },
      "properties": {
        "icao24": "3d77ff",
        "callsign": "DFRRR",
        "origin_country": "Germany",
        "time_position": 1783869589,
        "last_contact": 1783869589,
        "baro_altitude": 5486.4,
        "on_ground": false,
        "velocity": 133.38,
        "true_track": 11.57,
        "vertical_rate": 0,
        "geo_altitude": 5859.78,
        "squawk": "3352",
        "spi": false,
        "position_source": 0
      }
    },
    {
      "type": "Feature",
      "geometry": {
        "type": "Point",
        "coordinates": [
          8.7585,
          40.6296
        ]
      },
      "properties": {
        "icao24": "34604d",
        "callsign": "AEA59RM",
        "origin_country": "Spain",
        "time_position": 1783869590,
        "last_contact": 1783869590,
        "baro_altitude": 11277.6,
        "on_ground": false,
        "velocity": 216.6,
        "true_track": 255.7,
        "vertical_rate": 0,
        "geo_altitude": 11932.92,
        "squawk": null,
        "spi": false,
        "position_source": 0
      }
    },
    {
      "type": "Feature",
      "geometry": {
        "type": "Point",
        "coordinates": [
          9.6747,
          40.9836
        ]
      },
      "properties": {
        "icao24": "4d2485",
        "callsign": "VJT435",
        "origin_country": "Malta",
        "time_position": 1783869589,
        "last_contact": 1783869589,
        "baro_altitude": 2316.48,
        "on_ground": false,
        "velocity": 136.78,
        "true_track": 44.39,
        "vertical_rate": 18.86,
        "geo_altitude": 2522.22,
        "squawk": null,
        "spi": false,
        "position_source": 0
      }
    },
    {
      "type": "Feature",
      "geometry": {
        "type": "Point",
        "coordinates": [
          15.3703,
          37.504
        ]
      },
      "properties": {
        "icao24": "4d2455",
        "callsign": "WMT2TY",
        "origin_country": "Malta",
        "time_position": 1783869590,
        "last_contact": 1783869590,
        "baro_altitude": 1097.28,
        "on_ground": false,
        "velocity": 118.01,
        "true_track": 249.59,
        "vertical_rate": -4.88,
        "geo_altitude": 1219.2,
        "squawk": "4646",
        "spi": false,
        "position_source": 0
      }
    },
    {
      "type": "Feature",
      "geometry": {
        "type": "Point",
        "coordinates": [
          7.207,
          43.663
        ]
      },
      "properties": {
        "icao24": "407536",
        "callsign": "BAW343E",
        "origin_country": "United Kingdom",
        "time_position": 1783869443,
        "last_contact": 1783869568,
        "baro_altitude": null,
        "on_ground": true,
        "velocity": 0,
        "true_track": 101.25,
        "vertical_rate": null,
        "geo_altitude": null,
        "squawk": null,
        "spi": false,
        "position_source": 0
      }
    },
    {
      "type": "Feature",
      "geometry": {
        "type": "Point",
        "coordinates": [
          10.0945,
          45.2459
        ]
      },
      "properties": {
        "icao24": "4cade5",
        "callsign": "RYR38KW",
        "origin_country": "Ireland",
        "time_position": 1783869590,
        "last_contact": 1783869590,
        "baro_altitude": 2423.16,
        "on_ground": false,
        "velocity": 178.43,
        "true_track": 343.76,
        "vertical_rate": -5.2,
        "geo_altitude": 2628.9,
        "squawk": "5413",
        "spi": false,
        "position_source": 0
      }
    },
    {
      "type": "Feature",
      "geometry": {
        "type": "Point",
        "coordinates": [
          11.6717,
          40.8061
        ]
      },
      "properties": {
        "icao24": "346043",
        "callsign": "VOE3UT",
        "origin_country": "Spain",
        "time_position": 1783869590,
        "last_contact": 1783869590,
        "baro_altitude": 8945.88,
        "on_ground": false,
        "velocity": 225.06,
        "true_track": 274.72,
        "vertical_rate": -9.43,
        "geo_altitude": 9509.76,
        "squawk": null,
        "spi": false,
        "position_source": 0
      }
    },
    {
      "type": "Feature",
      "geometry": {
        "type": "Point",
        "coordinates": [
          18.1351,
          47.3894
        ]
      },
      "properties": {
        "icao24": "4d245b",
        "callsign": "WZZ6RT",
        "origin_country": "Malta",
        "time_position": 1783869590,
        "last_contact": 1783869590,
        "baro_altitude": 5318.76,
        "on_ground": false,
        "velocity": 161.44,
        "true_track": 352.31,
        "vertical_rate": -7.8,
        "geo_altitude": 5570.22,
        "squawk": "4444",
        "spi": false,
        "position_source": 0
      }
    },
    {
      "type": "Feature",
      "geometry": {
        "type": "Point",
        "coordinates": [
          16.9683,
          41.1879
        ]
      },
      "properties": {
        "icao24": "4caded",
        "callsign": "ITY1608",
        "origin_country": "Ireland",
        "time_position": 1783869589,
        "last_contact": 1783869589,
        "baro_altitude": 2125.98,
        "on_ground": false,
        "velocity": 137.91,
        "true_track": 91.28,
        "vertical_rate": 9.1,
        "geo_altitude": 2255.52,
        "squawk": null,
        "spi": false,
        "position_source": 0
      }
    },
    {
      "type": "Feature",
      "geometry": {
        "type": "Point",
        "coordinates": [
          12.2763,
          41.5249
        ]
      },
      "properties": {
        "icao24": "4cadf4",
        "callsign": "RYR4GA",
        "origin_country": "Ireland",
        "time_position": 1783869590,
        "last_contact": 1783869590,
        "baro_altitude": 10972.8,
        "on_ground": false,
        "velocity": 214.11,
        "true_track": 351.85,
        "vertical_rate": 0,
        "geo_altitude": 11559.54,
        "squawk": "6566",
        "spi": false,
        "position_source": 0
      }
    },
    {
      "type": "Feature",
      "geometry": {
        "type": "Point",
        "coordinates": [
          15.2072,
          46.6733
        ]
      },
      "properties": {
        "icao24": "4cadf7",
        "callsign": "RYR2XX",
        "origin_country": "Ireland",
        "time_position": 1783869590,
        "last_contact": 1783869590,
        "baro_altitude": 10363.2,
        "on_ground": false,
        "velocity": 251.51,
        "true_track": 188.11,
        "vertical_rate": 0,
        "geo_altitude": 10820.4,
        "squawk": "1000",
        "spi": false,
        "position_source": 0
      }
    },
    {
      "type": "Feature",
      "geometry": {
        "type": "Point",
        "coordinates": [
          9.8082,
          43.4759
        ]
      },
      "properties": {
        "icao24": "40624e",
        "callsign": "BAW5RF",
        "origin_country": "United Kingdom",
        "time_position": 1783869589,
        "last_contact": 1783869589,
        "baro_altitude": 9753.6,
        "on_ground": false,
        "velocity": 219.79,
        "true_track": 323.85,
        "vertical_rate": 0,
        "geo_altitude": 10317.48,
        "squawk": "0210",
        "spi": false,
        "position_source": 0
      }
    },
    {
      "type": "Feature",
      "geometry": {
        "type": "Point",
        "coordinates": [
          13.5403,
          44.5653
        ]
      },
      "properties": {
        "icao24": "4d248e",
        "callsign": "WZZ3838",
        "origin_country": "Malta",
        "time_position": 1783869590,
        "last_contact": 1783869590,
        "baro_altitude": 11254.74,
        "on_ground": false,
        "velocity": 250.15,
        "true_track": 127.65,
        "vertical_rate": 0,
        "geo_altitude": 11795.76,
        "squawk": "0275",
        "spi": false,
        "position_source": 0
      }
    },
    {
      "type": "Feature",
      "geometry": {
        "type": "Point",
        "coordinates": [
          13.905,
          44.1995
        ]
      },
      "properties": {
        "icao24": "407574",
        "callsign": "EZY3484",
        "origin_country": "United Kingdom",
        "time_position": 1783869590,
        "last_contact": 1783869590,
        "baro_altitude": 11574.78,
        "on_ground": false,
        "velocity": 213.62,
        "true_track": 311.29,
        "vertical_rate": 0,
        "geo_altitude": 12100.56,
        "squawk": "3702",
        "spi": false,
        "position_source": 0
      }
    },
    {
      "type": "Feature",
      "geometry": {
        "type": "Point",
        "coordinates": [
          18.2665,
          42.5595
        ]
      },
      "properties": {
        "icao24": "40622d",
        "callsign": "EZY34CT",
        "origin_country": "United Kingdom",
        "time_position": 1783869583,
        "last_contact": 1783869586,
        "baro_altitude": null,
        "on_ground": true,
        "velocity": 0,
        "true_track": 208.12,
        "vertical_rate": null,
        "geo_altitude": null,
        "squawk": null,
        "spi": false,
        "position_source": 0
      }
    },
    {
      "type": "Feature",
      "geometry": {
        "type": "Point",
        "coordinates": [
          18.3971,
          41.9258
        ]
      },
      "properties": {
        "icao24": "407567",
        "callsign": "EZY76VQ",
        "origin_country": "United Kingdom",
        "time_position": 1783869590,
        "last_contact": 1783869590,
        "baro_altitude": 11277.6,
        "on_ground": false,
        "velocity": 244.97,
        "true_track": 131.25,
        "vertical_rate": -0.33,
        "geo_altitude": 11818.62,
        "squawk": "3456",
        "spi": false,
        "position_source": 0
      }
    },
    {
      "type": "Feature",
      "geometry": {
        "type": "Point",
        "coordinates": [
          6.9135,
          43.7975
        ]
      },
      "properties": {
        "icao24": "406230",
        "callsign": "CFE65GM",
        "origin_country": "United Kingdom",
        "time_position": 1783869589,
        "last_contact": 1783869590,
        "baro_altitude": 5356.86,
        "on_ground": false,
        "velocity": 174.62,
        "true_track": 320.26,
        "vertical_rate": 11.38,
        "geo_altitude": 5730.24,
        "squawk": "6760",
        "spi": false,
        "position_source": 0
      }
    },
    {
      "type": "Feature",
      "geometry": {
        "type": "Point",
        "coordinates": [
          8.7981,
          46.2685
        ]
      },
      "properties": {
        "icao24": "4b3f28",
        "callsign": "HBXXW",
        "origin_country": "Switzerland",
        "time_position": 1783869342,
        "last_contact": 1783869343,
        "baro_altitude": 1935.48,
        "on_ground": false,
        "velocity": 69.92,
        "true_track": 124.51,
        "vertical_rate": -6.5,
        "geo_altitude": 2057.4,
        "squawk": null,
        "spi": false,
        "position_source": 0
      }
    },
    {
      "type": "Feature",
      "geometry": {
        "type": "Point",
        "coordinates": [
          9.2798,
          45.4345
        ]
      },
      "properties": {
        "icao24": "4cae15",
        "callsign": "ITY050",
        "origin_country": "Ireland",
        "time_position": 1783869571,
        "last_contact": 1783869576,
        "baro_altitude": null,
        "on_ground": true,
        "velocity": 0.06,
        "true_track": 267.19,
        "vertical_rate": null,
        "geo_altitude": null,
        "squawk": null,
        "spi": false,
        "position_source": 0
      }
    },
    {
      "type": "Feature",
      "geometry": {
        "type": "Point",
        "coordinates": [
          12.5839,
          42.3096
        ]
      },
      "properties": {
        "icao24": "300773",
        "callsign": "IAMOM",
        "origin_country": "Italy",
        "time_position": 1783869589,
        "last_contact": 1783869590,
        "baro_altitude": 1272.54,
        "on_ground": false,
        "velocity": 56.1,
        "true_track": 132.03,
        "vertical_rate": 0.33,
        "geo_altitude": 1386.84,
        "squawk": "2000",
        "spi": false,
        "position_source": 0
      }
    },
    {
      "type": "Feature",
      "geometry": {
        "type": "Point",
        "coordinates": [
          12.2331,
          45.9493
        ]
      },
      "properties": {
        "icao24": "300751",
        "callsign": "IKONA",
        "origin_country": "Italy",
        "time_position": 1783869589,
        "last_contact": 1783869590,
        "baro_altitude": 1104.9,
        "on_ground": false,
        "velocity": 75.05,
        "true_track": 173.7,
        "vertical_rate": -5.85,
        "geo_altitude": 1234.44,
        "squawk": "4247",
        "spi": false,
        "position_source": 0
      }
    },
    {
      "type": "Feature",
      "geometry": {
        "type": "Point",
        "coordinates": [
          8.8697,
          46.2492
        ]
      },
      "properties": {
        "icao24": "4d22e4",
        "callsign": "AXY3305",
        "origin_country": "Malta",
        "time_position": 1783869590,
        "last_contact": 1783869590,
        "baro_altitude": 8663.94,
        "on_ground": false,
        "velocity": 226.22,
        "true_track": 353.6,
        "vertical_rate": -7.8,
        "geo_altitude": 9144,
        "squawk": "1000",
        "spi": false,
        "position_source": 0
      }
    },
    {
      "type": "Feature",
      "geometry": {
        "type": "Point",
        "coordinates": [
          10.1628,
          45.5977
        ]
      },
      "properties": {
        "icao24": "30074f",
        "callsign": "ITIKE",
        "origin_country": "Italy",
        "time_position": 1783869402,
        "last_contact": 1783869402,
        "baro_altitude": 647.7,
        "on_ground": false,
        "velocity": 65.8,
        "true_track": 154.04,
        "vertical_rate": -2.93,
        "geo_altitude": 762,
        "squawk": null,
        "spi": false,
        "position_source": 0
      }
    },
    {
      "type": "Feature",
      "geometry": {
        "type": "Point",
        "coordinates": [
          16.9145,
          44.153
        ]
      },
      "properties": {
        "icao24": "4073a1",
        "callsign": "EZY14JX",
        "origin_country": "United Kingdom",
        "time_position": 1783869590,
        "last_contact": 1783869590,
        "baro_altitude": 11277.6,
        "on_ground": false,
        "velocity": 246.63,
        "true_track": 135.17,
        "vertical_rate": 0.33,
        "geo_altitude": 11765.28,
        "squawk": "0535",
        "spi": false,
        "position_source": 0
      }
    },
    {
      "type": "Feature",
      "geometry": {
        "type": "Point",
        "coordinates": [
          9.2908,
          45.3924
        ]
      },
      "properties": {
        "icao24": "4d22ab",
        "callsign": "KMM490",
        "origin_country": "Malta",
        "time_position": 1783869589,
        "last_contact": 1783869589,
        "baro_altitude": 10972.8,
        "on_ground": false,
        "velocity": 217.43,
        "true_track": 339.94,
        "vertical_rate": 0,
        "geo_altitude": 11521.44,
        "squawk": "6567",
        "spi": false,
        "position_source": 0
      }
    },
    {
      "type": "Feature",
      "geometry": {
        "type": "Point",
        "coordinates": [
          15.6743,
          45.6573
        ]
      },
      "properties": {
        "icao24": "4d22b7",
        "callsign": "RYR1P",
        "origin_country": "Malta",
        "time_position": 1783869332,
        "last_contact": 1783869337,
        "baro_altitude": 2080.26,
        "on_ground": false,
        "velocity": 120.12,
        "true_track": 137.08,
        "vertical_rate": -5.53,
        "geo_altitude": 2263.14,
        "squawk": "1000",
        "spi": false,
        "position_source": 0
      }
    },
    {
      "type": "Feature",
      "geometry": {
        "type": "Point",
        "coordinates": [
          9.5692,
          45.0132
        ]
      },
      "properties": {
        "icao24": "4cae62",
        "callsign": "RYR71WN",
        "origin_country": "Ireland",
        "time_position": 1783869590,
        "last_contact": 1783869590,
        "baro_altitude": 11582.4,
        "on_ground": false,
        "velocity": 236,
        "true_track": 50.31,
        "vertical_rate": -0.33,
        "geo_altitude": 12138.66,
        "squawk": "1000",
        "spi": false,
        "position_source": 0
      }
    },
    {
      "type": "Feature",
      "geometry": {
        "type": "Point",
        "coordinates": [
          9.6073,
          44.2632
        ]
      },
      "properties": {
        "icao24": "4d22b9",
        "callsign": "RYR556U",
        "origin_country": "Malta",
        "time_position": 1783869590,
        "last_contact": 1783869590,
        "baro_altitude": 10668,
        "on_ground": false,
        "velocity": 230.28,
        "true_track": 219.38,
        "vertical_rate": 0,
        "geo_altitude": 11262.36,
        "squawk": "1000",
        "spi": false,
        "position_source": 0
      }
    },
    {
      "type": "Feature",
      "geometry": {
        "type": "Point",
        "coordinates": [
          18.0491,
          43.8994
        ]
      },
      "properties": {
        "icao24": "4d22b3",
        "callsign": "RYR24JR",
        "origin_country": "Malta",
        "time_position": 1783869588,
        "last_contact": 1783869589,
        "baro_altitude": 10363.2,
        "on_ground": false,
        "velocity": 213.96,
        "true_track": 333.74,
        "vertical_rate": -0.33,
        "geo_altitude": 10835.64,
        "squawk": "6620",
        "spi": false,
        "position_source": 0
      }
    },
    {
      "type": "Feature",
      "geometry": {
        "type": "Point",
        "coordinates": [
          12.5098,
          47.6045
        ]
      },
      "properties": {
        "icao24": "4cae4c",
        "callsign": "RYR81CX",
        "origin_country": "Ireland",
        "time_position": 1783869590,
        "last_contact": 1783869590,
        "baro_altitude": 10668,
        "on_ground": false,
        "velocity": 249.85,
        "true_track": 132.16,
        "vertical_rate": 0,
        "geo_altitude": 11140.44,
        "squawk": "3455",
        "spi": false,
        "position_source": 0
      }
    },
    {
      "type": "Feature",
      "geometry": {
        "type": "Point",
        "coordinates": [
          7.9995,
          40.4181
        ]
      },
      "properties": {
        "icao24": "4cae6b",
        "callsign": "RYR9ZM",
        "origin_country": "Ireland",
        "time_position": 1783869590,
        "last_contact": 1783869590,
        "baro_altitude": 10668,
        "on_ground": false,
        "velocity": 217.36,
        "true_track": 260.74,
        "vertical_rate": 0,
        "geo_altitude": 11308.08,
        "squawk": null,
        "spi": false,
        "position_source": 0
      }
    },
    {
      "type": "Feature",
      "geometry": {
        "type": "Point",
        "coordinates": [
          13.7391,
          39.8965
        ]
      },
      "properties": {
        "icao24": "4d22bd",
        "callsign": "RYR20TL",
        "origin_country": "Malta",
        "time_position": 1783869589,
        "last_contact": 1783869589,
        "baro_altitude": 9829.8,
        "on_ground": false,
        "velocity": 225.48,
        "true_track": 18.77,
        "vertical_rate": 6.18,
        "geo_altitude": 10393.68,
        "squawk": null,
        "spi": false,
        "position_source": 0
      }
    },
    {
      "type": "Feature",
      "geometry": {
        "type": "Point",
        "coordinates": [
          17.009,
          41.3862
        ]
      },
      "properties": {
        "icao24": "4d22be",
        "callsign": "RYR9BZ",
        "origin_country": "Malta",
        "time_position": 1783869589,
        "last_contact": 1783869589,
        "baro_altitude": 3482.34,
        "on_ground": false,
        "velocity": 184.49,
        "true_track": 18.03,
        "vertical_rate": 9.43,
        "geo_altitude": 3695.7,
        "squawk": null,
        "spi": false,
        "position_source": 0
      }
    },
    {
      "type": "Feature",
      "geometry": {
        "type": "Point",
        "coordinates": [
          6.1731,
          46.2689
        ]
      },
      "properties": {
        "icao24": "4d22c8",
        "callsign": "RYR31HC",
        "origin_country": "Malta",
        "time_position": 1783869590,
        "last_contact": 1783869590,
        "baro_altitude": 11277.6,
        "on_ground": false,
        "velocity": 232.97,
        "true_track": 190.69,
        "vertical_rate": 0,
        "geo_altitude": 11856.72,
        "squawk": "1000",
        "spi": false,
        "position_source": 0
      }
    },
    {
      "type": "Feature",
      "geometry": {
        "type": "Point",
        "coordinates": [
          11.4069,
          46.1567
        ]
      },
      "properties": {
        "icao24": "4d22c4",
        "callsign": "RYR83RY",
        "origin_country": "Malta",
        "time_position": 1783869589,
        "last_contact": 1783869589,
        "baro_altitude": 11285.22,
        "on_ground": false,
        "velocity": 251.73,
        "true_track": 122.65,
        "vertical_rate": 0,
        "geo_altitude": 11826.24,
        "squawk": "1000",
        "spi": false,
        "position_source": 0
      }
    },
    {
      "type": "Feature",
      "geometry": {
        "type": "Point",
        "coordinates": [
          13.7453,
          45.2847
        ]
      },
      "properties": {
        "icao24": "4d22c6",
        "callsign": "RYR8DT",
        "origin_country": "Malta",
        "time_position": 1783869590,
        "last_contact": 1783869590,
        "baro_altitude": 11277.6,
        "on_ground": false,
        "velocity": 239.96,
        "true_track": 193.26,
        "vertical_rate": 0,
        "geo_altitude": 11780.52,
        "squawk": "1000",
        "spi": false,
        "position_source": 0
      }
    },
    {
      "type": "Feature",
      "geometry": {
        "type": "Point",
        "coordinates": [
          14.9588,
          45.2964
        ]
      },
      "properties": {
        "icao24": "4cae9f",
        "callsign": "RYR3026",
        "origin_country": "Ireland",
        "time_position": 1783869590,
        "last_contact": 1783869590,
        "baro_altitude": 7292.34,
        "on_ground": false,
        "velocity": 237.12,
        "true_track": 172.52,
        "vertical_rate": -5.2,
        "geo_altitude": 7696.2,
        "squawk": "1000",
        "spi": false,
        "position_source": 0
      }
    },
    {
      "type": "Feature",
      "geometry": {
        "type": "Point",
        "coordinates": [
          12.3136,
          45.4753
        ]
      },
      "properties": {
        "icao24": "471838",
        "callsign": "JSF701",
        "origin_country": "Hungary",
        "time_position": 1783869479,
        "last_contact": 1783869480,
        "baro_altitude": 129.54,
        "on_ground": false,
        "velocity": 72.81,
        "true_track": 42.71,
        "vertical_rate": -6.18,
        "geo_altitude": 220.98,
        "squawk": "1000",
        "spi": false,
        "position_source": 0
      }
    },
    {
      "type": "Feature",
      "geometry": {
        "type": "Point",
        "coordinates": [
          6.7372,
          46.7534
        ]
      },
      "properties": {
        "icao24": "4cacb5",
        "callsign": "SAS1811",
        "origin_country": "Ireland",
        "time_position": 1783869589,
        "last_contact": 1783869589,
        "baro_altitude": 11277.6,
        "on_ground": false,
        "velocity": 222.7,
        "true_track": 220.13,
        "vertical_rate": 0,
        "geo_altitude": 11826.24,
        "squawk": "1000",
        "spi": false,
        "position_source": 0
      }
    },
    {
      "type": "Feature",
      "geometry": {
        "type": "Point",
        "coordinates": [
          11.3742,
          44.1377
        ]
      },
      "properties": {
        "icao24": "4d2320",
        "callsign": "SWU1910",
        "origin_country": "Malta",
        "time_position": 1783869590,
        "last_contact": 1783869590,
        "baro_altitude": 7010.4,
        "on_ground": false,
        "velocity": 190.4,
        "true_track": 196.97,
        "vertical_rate": 0,
        "geo_altitude": 7444.74,
        "squawk": "7421",
        "spi": false,
        "position_source": 0
      }
    },
    {
      "type": "Feature",
      "geometry": {
        "type": "Point",
        "coordinates": [
          6.7161,
          46.4757
        ]
      },
      "properties": {
        "icao24": "4cacb4",
        "callsign": "SAS1809",
        "origin_country": "Ireland",
        "time_position": 1783869590,
        "last_contact": 1783869590,
        "baro_altitude": 11887.2,
        "on_ground": false,
        "velocity": 233.83,
        "true_track": 208.09,
        "vertical_rate": -0.33,
        "geo_altitude": 12451.08,
        "squawk": "1000",
        "spi": false,
        "position_source": 0
      }
    },
    {
      "type": "Feature",
      "geometry": {
        "type": "Point",
        "coordinates": [
          9.9286,
          45.0459
        ]
      },
      "properties": {
        "icao24": "4d2301",
        "callsign": "RYR57TF",
        "origin_country": "Malta",
        "time_position": 1783869590,
        "last_contact": 1783869590,
        "baro_altitude": 3764.28,
        "on_ground": false,
        "velocity": 184.29,
        "true_track": 16.21,
        "vertical_rate": -11.05,
        "geo_altitude": 4046.22,
        "squawk": "6564",
        "spi": false,
        "position_source": 0
      }
    },
    {
      "type": "Feature",
      "geometry": {
        "type": "Point",
        "coordinates": [
          7.7055,
          40.583
        ]
      },
      "properties": {
        "icao24": "4d234b",
        "callsign": "RYR96AH",
        "origin_country": "Malta",
        "time_position": 1783869590,
        "last_contact": 1783869590,
        "baro_altitude": 10972.8,
        "on_ground": false,
        "velocity": 260.42,
        "true_track": 83.53,
        "vertical_rate": 0,
        "geo_altitude": 11620.5,
        "squawk": "1000",
        "spi": false,
        "position_source": 0
      }
    },
    {
      "type": "Feature",
      "geometry": {
        "type": "Point",
        "coordinates": [
          18.642,
          42.9789
        ]
      },
      "properties": {
        "icao24": "4d2336",
        "callsign": "EWG61FB",
        "origin_country": "Malta",
        "time_position": 1783869585,
        "last_contact": 1783869589,
        "baro_altitude": 10668,
        "on_ground": false,
        "velocity": 251.66,
        "true_track": 139.14,
        "vertical_rate": -0.33,
        "geo_altitude": 11178.54,
        "squawk": "2524",
        "spi": false,
        "position_source": 0
      }
    },
    {
      "type": "Feature",
      "geometry": {
        "type": "Point",
        "coordinates": [
          9.1519,
          44.7294
        ]
      },
      "properties": {
        "icao24": "30038f",
        "callsign": "IBEPP",
        "origin_country": "Italy",
        "time_position": 1783869385,
        "last_contact": 1783869387,
        "baro_altitude": 960.12,
        "on_ground": false,
        "velocity": 4.4,
        "true_track": 249.44,
        "vertical_rate": -1.3,
        "geo_altitude": 1082.04,
        "squawk": null,
        "spi": false,
        "position_source": 0
      }
    },
    {
      "type": "Feature",
      "geometry": {
        "type": "Point",
        "coordinates": [
          15.8951,
          45.3932
        ]
      },
      "properties": {
        "icao24": "4d239c",
        "callsign": "CXI4KJ",
        "origin_country": "Malta",
        "time_position": 1783869590,
        "last_contact": 1783869590,
        "baro_altitude": 11582.4,
        "on_ground": false,
        "velocity": 214.61,
        "true_track": 325.55,
        "vertical_rate": 0.33,
        "geo_altitude": 12077.7,
        "squawk": "7741",
        "spi": false,
        "position_source": 0
      }
    },
    {
      "type": "Feature",
      "geometry": {
        "type": "Point",
        "coordinates": [
          9.0796,
          45.799
        ]
      },
      "properties": {
        "icao24": "300393",
        "callsign": "DLA3EN",
        "origin_country": "Italy",
        "time_position": 1783869590,
        "last_contact": 1783869590,
        "baro_altitude": 10058.4,
        "on_ground": false,
        "velocity": 247.92,
        "true_track": 149.44,
        "vertical_rate": -0.33,
        "geo_altitude": 10584.18,
        "squawk": "2535",
        "spi": false,
        "position_source": 0
      }
    },
    {
      "type": "Feature",
      "geometry": {
        "type": "Point",
        "coordinates": [
          15.2609,
          45.1956
        ]
      },
      "properties": {
        "icao24": "4586e8",
        "callsign": "OYAWH",
        "origin_country": "Denmark",
        "time_position": 1783869589,
        "last_contact": 1783869590,
        "baro_altitude": 7924.8,
        "on_ground": false,
        "velocity": 138.16,
        "true_track": 239.33,
        "vertical_rate": 0,
        "geo_altitude": 8343.9,
        "squawk": "1000",
        "spi": false,
        "position_source": 0
      }
    },
    {
      "type": "Feature",
      "geometry": {
        "type": "Point",
        "coordinates": [
          9.8299,
          45.3888
        ]
      },
      "properties": {
        "icao24": "300472",
        "callsign": "ISTDI",
        "origin_country": "Italy",
        "time_position": 1783869586,
        "last_contact": 1783869589,
        "baro_altitude": 640.08,
        "on_ground": false,
        "velocity": 48.57,
        "true_track": 151.53,
        "vertical_rate": 1.3,
        "geo_altitude": 716.28,
        "squawk": "2000",
        "spi": false,
        "position_source": 0
      }
    },
    {
      "type": "Feature",
      "geometry": {
        "type": "Point",
        "coordinates": [
          14.3723,
          36.3974
        ]
      },
      "properties": {
        "icao24": "4cad39",
        "callsign": "RYR395",
        "origin_country": "Ireland",
        "time_position": 1783869590,
        "last_contact": 1783869590,
        "baro_altitude": 4259.58,
        "on_ground": false,
        "velocity": 190.44,
        "true_track": 1.86,
        "vertical_rate": -0.33,
        "geo_altitude": 4594.86,
        "squawk": "6573",
        "spi": false,
        "position_source": 0
      }
    },
    {
      "type": "Feature",
      "geometry": {
        "type": "Point",
        "coordinates": [
          8.3391,
          46.0175
        ]
      },
      "properties": {
        "icao24": "30041d",
        "callsign": null,
        "origin_country": "Italy",
        "time_position": 1783869378,
        "last_contact": 1783869378,
        "baro_altitude": 1287.78,
        "on_ground": false,
        "velocity": 78.94,
        "true_track": 215.45,
        "vertical_rate": -9.1,
        "geo_altitude": 1554.48,
        "squawk": null,
        "spi": false,
        "position_source": 0
      }
    },
    {
      "type": "Feature",
      "geometry": {
        "type": "Point",
        "coordinates": [
          10.5618,
          47.5953
        ]
      },
      "properties": {
        "icao24": "4070e3",
        "callsign": "EXS74GJ",
        "origin_country": "United Kingdom",
        "time_position": 1783869590,
        "last_contact": 1783869590,
        "baro_altitude": 10668,
        "on_ground": false,
        "velocity": 241.26,
        "true_track": 95.26,
        "vertical_rate": 0,
        "geo_altitude": 11163.3,
        "squawk": "2154",
        "spi": false,
        "position_source": 0
      }
    },
    {
      "type": "Feature",
      "geometry": {
        "type": "Point",
        "coordinates": [
          7.0117,
          44.8229
        ]
      },
      "properties": {
        "icao24": "3e1bb3",
        "callsign": "MCK309",
        "origin_country": "Germany",
        "time_position": 1783869589,
        "last_contact": 1783869589,
        "baro_altitude": 7010.4,
        "on_ground": false,
        "velocity": 204.03,
        "true_track": 176.82,
        "vertical_rate": 0,
        "geo_altitude": 7452.36,
        "squawk": "5701",
        "spi": false,
        "position_source": 0
      }
    },
    {
      "type": "Feature",
      "geometry": {
        "type": "Point",
        "coordinates": [
          7.6656,
          45.0127
        ]
      },
      "properties": {
        "icao24": "300401",
        "callsign": "INOST",
        "origin_country": "Italy",
        "time_position": 1783869590,
        "last_contact": 1783869590,
        "baro_altitude": 388.62,
        "on_ground": false,
        "velocity": 48.22,
        "true_track": 230.19,
        "vertical_rate": 4.23,
        "geo_altitude": 472.44,
        "squawk": null,
        "spi": false,
        "position_source": 0
      }
    },
    {
      "type": "Feature",
      "geometry": {
        "type": "Point",
        "coordinates": [
          12.2577,
          41.8553
        ]
      },
      "properties": {
        "icao24": "4d21d2",
        "callsign": "AEZ311L",
        "origin_country": "Malta",
        "time_position": 1783869282,
        "last_contact": 1783869282,
        "baro_altitude": 68.58,
        "on_ground": false,
        "velocity": 82.32,
        "true_track": 161.79,
        "vertical_rate": -2.6,
        "geo_altitude": 137.16,
        "squawk": null,
        "spi": false,
        "position_source": 0
      }
    },
    {
      "type": "Feature",
      "geometry": {
        "type": "Point",
        "coordinates": [
          17.8781,
          38.6869
        ]
      },
      "properties": {
        "icao24": "3482d6",
        "callsign": "AEA1302",
        "origin_country": "Spain",
        "time_position": 1783869589,
        "last_contact": 1783869590,
        "baro_altitude": 11574.78,
        "on_ground": false,
        "velocity": 235.69,
        "true_track": 280.82,
        "vertical_rate": -0.33,
        "geo_altitude": 12199.62,
        "squawk": "4137",
        "spi": false,
        "position_source": 0
      }
    },
    {
      "type": "Feature",
      "geometry": {
        "type": "Point",
        "coordinates": [
          7.5294,
          46.2918
        ]
      },
      "properties": {
        "icao24": "4cad54",
        "callsign": "RYR306H",
        "origin_country": "Ireland",
        "time_position": 1783869589,
        "last_contact": 1783869589,
        "baro_altitude": 10393.68,
        "on_ground": false,
        "velocity": 218.06,
        "true_track": 308.01,
        "vertical_rate": 7.48,
        "geo_altitude": 10942.32,
        "squawk": "5713",
        "spi": false,
        "position_source": 0
      }
    },
    {
      "type": "Feature",
      "geometry": {
        "type": "Point",
        "coordinates": [
          11.6982,
          40.1963
        ]
      },
      "properties": {
        "icao24": "4d21a2",
        "callsign": "KMM420",
        "origin_country": "Malta",
        "time_position": 1783869590,
        "last_contact": 1783869590,
        "baro_altitude": 11574.78,
        "on_ground": false,
        "velocity": 202.83,
        "true_track": 335.58,
        "vertical_rate": -0.33,
        "geo_altitude": 12214.86,
        "squawk": "6576",
        "spi": false,
        "position_source": 0
      }
    },
    {
      "type": "Feature",
      "geometry": {
        "type": "Point",
        "coordinates": [
          7.6464,
          45.1487
        ]
      },
      "properties": {
        "icao24": "4d21eb",
        "callsign": "RYR9KB",
        "origin_country": "Malta",
        "time_position": 1783869391,
        "last_contact": 1783869391,
        "baro_altitude": 495.3,
        "on_ground": false,
        "velocity": 84.94,
        "true_track": 2.08,
        "vertical_rate": -4.88,
        "geo_altitude": 617.22,
        "squawk": "1337",
        "spi": false,
        "position_source": 0
      }
    },
    {
      "type": "Feature",
      "geometry": {
        "type": "Point",
        "coordinates": [
          16.521,
          43.1449
        ]
      },
      "properties": {
        "icao24": "4d21ec",
        "callsign": "RYR28LA",
        "origin_country": "Malta",
        "time_position": 1783869589,
        "last_contact": 1783869589,
        "baro_altitude": 11582.4,
        "on_ground": false,
        "velocity": 226.85,
        "true_track": 336.05,
        "vertical_rate": 0,
        "geo_altitude": 12115.8,
        "squawk": null,
        "spi": false,
        "position_source": 0
      }
    },
    {
      "type": "Feature",
      "geometry": {
        "type": "Point",
        "coordinates": [
          10.7597,
          47.5264
        ]
      },
      "properties": {
        "icao24": "3ee816",
        "callsign": "D1919",
        "origin_country": "Germany",
        "time_position": 1783869590,
        "last_contact": 1783869590,
        "baro_altitude": 2171.7,
        "on_ground": false,
        "velocity": 32.03,
        "true_track": 299.86,
        "vertical_rate": -0.33,
        "geo_altitude": 2476.5,
        "squawk": "7000",
        "spi": false,
        "position_source": 0
      }
    },
    {
      "type": "Feature",
      "geometry": {
        "type": "Point",
        "coordinates": [
          12.0665,
          42.0764
        ]
      },
      "properties": {
        "icao24": "4d21fa",
        "callsign": "AEZ2824",
        "origin_country": "Malta",
        "time_position": 1783869590,
        "last_contact": 1783869590,
        "baro_altitude": 11887.2,
        "on_ground": false,
        "velocity": 242.72,
        "true_track": 153.16,
        "vertical_rate": 0,
        "geo_altitude": 12496.8,
        "squawk": "4637",
        "spi": false,
        "position_source": 0
      }
    },
    {
      "type": "Feature",
      "geometry": {
        "type": "Point",
        "coordinates": [
          18.5833,
          42.371
        ]
      },
      "properties": {
        "icao24": "4d21cd",
        "callsign": "VJT643",
        "origin_country": "Malta",
        "time_position": 1783869465,
        "last_contact": 1783869465,
        "baro_altitude": 3329.94,
        "on_ground": false,
        "velocity": 165.99,
        "true_track": 118.71,
        "vertical_rate": -7.8,
        "geo_altitude": 3558.54,
        "squawk": "1222",
        "spi": false,
        "position_source": 0
      }
    },
    {
      "type": "Feature",
      "geometry": {
        "type": "Point",
        "coordinates": [
          9.5361,
          43.9702
        ]
      },
      "properties": {
        "icao24": "4d21cf",
        "callsign": "AEZ29JD",
        "origin_country": "Malta",
        "time_position": 1783869590,
        "last_contact": 1783869590,
        "baro_altitude": 7551.42,
        "on_ground": false,
        "velocity": 181.25,
        "true_track": 351.02,
        "vertical_rate": -5.2,
        "geo_altitude": 8016.24,
        "squawk": "0011",
        "spi": false,
        "position_source": 0
      }
    },
    {
      "type": "Feature",
      "geometry": {
        "type": "Point",
        "coordinates": [
          14.3397,
          41.8534
        ]
      },
      "properties": {
        "icao24": "4d21d7",
        "callsign": "ULC10",
        "origin_country": "Malta",
        "time_position": 1783869590,
        "last_contact": 1783869590,
        "baro_altitude": 13708.38,
        "on_ground": false,
        "velocity": 266.14,
        "true_track": 103.98,
        "vertical_rate": -0.33,
        "geo_altitude": 14371.32,
        "squawk": "4301",
        "spi": false,
        "position_source": 0
      }
    },
    {
      "type": "Feature",
      "geometry": {
        "type": "Point",
        "coordinates": [
          9.5855,
          40.0971
        ]
      },
      "properties": {
        "icao24": "4d21f6",
        "callsign": "AEZ14UJ",
        "origin_country": "Malta",
        "time_position": 1783869590,
        "last_contact": 1783869590,
        "baro_altitude": 7063.74,
        "on_ground": false,
        "velocity": 229.72,
        "true_track": 14.66,
        "vertical_rate": 7.8,
        "geo_altitude": 7559.04,
        "squawk": "7402",
        "spi": false,
        "position_source": 0
      }
    },
    {
      "type": "Feature",
      "geometry": {
        "type": "Point",
        "coordinates": [
          15.7179,
          37.5552
        ]
      },
      "properties": {
        "icao24": "4cad93",
        "callsign": "SAS1697",
        "origin_country": "Ireland",
        "time_position": 1783869589,
        "last_contact": 1783869589,
        "baro_altitude": 3131.82,
        "on_ground": false,
        "velocity": 115.36,
        "true_track": 260.24,
        "vertical_rate": -5.2,
        "geo_altitude": 3375.66,
        "squawk": "1114",
        "spi": false,
        "position_source": 0
      }
    },
    {
      "type": "Feature",
      "geometry": {
        "type": "Point",
        "coordinates": [
          13.8878,
          45.9951
        ]
      },
      "properties": {
        "icao24": "4cad94",
        "callsign": "SAS2695",
        "origin_country": "Ireland",
        "time_position": 1783869589,
        "last_contact": 1783869589,
        "baro_altitude": 11894.82,
        "on_ground": false,
        "velocity": 247.69,
        "true_track": 168.62,
        "vertical_rate": -0.33,
        "geo_altitude": 12397.74,
        "squawk": "6053",
        "spi": false,
        "position_source": 0
      }
    },
    {
      "type": "Feature",
      "geometry": {
        "type": "Point",
        "coordinates": [
          8.3501,
          47.3365
        ]
      },
      "properties": {
        "icao24": "39c495",
        "callsign": "FBU72C",
        "origin_country": "France",
        "time_position": 1783869589,
        "last_contact": 1783869590,
        "baro_altitude": 10668,
        "on_ground": false,
        "velocity": 274.2,
        "true_track": 126.76,
        "vertical_rate": 0,
        "geo_altitude": 11186.16,
        "squawk": "0670",
        "spi": false,
        "position_source": 0
      }
    },
    {
      "type": "Feature",
      "geometry": {
        "type": "Point",
        "coordinates": [
          12.2567,
          41.8576
        ]
      },
      "properties": {
        "icao24": "4d20ed",
        "callsign": "AEZ214R",
        "origin_country": "Malta",
        "time_position": 1783869563,
        "last_contact": 1783869564,
        "baro_altitude": 68.58,
        "on_ground": false,
        "velocity": 75.83,
        "true_track": 163.04,
        "vertical_rate": -4.55,
        "geo_altitude": 144.78,
        "squawk": null,
        "spi": false,
        "position_source": 0
      }
    },
    {
      "type": "Feature",
      "geometry": {
        "type": "Point",
        "coordinates": [
          10.2868,
          42.3822
        ]
      },
      "properties": {
        "icao24": "4d20ee",
        "callsign": "RIZ01",
        "origin_country": "Malta",
        "time_position": 1783869589,
        "last_contact": 1783869590,
        "baro_altitude": 8237.22,
        "on_ground": false,
        "velocity": 146.49,
        "true_track": 16.53,
        "vertical_rate": -5.53,
        "geo_altitude": 8709.66,
        "squawk": null,
        "spi": false,
        "position_source": 0
      }
    },
    {
      "type": "Feature",
      "geometry": {
        "type": "Point",
        "coordinates": [
          15.7122,
          42.5256
        ]
      },
      "properties": {
        "icao24": "4d20ff",
        "callsign": "WMT3RN",
        "origin_country": "Malta",
        "time_position": 1783869590,
        "last_contact": 1783869590,
        "baro_altitude": 10355.58,
        "on_ground": false,
        "velocity": 223.14,
        "true_track": 8.49,
        "vertical_rate": 0.33,
        "geo_altitude": 10881.36,
        "squawk": null,
        "spi": false,
        "position_source": 0
      }
    },
    {
      "type": "Feature",
      "geometry": {
        "type": "Point",
        "coordinates": [
          10.8675,
          42.2316
        ]
      },
      "properties": {
        "icao24": "4d20fb",
        "callsign": "WMT936",
        "origin_country": "Malta",
        "time_position": 1783869589,
        "last_contact": 1783869589,
        "baro_altitude": 10965.18,
        "on_ground": false,
        "velocity": 203.85,
        "true_track": 322.18,
        "vertical_rate": 0,
        "geo_altitude": 11567.16,
        "squawk": "5431",
        "spi": false,
        "position_source": 0
      }
    },
    {
      "type": "Feature",
      "geometry": {
        "type": "Point",
        "coordinates": [
          10.2508,
          46.1395
        ]
      },
      "properties": {
        "icao24": "3003ae",
        "callsign": "DLH3RT",
        "origin_country": "Italy",
        "time_position": 1783869589,
        "last_contact": 1783869589,
        "baro_altitude": 7574.28,
        "on_ground": false,
        "velocity": 214.65,
        "true_track": 224.03,
        "vertical_rate": -10.4,
        "geo_altitude": 7985.76,
        "squawk": "1000",
        "spi": false,
        "position_source": 0
      }
    },
    {
      "type": "Feature",
      "geometry": {
        "type": "Point",
        "coordinates": [
          9.0226,
          41.7498
        ]
      },
      "properties": {
        "icao24": "3999e4",
        "callsign": "PEA302",
        "origin_country": "France",
        "time_position": 1783869589,
        "last_contact": 1783869589,
        "baro_altitude": 5585.46,
        "on_ground": false,
        "velocity": 138.01,
        "true_track": 317.57,
        "vertical_rate": 12.35,
        "geo_altitude": 5974.08,
        "squawk": null,
        "spi": false,
        "position_source": 0
      }
    },
    {
      "type": "Feature",
      "geometry": {
        "type": "Point",
        "coordinates": [
          10.6669,
          44.7476
        ]
      },
      "properties": {
        "icao24": "3d769f",
        "callsign": "DFRED",
        "origin_country": "Germany",
        "time_position": 1783869590,
        "last_contact": 1783869590,
        "baro_altitude": 1607.82,
        "on_ground": false,
        "velocity": 54.99,
        "true_track": 243.91,
        "vertical_rate": 4.23,
        "geo_altitude": 1729.74,
        "squawk": null,
        "spi": false,
        "position_source": 0
      }
    },
    {
      "type": "Feature",
      "geometry": {
        "type": "Point",
        "coordinates": [
          11.9038,
          44.1457
        ]
      },
      "properties": {
        "icao24": "4d2237",
        "callsign": "RYR9YL",
        "origin_country": "Malta",
        "time_position": 1783869589,
        "last_contact": 1783869589,
        "baro_altitude": 5615.94,
        "on_ground": false,
        "velocity": 197.47,
        "true_track": 304.06,
        "vertical_rate": -11.7,
        "geo_altitude": 5966.46,
        "squawk": "4404",
        "spi": false,
        "position_source": 0
      }
    },
    {
      "type": "Feature",
      "geometry": {
        "type": "Point",
        "coordinates": [
          10.6638,
          47.3533
        ]
      },
      "properties": {
        "icao24": "4d222a",
        "callsign": "RYR62GK",
        "origin_country": "Malta",
        "time_position": 1783869590,
        "last_contact": 1783869590,
        "baro_altitude": 5265.42,
        "on_ground": false,
        "velocity": 193.55,
        "true_track": 331.94,
        "vertical_rate": -12.03,
        "geo_altitude": 5608.32,
        "squawk": "1000",
        "spi": false,
        "position_source": 0
      }
    },
    {
      "type": "Feature",
      "geometry": {
        "type": "Point",
        "coordinates": [
          10.727,
          47.6177
        ]
      },
      "properties": {
        "icao24": "4d221f",
        "callsign": "RYR6FC",
        "origin_country": "Malta",
        "time_position": 1783869590,
        "last_contact": 1783869590,
        "baro_altitude": 11582.4,
        "on_ground": false,
        "velocity": 219.86,
        "true_track": 318.89,
        "vertical_rate": 0,
        "geo_altitude": 12092.94,
        "squawk": "1000",
        "spi": false,
        "position_source": 0
      }
    },
    {
      "type": "Feature",
      "geometry": {
        "type": "Point",
        "coordinates": [
          8.7678,
          45.5055
        ]
      },
      "properties": {
        "icao24": "4d221d",
        "callsign": "RYR1RL",
        "origin_country": "Malta",
        "time_position": 1783869590,
        "last_contact": 1783869590,
        "baro_altitude": 822.96,
        "on_ground": false,
        "velocity": 99.08,
        "true_track": 348.92,
        "vertical_rate": -5.2,
        "geo_altitude": 937.26,
        "squawk": "5246",
        "spi": false,
        "position_source": 0
      }
    },
    {
      "type": "Feature",
      "geometry": {
        "type": "Point",
        "coordinates": [
          13.817,
          43.3613
        ]
      },
      "properties": {
        "icao24": "4d2248",
        "callsign": "RYR6GH",
        "origin_country": "Malta",
        "time_position": 1783869589,
        "last_contact": 1783869589,
        "baro_altitude": 10363.2,
        "on_ground": false,
        "velocity": 210.78,
        "true_track": 300.51,
        "vertical_rate": -0.33,
        "geo_altitude": 10881.36,
        "squawk": "5551",
        "spi": false,
        "position_source": 0
      }
    },
    {
      "type": "Feature",
      "geometry": {
        "type": "Point",
        "coordinates": [
          13.3503,
          41.5595
        ]
      },
      "properties": {
        "icao24": "4d223b",
        "callsign": "RYR15PW",
        "origin_country": "Malta",
        "time_position": 1783869590,
        "last_contact": 1783869590,
        "baro_altitude": 11277.6,
        "on_ground": false,
        "velocity": 254.25,
        "true_track": 140.25,
        "vertical_rate": -0.33,
        "geo_altitude": 11856.72,
        "squawk": "1000",
        "spi": false,
        "position_source": 0
      }
    },
    {
      "type": "Feature",
      "geometry": {
        "type": "Point",
        "coordinates": [
          15.3136,
          37.4872
        ]
      },
      "properties": {
        "icao24": "4d222b",
        "callsign": "RYR4YF",
        "origin_country": "Malta",
        "time_position": 1783869292,
        "last_contact": 1783869300,
        "baro_altitude": 1120.14,
        "on_ground": false,
        "velocity": 103.44,
        "true_track": 259.98,
        "vertical_rate": -5.53,
        "geo_altitude": 1234.44,
        "squawk": "5126",
        "spi": false,
        "position_source": 0
      }
    },
    {
      "type": "Feature",
      "geometry": {
        "type": "Point",
        "coordinates": [
          9.8516,
          47.7668
        ]
      },
      "properties": {
        "icao24": "4d2240",
        "callsign": "RYR5KY",
        "origin_country": "Malta",
        "time_position": 1783869589,
        "last_contact": 1783869589,
        "baro_altitude": 11582.4,
        "on_ground": false,
        "velocity": 220.38,
        "true_track": 324.79,
        "vertical_rate": 0.33,
        "geo_altitude": 12100.56,
        "squawk": "1000",
        "spi": false,
        "position_source": 0
      }
    },
    {
      "type": "Feature",
      "geometry": {
        "type": "Point",
        "coordinates": [
          12.7942,
          43.7689
        ]
      },
      "properties": {
        "icao24": "4d2241",
        "callsign": "RYR3915",
        "origin_country": "Malta",
        "time_position": 1783869589,
        "last_contact": 1783869590,
        "baro_altitude": 2842.26,
        "on_ground": false,
        "velocity": 158.01,
        "true_track": 160.21,
        "vertical_rate": 13.98,
        "geo_altitude": 3040.38,
        "squawk": "7423",
        "spi": false,
        "position_source": 0
      }
    },
    {
      "type": "Feature",
      "geometry": {
        "type": "Point",
        "coordinates": [
          8.6195,
          47.0743
        ]
      },
      "properties": {
        "icao24": "4d226b",
        "callsign": "RYR13GN",
        "origin_country": "Malta",
        "time_position": 1783869589,
        "last_contact": 1783869589,
        "baro_altitude": 8176.26,
        "on_ground": false,
        "velocity": 219.84,
        "true_track": 348.66,
        "vertical_rate": -5.2,
        "geo_altitude": 8641.08,
        "squawk": "1000",
        "spi": false,
        "position_source": 0
      }
    },
    {
      "type": "Feature",
      "geometry": {
        "type": "Point",
        "coordinates": [
          7.8668,
          47.1281
        ]
      },
      "properties": {
        "icao24": "4d226a",
        "callsign": "RYR65CN",
        "origin_country": "Malta",
        "time_position": 1783869590,
        "last_contact": 1783869590,
        "baro_altitude": 9448.8,
        "on_ground": false,
        "velocity": 235.75,
        "true_track": 156.74,
        "vertical_rate": 0,
        "geo_altitude": 9944.1,
        "squawk": "0534",
        "spi": false,
        "position_source": 0
      }
    },
    {
      "type": "Feature",
      "geometry": {
        "type": "Point",
        "coordinates": [
          12.0585,
          41.6537
        ]
      },
      "properties": {
        "icao24": "4d225e",
        "callsign": "RYR10AQ",
        "origin_country": "Malta",
        "time_position": 1783869589,
        "last_contact": 1783869590,
        "baro_altitude": 11582.4,
        "on_ground": false,
        "velocity": 217.35,
        "true_track": 342.08,
        "vertical_rate": 0,
        "geo_altitude": 12176.76,
        "squawk": null,
        "spi": false,
        "position_source": 0
      }
    },
    {
      "type": "Feature",
      "geometry": {
        "type": "Point",
        "coordinates": [
          9.998,
          44.3024
        ]
      },
      "properties": {
        "icao24": "4d2272",
        "callsign": "RYR27ZZ",
        "origin_country": "Malta",
        "time_position": 1783869590,
        "last_contact": 1783869590,
        "baro_altitude": 10058.4,
        "on_ground": false,
        "velocity": 252.23,
        "true_track": 154.9,
        "vertical_rate": 0,
        "geo_altitude": 10591.8,
        "squawk": "1000",
        "spi": false,
        "position_source": 0
      }
    },
    {
      "type": "Feature",
      "geometry": {
        "type": "Point",
        "coordinates": [
          9.3585,
          47.5675
        ]
      },
      "properties": {
        "icao24": "3ff390",
        "callsign": "DMQAX",
        "origin_country": "Germany",
        "time_position": 1783869590,
        "last_contact": 1783869590,
        "baro_altitude": 937.26,
        "on_ground": false,
        "velocity": 56.59,
        "true_track": 306.87,
        "vertical_rate": 1.63,
        "geo_altitude": 1082.04,
        "squawk": "7000",
        "spi": false,
        "position_source": 0
      }
    },
    {
      "type": "Feature",
      "geometry": {
        "type": "Point",
        "coordinates": [
          8.2429,
          40.5532
        ]
      },
      "properties": {
        "icao24": "4d227d",
        "callsign": "RYR66GL",
        "origin_country": "Malta",
        "time_position": 1783869589,
        "last_contact": 1783869590,
        "baro_altitude": 464.82,
        "on_ground": false,
        "velocity": 89.96,
        "true_track": 26.13,
        "vertical_rate": -5.2,
        "geo_altitude": 556.26,
        "squawk": "1000",
        "spi": false,
        "position_source": 0
      }
    },
    {
      "type": "Feature",
      "geometry": {
        "type": "Point",
        "coordinates": [
          14.8047,
          43.6517
        ]
      },
      "properties": {
        "icao24": "4d227b",
        "callsign": "RYR6977",
        "origin_country": "Malta",
        "time_position": 1783869590,
        "last_contact": 1783869590,
        "baro_altitude": 11582.4,
        "on_ground": false,
        "velocity": 218.43,
        "true_track": 312.71,
        "vertical_rate": 0.33,
        "geo_altitude": 12108.18,
        "squawk": "3727",
        "spi": false,
        "position_source": 0
      }
    },
    {
      "type": "Feature",
      "geometry": {
        "type": "Point",
        "coordinates": [
          12.4135,
          43.4616
        ]
      },
      "properties": {
        "icao24": "4d2256",
        "callsign": "RYR5WR",
        "origin_country": "Malta",
        "time_position": 1783869589,
        "last_contact": 1783869589,
        "baro_altitude": 11582.4,
        "on_ground": false,
        "velocity": 216.76,
        "true_track": 299.42,
        "vertical_rate": 0,
        "geo_altitude": 12138.66,
        "squawk": "2661",
        "spi": false,
        "position_source": 0
      }
    },
    {
      "type": "Feature",
      "geometry": {
        "type": "Point",
        "coordinates": [
          14.8442,
          45.6287
        ]
      },
      "properties": {
        "icao24": "4d2257",
        "callsign": "RYR77RV",
        "origin_country": "Malta",
        "time_position": 1783869589,
        "last_contact": 1783869590,
        "baro_altitude": 11277.6,
        "on_ground": false,
        "velocity": 252.96,
        "true_track": 136.9,
        "vertical_rate": -0.33,
        "geo_altitude": 11765.28,
        "squawk": "2523",
        "spi": false,
        "position_source": 0
      }
    },
    {
      "type": "Feature",
      "geometry": {
        "type": "Point",
        "coordinates": [
          9.299,
          45.5251
        ]
      },
      "properties": {
        "icao24": "30048f",
        "callsign": "TJD402",
        "origin_country": "Italy",
        "time_position": 1783869590,
        "last_contact": 1783869590,
        "baro_altitude": 1463.04,
        "on_ground": false,
        "velocity": 96.96,
        "true_track": 58.67,
        "vertical_rate": 18.21,
        "geo_altitude": 1607.82,
        "squawk": "7465",
        "spi": false,
        "position_source": 0
      }
    },
    {
      "type": "Feature",
      "geometry": {
        "type": "Point",
        "coordinates": [
          9.0637,
          40.6319
        ]
      },
      "properties": {
        "icao24": "4d224d",
        "callsign": "RYR388G",
        "origin_country": "Malta",
        "time_position": 1783869590,
        "last_contact": 1783869590,
        "baro_altitude": 11277.6,
        "on_ground": false,
        "velocity": 212.14,
        "true_track": 253.81,
        "vertical_rate": 0,
        "geo_altitude": 11917.68,
        "squawk": null,
        "spi": false,
        "position_source": 0
      }
    },
    {
      "type": "Feature",
      "geometry": {
        "type": "Point",
        "coordinates": [
          8.5792,
          43.756
        ]
      },
      "properties": {
        "icao24": "4d2191",
        "callsign": "ULC7P",
        "origin_country": "Malta",
        "time_position": 1783869590,
        "last_contact": 1783869590,
        "baro_altitude": 13106.4,
        "on_ground": false,
        "velocity": 210.49,
        "true_track": 337.13,
        "vertical_rate": 0.33,
        "geo_altitude": 13738.86,
        "squawk": "1000",
        "spi": false,
        "position_source": 0
      }
    },
    {
      "type": "Feature",
      "geometry": {
        "type": "Point",
        "coordinates": [
          15.8346,
          44.7738
        ]
      },
      "properties": {
        "icao24": "710071",
        "callsign": "SVA234",
        "origin_country": "Saudi Arabia",
        "time_position": 1783869589,
        "last_contact": 1783869589,
        "baro_altitude": 10675.62,
        "on_ground": false,
        "velocity": 251.07,
        "true_track": 107.28,
        "vertical_rate": 0,
        "geo_altitude": 11148.06,
        "squawk": "3063",
        "spi": false,
        "position_source": 0
      }
    },
    {
      "type": "Feature",
      "geometry": {
        "type": "Point",
        "coordinates": [
          10.522,
          36.1608
        ]
      },
      "properties": {
        "icao24": "710061",
        "callsign": "SVA340",
        "origin_country": "Saudi Arabia",
        "time_position": 1783869589,
        "last_contact": 1783869590,
        "baro_altitude": 11277.6,
        "on_ground": false,
        "velocity": 267.22,
        "true_track": 98.3,
        "vertical_rate": 0,
        "geo_altitude": 11986.26,
        "squawk": null,
        "spi": false,
        "position_source": 0
      }
    },
    {
      "type": "Feature",
      "geometry": {
        "type": "Point",
        "coordinates": [
          13.2681,
          47.1053
        ]
      },
      "properties": {
        "icao24": "71007f",
        "callsign": "SVA168",
        "origin_country": "Saudi Arabia",
        "time_position": 1783869589,
        "last_contact": 1783869589,
        "baro_altitude": 10668,
        "on_ground": false,
        "velocity": 249.65,
        "true_track": 136.67,
        "vertical_rate": 0,
        "geo_altitude": 11148.06,
        "squawk": "7716",
        "spi": false,
        "position_source": 0
      }
    },
    {
      "type": "Feature",
      "geometry": {
        "type": "Point",
        "coordinates": [
          9.1075,
          45.9618
        ]
      },
      "properties": {
        "icao24": "4b19ef",
        "callsign": "SWR4CA",
        "origin_country": "Switzerland",
        "time_position": 1783869590,
        "last_contact": 1783869590,
        "baro_altitude": 9288.78,
        "on_ground": false,
        "velocity": 220.19,
        "true_track": 322.59,
        "vertical_rate": -5.2,
        "geo_altitude": 9761.22,
        "squawk": "1000",
        "spi": false,
        "position_source": 0
      }
    },
    {
      "type": "Feature",
      "geometry": {
        "type": "Point",
        "coordinates": [
          13.9048,
          37.8919
        ]
      },
      "properties": {
        "icao24": "4d2174",
        "callsign": "TYJ520",
        "origin_country": "Malta",
        "time_position": 1783869589,
        "last_contact": 1783869589,
        "baro_altitude": 10469.88,
        "on_ground": false,
        "velocity": 159.56,
        "true_track": 327.64,
        "vertical_rate": 5.53,
        "geo_altitude": 11064.24,
        "squawk": "1232",
        "spi": false,
        "position_source": 0
      }
    },
    {
      "type": "Feature",
      "geometry": {
        "type": "Point",
        "coordinates": [
          12.2692,
          41.8198
        ]
      },
      "properties": {
        "icao24": "4d2186",
        "callsign": "WMT39FA",
        "origin_country": "Malta",
        "time_position": 1783869488,
        "last_contact": 1783869489,
        "baro_altitude": null,
        "on_ground": true,
        "velocity": 14.4,
        "true_track": 163.12,
        "vertical_rate": null,
        "geo_altitude": null,
        "squawk": "1000",
        "spi": false,
        "position_source": 0
      }
    },
    {
      "type": "Feature",
      "geometry": {
        "type": "Point",
        "coordinates": [
          8.6098,
          47.4535
        ]
      },
      "properties": {
        "icao24": "4b19fd",
        "callsign": "CFG5JZ",
        "origin_country": "Switzerland",
        "time_position": 1783869589,
        "last_contact": 1783869589,
        "baro_altitude": 1013.46,
        "on_ground": false,
        "velocity": 79.51,
        "true_track": 94.83,
        "vertical_rate": 9.75,
        "geo_altitude": 1165.86,
        "squawk": "1000",
        "spi": false,
        "position_source": 0
      }
    },
    {
      "type": "Feature",
      "geometry": {
        "type": "Point",
        "coordinates": [
          9.1389,
          47.7147
        ]
      },
      "properties": {
        "icao24": "4b19ff",
        "callsign": "SWR4LT",
        "origin_country": "Switzerland",
        "time_position": 1783869590,
        "last_contact": 1783869590,
        "baro_altitude": 4678.68,
        "on_ground": false,
        "velocity": 155.4,
        "true_track": 268.67,
        "vertical_rate": -5.85,
        "geo_altitude": 4991.1,
        "squawk": "1000",
        "spi": false,
        "position_source": 0
      }
    },
    {
      "type": "Feature",
      "geometry": {
        "type": "Point",
        "coordinates": [
          10.4143,
          36.1944
        ]
      },
      "properties": {
        "icao24": "710053",
        "callsign": "SVA9639",
        "origin_country": "Saudi Arabia",
        "time_position": 1783869271,
        "last_contact": 1783869279,
        "baro_altitude": 12192,
        "on_ground": false,
        "velocity": 238.65,
        "true_track": 277.43,
        "vertical_rate": 0,
        "geo_altitude": 12923.52,
        "squawk": "4107",
        "spi": false,
        "position_source": 0
      }
    },
    {
      "type": "Feature",
      "geometry": {
        "type": "Point",
        "coordinates": [
          7.9976,
          39.1488
        ]
      },
      "properties": {
        "icao24": "71002b",
        "callsign": "SVA228",
        "origin_country": "Saudi Arabia",
        "time_position": 1783869590,
        "last_contact": 1783869590,
        "baro_altitude": 11887.2,
        "on_ground": false,
        "velocity": 278.48,
        "true_track": 128.1,
        "vertical_rate": 0,
        "geo_altitude": 12565.38,
        "squawk": "4047",
        "spi": false,
        "position_source": 0
      }
    },
    {
      "type": "Feature",
      "geometry": {
        "type": "Point",
        "coordinates": [
          13.1753,
          43.0597
        ]
      },
      "properties": {
        "icao24": "4cac20",
        "callsign": "RYR29FJ",
        "origin_country": "Ireland",
        "time_position": 1783869590,
        "last_contact": 1783869590,
        "baro_altitude": 7863.84,
        "on_ground": false,
        "velocity": 241.72,
        "true_track": 33.01,
        "vertical_rate": 6.18,
        "geo_altitude": 8313.42,
        "squawk": "1000",
        "spi": false,
        "position_source": 0
      }
    },
    {
      "type": "Feature",
      "geometry": {
        "type": "Point",
        "coordinates": [
          14.0571,
          40.6999
        ]
      },
      "properties": {
        "icao24": "4d20e5",
        "callsign": "AEZ2033",
        "origin_country": "Malta",
        "time_position": 1783869590,
        "last_contact": 1783869590,
        "baro_altitude": 3101.34,
        "on_ground": false,
        "velocity": 178.94,
        "true_track": 122.91,
        "vertical_rate": -10.08,
        "geo_altitude": 3314.7,
        "squawk": "1000",
        "spi": false,
        "position_source": 0
      }
    },
    {
      "type": "Feature",
      "geometry": {
        "type": "Point",
        "coordinates": [
          14.6407,
          41.2545
        ]
      },
      "properties": {
        "icao24": "4d20e1",
        "callsign": "AXY676H",
        "origin_country": "Malta",
        "time_position": 1783869427,
        "last_contact": 1783869427,
        "baro_altitude": 3070.86,
        "on_ground": false,
        "velocity": 160.72,
        "true_track": 140.19,
        "vertical_rate": -12.68,
        "geo_altitude": 3345.18,
        "squawk": "1000",
        "spi": false,
        "position_source": 0
      }
    },
    {
      "type": "Feature",
      "geometry": {
        "type": "Point",
        "coordinates": [
          17.4228,
          40.4434
        ]
      },
      "properties": {
        "icao24": "a11f6b",
        "callsign": "N1711M",
        "origin_country": "United States",
        "time_position": 1783869358,
        "last_contact": 1783869358,
        "baro_altitude": 396.24,
        "on_ground": false,
        "velocity": 84.04,
        "true_track": 348.35,
        "vertical_rate": -4.55,
        "geo_altitude": 495.3,
        "squawk": null,
        "spi": false,
        "position_source": 0
      }
    },
    {
      "type": "Feature",
      "geometry": {
        "type": "Point",
        "coordinates": [
          14.5885,
          35.9258
        ]
      },
      "properties": {
        "icao24": "4d20dd",
        "callsign": "AXY614G",
        "origin_country": "Malta",
        "time_position": 1783869590,
        "last_contact": 1783869590,
        "baro_altitude": 899.16,
        "on_ground": false,
        "velocity": 110.15,
        "true_track": 308.74,
        "vertical_rate": 0,
        "geo_altitude": 998.22,
        "squawk": "0543",
        "spi": false,
        "position_source": 0
      }
    },
    {
      "type": "Feature",
      "geometry": {
        "type": "Point",
        "coordinates": [
          12.1453,
          38.8615
        ]
      },
      "properties": {
        "icao24": "4d20bc",
        "callsign": "WMT3630",
        "origin_country": "Malta",
        "time_position": 1783869589,
        "last_contact": 1783869589,
        "baro_altitude": 10668,
        "on_ground": false,
        "velocity": 265.05,
        "true_track": 169.15,
        "vertical_rate": 0,
        "geo_altitude": 11300.46,
        "squawk": "4312",
        "spi": false,
        "position_source": 0
      }
    },
    {
      "type": "Feature",
      "geometry": {
        "type": "Point",
        "coordinates": [
          7.6147,
          45.0848
        ]
      },
      "properties": {
        "icao24": "31df39",
        "callsign": "ID888",
        "origin_country": "Italy",
        "time_position": 1783869590,
        "last_contact": 1783869590,
        "baro_altitude": 312.42,
        "on_ground": false,
        "velocity": 29.36,
        "true_track": 281.11,
        "vertical_rate": -2.28,
        "geo_altitude": 388.62,
        "squawk": null,
        "spi": false,
        "position_source": 0
      }
    },
    {
      "type": "Feature",
      "geometry": {
        "type": "Point",
        "coordinates": [
          7.7191,
          46.0437
        ]
      },
      "properties": {
        "icao24": "4b4dcb",
        "callsign": "HB2340",
        "origin_country": "Switzerland",
        "time_position": 1783869278,
        "last_contact": 1783869278,
        "baro_altitude": 3947.16,
        "on_ground": false,
        "velocity": 38.81,
        "true_track": 231.46,
        "vertical_rate": -0.33,
        "geo_altitude": 4251.96,
        "squawk": null,
        "spi": false,
        "position_source": 0
      }
    },
    {
      "type": "Feature",
      "geometry": {
        "type": "Point",
        "coordinates": [
          14.2814,
          47.0149
        ]
      },
      "properties": {
        "icao24": "4a1aae",
        "callsign": "AWG601K",
        "origin_country": "Romania",
        "time_position": 1783869589,
        "last_contact": 1783869589,
        "baro_altitude": 11887.2,
        "on_ground": false,
        "velocity": 245.52,
        "true_track": 99.28,
        "vertical_rate": -0.33,
        "geo_altitude": 12374.88,
        "squawk": "1000",
        "spi": false,
        "position_source": 0
      }
    },
    {
      "type": "Feature",
      "geometry": {
        "type": "Point",
        "coordinates": [
          11.827,
          44.3377
        ]
      },
      "properties": {
        "icao24": "ad39cd",
        "callsign": "N951QS",
        "origin_country": "United States",
        "time_position": 1783869590,
        "last_contact": 1783869590,
        "baro_altitude": 8991.6,
        "on_ground": false,
        "velocity": 179.68,
        "true_track": 296.71,
        "vertical_rate": 10.73,
        "geo_altitude": 9479.28,
        "squawk": "1000",
        "spi": false,
        "position_source": 0
      }
    },
    {
      "type": "Feature",
      "geometry": {
        "type": "Point",
        "coordinates": [
          18.7771,
          44.2908
        ]
      },
      "properties": {
        "icao24": "4691c2",
        "callsign": "AEE513",
        "origin_country": "Greece",
        "time_position": 1783869589,
        "last_contact": 1783869589,
        "baro_altitude": 10668,
        "on_ground": false,
        "velocity": 251,
        "true_track": 141.91,
        "vertical_rate": 0,
        "geo_altitude": 11140.44,
        "squawk": "7616",
        "spi": false,
        "position_source": 0
      }
    },
    {
      "type": "Feature",
      "geometry": {
        "type": "Point",
        "coordinates": [
          17.4466,
          41.6419
        ]
      },
      "properties": {
        "icao24": "4691c1",
        "callsign": "AEE3FR",
        "origin_country": "Greece",
        "time_position": 1783869590,
        "last_contact": 1783869590,
        "baro_altitude": 10972.8,
        "on_ground": false,
        "velocity": 228.71,
        "true_track": 332.69,
        "vertical_rate": 0.65,
        "geo_altitude": 11521.44,
        "squawk": "5530",
        "spi": false,
        "position_source": 0
      }
    },
    {
      "type": "Feature",
      "geometry": {
        "type": "Point",
        "coordinates": [
          9.2808,
          45.4355
        ]
      },
      "properties": {
        "icao24": "4caaa7",
        "callsign": "ITY3LO",
        "origin_country": "Ireland",
        "time_position": 1783869581,
        "last_contact": 1783869587,
        "baro_altitude": null,
        "on_ground": true,
        "velocity": 0,
        "true_track": 174.38,
        "vertical_rate": null,
        "geo_altitude": null,
        "squawk": null,
        "spi": false,
        "position_source": 0
      }
    },
    {
      "type": "Feature",
      "geometry": {
        "type": "Point",
        "coordinates": [
          17.945,
          40.6591
        ]
      },
      "properties": {
        "icao24": "4caaa8",
        "callsign": "ITY1644",
        "origin_country": "Ireland",
        "time_position": 1783869506,
        "last_contact": 1783869506,
        "baro_altitude": null,
        "on_ground": true,
        "velocity": 6.94,
        "true_track": 53.44,
        "vertical_rate": null,
        "geo_altitude": null,
        "squawk": null,
        "spi": false,
        "position_source": 0
      }
    },
    {
      "type": "Feature",
      "geometry": {
        "type": "Point",
        "coordinates": [
          7.5519,
          44.8516
        ]
      },
      "properties": {
        "icao24": "4d213e",
        "callsign": "WMT463",
        "origin_country": "Malta",
        "time_position": 1783869589,
        "last_contact": 1783869589,
        "baro_altitude": 10660.38,
        "on_ground": false,
        "velocity": 255.73,
        "true_track": 134.76,
        "vertical_rate": 0,
        "geo_altitude": 11239.5,
        "squawk": "1000",
        "spi": false,
        "position_source": 0
      }
    },
    {
      "type": "Feature",
      "geometry": {
        "type": "Point",
        "coordinates": [
          11.0606,
          43.9965
        ]
      },
      "properties": {
        "icao24": "4d2168",
        "callsign": "WMT579",
        "origin_country": "Malta",
        "time_position": 1783869589,
        "last_contact": 1783869589,
        "baro_altitude": 9197.34,
        "on_ground": false,
        "velocity": 255.13,
        "true_track": 124.23,
        "vertical_rate": 4.88,
        "geo_altitude": 9715.5,
        "squawk": "1244",
        "spi": false,
        "position_source": 0
      }
    },
    {
      "type": "Feature",
      "geometry": {
        "type": "Point",
        "coordinates": [
          9.8799,
          40.308
        ]
      },
      "properties": {
        "icao24": "31dddb",
        "callsign": "ID188",
        "origin_country": "Italy",
        "time_position": 1783869414,
        "last_contact": 1783869414,
        "baro_altitude": 3017.52,
        "on_ground": false,
        "velocity": 65.79,
        "true_track": 12.19,
        "vertical_rate": -0.33,
        "geo_altitude": null,
        "squawk": null,
        "spi": false,
        "position_source": 0
      }
    },
    {
      "type": "Feature",
      "geometry": {
        "type": "Point",
        "coordinates": [
          6.0237,
          45.6884
        ]
      },
      "properties": {
        "icao24": "3c54a2",
        "callsign": "EWG7NB",
        "origin_country": "Germany",
        "time_position": 1783869590,
        "last_contact": 1783869590,
        "baro_altitude": 11277.6,
        "on_ground": false,
        "velocity": 228.56,
        "true_track": 192.35,
        "vertical_rate": 0,
        "geo_altitude": 11864.34,
        "squawk": "1125",
        "spi": false,
        "position_source": 0
      }
    },
    {
      "type": "Feature",
      "geometry": {
        "type": "Point",
        "coordinates": [
          9.1802,
          46.9492
        ]
      },
      "properties": {
        "icao24": "4081bf",
        "callsign": "BAW603",
        "origin_country": "United Kingdom",
        "time_position": 1783869589,
        "last_contact": 1783869589,
        "baro_altitude": 10363.2,
        "on_ground": false,
        "velocity": 214.75,
        "true_track": 291.65,
        "vertical_rate": 0,
        "geo_altitude": 10888.98,
        "squawk": "7532",
        "spi": false,
        "position_source": 0
      }
    },
    {
      "type": "Feature",
      "geometry": {
        "type": "Point",
        "coordinates": [
          10.5334,
          47.5649
        ]
      },
      "properties": {
        "icao24": "3dfa56",
        "callsign": "EDL1",
        "origin_country": "Germany",
        "time_position": 1783869364,
        "last_contact": 1783869573,
        "baro_altitude": 1196.34,
        "on_ground": false,
        "velocity": 56.88,
        "true_track": 245.98,
        "vertical_rate": 0.98,
        "geo_altitude": 1356.36,
        "squawk": "0036",
        "spi": false,
        "position_source": 0
      }
    },
    {
      "type": "Feature",
      "geometry": {
        "type": "Point",
        "coordinates": [
          8.2487,
          45.8458
        ]
      },
      "properties": {
        "icao24": "300240",
        "callsign": "CAN11",
        "origin_country": "Italy",
        "time_position": 1783869489,
        "last_contact": 1783869520,
        "baro_altitude": 1257.3,
        "on_ground": false,
        "velocity": 66.86,
        "true_track": 309.69,
        "vertical_rate": 0.33,
        "geo_altitude": 1409.7,
        "squawk": null,
        "spi": false,
        "position_source": 0
      }
    },
    {
      "type": "Feature",
      "geometry": {
        "type": "Point",
        "coordinates": [
          8.2485,
          45.8388
        ]
      },
      "properties": {
        "icao24": "300248",
        "callsign": "CAN21",
        "origin_country": "Italy",
        "time_position": 1783869490,
        "last_contact": 1783869529,
        "baro_altitude": 1165.86,
        "on_ground": false,
        "velocity": 66.16,
        "true_track": 323.22,
        "vertical_rate": 6.83,
        "geo_altitude": 1310.64,
        "squawk": "4577",
        "spi": false,
        "position_source": 0
      }
    },
    {
      "type": "Feature",
      "geometry": {
        "type": "Point",
        "coordinates": [
          8.722,
          45.6243
        ]
      },
      "properties": {
        "icao24": "300245",
        "callsign": "CAN16",
        "origin_country": "Italy",
        "time_position": 1783869590,
        "last_contact": 1783869590,
        "baro_altitude": null,
        "on_ground": true,
        "velocity": 10.29,
        "true_track": 168.75,
        "vertical_rate": null,
        "geo_altitude": null,
        "squawk": null,
        "spi": false,
        "position_source": 0
      }
    },
    {
      "type": "Feature",
      "geometry": {
        "type": "Point",
        "coordinates": [
          8.9891,
          44.3805
        ]
      },
      "properties": {
        "icao24": "4d207b",
        "callsign": "AEZ2423",
        "origin_country": "Malta",
        "time_position": 1783869584,
        "last_contact": 1783869584,
        "baro_altitude": 579.12,
        "on_ground": false,
        "velocity": 77.31,
        "true_track": 286.63,
        "vertical_rate": -4.23,
        "geo_altitude": 693.42,
        "squawk": "7065",
        "spi": false,
        "position_source": 0
      }
    },
    {
      "type": "Feature",
      "geometry": {
        "type": "Point",
        "coordinates": [
          11.0156,
          41.5201
        ]
      },
      "properties": {
        "icao24": "4081aa",
        "callsign": "EXS2Q",
        "origin_country": "United Kingdom",
        "time_position": 1783869589,
        "last_contact": 1783869589,
        "baro_altitude": 11277.6,
        "on_ground": false,
        "velocity": 258.59,
        "true_track": 153.54,
        "vertical_rate": -0.33,
        "geo_altitude": 11887.2,
        "squawk": "4305",
        "spi": false,
        "position_source": 0
      }
    },
    {
      "type": "Feature",
      "geometry": {
        "type": "Point",
        "coordinates": [
          15.7124,
          41.5401
        ]
      },
      "properties": {
        "icao24": "30023f",
        "callsign": "CAN10",
        "origin_country": "Italy",
        "time_position": 1783869403,
        "last_contact": 1783869403,
        "baro_altitude": null,
        "on_ground": true,
        "velocity": 12.35,
        "true_track": 115.31,
        "vertical_rate": null,
        "geo_altitude": null,
        "squawk": null,
        "spi": false,
        "position_source": 0
      }
    },
    {
      "type": "Feature",
      "geometry": {
        "type": "Point",
        "coordinates": [
          11.0457,
          41.4727
        ]
      },
      "properties": {
        "icao24": "4d204b",
        "callsign": "WMT7653",
        "origin_country": "Malta",
        "time_position": 1783869589,
        "last_contact": 1783869589,
        "baro_altitude": 7239,
        "on_ground": false,
        "velocity": 220.11,
        "true_track": 71.61,
        "vertical_rate": -10.73,
        "geo_altitude": 7719.06,
        "squawk": "1450",
        "spi": false,
        "position_source": 0
      }
    },
    {
      "type": "Feature",
      "geometry": {
        "type": "Point",
        "coordinates": [
          12.1667,
          41.7347
        ]
      },
      "properties": {
        "icao24": "4d2068",
        "callsign": "WMT7026",
        "origin_country": "Malta",
        "time_position": 1783869590,
        "last_contact": 1783869590,
        "baro_altitude": 853.44,
        "on_ground": false,
        "velocity": 131.22,
        "true_track": 178.65,
        "vertical_rate": 6.83,
        "geo_altitude": 960.12,
        "squawk": null,
        "spi": false,
        "position_source": 0
      }
    },
    {
      "type": "Feature",
      "geometry": {
        "type": "Point",
        "coordinates": [
          8.3238,
          47.6163
        ]
      },
      "properties": {
        "icao24": "4b18ba",
        "callsign": "EDW12CX",
        "origin_country": "Switzerland",
        "time_position": 1783869589,
        "last_contact": 1783869589,
        "baro_altitude": 1470.66,
        "on_ground": false,
        "velocity": 110.95,
        "true_track": 114.66,
        "vertical_rate": -3.9,
        "geo_altitude": 1653.54,
        "squawk": "1000",
        "spi": false,
        "position_source": 0
      }
    },
    {
      "type": "Feature",
      "geometry": {
        "type": "Point",
        "coordinates": [
          17.1162,
          41.837
        ]
      },
      "properties": {
        "icao24": "4b18f3",
        "callsign": "EDW49Q",
        "origin_country": "Switzerland",
        "time_position": 1783869590,
        "last_contact": 1783869590,
        "baro_altitude": 10058.4,
        "on_ground": false,
        "velocity": 256.68,
        "true_track": 123.72,
        "vertical_rate": 0,
        "geo_altitude": 10576.56,
        "squawk": "3044",
        "spi": false,
        "position_source": 0
      }
    },
    {
      "type": "Feature",
      "geometry": {
        "type": "Point",
        "coordinates": [
          8.7915,
          47.4672
        ]
      },
      "properties": {
        "icao24": "4b18f4",
        "callsign": "EDW336H",
        "origin_country": "Switzerland",
        "time_position": 1783869590,
        "last_contact": 1783869590,
        "baro_altitude": 1912.62,
        "on_ground": false,
        "velocity": 142.15,
        "true_track": 84.39,
        "vertical_rate": 10.4,
        "geo_altitude": 2103.12,
        "squawk": "3047",
        "spi": false,
        "position_source": 0
      }
    },
    {
      "type": "Feature",
      "geometry": {
        "type": "Point",
        "coordinates": [
          9.2819,
          46.4739
        ]
      },
      "properties": {
        "icao24": "4b4e2b",
        "callsign": "HB2436",
        "origin_country": "Switzerland",
        "time_position": 1783869580,
        "last_contact": 1783869590,
        "baro_altitude": 3276.6,
        "on_ground": false,
        "velocity": 34.05,
        "true_track": 333.05,
        "vertical_rate": -0.33,
        "geo_altitude": 3535.68,
        "squawk": null,
        "spi": false,
        "position_source": 0
      }
    },
    {
      "type": "Feature",
      "geometry": {
        "type": "Point",
        "coordinates": [
          12.4906,
          38.1097
        ]
      },
      "properties": {
        "icao24": "4d208e",
        "callsign": "WMT499",
        "origin_country": "Malta",
        "time_position": 1783869590,
        "last_contact": 1783869590,
        "baro_altitude": 10668,
        "on_ground": false,
        "velocity": 253.95,
        "true_track": 177.1,
        "vertical_rate": -0.33,
        "geo_altitude": 11315.7,
        "squawk": null,
        "spi": false,
        "position_source": 0
      }
    },
    {
      "type": "Feature",
      "geometry": {
        "type": "Point",
        "coordinates": [
          9.1576,
          39.624
        ]
      },
      "properties": {
        "icao24": "4d2096",
        "callsign": "RYR8UC",
        "origin_country": "Malta",
        "time_position": 1783869590,
        "last_contact": 1783869590,
        "baro_altitude": 5227.32,
        "on_ground": false,
        "velocity": 184.81,
        "true_track": 351.19,
        "vertical_rate": 11.7,
        "geo_altitude": 5585.46,
        "squawk": "1246",
        "spi": false,
        "position_source": 0
      }
    },
    {
      "type": "Feature",
      "geometry": {
        "type": "Point",
        "coordinates": [
          12.4793,
          45.2984
        ]
      },
      "properties": {
        "icao24": "3c9cce",
        "callsign": "ELG55G",
        "origin_country": "Germany",
        "time_position": 1783869589,
        "last_contact": 1783869589,
        "baro_altitude": 12496.8,
        "on_ground": false,
        "velocity": 254.82,
        "true_track": 125.55,
        "vertical_rate": -0.33,
        "geo_altitude": 13053.06,
        "squawk": "2167",
        "spi": false,
        "position_source": 0
      }
    },
    {
      "type": "Feature",
      "geometry": {
        "type": "Point",
        "coordinates": [
          6.7772,
          44.2711
        ]
      },
      "properties": {
        "icao24": "460844",
        "callsign": "FSF141E",
        "origin_country": "Finland",
        "time_position": 1783869590,
        "last_contact": 1783869590,
        "baro_altitude": 6705.6,
        "on_ground": false,
        "velocity": 131.28,
        "true_track": 349.61,
        "vertical_rate": 0,
        "geo_altitude": 7155.18,
        "squawk": "6770",
        "spi": false,
        "position_source": 0
      }
    },
    {
      "type": "Feature",
      "geometry": {
        "type": "Point",
        "coordinates": [
          14.4701,
          43.4999
        ]
      },
      "properties": {
        "icao24": "4b1939",
        "callsign": "CSW630",
        "origin_country": "Switzerland",
        "time_position": 1783869589,
        "last_contact": 1783869589,
        "baro_altitude": 10668,
        "on_ground": false,
        "velocity": 251.75,
        "true_track": 135.83,
        "vertical_rate": 0.33,
        "geo_altitude": 11186.16,
        "squawk": "3053",
        "spi": false,
        "position_source": 0
      }
    },
    {
      "type": "Feature",
      "geometry": {
        "type": "Point",
        "coordinates": [
          8.5569,
          47.4543
        ]
      },
      "properties": {
        "icao24": "4b1950",
        "callsign": "SWR5CB",
        "origin_country": "Switzerland",
        "time_position": 1783869361,
        "last_contact": 1783869368,
        "baro_altitude": null,
        "on_ground": true,
        "velocity": 0.06,
        "true_track": 185.62,
        "vertical_rate": null,
        "geo_altitude": null,
        "squawk": "1000",
        "spi": false,
        "position_source": 0
      }
    },
    {
      "type": "Feature",
      "geometry": {
        "type": "Point",
        "coordinates": [
          13.0452,
          36.341
        ]
      },
      "properties": {
        "icao24": "4caa61",
        "callsign": "RYR7XB",
        "origin_country": "Ireland",
        "time_position": 1783869590,
        "last_contact": 1783869590,
        "baro_altitude": 6233.16,
        "on_ground": false,
        "velocity": 216.05,
        "true_track": 102.51,
        "vertical_rate": -9.75,
        "geo_altitude": 6675.12,
        "squawk": "5565",
        "spi": false,
        "position_source": 0
      }
    },
    {
      "type": "Feature",
      "geometry": {
        "type": "Point",
        "coordinates": [
          15.3421,
          46.3363
        ]
      },
      "properties": {
        "icao24": "40717c",
        "callsign": "EXS74V",
        "origin_country": "United Kingdom",
        "time_position": 1783869589,
        "last_contact": 1783869590,
        "baro_altitude": 10668,
        "on_ground": false,
        "velocity": 246.21,
        "true_track": 129.74,
        "vertical_rate": 0,
        "geo_altitude": 11117.58,
        "squawk": "2230",
        "spi": false,
        "position_source": 0
      }
    },
    {
      "type": "Feature",
      "geometry": {
        "type": "Point",
        "coordinates": [
          17.7541,
          44.9034
        ]
      },
      "properties": {
        "icao24": "40717b",
        "callsign": "EXS2KR",
        "origin_country": "United Kingdom",
        "time_position": 1783869588,
        "last_contact": 1783869589,
        "baro_altitude": 10668,
        "on_ground": false,
        "velocity": 258.04,
        "true_track": 131.44,
        "vertical_rate": 0,
        "geo_altitude": 11109.96,
        "squawk": "2207",
        "spi": false,
        "position_source": 0
      }
    },
    {
      "type": "Feature",
      "geometry": {
        "type": "Point",
        "coordinates": [
          9.4468,
          47.7228
        ]
      },
      "properties": {
        "icao24": "4b194f",
        "callsign": "SWR1YT",
        "origin_country": "Switzerland",
        "time_position": 1783869590,
        "last_contact": 1783869590,
        "baro_altitude": 5318.76,
        "on_ground": false,
        "velocity": 159.62,
        "true_track": 267.6,
        "vertical_rate": -9.1,
        "geo_altitude": 5661.66,
        "squawk": "1000",
        "spi": false,
        "position_source": 0
      }
    },
    {
      "type": "Feature",
      "geometry": {
        "type": "Point",
        "coordinates": [
          13.9445,
          40.7407
        ]
      },
      "properties": {
        "icao24": "7100ba",
        "callsign": "SVA236",
        "origin_country": "Saudi Arabia",
        "time_position": 1783869589,
        "last_contact": 1783869589,
        "baro_altitude": 11277.6,
        "on_ground": false,
        "velocity": 263.35,
        "true_track": 132.07,
        "vertical_rate": 0,
        "geo_altitude": 11871.96,
        "squawk": "5722",
        "spi": false,
        "position_source": 0
      }
    },
    {
      "type": "Feature",
      "geometry": {
        "type": "Point",
        "coordinates": [
          7.939,
          47.5109
        ]
      },
      "properties": {
        "icao24": "4b194a",
        "callsign": "SWR404",
        "origin_country": "Switzerland",
        "time_position": 1783869589,
        "last_contact": 1783869590,
        "baro_altitude": 5570.22,
        "on_ground": false,
        "velocity": 202.26,
        "true_track": 268.4,
        "vertical_rate": 10.4,
        "geo_altitude": 5935.98,
        "squawk": "3046",
        "spi": false,
        "position_source": 0
      }
    },
    {
      "type": "Feature",
      "geometry": {
        "type": "Point",
        "coordinates": [
          8.771,
          44.677
        ]
      },
      "properties": {
        "icao24": "3de9ae",
        "callsign": "DHITA",
        "origin_country": "Germany",
        "time_position": 1783869589,
        "last_contact": 1783869589,
        "baro_altitude": 739.14,
        "on_ground": false,
        "velocity": 77.93,
        "true_track": 132.32,
        "vertical_rate": 0.65,
        "geo_altitude": 853.44,
        "squawk": null,
        "spi": false,
        "position_source": 0
      }
    },
    {
      "type": "Feature",
      "geometry": {
        "type": "Point",
        "coordinates": [
          17.1154,
          44.8472
        ]
      },
      "properties": {
        "icao24": "4d2007",
        "callsign": "WMT8356",
        "origin_country": "Malta",
        "time_position": 1783869590,
        "last_contact": 1783869590,
        "baro_altitude": 10058.4,
        "on_ground": false,
        "velocity": 254.61,
        "true_track": 112.58,
        "vertical_rate": 0,
        "geo_altitude": 10523.22,
        "squawk": "0223",
        "spi": false,
        "position_source": 0
      }
    },
    {
      "type": "Feature",
      "geometry": {
        "type": "Point",
        "coordinates": [
          15.5359,
          44.7208
        ]
      },
      "properties": {
        "icao24": "4692ce",
        "callsign": "AEE8MC",
        "origin_country": "Greece",
        "time_position": 1783869590,
        "last_contact": 1783869590,
        "baro_altitude": 10980.42,
        "on_ground": false,
        "velocity": 215.14,
        "true_track": 332.52,
        "vertical_rate": 0.33,
        "geo_altitude": 11460.48,
        "squawk": "6632",
        "spi": false,
        "position_source": 0
      }
    },
    {
      "type": "Feature",
      "geometry": {
        "type": "Point",
        "coordinates": [
          14.4849,
          35.8523
        ]
      },
      "properties": {
        "icao24": "4d2035",
        "callsign": "KMM376",
        "origin_country": "Malta",
        "time_position": 1783869590,
        "last_contact": 1783869590,
        "baro_altitude": null,
        "on_ground": true,
        "velocity": 3.34,
        "true_track": 225,
        "vertical_rate": null,
        "geo_altitude": null,
        "squawk": null,
        "spi": false,
        "position_source": 0
      }
    },
    {
      "type": "Feature",
      "geometry": {
        "type": "Point",
        "coordinates": [
          14.4902,
          35.8507
        ]
      },
      "properties": {
        "icao24": "4d2038",
        "callsign": "KMM466",
        "origin_country": "Malta",
        "time_position": 1783869589,
        "last_contact": 1783869589,
        "baro_altitude": null,
        "on_ground": true,
        "velocity": 0,
        "true_track": 45,
        "vertical_rate": null,
        "geo_altitude": null,
        "squawk": null,
        "spi": false,
        "position_source": 0
      }
    },
    {
      "type": "Feature",
      "geometry": {
        "type": "Point",
        "coordinates": [
          12.2087,
          41.5735
        ]
      },
      "properties": {
        "icao24": "4d201e",
        "callsign": "WMT2WZ",
        "origin_country": "Malta",
        "time_position": 1783869590,
        "last_contact": 1783869590,
        "baro_altitude": 2857.5,
        "on_ground": false,
        "velocity": 138.29,
        "true_track": 107.76,
        "vertical_rate": 12.35,
        "geo_altitude": 3078.48,
        "squawk": null,
        "spi": false,
        "position_source": 0
      }
    },
    {
      "type": "Feature",
      "geometry": {
        "type": "Point",
        "coordinates": [
          10.7247,
          38.9894
        ]
      },
      "properties": {
        "icao24": "348207",
        "callsign": "VLG12QL",
        "origin_country": "Spain",
        "time_position": 1783869580,
        "last_contact": 1783869581,
        "baro_altitude": 8534.4,
        "on_ground": false,
        "velocity": 195.14,
        "true_track": 312.65,
        "vertical_rate": 0,
        "geo_altitude": 9105.9,
        "squawk": "6570",
        "spi": false,
        "position_source": 0
      }
    },
    {
      "type": "Feature",
      "geometry": {
        "type": "Point",
        "coordinates": [
          15.6685,
          41.1246
        ]
      },
      "properties": {
        "icao24": "348208",
        "callsign": "VLG8QA",
        "origin_country": "Spain",
        "time_position": 1783869589,
        "last_contact": 1783869590,
        "baro_altitude": 4373.88,
        "on_ground": false,
        "velocity": 173.49,
        "true_track": 112.31,
        "vertical_rate": -13.33,
        "geo_altitude": 4693.92,
        "squawk": "1000",
        "spi": false,
        "position_source": 0
      }
    },
    {
      "type": "Feature",
      "geometry": {
        "type": "Point",
        "coordinates": [
          6.0017,
          43.506
        ]
      },
      "properties": {
        "icao24": "348203",
        "callsign": "VLG78KH",
        "origin_country": "Spain",
        "time_position": 1783869590,
        "last_contact": 1783869590,
        "baro_altitude": 10050.78,
        "on_ground": false,
        "velocity": 225.2,
        "true_track": 241.03,
        "vertical_rate": -0.33,
        "geo_altitude": 10637.52,
        "squawk": "1000",
        "spi": false,
        "position_source": 0
      }
    },
    {
      "type": "Feature",
      "geometry": {
        "type": "Point",
        "coordinates": [
          18.403,
          46.5403
        ]
      },
      "properties": {
        "icao24": "4d2049",
        "callsign": "WZZ645",
        "origin_country": "Malta",
        "time_position": 1783869590,
        "last_contact": 1783869590,
        "baro_altitude": 11582.4,
        "on_ground": false,
        "velocity": 207.54,
        "true_track": 306.33,
        "vertical_rate": -0.33,
        "geo_altitude": 12024.36,
        "squawk": "1334",
        "spi": false,
        "position_source": 0
      }
    },
    {
      "type": "Feature",
      "geometry": {
        "type": "Point",
        "coordinates": [
          11.559,
          46.8229
        ]
      },
      "properties": {
        "icao24": "4d202d",
        "callsign": "SWU1951",
        "origin_country": "Malta",
        "time_position": 1783869589,
        "last_contact": 1783869590,
        "baro_altitude": 6096,
        "on_ground": false,
        "velocity": 184.18,
        "true_track": 204.42,
        "vertical_rate": 0,
        "geo_altitude": 6484.62,
        "squawk": "1000",
        "spi": false,
        "position_source": 0
      }
    },
    {
      "type": "Feature",
      "geometry": {
        "type": "Point",
        "coordinates": [
          9.28,
          45.4429
        ]
      },
      "properties": {
        "icao24": "4d2042",
        "callsign": "AEZ7335",
        "origin_country": "Malta",
        "time_position": 1783869589,
        "last_contact": 1783869589,
        "baro_altitude": null,
        "on_ground": true,
        "velocity": 10.29,
        "true_track": 174.38,
        "vertical_rate": null,
        "geo_altitude": null,
        "squawk": null,
        "spi": false,
        "position_source": 0
      }
    },
    {
      "type": "Feature",
      "geometry": {
        "type": "Point",
        "coordinates": [
          14.2169,
          38.0675
        ]
      },
      "properties": {
        "icao24": "30024c",
        "callsign": "CAN25",
        "origin_country": "Italy",
        "time_position": 1783869590,
        "last_contact": 1783869590,
        "baro_altitude": 2301.24,
        "on_ground": false,
        "velocity": 102.87,
        "true_track": 81.95,
        "vertical_rate": -0.98,
        "geo_altitude": 2514.6,
        "squawk": null,
        "spi": false,
        "position_source": 0
      }
    },
    {
      "type": "Feature",
      "geometry": {
        "type": "Point",
        "coordinates": [
          10.1528,
          47.7323
        ]
      },
      "properties": {
        "icao24": "3c66a8",
        "callsign": "DLH24T",
        "origin_country": "Germany",
        "time_position": 1783869590,
        "last_contact": 1783869590,
        "baro_altitude": 6949.44,
        "on_ground": false,
        "velocity": 212.31,
        "true_track": 67.04,
        "vertical_rate": -13,
        "geo_altitude": 7383.78,
        "squawk": "1000",
        "spi": false,
        "position_source": 0
      }
    },
    {
      "type": "Feature",
      "geometry": {
        "type": "Point",
        "coordinates": [
          9.0107,
          44.4681
        ]
      },
      "properties": {
        "icao24": "31dfca",
        "callsign": "IE204",
        "origin_country": "Italy",
        "time_position": 1783869590,
        "last_contact": 1783869590,
        "baro_altitude": 2400.3,
        "on_ground": false,
        "velocity": 60.09,
        "true_track": 147.94,
        "vertical_rate": 2.28,
        "geo_altitude": 2575.56,
        "squawk": null,
        "spi": false,
        "position_source": 0
      }
    },
    {
      "type": "Feature",
      "geometry": {
        "type": "Point",
        "coordinates": [
          7.2114,
          43.6603
        ]
      },
      "properties": {
        "icao24": "493033",
        "callsign": "NJE381Y",
        "origin_country": "Portugal",
        "time_position": 1783869590,
        "last_contact": 1783869590,
        "baro_altitude": null,
        "on_ground": true,
        "velocity": 0,
        "true_track": 135,
        "vertical_rate": null,
        "geo_altitude": null,
        "squawk": "1000",
        "spi": false,
        "position_source": 0
      }
    },
    {
      "type": "Feature",
      "geometry": {
        "type": "Point",
        "coordinates": [
          8.5612,
          47.442
        ]
      },
      "properties": {
        "icao24": "4b17f8",
        "callsign": "SWR730M",
        "origin_country": "Switzerland",
        "time_position": 1783869575,
        "last_contact": 1783869575,
        "baro_altitude": null,
        "on_ground": true,
        "velocity": 0,
        "true_track": 244.69,
        "vertical_rate": null,
        "geo_altitude": null,
        "squawk": "2000",
        "spi": false,
        "position_source": 0
      }
    },
    {
      "type": "Feature",
      "geometry": {
        "type": "Point",
        "coordinates": [
          8.5584,
          47.4487
        ]
      },
      "properties": {
        "icao24": "4b17de",
        "callsign": "SWR5BP",
        "origin_country": "Switzerland",
        "time_position": 1783869586,
        "last_contact": 1783869589,
        "baro_altitude": 373.38,
        "on_ground": true,
        "velocity": 0,
        "true_track": 244.69,
        "vertical_rate": null,
        "geo_altitude": null,
        "squawk": "2000",
        "spi": false,
        "position_source": 0
      }
    },
    {
      "type": "Feature",
      "geometry": {
        "type": "Point",
        "coordinates": [
          8.5599,
          47.4466
        ]
      },
      "properties": {
        "icao24": "4b17e3",
        "callsign": "SWR7CP",
        "origin_country": "Switzerland",
        "time_position": 1783869584,
        "last_contact": 1783869589,
        "baro_altitude": 373.38,
        "on_ground": true,
        "velocity": 0,
        "true_track": 244.69,
        "vertical_rate": null,
        "geo_altitude": null,
        "squawk": "2000",
        "spi": false,
        "position_source": 0
      }
    },
    {
      "type": "Feature",
      "geometry": {
        "type": "Point",
        "coordinates": [
          11.0511,
          43.932
        ]
      },
      "properties": {
        "icao24": "4b17fd",
        "callsign": "SWR5YW",
        "origin_country": "Switzerland",
        "time_position": 1783869589,
        "last_contact": 1783869589,
        "baro_altitude": 10302.24,
        "on_ground": false,
        "velocity": 212.88,
        "true_track": 326.23,
        "vertical_rate": 7.8,
        "geo_altitude": 10850.88,
        "squawk": "1000",
        "spi": false,
        "position_source": 0
      }
    },
    {
      "type": "Feature",
      "geometry": {
        "type": "Point",
        "coordinates": [
          7.5868,
          46.6251
        ]
      },
      "properties": {
        "icao24": "4b17fe",
        "callsign": "SWR80K",
        "origin_country": "Switzerland",
        "time_position": 1783869590,
        "last_contact": 1783869590,
        "baro_altitude": 6705.6,
        "on_ground": false,
        "velocity": 199.04,
        "true_track": 33.4,
        "vertical_rate": 0,
        "geo_altitude": 7139.94,
        "squawk": "1000",
        "spi": false,
        "position_source": 0
      }
    },
    {
      "type": "Feature",
      "geometry": {
        "type": "Point",
        "coordinates": [
          8.2165,
          44.8865
        ]
      },
      "properties": {
        "icao24": "398560",
        "callsign": "AFR59MZ",
        "origin_country": "France",
        "time_position": 1783869589,
        "last_contact": 1783869589,
        "baro_altitude": 10363.2,
        "on_ground": false,
        "velocity": 218.44,
        "true_track": 326.24,
        "vertical_rate": 0,
        "geo_altitude": 10888.98,
        "squawk": "1000",
        "spi": false,
        "position_source": 0
      }
    },
    {
      "type": "Feature",
      "geometry": {
        "type": "Point",
        "coordinates": [
          6.2521,
          43.9854
        ]
      },
      "properties": {
        "icao24": "398569",
        "callsign": "AFR32ZQ",
        "origin_country": "France",
        "time_position": 1783869590,
        "last_contact": 1783869590,
        "baro_altitude": 11277.6,
        "on_ground": false,
        "velocity": 240.7,
        "true_track": 146.24,
        "vertical_rate": 0,
        "geo_altitude": 11894.82,
        "squawk": "7666",
        "spi": false,
        "position_source": 0
      }
    },
    {
      "type": "Feature",
      "geometry": {
        "type": "Point",
        "coordinates": [
          15.6422,
          43.5179
        ]
      },
      "properties": {
        "icao24": "398563",
        "callsign": "AFR51JY",
        "origin_country": "France",
        "time_position": 1783869380,
        "last_contact": 1783869380,
        "baro_altitude": 4312.92,
        "on_ground": false,
        "velocity": 210.26,
        "true_track": 135,
        "vertical_rate": -13.33,
        "geo_altitude": 4549.14,
        "squawk": "1000",
        "spi": false,
        "position_source": 0
      }
    },
    {
      "type": "Feature",
      "geometry": {
        "type": "Point",
        "coordinates": [
          10.2682,
          43.2878
        ]
      },
      "properties": {
        "icao24": "4caa58",
        "callsign": "RYR5YH",
        "origin_country": "Ireland",
        "time_position": 1783869589,
        "last_contact": 1783869590,
        "baro_altitude": 1973.58,
        "on_ground": false,
        "velocity": 141.86,
        "true_track": 341.83,
        "vertical_rate": -4.88,
        "geo_altitude": 2156.46,
        "squawk": "4327",
        "spi": false,
        "position_source": 0
      }
    },
    {
      "type": "Feature",
      "geometry": {
        "type": "Point",
        "coordinates": [
          12.5131,
          43.0956
        ]
      },
      "properties": {
        "icao24": "4caa59",
        "callsign": "RYR1615",
        "origin_country": "Ireland",
        "time_position": 1783869588,
        "last_contact": 1783869590,
        "baro_altitude": 198.12,
        "on_ground": false,
        "velocity": 66.38,
        "true_track": 14.36,
        "vertical_rate": 0.65,
        "geo_altitude": 259.08,
        "squawk": null,
        "spi": false,
        "position_source": 0
      }
    },
    {
      "type": "Feature",
      "geometry": {
        "type": "Point",
        "coordinates": [
          17.0667,
          46.3742
        ]
      },
      "properties": {
        "icao24": "458665",
        "callsign": "CAT319",
        "origin_country": "Denmark",
        "time_position": 1783869590,
        "last_contact": 1783869590,
        "baro_altitude": 11277.6,
        "on_ground": false,
        "velocity": 257.58,
        "true_track": 157.33,
        "vertical_rate": 0,
        "geo_altitude": 11689.08,
        "squawk": "3513",
        "spi": false,
        "position_source": 0
      }
    }
  ]
}