{
  "type": "FeatureCollection",
  "source": "opensky",
  "dataset": "aircraft_italy",
  "generated_at": "2026-09-04T21:44:58.699591+00:00",
  "opensky_time": 1788558295,
  "count": 314,
  "features": [
    {
      "type": "Feature",
      "geometry": {
        "type": "Point",
        "coordinates": [
          7.2283,
          43.6718
        ]
      },
      "properties": {
        "icao24": "50046a",
        "callsign": "DWC055",
        "origin_country": "San Marino",
        "time_position": 1788557950,
        "last_contact": 1788558270,
        "baro_altitude": null,
        "on_ground": true,
        "velocity": 0,
        "true_track": 45,
        "vertical_rate": null,
        "geo_altitude": null,
        "squawk": "6327",
        "spi": false,
        "position_source": 0
      }
    },
    {
      "type": "Feature",
      "geometry": {
        "type": "Point",
        "coordinates": [
          10.9788,
          45.3853
        ]
      },
      "properties": {
        "icao24": "471efe",
        "callsign": "WMT1BF",
        "origin_country": "Hungary",
        "time_position": 1788558294,
        "last_contact": 1788558295,
        "baro_altitude": 1082.04,
        "on_ground": false,
        "velocity": 94.4,
        "true_track": 128.81,
        "vertical_rate": 6.18,
        "geo_altitude": 1219.2,
        "squawk": "0264",
        "spi": false,
        "position_source": 0
      }
    },
    {
      "type": "Feature",
      "geometry": {
        "type": "Point",
        "coordinates": [
          13.1259,
          39.9514
        ]
      },
      "properties": {
        "icao24": "46b82c",
        "callsign": "AEE712",
        "origin_country": "Greece",
        "time_position": 1788558294,
        "last_contact": 1788558294,
        "baro_altitude": 10355.58,
        "on_ground": false,
        "velocity": 232.47,
        "true_track": 284.74,
        "vertical_rate": 0.33,
        "geo_altitude": 11003.28,
        "squawk": null,
        "spi": false,
        "position_source": 0
      }
    },
    {
      "type": "Feature",
      "geometry": {
        "type": "Point",
        "coordinates": [
          8.4193,
          43.266
        ]
      },
      "properties": {
        "icao24": "440219",
        "callsign": "EJU97MH",
        "origin_country": "Austria",
        "time_position": 1788558294,
        "last_contact": 1788558294,
        "baro_altitude": 5821.68,
        "on_ground": false,
        "velocity": 179.93,
        "true_track": 288.33,
        "vertical_rate": -4.88,
        "geo_altitude": 6294.12,
        "squawk": "1000",
        "spi": false,
        "position_source": 0
      }
    },
    {
      "type": "Feature",
      "geometry": {
        "type": "Point",
        "coordinates": [
          18.0622,
          43.1713
        ]
      },
      "properties": {
        "icao24": "46b821",
        "callsign": "AEE615",
        "origin_country": "Greece",
        "time_position": 1788558286,
        "last_contact": 1788558291,
        "baro_altitude": 11292.84,
        "on_ground": false,
        "velocity": 244.25,
        "true_track": 138.76,
        "vertical_rate": 0.33,
        "geo_altitude": 11917.68,
        "squawk": "0666",
        "spi": false,
        "position_source": 0
      }
    },
    {
      "type": "Feature",
      "geometry": {
        "type": "Point",
        "coordinates": [
          7.2818,
          46.1613
        ]
      },
      "properties": {
        "icao24": "4400f9",
        "callsign": "MJF19E",
        "origin_country": "Austria",
        "time_position": 1788558294,
        "last_contact": 1788558294,
        "baro_altitude": 12192,
        "on_ground": false,
        "velocity": 216.27,
        "true_track": 301.88,
        "vertical_rate": -0.33,
        "geo_altitude": 12793.98,
        "squawk": "1000",
        "spi": false,
        "position_source": 0
      }
    },
    {
      "type": "Feature",
      "geometry": {
        "type": "Point",
        "coordinates": [
          16.6436,
          37.4048
        ]
      },
      "properties": {
        "icao24": "471f6f",
        "callsign": "WMT8NL",
        "origin_country": "Hungary",
        "time_position": 1788558294,
        "last_contact": 1788558294,
        "baro_altitude": 10668,
        "on_ground": false,
        "velocity": 216.96,
        "true_track": 29.24,
        "vertical_rate": 0,
        "geo_altitude": 11292.84,
        "squawk": "6564",
        "spi": false,
        "position_source": 0
      }
    },
    {
      "type": "Feature",
      "geometry": {
        "type": "Point",
        "coordinates": [
          18.272,
          45.4697
        ]
      },
      "properties": {
        "icao24": "471f6e",
        "callsign": "WMT307",
        "origin_country": "Hungary",
        "time_position": 1788558295,
        "last_contact": 1788558295,
        "baro_altitude": 10675.62,
        "on_ground": false,
        "velocity": 245.98,
        "true_track": 93.96,
        "vertical_rate": 0,
        "geo_altitude": 11262.36,
        "squawk": "0434",
        "spi": false,
        "position_source": 0
      }
    },
    {
      "type": "Feature",
      "geometry": {
        "type": "Point",
        "coordinates": [
          11.4863,
          45.181
        ]
      },
      "properties": {
        "icao24": "34310d",
        "callsign": "BCS2234",
        "origin_country": "Spain",
        "time_position": 1788558294,
        "last_contact": 1788558294,
        "baro_altitude": 6347.46,
        "on_ground": false,
        "velocity": 201.81,
        "true_track": 349.72,
        "vertical_rate": 12.03,
        "geo_altitude": 6774.18,
        "squawk": "0227",
        "spi": false,
        "position_source": 0
      }
    },
    {
      "type": "Feature",
      "geometry": {
        "type": "Point",
        "coordinates": [
          11.5985,
          41.8083
        ]
      },
      "properties": {
        "icao24": "4400b7",
        "callsign": "EJU61MN",
        "origin_country": "Austria",
        "time_position": 1788558294,
        "last_contact": 1788558294,
        "baro_altitude": 4091.94,
        "on_ground": false,
        "velocity": 195.18,
        "true_track": 306.75,
        "vertical_rate": 11.7,
        "geo_altitude": 4442.46,
        "squawk": null,
        "spi": false,
        "position_source": 0
      }
    },
    {
      "type": "Feature",
      "geometry": {
        "type": "Point",
        "coordinates": [
          18.3086,
          47.1971
        ]
      },
      "properties": {
        "icao24": "471f44",
        "callsign": "WMT282",
        "origin_country": "Hungary",
        "time_position": 1788558294,
        "last_contact": 1788558294,
        "baro_altitude": 11277.6,
        "on_ground": false,
        "velocity": 250.99,
        "true_track": 118.93,
        "vertical_rate": 0,
        "geo_altitude": 11856.72,
        "squawk": "1000",
        "spi": false,
        "position_source": 0
      }
    },
    {
      "type": "Feature",
      "geometry": {
        "type": "Point",
        "coordinates": [
          12.7963,
          44.0061
        ]
      },
      "properties": {
        "icao24": "471f02",
        "callsign": "WMT4545",
        "origin_country": "Hungary",
        "time_position": 1788558294,
        "last_contact": 1788558294,
        "baro_altitude": 11887.2,
        "on_ground": false,
        "velocity": 233.13,
        "true_track": 108.79,
        "vertical_rate": -0.33,
        "geo_altitude": 12542.52,
        "squawk": "3740",
        "spi": false,
        "position_source": 0
      }
    },
    {
      "type": "Feature",
      "geometry": {
        "type": "Point",
        "coordinates": [
          7.9042,
          47.0923
        ]
      },
      "properties": {
        "icao24": "407b8e",
        "callsign": "BAW544K",
        "origin_country": "United Kingdom",
        "time_position": 1788558294,
        "last_contact": 1788558294,
        "baro_altitude": 11269.98,
        "on_ground": false,
        "velocity": 239.82,
        "true_track": 151.84,
        "vertical_rate": 0,
        "geo_altitude": 11864.34,
        "squawk": "0530",
        "spi": false,
        "position_source": 0
      }
    },
    {
      "type": "Feature",
      "geometry": {
        "type": "Point",
        "coordinates": [
          8.6033,
          46.7228
        ]
      },
      "properties": {
        "icao24": "3c4b2b",
        "callsign": "DLH572",
        "origin_country": "Germany",
        "time_position": 1788558295,
        "last_contact": 1788558295,
        "baro_altitude": 9441.18,
        "on_ground": false,
        "velocity": 254.26,
        "true_track": 175.94,
        "vertical_rate": 0.65,
        "geo_altitude": 9989.82,
        "squawk": "2541",
        "spi": false,
        "position_source": 0
      }
    },
    {
      "type": "Feature",
      "geometry": {
        "type": "Point",
        "coordinates": [
          15.0617,
          39.8357
        ]
      },
      "properties": {
        "icao24": "440352",
        "callsign": "EJU14XD",
        "origin_country": "Austria",
        "time_position": 1788558294,
        "last_contact": 1788558294,
        "baro_altitude": 9814.56,
        "on_ground": false,
        "velocity": 230.81,
        "true_track": 297.76,
        "vertical_rate": 5.85,
        "geo_altitude": 10469.88,
        "squawk": null,
        "spi": false,
        "position_source": 0
      }
    },
    {
      "type": "Feature",
      "geometry": {
        "type": "Point",
        "coordinates": [
          12.6379,
          47.0196
        ]
      },
      "properties": {
        "icao24": "471fa7",
        "callsign": "WZZ99",
        "origin_country": "Hungary",
        "time_position": 1788558295,
        "last_contact": 1788558295,
        "baro_altitude": 9761.22,
        "on_ground": false,
        "velocity": 219.42,
        "true_track": 228.61,
        "vertical_rate": 0,
        "geo_altitude": 10309.86,
        "squawk": "1000",
        "spi": false,
        "position_source": 0
      }
    },
    {
      "type": "Feature",
      "geometry": {
        "type": "Point",
        "coordinates": [
          16.0761,
          43.7965
        ]
      },
      "properties": {
        "icao24": "471fa0",
        "callsign": "WMT3YZ",
        "origin_country": "Hungary",
        "time_position": 1788558294,
        "last_contact": 1788558295,
        "baro_altitude": 10355.58,
        "on_ground": false,
        "velocity": 227.33,
        "true_track": 304.77,
        "vertical_rate": 0,
        "geo_altitude": 10988.04,
        "squawk": "5656",
        "spi": false,
        "position_source": 0
      }
    },
    {
      "type": "Feature",
      "geometry": {
        "type": "Point",
        "coordinates": [
          11.0903,
          44.4363
        ]
      },
      "properties": {
        "icao24": "471fae",
        "callsign": "WMT6420",
        "origin_country": "Hungary",
        "time_position": 1788558294,
        "last_contact": 1788558294,
        "baro_altitude": 10363.2,
        "on_ground": false,
        "velocity": 243.44,
        "true_track": 74.05,
        "vertical_rate": 0,
        "geo_altitude": 10980.42,
        "squawk": "0453",
        "spi": false,
        "position_source": 0
      }
    },
    {
      "type": "Feature",
      "geometry": {
        "type": "Point",
        "coordinates": [
          17.8277,
          43.804
        ]
      },
      "properties": {
        "icao24": "47b1dc",
        "callsign": "IGO24V",
        "origin_country": "Norway",
        "time_position": 1788558294,
        "last_contact": 1788558294,
        "baro_altitude": 10660.38,
        "on_ground": false,
        "velocity": 263.42,
        "true_track": 136.11,
        "vertical_rate": 0,
        "geo_altitude": 11315.7,
        "squawk": "2244",
        "spi": false,
        "position_source": 0
      }
    },
    {
      "type": "Feature",
      "geometry": {
        "type": "Point",
        "coordinates": [
          12.3313,
          46.3128
        ]
      },
      "properties": {
        "icao24": "4401e2",
        "callsign": "FDX4774",
        "origin_country": "Austria",
        "time_position": 1788558294,
        "last_contact": 1788558294,
        "baro_altitude": 10972.8,
        "on_ground": false,
        "velocity": 206.73,
        "true_track": 291.46,
        "vertical_rate": 0,
        "geo_altitude": 11582.4,
        "squawk": "3265",
        "spi": false,
        "position_source": 0
      }
    },
    {
      "type": "Feature",
      "geometry": {
        "type": "Point",
        "coordinates": [
          7.9946,
          45.3588
        ]
      },
      "properties": {
        "icao24": "4401e9",
        "callsign": "EJU36QU",
        "origin_country": "Austria",
        "time_position": 1788558294,
        "last_contact": 1788558294,
        "baro_altitude": 4191,
        "on_ground": false,
        "velocity": 223.37,
        "true_track": 88.28,
        "vertical_rate": -13.98,
        "geo_altitude": 4526.28,
        "squawk": "0555",
        "spi": false,
        "position_source": 0
      }
    },
    {
      "type": "Feature",
      "geometry": {
        "type": "Point",
        "coordinates": [
          17.8121,
          41.4235
        ]
      },
      "properties": {
        "icao24": "4068f5",
        "callsign": "EXS59LV",
        "origin_country": "United Kingdom",
        "time_position": 1788558288,
        "last_contact": 1788558288,
        "baro_altitude": 10972.8,
        "on_ground": false,
        "velocity": 223.95,
        "true_track": 320.31,
        "vertical_rate": 0,
        "geo_altitude": 11612.88,
        "squawk": null,
        "spi": false,
        "position_source": 0
      }
    },
    {
      "type": "Feature",
      "geometry": {
        "type": "Point",
        "coordinates": [
          9.78,
          46.8279
        ]
      },
      "properties": {
        "icao24": "a41cf8",
        "callsign": "UPS267",
        "origin_country": "United States",
        "time_position": 1788558295,
        "last_contact": 1788558295,
        "baro_altitude": 10988.04,
        "on_ground": false,
        "velocity": 250.08,
        "true_track": 353.5,
        "vertical_rate": 0,
        "geo_altitude": 11559.54,
        "squawk": "2750",
        "spi": false,
        "position_source": 0
      }
    },
    {
      "type": "Feature",
      "geometry": {
        "type": "Point",
        "coordinates": [
          8.4857,
          46.0534
        ]
      },
      "properties": {
        "icao24": "a03b91",
        "callsign": "FDX6335",
        "origin_country": "United States",
        "time_position": 1788558294,
        "last_contact": 1788558294,
        "baro_altitude": 10370.82,
        "on_ground": false,
        "velocity": 218.57,
        "true_track": 291.98,
        "vertical_rate": 0.33,
        "geo_altitude": 10942.32,
        "squawk": "3276",
        "spi": false,
        "position_source": 0
      }
    },
    {
      "type": "Feature",
      "geometry": {
        "type": "Point",
        "coordinates": [
          10.6677,
          44.4779
        ]
      },
      "properties": {
        "icao24": "471d60",
        "callsign": "WZZ9198",
        "origin_country": "Hungary",
        "time_position": 1788558294,
        "last_contact": 1788558294,
        "baro_altitude": 10972.8,
        "on_ground": false,
        "velocity": 249.09,
        "true_track": 69.32,
        "vertical_rate": 0,
        "geo_altitude": 11635.74,
        "squawk": "0455",
        "spi": false,
        "position_source": 0
      }
    },
    {
      "type": "Feature",
      "geometry": {
        "type": "Point",
        "coordinates": [
          13.0249,
          42.4904
        ]
      },
      "properties": {
        "icao24": "896191",
        "callsign": "UAE93P",
        "origin_country": "United Arab Emirates",
        "time_position": 1788558294,
        "last_contact": 1788558294,
        "baro_altitude": 11277.6,
        "on_ground": false,
        "velocity": 258.5,
        "true_track": 161.31,
        "vertical_rate": 0,
        "geo_altitude": 11948.16,
        "squawk": "0663",
        "spi": false,
        "position_source": 0
      }
    },
    {
      "type": "Feature",
      "geometry": {
        "type": "Point",
        "coordinates": [
          17.1468,
          44.0245
        ]
      },
      "properties": {
        "icao24": "47b12e",
        "callsign": "IGO36F",
        "origin_country": "Norway",
        "time_position": 1788558294,
        "last_contact": 1788558294,
        "baro_altitude": 10668,
        "on_ground": false,
        "velocity": 263.67,
        "true_track": 140.07,
        "vertical_rate": 0.33,
        "geo_altitude": 11323.32,
        "squawk": "3166",
        "spi": false,
        "position_source": 0
      }
    },
    {
      "type": "Feature",
      "geometry": {
        "type": "Point",
        "coordinates": [
          17.0658,
          44.9824
        ]
      },
      "properties": {
        "icao24": "45213d",
        "callsign": "MSC2966",
        "origin_country": "Bulgaria",
        "time_position": 1788558294,
        "last_contact": 1788558294,
        "baro_altitude": 10363.2,
        "on_ground": false,
        "velocity": 224.16,
        "true_track": 320.87,
        "vertical_rate": 0,
        "geo_altitude": 10965.18,
        "squawk": "6623",
        "spi": false,
        "position_source": 0
      }
    },
    {
      "type": "Feature",
      "geometry": {
        "type": "Point",
        "coordinates": [
          16.2891,
          45.6382
        ]
      },
      "properties": {
        "icao24": "471dab",
        "callsign": "WMT2EE",
        "origin_country": "Hungary",
        "time_position": 1788558295,
        "last_contact": 1788558295,
        "baro_altitude": 11277.6,
        "on_ground": false,
        "velocity": 244.16,
        "true_track": 94.71,
        "vertical_rate": 0,
        "geo_altitude": 11910.06,
        "squawk": "0447",
        "spi": false,
        "position_source": 0
      }
    },
    {
      "type": "Feature",
      "geometry": {
        "type": "Point",
        "coordinates": [
          16.8596,
          44.6242
        ]
      },
      "properties": {
        "icao24": "8004e0",
        "callsign": "AIC170",
        "origin_country": "India",
        "time_position": 1788558294,
        "last_contact": 1788558294,
        "baro_altitude": 10668,
        "on_ground": false,
        "velocity": 260.47,
        "true_track": 135.48,
        "vertical_rate": 0,
        "geo_altitude": 11277.6,
        "squawk": "2267",
        "spi": false,
        "position_source": 0
      }
    },
    {
      "type": "Feature",
      "geometry": {
        "type": "Point",
        "coordinates": [
          18.4661,
          42.6258
        ]
      },
      "properties": {
        "icao24": "8004df",
        "callsign": "AIC118",
        "origin_country": "India",
        "time_position": 1788558291,
        "last_contact": 1788558293,
        "baro_altitude": 10668,
        "on_ground": false,
        "velocity": 259.37,
        "true_track": 138.06,
        "vertical_rate": 0,
        "geo_altitude": 11285.22,
        "squawk": "2252",
        "spi": false,
        "position_source": 0
      }
    },
    {
      "type": "Feature",
      "geometry": {
        "type": "Point",
        "coordinates": [
          8.236,
          41.5552
        ]
      },
      "properties": {
        "icao24": "34568c",
        "callsign": "VOE3HJ",
        "origin_country": "Spain",
        "time_position": 1788558294,
        "last_contact": 1788558294,
        "baro_altitude": 9311.64,
        "on_ground": false,
        "velocity": 212.83,
        "true_track": 301.96,
        "vertical_rate": 11.05,
        "geo_altitude": 9928.86,
        "squawk": null,
        "spi": false,
        "position_source": 0
      }
    },
    {
      "type": "Feature",
      "geometry": {
        "type": "Point",
        "coordinates": [
          14.9623,
          43.4702
        ]
      },
      "properties": {
        "icao24": "4066d0",
        "callsign": "TOM3VA",
        "origin_country": "United Kingdom",
        "time_position": 1788558294,
        "last_contact": 1788558294,
        "baro_altitude": 10972.8,
        "on_ground": false,
        "velocity": 226.64,
        "true_track": 311.69,
        "vertical_rate": 0,
        "geo_altitude": 11605.26,
        "squawk": "3703",
        "spi": false,
        "position_source": 0
      }
    },
    {
      "type": "Feature",
      "geometry": {
        "type": "Point",
        "coordinates": [
          16.2117,
          35.5989
        ]
      },
      "properties": {
        "icao24": "34668c",
        "callsign": "SVA2063",
        "origin_country": "Spain",
        "time_position": 1788558294,
        "last_contact": 1788558294,
        "baro_altitude": 11887.2,
        "on_ground": false,
        "velocity": 230.12,
        "true_track": 97.97,
        "vertical_rate": 0,
        "geo_altitude": 12527.28,
        "squawk": "7744",
        "spi": false,
        "position_source": 0
      }
    },
    {
      "type": "Feature",
      "geometry": {
        "type": "Point",
        "coordinates": [
          18.0537,
          43.1495
        ]
      },
      "properties": {
        "icao24": "896307",
        "callsign": "UAE150",
        "origin_country": "United Arab Emirates",
        "time_position": 1788558294,
        "last_contact": 1788558294,
        "baro_altitude": 10058.4,
        "on_ground": false,
        "velocity": 266.28,
        "true_track": 145.39,
        "vertical_rate": 0,
        "geo_altitude": 10652.76,
        "squawk": "0155",
        "spi": false,
        "position_source": 0
      }
    },
    {
      "type": "Feature",
      "geometry": {
        "type": "Point",
        "coordinates": [
          7.3994,
          47.612
        ]
      },
      "properties": {
        "icao24": "4067f3",
        "callsign": "TOM299",
        "origin_country": "United Kingdom",
        "time_position": 1788558294,
        "last_contact": 1788558294,
        "baro_altitude": 11582.4,
        "on_ground": false,
        "velocity": 220.44,
        "true_track": 303.58,
        "vertical_rate": -0.33,
        "geo_altitude": 12146.28,
        "squawk": "7525",
        "spi": false,
        "position_source": 0
      }
    },
    {
      "type": "Feature",
      "geometry": {
        "type": "Point",
        "coordinates": [
          15.1428,
          46.481
        ]
      },
      "properties": {
        "icao24": "89649e",
        "callsign": "ETD3AG",
        "origin_country": "United Arab Emirates",
        "time_position": 1788558294,
        "last_contact": 1788558294,
        "baro_altitude": 11887.2,
        "on_ground": false,
        "velocity": 266.39,
        "true_track": 123.66,
        "vertical_rate": 0,
        "geo_altitude": 12481.56,
        "squawk": "7552",
        "spi": false,
        "position_source": 0
      }
    },
    {
      "type": "Feature",
      "geometry": {
        "type": "Point",
        "coordinates": [
          12.5156,
          44.7073
        ]
      },
      "properties": {
        "icao24": "3a2e22",
        "callsign": "REU978",
        "origin_country": "France",
        "time_position": 1788558294,
        "last_contact": 1788558294,
        "baro_altitude": 11887.2,
        "on_ground": false,
        "velocity": 253.59,
        "true_track": 136.07,
        "vertical_rate": 0,
        "geo_altitude": 12542.52,
        "squawk": "0662",
        "spi": false,
        "position_source": 0
      }
    },
    {
      "type": "Feature",
      "geometry": {
        "type": "Point",
        "coordinates": [
          17.4746,
          45.5019
        ]
      },
      "properties": {
        "icao24": "8964f9",
        "callsign": "ETD18M",
        "origin_country": "United Arab Emirates",
        "time_position": 1788558294,
        "last_contact": 1788558294,
        "baro_altitude": 11277.6,
        "on_ground": false,
        "velocity": 263.82,
        "true_track": 124.03,
        "vertical_rate": -0.33,
        "geo_altitude": 11894.82,
        "squawk": "6436",
        "spi": false,
        "position_source": 0
      }
    },
    {
      "type": "Feature",
      "geometry": {
        "type": "Point",
        "coordinates": [
          15.4079,
          45.4462
        ]
      },
      "properties": {
        "icao24": "8964bf",
        "callsign": "ETD2NP",
        "origin_country": "United Arab Emirates",
        "time_position": 1788558294,
        "last_contact": 1788558295,
        "baro_altitude": 10668,
        "on_ground": false,
        "velocity": 268.64,
        "true_track": 138.65,
        "vertical_rate": -0.33,
        "geo_altitude": 11277.6,
        "squawk": "1165",
        "spi": false,
        "position_source": 0
      }
    },
    {
      "type": "Feature",
      "geometry": {
        "type": "Point",
        "coordinates": [
          17.4764,
          44.4941
        ]
      },
      "properties": {
        "icao24": "4064a4",
        "callsign": "TOM5EH",
        "origin_country": "United Kingdom",
        "time_position": 1788558293,
        "last_contact": 1788558294,
        "baro_altitude": 10972.8,
        "on_ground": false,
        "velocity": 222.82,
        "true_track": 286.64,
        "vertical_rate": 0,
        "geo_altitude": 11582.4,
        "squawk": "3255",
        "spi": false,
        "position_source": 0
      }
    },
    {
      "type": "Feature",
      "geometry": {
        "type": "Point",
        "coordinates": [
          12.927,
          44.4263
        ]
      },
      "properties": {
        "icao24": "8964e1",
        "callsign": "UAE39L",
        "origin_country": "United Arab Emirates",
        "time_position": 1788558294,
        "last_contact": 1788558295,
        "baro_altitude": 11277.6,
        "on_ground": false,
        "velocity": 263.85,
        "true_track": 110.31,
        "vertical_rate": -0.33,
        "geo_altitude": 11910.06,
        "squawk": "0440",
        "spi": false,
        "position_source": 0
      }
    },
    {
      "type": "Feature",
      "geometry": {
        "type": "Point",
        "coordinates": [
          12.6571,
          44.7218
        ]
      },
      "properties": {
        "icao24": "40655b",
        "callsign": "EXS6AJ",
        "origin_country": "United Kingdom",
        "time_position": 1788558294,
        "last_contact": 1788558294,
        "baro_altitude": 11582.4,
        "on_ground": false,
        "velocity": 219.38,
        "true_track": 302.16,
        "vertical_rate": 0,
        "geo_altitude": 12214.86,
        "squawk": "5534",
        "spi": false,
        "position_source": 0
      }
    },
    {
      "type": "Feature",
      "geometry": {
        "type": "Point",
        "coordinates": [
          15.6307,
          45.6185
        ]
      },
      "properties": {
        "icao24": "740827",
        "callsign": "RJA268",
        "origin_country": "Jordan",
        "time_position": 1788558294,
        "last_contact": 1788558294,
        "baro_altitude": 11879.58,
        "on_ground": false,
        "velocity": 260.81,
        "true_track": 130.76,
        "vertical_rate": 0.33,
        "geo_altitude": 12512.04,
        "squawk": "5201",
        "spi": false,
        "position_source": 0
      }
    },
    {
      "type": "Feature",
      "geometry": {
        "type": "Point",
        "coordinates": [
          8.4932,
          46.3221
        ]
      },
      "properties": {
        "icao24": "3009b2",
        "callsign": "DLA6CM",
        "origin_country": "Italy",
        "time_position": 1788558294,
        "last_contact": 1788558294,
        "baro_altitude": 6347.46,
        "on_ground": false,
        "velocity": 214.36,
        "true_track": 165.83,
        "vertical_rate": -11.05,
        "geo_altitude": 6774.18,
        "squawk": "1000",
        "spi": false,
        "position_source": 0
      }
    },
    {
      "type": "Feature",
      "geometry": {
        "type": "Point",
        "coordinates": [
          15.4431,
          46.9964
        ]
      },
      "properties": {
        "icao24": "3009b3",
        "callsign": "DLA37P",
        "origin_country": "Italy",
        "time_position": 1788557985,
        "last_contact": 1788557993,
        "baro_altitude": null,
        "on_ground": true,
        "velocity": 0,
        "true_track": 126.56,
        "vertical_rate": null,
        "geo_altitude": null,
        "squawk": "1000",
        "spi": false,
        "position_source": 0
      }
    },
    {
      "type": "Feature",
      "geometry": {
        "type": "Point",
        "coordinates": [
          10.1271,
          46.7072
        ]
      },
      "properties": {
        "icao24": "3009b4",
        "callsign": "DLA8884",
        "origin_country": "Italy",
        "time_position": 1788558294,
        "last_contact": 1788558294,
        "baro_altitude": 10058.4,
        "on_ground": false,
        "velocity": 243.6,
        "true_track": 149.26,
        "vertical_rate": 0,
        "geo_altitude": 10645.14,
        "squawk": "1000",
        "spi": false,
        "position_source": 0
      }
    },
    {
      "type": "Feature",
      "geometry": {
        "type": "Point",
        "coordinates": [
          12.1223,
          45.3259
        ]
      },
      "properties": {
        "icao24": "406531",
        "callsign": "BAW87PC",
        "origin_country": "United Kingdom",
        "time_position": 1788558294,
        "last_contact": 1788558295,
        "baro_altitude": 1280.16,
        "on_ground": false,
        "velocity": 109.63,
        "true_track": 42.15,
        "vertical_rate": -6.5,
        "geo_altitude": 1440.18,
        "squawk": "5222",
        "spi": false,
        "position_source": 0
      }
    },
    {
      "type": "Feature",
      "geometry": {
        "type": "Point",
        "coordinates": [
          16.4545,
          35.172
        ]
      },
      "properties": {
        "icao24": "8964c2",
        "callsign": "ETD104A",
        "origin_country": "United Arab Emirates",
        "time_position": 1788558294,
        "last_contact": 1788558294,
        "baro_altitude": 11269.98,
        "on_ground": false,
        "velocity": 241.45,
        "true_track": 110.71,
        "vertical_rate": 0,
        "geo_altitude": 11917.68,
        "squawk": "4112",
        "spi": false,
        "position_source": 0
      }
    },
    {
      "type": "Feature",
      "geometry": {
        "type": "Point",
        "coordinates": [
          7.7463,
          47.4176
        ]
      },
      "properties": {
        "icao24": "406673",
        "callsign": "EZY64HB",
        "origin_country": "United Kingdom",
        "time_position": 1788558294,
        "last_contact": 1788558294,
        "baro_altitude": 10980.42,
        "on_ground": false,
        "velocity": 221.79,
        "true_track": 312.27,
        "vertical_rate": 0.33,
        "geo_altitude": 11551.92,
        "squawk": "2744",
        "spi": false,
        "position_source": 0
      }
    },
    {
      "type": "Feature",
      "geometry": {
        "type": "Point",
        "coordinates": [
          6.7263,
          43.7982
        ]
      },
      "properties": {
        "icao24": "345212",
        "callsign": "VLG55RF",
        "origin_country": "Spain",
        "time_position": 1788558295,
        "last_contact": 1788558295,
        "baro_altitude": 10668,
        "on_ground": false,
        "velocity": 208.82,
        "true_track": 241.29,
        "vertical_rate": 0,
        "geo_altitude": 11308.08,
        "squawk": "1000",
        "spi": false,
        "position_source": 0
      }
    },
    {
      "type": "Feature",
      "geometry": {
        "type": "Point",
        "coordinates": [
          7.18,
          37.2086
        ]
      },
      "properties": {
        "icao24": "896679",
        "callsign": "UAE144",
        "origin_country": "United Arab Emirates",
        "time_position": 1788558272,
        "last_contact": 1788558273,
        "baro_altitude": 11277.6,
        "on_ground": false,
        "velocity": 250.42,
        "true_track": 107.21,
        "vertical_rate": 0,
        "geo_altitude": 11948.16,
        "squawk": "1441",
        "spi": false,
        "position_source": 0
      }
    },
    {
      "type": "Feature",
      "geometry": {
        "type": "Point",
        "coordinates": [
          8.1615,
          40.7396
        ]
      },
      "properties": {
        "icao24": "4bcd86",
        "callsign": "SXS5UK",
        "origin_country": "Turkey",
        "time_position": 1788558294,
        "last_contact": 1788558294,
        "baro_altitude": 11582.4,
        "on_ground": false,
        "velocity": 231.21,
        "true_track": 87.45,
        "vertical_rate": 0,
        "geo_altitude": 12283.44,
        "squawk": "1234",
        "spi": false,
        "position_source": 0
      }
    },
    {
      "type": "Feature",
      "geometry": {
        "type": "Point",
        "coordinates": [
          13.4854,
          45.8222
        ]
      },
      "properties": {
        "icao24": "4ca4f8",
        "callsign": "RYR83SL",
        "origin_country": "Ireland",
        "time_position": 1788558227,
        "last_contact": 1788558227,
        "baro_altitude": null,
        "on_ground": true,
        "velocity": 2.83,
        "true_track": 168.75,
        "vertical_rate": null,
        "geo_altitude": null,
        "squawk": "5114",
        "spi": false,
        "position_source": 0
      }
    },
    {
      "type": "Feature",
      "geometry": {
        "type": "Point",
        "coordinates": [
          8.6263,
          45.7073
        ]
      },
      "properties": {
        "icao24": "040131",
        "callsign": "ETH737",
        "origin_country": "Ethiopia",
        "time_position": 1788558294,
        "last_contact": 1788558294,
        "baro_altitude": 1089.66,
        "on_ground": false,
        "velocity": 123.37,
        "true_track": 310.26,
        "vertical_rate": 11.05,
        "geo_altitude": 1226.82,
        "squawk": "0404",
        "spi": false,
        "position_source": 0
      }
    },
    {
      "type": "Feature",
      "geometry": {
        "type": "Point",
        "coordinates": [
          14.4777,
          41.9865
        ]
      },
      "properties": {
        "icao24": "040133",
        "callsign": "ETH729",
        "origin_country": "Ethiopia",
        "time_position": 1788558294,
        "last_contact": 1788558294,
        "baro_altitude": 11277.6,
        "on_ground": false,
        "velocity": 254.14,
        "true_track": 126.52,
        "vertical_rate": 0,
        "geo_altitude": 11932.92,
        "squawk": "5721",
        "spi": false,
        "position_source": 0
      }
    },
    {
      "type": "Feature",
      "geometry": {
        "type": "Point",
        "coordinates": [
          9.7537,
          47.131
        ]
      },
      "properties": {
        "icao24": "040132",
        "callsign": "ETH707",
        "origin_country": "Ethiopia",
        "time_position": 1788558294,
        "last_contact": 1788558294,
        "baro_altitude": 10599.42,
        "on_ground": false,
        "velocity": 255.98,
        "true_track": 163.06,
        "vertical_rate": 4.23,
        "geo_altitude": 11148.06,
        "squawk": "0133",
        "spi": false,
        "position_source": 0
      }
    },
    {
      "type": "Feature",
      "geometry": {
        "type": "Point",
        "coordinates": [
          15.731,
          41.8147
        ]
      },
      "properties": {
        "icao24": "4ca568",
        "callsign": "RYR6MJ",
        "origin_country": "Ireland",
        "time_position": 1788558294,
        "last_contact": 1788558294,
        "baro_altitude": 7940.04,
        "on_ground": false,
        "velocity": 219.76,
        "true_track": 311.49,
        "vertical_rate": 8.78,
        "geo_altitude": 8435.34,
        "squawk": null,
        "spi": false,
        "position_source": 0
      }
    },
    {
      "type": "Feature",
      "geometry": {
        "type": "Point",
        "coordinates": [
          16.1379,
          46.7976
        ]
      },
      "properties": {
        "icao24": "4ca536",
        "callsign": "SAS7656",
        "origin_country": "Ireland",
        "time_position": 1788558295,
        "last_contact": 1788558295,
        "baro_altitude": 11582.4,
        "on_ground": false,
        "velocity": 223.11,
        "true_track": 346.67,
        "vertical_rate": 0,
        "geo_altitude": 12192,
        "squawk": "7743",
        "spi": false,
        "position_source": 0
      }
    },
    {
      "type": "Feature",
      "geometry": {
        "type": "Point",
        "coordinates": [
          10.2545,
          43.014
        ]
      },
      "properties": {
        "icao24": "4ca56d",
        "callsign": "RYR8HA",
        "origin_country": "Ireland",
        "time_position": 1788558294,
        "last_contact": 1788558294,
        "baro_altitude": 10317.48,
        "on_ground": false,
        "velocity": 244.54,
        "true_track": 138.5,
        "vertical_rate": 8.78,
        "geo_altitude": 10942.32,
        "squawk": "7442",
        "spi": false,
        "position_source": 0
      }
    },
    {
      "type": "Feature",
      "geometry": {
        "type": "Point",
        "coordinates": [
          6.4508,
          47.6785
        ]
      },
      "properties": {
        "icao24": "4ca56c",
        "callsign": "RYR9AZ",
        "origin_country": "Ireland",
        "time_position": 1788558294,
        "last_contact": 1788558294,
        "baro_altitude": 10668,
        "on_ground": false,
        "velocity": 252.09,
        "true_track": 135.25,
        "vertical_rate": 0,
        "geo_altitude": 11209.02,
        "squawk": "1000",
        "spi": false,
        "position_source": 0
      }
    },
    {
      "type": "Feature",
      "geometry": {
        "type": "Point",
        "coordinates": [
          14.9757,
          39.6354
        ]
      },
      "properties": {
        "icao24": "040045",
        "callsign": "ETH713",
        "origin_country": "Ethiopia",
        "time_position": 1788558294,
        "last_contact": 1788558294,
        "baro_altitude": 11887.2,
        "on_ground": false,
        "velocity": 242.23,
        "true_track": 128.79,
        "vertical_rate": -0.33,
        "geo_altitude": 12557.76,
        "squawk": null,
        "spi": false,
        "position_source": 0
      }
    },
    {
      "type": "Feature",
      "geometry": {
        "type": "Point",
        "coordinates": [
          13.2224,
          35.6789
        ]
      },
      "properties": {
        "icao24": "4ba9f9",
        "callsign": "THY6413",
        "origin_country": "Turkey",
        "time_position": 1788558294,
        "last_contact": 1788558294,
        "baro_altitude": 11582.4,
        "on_ground": false,
        "velocity": 250.41,
        "true_track": 246.38,
        "vertical_rate": 0,
        "geo_altitude": 12245.34,
        "squawk": "2336",
        "spi": false,
        "position_source": 0
      }
    },
    {
      "type": "Feature",
      "geometry": {
        "type": "Point",
        "coordinates": [
          16.2291,
          47.0957
        ]
      },
      "properties": {
        "icao24": "06a2f2",
        "callsign": "QTR072",
        "origin_country": "Qatar",
        "time_position": 1788558294,
        "last_contact": 1788558294,
        "baro_altitude": 11887.2,
        "on_ground": false,
        "velocity": 269.53,
        "true_track": 121.02,
        "vertical_rate": -0.33,
        "geo_altitude": 12481.56,
        "squawk": "7654",
        "spi": false,
        "position_source": 0
      }
    },
    {
      "type": "Feature",
      "geometry": {
        "type": "Point",
        "coordinates": [
          12.3373,
          43.0188
        ]
      },
      "properties": {
        "icao24": "49d414",
        "callsign": "TVS2783",
        "origin_country": "Czech Republic",
        "time_position": 1788558294,
        "last_contact": 1788558294,
        "baro_altitude": 10972.8,
        "on_ground": false,
        "velocity": 228.18,
        "true_track": 2.84,
        "vertical_rate": 0,
        "geo_altitude": 11628.12,
        "squawk": "6147",
        "spi": false,
        "position_source": 0
      }
    },
    {
      "type": "Feature",
      "geometry": {
        "type": "Point",
        "coordinates": [
          14.9179,
          43.8366
        ]
      },
      "properties": {
        "icao24": "406d95",
        "callsign": "EZY18YQ",
        "origin_country": "United Kingdom",
        "time_position": 1788558294,
        "last_contact": 1788558294,
        "baro_altitude": 10980.42,
        "on_ground": false,
        "velocity": 220.41,
        "true_track": 311.88,
        "vertical_rate": 0,
        "geo_altitude": 11628.12,
        "squawk": "3715",
        "spi": false,
        "position_source": 0
      }
    },
    {
      "type": "Feature",
      "geometry": {
        "type": "Point",
        "coordinates": [
          11.2404,
          44.5529
        ]
      },
      "properties": {
        "icao24": "4ca2bf",
        "callsign": "RYR55BJ",
        "origin_country": "Ireland",
        "time_position": 1788558294,
        "last_contact": 1788558294,
        "baro_altitude": 182.88,
        "on_ground": false,
        "velocity": 81.45,
        "true_track": 117.05,
        "vertical_rate": -3.9,
        "geo_altitude": 259.08,
        "squawk": "1000",
        "spi": false,
        "position_source": 0
      }
    },
    {
      "type": "Feature",
      "geometry": {
        "type": "Point",
        "coordinates": [
          8.7427,
          47.0855
        ]
      },
      "properties": {
        "icao24": "405a46",
        "callsign": "EFW682Q",
        "origin_country": "United Kingdom",
        "time_position": 1788558294,
        "last_contact": 1788558294,
        "baro_altitude": 10965.18,
        "on_ground": false,
        "velocity": 214.93,
        "true_track": 306.92,
        "vertical_rate": 0.33,
        "geo_altitude": 11529.06,
        "squawk": "7511",
        "spi": false,
        "position_source": 0
      }
    },
    {
      "type": "Feature",
      "geometry": {
        "type": "Point",
        "coordinates": [
          15.375,
          46.2457
        ]
      },
      "properties": {
        "icao24": "49d357",
        "callsign": "TVS2797",
        "origin_country": "Czech Republic",
        "time_position": 1788558293,
        "last_contact": 1788558294,
        "baro_altitude": 10980.42,
        "on_ground": false,
        "velocity": 227.44,
        "true_track": 19.01,
        "vertical_rate": 0,
        "geo_altitude": 11590.02,
        "squawk": "6170",
        "spi": false,
        "position_source": 0
      }
    },
    {
      "type": "Feature",
      "geometry": {
        "type": "Point",
        "coordinates": [
          7.3941,
          46.4183
        ]
      },
      "properties": {
        "icao24": "49d38c",
        "callsign": "TVS53B",
        "origin_country": "Czech Republic",
        "time_position": 1788558295,
        "last_contact": 1788558295,
        "baro_altitude": 10972.8,
        "on_ground": false,
        "velocity": 262.17,
        "true_track": 66.4,
        "vertical_rate": 0,
        "geo_altitude": 11544.3,
        "squawk": "1000",
        "spi": false,
        "position_source": 0
      }
    },
    {
      "type": "Feature",
      "geometry": {
        "type": "Point",
        "coordinates": [
          12.7501,
          45.9105
        ]
      },
      "properties": {
        "icao24": "406e66",
        "callsign": "EZY45AH",
        "origin_country": "United Kingdom",
        "time_position": 1788558294,
        "last_contact": 1788558294,
        "baro_altitude": 11582.4,
        "on_ground": false,
        "velocity": 219.72,
        "true_track": 314.62,
        "vertical_rate": -0.65,
        "geo_altitude": 12214.86,
        "squawk": "5514",
        "spi": false,
        "position_source": 0
      }
    },
    {
      "type": "Feature",
      "geometry": {
        "type": "Point",
        "coordinates": [
          7.8921,
          47.4542
        ]
      },
      "properties": {
        "icao24": "406cab",
        "callsign": "EXS35W",
        "origin_country": "United Kingdom",
        "time_position": 1788558294,
        "last_contact": 1788558294,
        "baro_altitude": 11582.4,
        "on_ground": false,
        "velocity": 217.34,
        "true_track": 307.98,
        "vertical_rate": 0.65,
        "geo_altitude": 12146.28,
        "squawk": "7523",
        "spi": false,
        "position_source": 0
      }
    },
    {
      "type": "Feature",
      "geometry": {
        "type": "Point",
        "coordinates": [
          9.7357,
          45.6625
        ]
      },
      "properties": {
        "icao24": "4ca27b",
        "callsign": "RYR50ZM",
        "origin_country": "Ireland",
        "time_position": 1788558294,
        "last_contact": 1788558295,
        "baro_altitude": 251.46,
        "on_ground": false,
        "velocity": 78.51,
        "true_track": 285.58,
        "vertical_rate": -3.58,
        "geo_altitude": 342.9,
        "squawk": "5237",
        "spi": false,
        "position_source": 0
      }
    },
    {
      "type": "Feature",
      "geometry": {
        "type": "Point",
        "coordinates": [
          10.807,
          41.9412
        ]
      },
      "properties": {
        "icao24": "4ca27c",
        "callsign": "RYR42CG",
        "origin_country": "Ireland",
        "time_position": 1788558294,
        "last_contact": 1788558294,
        "baro_altitude": 11277.6,
        "on_ground": false,
        "velocity": 242.62,
        "true_track": 192.74,
        "vertical_rate": 0,
        "geo_altitude": 11948.16,
        "squawk": "7437",
        "spi": false,
        "position_source": 0
      }
    },
    {
      "type": "Feature",
      "geometry": {
        "type": "Point",
        "coordinates": [
          14.9221,
          44.097
        ]
      },
      "properties": {
        "icao24": "406b84",
        "callsign": "EFW7SN",
        "origin_country": "United Kingdom",
        "time_position": 1788558294,
        "last_contact": 1788558294,
        "baro_altitude": 10965.18,
        "on_ground": false,
        "velocity": 224.4,
        "true_track": 307.08,
        "vertical_rate": 0.33,
        "geo_altitude": 11612.88,
        "squawk": "7241",
        "spi": false,
        "position_source": 0
      }
    },
    {
      "type": "Feature",
      "geometry": {
        "type": "Point",
        "coordinates": [
          13.2021,
          44.9499
        ]
      },
      "properties": {
        "icao24": "406b5b",
        "callsign": "EFW69BK",
        "origin_country": "United Kingdom",
        "time_position": 1788558294,
        "last_contact": 1788558294,
        "baro_altitude": 10378.44,
        "on_ground": false,
        "velocity": 219.3,
        "true_track": 305.74,
        "vertical_rate": 3.25,
        "geo_altitude": 10980.42,
        "squawk": "5333",
        "spi": false,
        "position_source": 0
      }
    },
    {
      "type": "Feature",
      "geometry": {
        "type": "Point",
        "coordinates": [
          6.3426,
          43.4571
        ]
      },
      "properties": {
        "icao24": "781986",
        "callsign": "CSH872",
        "origin_country": "China",
        "time_position": 1788558295,
        "last_contact": 1788558295,
        "baro_altitude": 6294.12,
        "on_ground": false,
        "velocity": 235.11,
        "true_track": 89.62,
        "vertical_rate": 8.13,
        "geo_altitude": 6781.8,
        "squawk": "5662",
        "spi": false,
        "position_source": 0
      }
    },
    {
      "type": "Feature",
      "geometry": {
        "type": "Point",
        "coordinates": [
          6.4001,
          36.3836
        ]
      },
      "properties": {
        "icao24": "06a063",
        "callsign": "QTR1396",
        "origin_country": "Qatar",
        "time_position": 1788558291,
        "last_contact": 1788558291,
        "baro_altitude": 10058.4,
        "on_ground": false,
        "velocity": 248.54,
        "true_track": 88.7,
        "vertical_rate": 0,
        "geo_altitude": 10728.96,
        "squawk": "6431",
        "spi": false,
        "position_source": 0
      }
    },
    {
      "type": "Feature",
      "geometry": {
        "type": "Point",
        "coordinates": [
          14.695,
          46.4348
        ]
      },
      "properties": {
        "icao24": "47c98d",
        "callsign": "IGO74F",
        "origin_country": "Norway",
        "time_position": 1788558294,
        "last_contact": 1788558294,
        "baro_altitude": 10668,
        "on_ground": false,
        "velocity": 270.97,
        "true_track": 130.92,
        "vertical_rate": -0.33,
        "geo_altitude": 11277.6,
        "squawk": "5233",
        "spi": false,
        "position_source": 0
      }
    },
    {
      "type": "Feature",
      "geometry": {
        "type": "Point",
        "coordinates": [
          8.7308,
          44.6937
        ]
      },
      "properties": {
        "icao24": "39cea5",
        "callsign": "TVF49XW",
        "origin_country": "France",
        "time_position": 1788558294,
        "last_contact": 1788558294,
        "baro_altitude": 11582.4,
        "on_ground": false,
        "velocity": 217.35,
        "true_track": 294.32,
        "vertical_rate": 0.33,
        "geo_altitude": 12230.1,
        "squawk": "1000",
        "spi": false,
        "position_source": 0
      }
    },
    {
      "type": "Feature",
      "geometry": {
        "type": "Point",
        "coordinates": [
          7.2464,
          47.7275
        ]
      },
      "properties": {
        "icao24": "407e60",
        "callsign": "EZY31YR",
        "origin_country": "United Kingdom",
        "time_position": 1788558294,
        "last_contact": 1788558294,
        "baro_altitude": 10980.42,
        "on_ground": false,
        "velocity": 210.48,
        "true_track": 304.54,
        "vertical_rate": 0.33,
        "geo_altitude": 11536.68,
        "squawk": "7515",
        "spi": false,
        "position_source": 0
      }
    },
    {
      "type": "Feature",
      "geometry": {
        "type": "Point",
        "coordinates": [
          8.7246,
          45.6473
        ]
      },
      "properties": {
        "icao24": "440614",
        "callsign": "EJU54MD",
        "origin_country": "Austria",
        "time_position": 1788558186,
        "last_contact": 1788558194,
        "baro_altitude": null,
        "on_ground": true,
        "velocity": 0,
        "true_track": 258.75,
        "vertical_rate": null,
        "geo_altitude": null,
        "squawk": "5336",
        "spi": false,
        "position_source": 0
      }
    },
    {
      "type": "Feature",
      "geometry": {
        "type": "Point",
        "coordinates": [
          17.132,
          47.0574
        ]
      },
      "properties": {
        "icao24": "440606",
        "callsign": "AUA75J",
        "origin_country": "Austria",
        "time_position": 1788558294,
        "last_contact": 1788558294,
        "baro_altitude": 8343.9,
        "on_ground": false,
        "velocity": 233.5,
        "true_track": 151.01,
        "vertical_rate": 8.78,
        "geo_altitude": 8831.58,
        "squawk": "5151",
        "spi": false,
        "position_source": 0
      }
    },
    {
      "type": "Feature",
      "geometry": {
        "type": "Point",
        "coordinates": [
          12.6654,
          46.1832
        ]
      },
      "properties": {
        "icao24": "440605",
        "callsign": "AUA466",
        "origin_country": "Austria",
        "time_position": 1788558294,
        "last_contact": 1788558294,
        "baro_altitude": 10972.8,
        "on_ground": false,
        "velocity": 247.21,
        "true_track": 61.68,
        "vertical_rate": 0,
        "geo_altitude": 11582.4,
        "squawk": "1000",
        "spi": false,
        "position_source": 0
      }
    },
    {
      "type": "Feature",
      "geometry": {
        "type": "Point",
        "coordinates": [
          13.2451,
          45.1428
        ]
      },
      "properties": {
        "icao24": "48c1a4",
        "callsign": "RYR31CG",
        "origin_country": "Poland",
        "time_position": 1788558294,
        "last_contact": 1788558294,
        "baro_altitude": 11887.2,
        "on_ground": false,
        "velocity": 237.72,
        "true_track": 124.24,
        "vertical_rate": 0.33,
        "geo_altitude": 12519.66,
        "squawk": "7553",
        "spi": false,
        "position_source": 0
      }
    },
    {
      "type": "Feature",
      "geometry": {
        "type": "Point",
        "coordinates": [
          9.0702,
          46.9158
        ]
      },
      "properties": {
        "icao24": "503d71",
        "callsign": "CFG8ZK",
        "origin_country": "Lithuania",
        "time_position": 1788558295,
        "last_contact": 1788558295,
        "baro_altitude": 10972.8,
        "on_ground": false,
        "velocity": 241.59,
        "true_track": 4.76,
        "vertical_rate": 0,
        "geo_altitude": 11559.54,
        "squawk": "2741",
        "spi": false,
        "position_source": 0
      }
    },
    {
      "type": "Feature",
      "geometry": {
        "type": "Point",
        "coordinates": [
          7.3169,
          43.6109
        ]
      },
      "properties": {
        "icao24": "407f35",
        "callsign": "EZY82NK",
        "origin_country": "United Kingdom",
        "time_position": 1788558294,
        "last_contact": 1788558294,
        "baro_altitude": 1165.86,
        "on_ground": false,
        "velocity": 112.67,
        "true_track": 166.53,
        "vertical_rate": 5.85,
        "geo_altitude": 1325.88,
        "squawk": null,
        "spi": false,
        "position_source": 0
      }
    },
    {
      "type": "Feature",
      "geometry": {
        "type": "Point",
        "coordinates": [
          15.5714,
          43.0713
        ]
      },
      "properties": {
        "icao24": "407f7c",
        "callsign": "EXS74WY",
        "origin_country": "United Kingdom",
        "time_position": 1788558290,
        "last_contact": 1788558295,
        "baro_altitude": 10972.8,
        "on_ground": false,
        "velocity": 221.44,
        "true_track": 312.18,
        "vertical_rate": 0,
        "geo_altitude": 11612.88,
        "squawk": "3712",
        "spi": false,
        "position_source": 0
      }
    },
    {
      "type": "Feature",
      "geometry": {
        "type": "Point",
        "coordinates": [
          12.3416,
          45.5032
        ]
      },
      "properties": {
        "icao24": "407f63",
        "callsign": "EZY41KP",
        "origin_country": "United Kingdom",
        "time_position": 1788558110,
        "last_contact": 1788558116,
        "baro_altitude": -22.86,
        "on_ground": true,
        "velocity": 0,
        "true_track": 312.19,
        "vertical_rate": null,
        "geo_altitude": null,
        "squawk": "2730",
        "spi": false,
        "position_source": 0
      }
    },
    {
      "type": "Feature",
      "geometry": {
        "type": "Point",
        "coordinates": [
          11.1342,
          45.8821
        ]
      },
      "properties": {
        "icao24": "48c2b7",
        "callsign": "RYR2PE",
        "origin_country": "Poland",
        "time_position": 1788558294,
        "last_contact": 1788558294,
        "baro_altitude": 10972.8,
        "on_ground": false,
        "velocity": 253.59,
        "true_track": 50.43,
        "vertical_rate": 0,
        "geo_altitude": 11582.4,
        "squawk": "1000",
        "spi": false,
        "position_source": 0
      }
    },
    {
      "type": "Feature",
      "geometry": {
        "type": "Point",
        "coordinates": [
          15.9793,
          46.9944
        ]
      },
      "properties": {
        "icao24": "48c2b2",
        "callsign": "RYR5KU",
        "origin_country": "Poland",
        "time_position": 1788558295,
        "last_contact": 1788558295,
        "baro_altitude": 10157.46,
        "on_ground": false,
        "velocity": 264.81,
        "true_track": 83.08,
        "vertical_rate": -4.88,
        "geo_altitude": 10721.34,
        "squawk": "1000",
        "spi": false,
        "position_source": 0
      }
    },
    {
      "type": "Feature",
      "geometry": {
        "type": "Point",
        "coordinates": [
          10.6458,
          45.9363
        ]
      },
      "properties": {
        "icao24": "48c2a7",
        "callsign": "RYR2DL",
        "origin_country": "Poland",
        "time_position": 1788558294,
        "last_contact": 1788558294,
        "baro_altitude": 6941.82,
        "on_ground": false,
        "velocity": 215.8,
        "true_track": 51,
        "vertical_rate": 10.4,
        "geo_altitude": 7391.4,
        "squawk": "1000",
        "spi": false,
        "position_source": 0
      }
    },
    {
      "type": "Feature",
      "geometry": {
        "type": "Point",
        "coordinates": [
          9.0841,
          44.6977
        ]
      },
      "properties": {
        "icao24": "49d00d",
        "callsign": "TVS2MN",
        "origin_country": "Czech Republic",
        "time_position": 1788558294,
        "last_contact": 1788558294,
        "baro_altitude": 10972.8,
        "on_ground": false,
        "velocity": 250.37,
        "true_track": 49.67,
        "vertical_rate": 0,
        "geo_altitude": 11612.88,
        "squawk": "1000",
        "spi": false,
        "position_source": 0
      }
    },
    {
      "type": "Feature",
      "geometry": {
        "type": "Point",
        "coordinates": [
          17.3095,
          45.9313
        ]
      },
      "properties": {
        "icao24": "48c134",
        "callsign": "RYR6PV",
        "origin_country": "Poland",
        "time_position": 1788558294,
        "last_contact": 1788558294,
        "baro_altitude": 11582.4,
        "on_ground": false,
        "velocity": 221.09,
        "true_track": 5.21,
        "vertical_rate": 0,
        "geo_altitude": 12192,
        "squawk": "1000",
        "spi": false,
        "position_source": 0
      }
    },
    {
      "type": "Feature",
      "geometry": {
        "type": "Point",
        "coordinates": [
          15.66,
          42.1477
        ]
      },
      "properties": {
        "icao24": "48c122",
        "callsign": "RYR6RE",
        "origin_country": "Poland",
        "time_position": 1788558294,
        "last_contact": 1788558294,
        "baro_altitude": 10972.8,
        "on_ground": false,
        "velocity": 228.95,
        "true_track": 6.71,
        "vertical_rate": 0,
        "geo_altitude": 11620.5,
        "squawk": null,
        "spi": false,
        "position_source": 0
      }
    },
    {
      "type": "Feature",
      "geometry": {
        "type": "Point",
        "coordinates": [
          6.9085,
          42.1594
        ]
      },
      "properties": {
        "icao24": "4cc4bd",
        "callsign": "ABD2604",
        "origin_country": "Iceland",
        "time_position": 1788558294,
        "last_contact": 1788558294,
        "baro_altitude": 10363.2,
        "on_ground": false,
        "velocity": 254.78,
        "true_track": 358.15,
        "vertical_rate": 0,
        "geo_altitude": 11003.28,
        "squawk": "1000",
        "spi": false,
        "position_source": 0
      }
    },
    {
      "type": "Feature",
      "geometry": {
        "type": "Point",
        "coordinates": [
          14.1149,
          39.1172
        ]
      },
      "properties": {
        "icao24": "440425",
        "callsign": "EJU3548",
        "origin_country": "Austria",
        "time_position": 1788558295,
        "last_contact": 1788558295,
        "baro_altitude": 10972.8,
        "on_ground": false,
        "velocity": 230.72,
        "true_track": 324.25,
        "vertical_rate": 0,
        "geo_altitude": 11643.36,
        "squawk": null,
        "spi": false,
        "position_source": 0
      }
    },
    {
      "type": "Feature",
      "geometry": {
        "type": "Point",
        "coordinates": [
          18.4789,
          47.2752
        ]
      },
      "properties": {
        "icao24": "4bb861",
        "callsign": "PGT43AN",
        "origin_country": "Turkey",
        "time_position": 1788558295,
        "last_contact": 1788558295,
        "baro_altitude": 10370.82,
        "on_ground": false,
        "velocity": 214.52,
        "true_track": 307.01,
        "vertical_rate": 0,
        "geo_altitude": 10904.22,
        "squawk": "3202",
        "spi": false,
        "position_source": 0
      }
    },
    {
      "type": "Feature",
      "geometry": {
        "type": "Point",
        "coordinates": [
          12.1686,
          41.792
        ]
      },
      "properties": {
        "icao24": "344691",
        "callsign": "VLG3EX",
        "origin_country": "Spain",
        "time_position": 1788558295,
        "last_contact": 1788558295,
        "baro_altitude": 838.2,
        "on_ground": false,
        "velocity": 110.11,
        "true_track": 268.93,
        "vertical_rate": 13.98,
        "geo_altitude": 982.98,
        "squawk": null,
        "spi": false,
        "position_source": 0
      }
    },
    {
      "type": "Feature",
      "geometry": {
        "type": "Point",
        "coordinates": [
          12.4973,
          47.4732
        ]
      },
      "properties": {
        "icao24": "4bb868",
        "callsign": "PGT5965",
        "origin_country": "Turkey",
        "time_position": 1788558294,
        "last_contact": 1788558294,
        "baro_altitude": 10980.42,
        "on_ground": false,
        "velocity": 212.89,
        "true_track": 313.34,
        "vertical_rate": -0.33,
        "geo_altitude": 11544.3,
        "squawk": "5335",
        "spi": false,
        "position_source": 0
      }
    },
    {
      "type": "Feature",
      "geometry": {
        "type": "Point",
        "coordinates": [
          6.065,
          46.8994
        ]
      },
      "properties": {
        "icao24": "4cc576",
        "callsign": "ICE7LI",
        "origin_country": "Iceland",
        "time_position": 1788558294,
        "last_contact": 1788558294,
        "baro_altitude": 11582.4,
        "on_ground": false,
        "velocity": 218.05,
        "true_track": 324.02,
        "vertical_rate": 0.33,
        "geo_altitude": 12184.38,
        "squawk": "5777",
        "spi": false,
        "position_source": 0
      }
    },
    {
      "type": "Feature",
      "geometry": {
        "type": "Point",
        "coordinates": [
          9.2736,
          39.6167
        ]
      },
      "properties": {
        "icao24": "46b8b6",
        "callsign": "AEE6LC",
        "origin_country": "Greece",
        "time_position": 1788558294,
        "last_contact": 1788558294,
        "baro_altitude": 11871.96,
        "on_ground": false,
        "velocity": 230.36,
        "true_track": 275.12,
        "vertical_rate": 2.6,
        "geo_altitude": 12565.38,
        "squawk": "2023",
        "spi": false,
        "position_source": 0
      }
    },
    {
      "type": "Feature",
      "geometry": {
        "type": "Point",
        "coordinates": [
          9.8966,
          45.6325
        ]
      },
      "properties": {
        "icao24": "48c22f",
        "callsign": "RYR34XQ",
        "origin_country": "Poland",
        "time_position": 1788558294,
        "last_contact": 1788558295,
        "baro_altitude": 899.16,
        "on_ground": false,
        "velocity": 94.71,
        "true_track": 284.79,
        "vertical_rate": -4.55,
        "geo_altitude": 1036.32,
        "squawk": "1000",
        "spi": false,
        "position_source": 0
      }
    },
    {
      "type": "Feature",
      "geometry": {
        "type": "Point",
        "coordinates": [
          17.308,
          45.8733
        ]
      },
      "properties": {
        "icao24": "48c232",
        "callsign": "RYR3YV",
        "origin_country": "Poland",
        "time_position": 1788558294,
        "last_contact": 1788558294,
        "baro_altitude": 10972.8,
        "on_ground": false,
        "velocity": 220.89,
        "true_track": 357.6,
        "vertical_rate": 0,
        "geo_altitude": 11559.54,
        "squawk": "1000",
        "spi": false,
        "position_source": 0
      }
    },
    {
      "type": "Feature",
      "geometry": {
        "type": "Point",
        "coordinates": [
          12.904,
          46.7913
        ]
      },
      "properties": {
        "icao24": "48c230",
        "callsign": "RYR9279",
        "origin_country": "Poland",
        "time_position": 1788558294,
        "last_contact": 1788558294,
        "baro_altitude": 10972.8,
        "on_ground": false,
        "velocity": 256.23,
        "true_track": 52.09,
        "vertical_rate": 0,
        "geo_altitude": 11559.54,
        "squawk": "1000",
        "spi": false,
        "position_source": 0
      }
    },
    {
      "type": "Feature",
      "geometry": {
        "type": "Point",
        "coordinates": [
          8.8544,
          44.2713
        ]
      },
      "properties": {
        "icao24": "48c222",
        "callsign": "RYR5DV",
        "origin_country": "Poland",
        "time_position": 1788558295,
        "last_contact": 1788558295,
        "baro_altitude": 2735.58,
        "on_ground": false,
        "velocity": 132.54,
        "true_track": 85.99,
        "vertical_rate": 14.96,
        "geo_altitude": 2971.8,
        "squawk": "0476",
        "spi": false,
        "position_source": 0
      }
    },
    {
      "type": "Feature",
      "geometry": {
        "type": "Point",
        "coordinates": [
          10.6266,
          45.582
        ]
      },
      "properties": {
        "icao24": "48c220",
        "callsign": "RYR4TE",
        "origin_country": "Poland",
        "time_position": 1788558294,
        "last_contact": 1788558294,
        "baro_altitude": 10972.8,
        "on_ground": false,
        "velocity": 253.33,
        "true_track": 49.78,
        "vertical_rate": 1.95,
        "geo_altitude": 11590.02,
        "squawk": "1000",
        "spi": false,
        "position_source": 0
      }
    },
    {
      "type": "Feature",
      "geometry": {
        "type": "Point",
        "coordinates": [
          13.4242,
          44.36
        ]
      },
      "properties": {
        "icao24": "407d44",
        "callsign": "WUK8SP",
        "origin_country": "United Kingdom",
        "time_position": 1788558294,
        "last_contact": 1788558294,
        "baro_altitude": 10363.2,
        "on_ground": false,
        "velocity": 217.05,
        "true_track": 327.29,
        "vertical_rate": -0.33,
        "geo_altitude": 10988.04,
        "squawk": "5526",
        "spi": false,
        "position_source": 0
      }
    },
    {
      "type": "Feature",
      "geometry": {
        "type": "Point",
        "coordinates": [
          17.9168,
          46.5041
        ]
      },
      "properties": {
        "icao24": "06a100",
        "callsign": "QTR36G",
        "origin_country": "Qatar",
        "time_position": 1788558294,
        "last_contact": 1788558294,
        "baro_altitude": 11887.2,
        "on_ground": false,
        "velocity": 267.46,
        "true_track": 128.83,
        "vertical_rate": 0,
        "geo_altitude": 12489.18,
        "squawk": "0165",
        "spi": false,
        "position_source": 0
      }
    },
    {
      "type": "Feature",
      "geometry": {
        "type": "Point",
        "coordinates": [
          12.4889,
          47.218
        ]
      },
      "properties": {
        "icao24": "8013c3",
        "callsign": "AIC2018",
        "origin_country": "India",
        "time_position": 1788558294,
        "last_contact": 1788558294,
        "baro_altitude": 10668,
        "on_ground": false,
        "velocity": 274.03,
        "true_track": 125.06,
        "vertical_rate": 0,
        "geo_altitude": 11239.5,
        "squawk": "5215",
        "spi": false,
        "position_source": 0
      }
    },
    {
      "type": "Feature",
      "geometry": {
        "type": "Point",
        "coordinates": [
          14.4347,
          43.9032
        ]
      },
      "properties": {
        "icao24": "06a0f9",
        "callsign": "QTR41U",
        "origin_country": "Qatar",
        "time_position": 1788558294,
        "last_contact": 1788558294,
        "baro_altitude": 11887.2,
        "on_ground": false,
        "velocity": 256.74,
        "true_track": 120.73,
        "vertical_rate": 0,
        "geo_altitude": 12542.52,
        "squawk": "3743",
        "spi": false,
        "position_source": 0
      }
    },
    {
      "type": "Feature",
      "geometry": {
        "type": "Point",
        "coordinates": [
          8.7217,
          45.6143
        ]
      },
      "properties": {
        "icao24": "06a0f5",
        "callsign": "QTR3249",
        "origin_country": "Qatar",
        "time_position": 1788558294,
        "last_contact": 1788558294,
        "baro_altitude": null,
        "on_ground": true,
        "velocity": 3.34,
        "true_track": 168.75,
        "vertical_rate": null,
        "geo_altitude": null,
        "squawk": "0460",
        "spi": false,
        "position_source": 0
      }
    },
    {
      "type": "Feature",
      "geometry": {
        "type": "Point",
        "coordinates": [
          11.3606,
          47.2544
        ]
      },
      "properties": {
        "icao24": "4403dd",
        "callsign": "HELI3",
        "origin_country": "Austria",
        "time_position": 1788558054,
        "last_contact": 1788558067,
        "baro_altitude": 693.42,
        "on_ground": false,
        "velocity": 38.64,
        "true_track": 266.95,
        "vertical_rate": -2.28,
        "geo_altitude": 800.1,
        "squawk": null,
        "spi": false,
        "position_source": 0
      }
    },
    {
      "type": "Feature",
      "geometry": {
        "type": "Point",
        "coordinates": [
          15.5774,
          45.3707
        ]
      },
      "properties": {
        "icao24": "4b1807",
        "callsign": "SWR76P",
        "origin_country": "Switzerland",
        "time_position": 1788558294,
        "last_contact": 1788558294,
        "baro_altitude": 11277.6,
        "on_ground": false,
        "velocity": 236.88,
        "true_track": 127.77,
        "vertical_rate": 0,
        "geo_altitude": 11902.44,
        "squawk": "3005",
        "spi": false,
        "position_source": 0
      }
    },
    {
      "type": "Feature",
      "geometry": {
        "type": "Point",
        "coordinates": [
          8.5609,
          47.4424
        ]
      },
      "properties": {
        "icao24": "4b1809",
        "callsign": "SWR",
        "origin_country": "Switzerland",
        "time_position": 1788558184,
        "last_contact": 1788558294,
        "baro_altitude": 381,
        "on_ground": true,
        "velocity": 0,
        "true_track": 244.69,
        "vertical_rate": null,
        "geo_altitude": null,
        "squawk": "2000",
        "spi": false,
        "position_source": 0
      }
    },
    {
      "type": "Feature",
      "geometry": {
        "type": "Point",
        "coordinates": [
          6.1062,
          46.2305
        ]
      },
      "properties": {
        "icao24": "4952d0",
        "callsign": "TAP944",
        "origin_country": "Portugal",
        "time_position": 1788558172,
        "last_contact": 1788558172,
        "baro_altitude": null,
        "on_ground": true,
        "velocity": 0.32,
        "true_track": 135,
        "vertical_rate": null,
        "geo_altitude": null,
        "squawk": "1145",
        "spi": false,
        "position_source": 0
      }
    },
    {
      "type": "Feature",
      "geometry": {
        "type": "Point",
        "coordinates": [
          6.5067,
          46.6708
        ]
      },
      "properties": {
        "icao24": "3c666c",
        "callsign": "DLH19E",
        "origin_country": "Germany",
        "time_position": 1788558294,
        "last_contact": 1788558294,
        "baro_altitude": 8511.54,
        "on_ground": false,
        "velocity": 191.68,
        "true_track": 229.9,
        "vertical_rate": -8.78,
        "geo_altitude": 9006.84,
        "squawk": "1000",
        "spi": false,
        "position_source": 0
      }
    },
    {
      "type": "Feature",
      "geometry": {
        "type": "Point",
        "coordinates": [
          7.3741,
          43.4848
        ]
      },
      "properties": {
        "icao24": "40812d",
        "callsign": "EZY52TN",
        "origin_country": "United Kingdom",
        "time_position": 1788558295,
        "last_contact": 1788558295,
        "baro_altitude": 10972.8,
        "on_ground": false,
        "velocity": 237.95,
        "true_track": 328.89,
        "vertical_rate": -0.33,
        "geo_altitude": 11635.74,
        "squawk": "4054",
        "spi": false,
        "position_source": 0
      }
    },
    {
      "type": "Feature",
      "geometry": {
        "type": "Point",
        "coordinates": [
          10.0085,
          42.5751
        ]
      },
      "properties": {
        "icao24": "3c65c9",
        "callsign": "DLH1326",
        "origin_country": "Germany",
        "time_position": 1788558294,
        "last_contact": 1788558294,
        "baro_altitude": 11277.6,
        "on_ground": false,
        "velocity": 232.24,
        "true_track": 170.31,
        "vertical_rate": 0,
        "geo_altitude": 11963.4,
        "squawk": "2544",
        "spi": false,
        "position_source": 0
      }
    },
    {
      "type": "Feature",
      "geometry": {
        "type": "Point",
        "coordinates": [
          7.462,
          47.4951
        ]
      },
      "properties": {
        "icao24": "3c65cd",
        "callsign": "DLH1330",
        "origin_country": "Germany",
        "time_position": 1788558294,
        "last_contact": 1788558294,
        "baro_altitude": 11277.6,
        "on_ground": false,
        "velocity": 231.86,
        "true_track": 213.69,
        "vertical_rate": 0,
        "geo_altitude": 11849.1,
        "squawk": "2544",
        "spi": false,
        "position_source": 0
      }
    },
    {
      "type": "Feature",
      "geometry": {
        "type": "Point",
        "coordinates": [
          8.8108,
          41.8749
        ]
      },
      "properties": {
        "icao24": "3b7b7a",
        "callsign": "DRAGO20",
        "origin_country": "France",
        "time_position": 1788558040,
        "last_contact": 1788558132,
        "baro_altitude": 723.9,
        "on_ground": false,
        "velocity": 52.43,
        "true_track": 344.05,
        "vertical_rate": -3.25,
        "geo_altitude": 845.82,
        "squawk": null,
        "spi": false,
        "position_source": 0
      }
    },
    {
      "type": "Feature",
      "geometry": {
        "type": "Point",
        "coordinates": [
          15.8826,
          46.337
        ]
      },
      "properties": {
        "icao24": "3c6747",
        "callsign": "DLH2RV",
        "origin_country": "Germany",
        "time_position": 1788558294,
        "last_contact": 1788558294,
        "baro_altitude": 3870.96,
        "on_ground": false,
        "velocity": 209.5,
        "true_track": 145.1,
        "vertical_rate": -7.15,
        "geo_altitude": 4191,
        "squawk": "1000",
        "spi": false,
        "position_source": 0
      }
    },
    {
      "type": "Feature",
      "geometry": {
        "type": "Point",
        "coordinates": [
          7.7071,
          45.6597
        ]
      },
      "properties": {
        "icao24": "440ced",
        "callsign": "TAY9SR",
        "origin_country": "Austria",
        "time_position": 1788558294,
        "last_contact": 1788558294,
        "baro_altitude": 6911.34,
        "on_ground": false,
        "velocity": 223.59,
        "true_track": 310.8,
        "vertical_rate": 9.43,
        "geo_altitude": 7376.16,
        "squawk": "1000",
        "spi": false,
        "position_source": 0
      }
    },
    {
      "type": "Feature",
      "geometry": {
        "type": "Point",
        "coordinates": [
          14.0285,
          47.4576
        ]
      },
      "properties": {
        "icao24": "408067",
        "callsign": "EXS53CT",
        "origin_country": "United Kingdom",
        "time_position": 1788558294,
        "last_contact": 1788558294,
        "baro_altitude": 10972.8,
        "on_ground": false,
        "velocity": 210.76,
        "true_track": 318.96,
        "vertical_rate": 0,
        "geo_altitude": 11544.3,
        "squawk": "5321",
        "spi": false,
        "position_source": 0
      }
    },
    {
      "type": "Feature",
      "geometry": {
        "type": "Point",
        "coordinates": [
          9.9121,
          46.4926
        ]
      },
      "properties": {
        "icao24": "40803f",
        "callsign": "TOM1MB",
        "origin_country": "United Kingdom",
        "time_position": 1788558295,
        "last_contact": 1788558295,
        "baro_altitude": 11582.4,
        "on_ground": false,
        "velocity": 210.04,
        "true_track": 303.11,
        "vertical_rate": 0,
        "geo_altitude": 12192,
        "squawk": "7524",
        "spi": false,
        "position_source": 0
      }
    },
    {
      "type": "Feature",
      "geometry": {
        "type": "Point",
        "coordinates": [
          8.7347,
          45.6258
        ]
      },
      "properties": {
        "icao24": "4008b5",
        "callsign": "BAW590",
        "origin_country": "United Kingdom",
        "time_position": 1788558286,
        "last_contact": 1788558287,
        "baro_altitude": 167.64,
        "on_ground": false,
        "velocity": 51.76,
        "true_track": 349.7,
        "vertical_rate": 0,
        "geo_altitude": 266.7,
        "squawk": "5240",
        "spi": false,
        "position_source": 0
      }
    },
    {
      "type": "Feature",
      "geometry": {
        "type": "Point",
        "coordinates": [
          18.8263,
          44.7173
        ]
      },
      "properties": {
        "icao24": "39d30d",
        "callsign": "TVF29AH",
        "origin_country": "France",
        "time_position": 1788558294,
        "last_contact": 1788558294,
        "baro_altitude": 12496.8,
        "on_ground": false,
        "velocity": 235.97,
        "true_track": 119.81,
        "vertical_rate": 0.33,
        "geo_altitude": 13091.16,
        "squawk": "1160",
        "spi": false,
        "position_source": 0
      }
    },
    {
      "type": "Feature",
      "geometry": {
        "type": "Point",
        "coordinates": [
          17.435,
          41.7612
        ]
      },
      "properties": {
        "icao24": "408262",
        "callsign": "EXS23PD",
        "origin_country": "United Kingdom",
        "time_position": 1788558294,
        "last_contact": 1788558294,
        "baro_altitude": 10972.8,
        "on_ground": false,
        "velocity": 226.12,
        "true_track": 320.26,
        "vertical_rate": 0,
        "geo_altitude": 11635.74,
        "squawk": null,
        "spi": false,
        "position_source": 0
      }
    },
    {
      "type": "Feature",
      "geometry": {
        "type": "Point",
        "coordinates": [
          6.1955,
          45.1391
        ]
      },
      "properties": {
        "icao24": "408260",
        "callsign": "EXS34A",
        "origin_country": "United Kingdom",
        "time_position": 1788558294,
        "last_contact": 1788558294,
        "baro_altitude": 11590.02,
        "on_ground": false,
        "velocity": 224.21,
        "true_track": 322.55,
        "vertical_rate": 0,
        "geo_altitude": 12230.1,
        "squawk": "4045",
        "spi": false,
        "position_source": 0
      }
    },
    {
      "type": "Feature",
      "geometry": {
        "type": "Point",
        "coordinates": [
          6.8043,
          37.5672
        ]
      },
      "properties": {
        "icao24": "3c6563",
        "callsign": "OCN142",
        "origin_country": "Germany",
        "time_position": 1788558294,
        "last_contact": 1788558294,
        "baro_altitude": 10668,
        "on_ground": false,
        "velocity": 247.32,
        "true_track": 187.17,
        "vertical_rate": 0,
        "geo_altitude": 11361.42,
        "squawk": "6654",
        "spi": false,
        "position_source": 0
      }
    },
    {
      "type": "Feature",
      "geometry": {
        "type": "Point",
        "coordinates": [
          8.483,
          45.652
        ]
      },
      "properties": {
        "icao24": "39e694",
        "callsign": "AFR388V",
        "origin_country": "France",
        "time_position": 1788558294,
        "last_contact": 1788558294,
        "baro_altitude": 12115.8,
        "on_ground": false,
        "velocity": 210.3,
        "true_track": 297.38,
        "vertical_rate": 3.9,
        "geo_altitude": 12748.26,
        "squawk": "1000",
        "spi": false,
        "position_source": 0
      }
    },
    {
      "type": "Feature",
      "geometry": {
        "type": "Point",
        "coordinates": [
          10.3971,
          37.4011
        ]
      },
      "properties": {
        "icao24": "39e691",
        "callsign": "AFR1384",
        "origin_country": "France",
        "time_position": 1788558285,
        "last_contact": 1788558294,
        "baro_altitude": 3764.28,
        "on_ground": false,
        "velocity": 164.06,
        "true_track": 172.25,
        "vertical_rate": -8.13,
        "geo_altitude": 4160.52,
        "squawk": "7622",
        "spi": false,
        "position_source": 0
      }
    },
    {
      "type": "Feature",
      "geometry": {
        "type": "Point",
        "coordinates": [
          13.5895,
          47.1223
        ]
      },
      "properties": {
        "icao24": "3c64ae",
        "callsign": "DLH584",
        "origin_country": "Germany",
        "time_position": 1788558294,
        "last_contact": 1788558294,
        "baro_altitude": 11277.6,
        "on_ground": false,
        "velocity": 245.52,
        "true_track": 130.67,
        "vertical_rate": -0.33,
        "geo_altitude": 11879.58,
        "squawk": "2563",
        "spi": false,
        "position_source": 0
      }
    },
    {
      "type": "Feature",
      "geometry": {
        "type": "Point",
        "coordinates": [
          18.1,
          35.4246
        ]
      },
      "properties": {
        "icao24": "0a0045",
        "callsign": "DAH4592",
        "origin_country": "Algeria",
        "time_position": 1788558294,
        "last_contact": 1788558294,
        "baro_altitude": 12496.8,
        "on_ground": false,
        "velocity": 259.08,
        "true_track": 98.56,
        "vertical_rate": 0,
        "geo_altitude": 13136.88,
        "squawk": "4107",
        "spi": false,
        "position_source": 0
      }
    },
    {
      "type": "Feature",
      "geometry": {
        "type": "Point",
        "coordinates": [
          6.9716,
          36.4252
        ]
      },
      "properties": {
        "icao24": "0a0044",
        "callsign": "DAH328",
        "origin_country": "Algeria",
        "time_position": 1788558284,
        "last_contact": 1788558286,
        "baro_altitude": 12245.34,
        "on_ground": false,
        "velocity": 230.49,
        "true_track": 90.64,
        "vertical_rate": 1.3,
        "geo_altitude": 12946.38,
        "squawk": "4406",
        "spi": false,
        "position_source": 0
      }
    },
    {
      "type": "Feature",
      "geometry": {
        "type": "Point",
        "coordinates": [
          8.8205,
          45.6665
        ]
      },
      "properties": {
        "icao24": "02a1ac",
        "callsign": "LBT397",
        "origin_country": "Tunisia",
        "time_position": 1788558294,
        "last_contact": 1788558294,
        "baro_altitude": 11894.82,
        "on_ground": false,
        "velocity": 225.73,
        "true_track": 163.18,
        "vertical_rate": 0,
        "geo_altitude": 12519.66,
        "squawk": "0101",
        "spi": false,
        "position_source": 0
      }
    },
    {
      "type": "Feature",
      "geometry": {
        "type": "Point",
        "coordinates": [
          18.7726,
          39.517
        ]
      },
      "properties": {
        "icao24": "0a0078",
        "callsign": "DAH3020",
        "origin_country": "Algeria",
        "time_position": 1788558294,
        "last_contact": 1788558294,
        "baro_altitude": 11285.22,
        "on_ground": false,
        "velocity": 218.73,
        "true_track": 73.18,
        "vertical_rate": 0,
        "geo_altitude": 11910.06,
        "squawk": "0206",
        "spi": false,
        "position_source": 0
      }
    },
    {
      "type": "Feature",
      "geometry": {
        "type": "Point",
        "coordinates": [
          7.213,
          43.6641
        ]
      },
      "properties": {
        "icao24": "02a1b4",
        "callsign": "LBT586",
        "origin_country": "Tunisia",
        "time_position": 1788558285,
        "last_contact": 1788558294,
        "baro_altitude": null,
        "on_ground": true,
        "velocity": 0.32,
        "true_track": 351.56,
        "vertical_rate": null,
        "geo_altitude": null,
        "squawk": "1000",
        "spi": false,
        "position_source": 0
      }
    },
    {
      "type": "Feature",
      "geometry": {
        "type": "Point",
        "coordinates": [
          12.4154,
          35.9773
        ]
      },
      "properties": {
        "icao24": "0a007a",
        "callsign": "DAH4452",
        "origin_country": "Algeria",
        "time_position": 1788558295,
        "last_contact": 1788558295,
        "baro_altitude": 11887.2,
        "on_ground": false,
        "velocity": 216.44,
        "true_track": 95.18,
        "vertical_rate": 0,
        "geo_altitude": 12542.52,
        "squawk": "4113",
        "spi": false,
        "position_source": 0
      }
    },
    {
      "type": "Feature",
      "geometry": {
        "type": "Point",
        "coordinates": [
          17.0051,
          35.8698
        ]
      },
      "properties": {
        "icao24": "0a0022",
        "callsign": "DAH4700",
        "origin_country": "Algeria",
        "time_position": 1788558294,
        "last_contact": 1788558294,
        "baro_altitude": 10668,
        "on_ground": false,
        "velocity": 224.42,
        "true_track": 102.44,
        "vertical_rate": 0,
        "geo_altitude": 11292.84,
        "squawk": "4104",
        "spi": false,
        "position_source": 0
      }
    },
    {
      "type": "Feature",
      "geometry": {
        "type": "Point",
        "coordinates": [
          7.8966,
          44.4313
        ]
      },
      "properties": {
        "icao24": "3c6635",
        "callsign": "DLH55U",
        "origin_country": "Germany",
        "time_position": 1788558294,
        "last_contact": 1788558294,
        "baro_altitude": 6926.58,
        "on_ground": false,
        "velocity": 190.65,
        "true_track": 194.37,
        "vertical_rate": -13.33,
        "geo_altitude": 7421.88,
        "squawk": "1000",
        "spi": false,
        "position_source": 0
      }
    },
    {
      "type": "Feature",
      "geometry": {
        "type": "Point",
        "coordinates": [
          17.2709,
          44.7686
        ]
      },
      "properties": {
        "icao24": "39d307",
        "callsign": "TVF59ZF",
        "origin_country": "France",
        "time_position": 1788558294,
        "last_contact": 1788558294,
        "baro_altitude": 12496.8,
        "on_ground": false,
        "velocity": 236.18,
        "true_track": 124.8,
        "vertical_rate": 0,
        "geo_altitude": 13106.4,
        "squawk": "1161",
        "spi": false,
        "position_source": 0
      }
    },
    {
      "type": "Feature",
      "geometry": {
        "type": "Point",
        "coordinates": [
          7.4499,
          46.8023
        ]
      },
      "properties": {
        "icao24": "a34c58",
        "callsign": "UPS243",
        "origin_country": "United States",
        "time_position": 1788558294,
        "last_contact": 1788558294,
        "baro_altitude": 11590.02,
        "on_ground": false,
        "velocity": 249.8,
        "true_track": 4.61,
        "vertical_rate": 0.33,
        "geo_altitude": 12161.52,
        "squawk": "5336",
        "spi": false,
        "position_source": 0
      }
    },
    {
      "type": "Feature",
      "geometry": {
        "type": "Point",
        "coordinates": [
          7.2035,
          43.6538
        ]
      },
      "properties": {
        "icao24": "440c32",
        "callsign": "EJU15EK",
        "origin_country": "Austria",
        "time_position": 1788558294,
        "last_contact": 1788558294,
        "baro_altitude": null,
        "on_ground": true,
        "velocity": 3.34,
        "true_track": 225,
        "vertical_rate": null,
        "geo_altitude": null,
        "squawk": null,
        "spi": false,
        "position_source": 0
      }
    },
    {
      "type": "Feature",
      "geometry": {
        "type": "Point",
        "coordinates": [
          15.6862,
          40.8896
        ]
      },
      "properties": {
        "icao24": "3c6521",
        "callsign": "LHX4CJ",
        "origin_country": "Germany",
        "time_position": 1788558293,
        "last_contact": 1788558293,
        "baro_altitude": 11277.6,
        "on_ground": false,
        "velocity": 234.6,
        "true_track": 180.63,
        "vertical_rate": 0.33,
        "geo_altitude": 11948.16,
        "squawk": "6023",
        "spi": false,
        "position_source": 0
      }
    },
    {
      "type": "Feature",
      "geometry": {
        "type": "Point",
        "coordinates": [
          11.237,
          42.073
        ]
      },
      "properties": {
        "icao24": "aa9bb7",
        "callsign": "AMX071",
        "origin_country": "United States",
        "time_position": 1788558293,
        "last_contact": 1788558293,
        "baro_altitude": 5615.94,
        "on_ground": false,
        "velocity": 212.76,
        "true_track": 309.31,
        "vertical_rate": 8.45,
        "geo_altitude": 6042.66,
        "squawk": null,
        "spi": false,
        "position_source": 0
      }
    },
    {
      "type": "Feature",
      "geometry": {
        "type": "Point",
        "coordinates": [
          8.5664,
          47.4438
        ]
      },
      "properties": {
        "icao24": "4b5d98",
        "callsign": "ATL779",
        "origin_country": "Switzerland",
        "time_position": 1788558230,
        "last_contact": 1788558259,
        "baro_altitude": null,
        "on_ground": true,
        "velocity": 0.77,
        "true_track": 149.06,
        "vertical_rate": null,
        "geo_altitude": null,
        "squawk": null,
        "spi": false,
        "position_source": 0
      }
    },
    {
      "type": "Feature",
      "geometry": {
        "type": "Point",
        "coordinates": [
          18.5567,
          41.9623
        ]
      },
      "properties": {
        "icao24": "408000",
        "callsign": "EZY76TP",
        "origin_country": "United Kingdom",
        "time_position": 1788558280,
        "last_contact": 1788558291,
        "baro_altitude": 10370.82,
        "on_ground": false,
        "velocity": 220.63,
        "true_track": 310.93,
        "vertical_rate": 0,
        "geo_altitude": 10980.42,
        "squawk": null,
        "spi": false,
        "position_source": 0
      }
    },
    {
      "type": "Feature",
      "geometry": {
        "type": "Point",
        "coordinates": [
          12.7975,
          45.1167
        ]
      },
      "properties": {
        "icao24": "408032",
        "callsign": "EXS66Q",
        "origin_country": "United Kingdom",
        "time_position": 1788558294,
        "last_contact": 1788558295,
        "baro_altitude": 10980.42,
        "on_ground": false,
        "velocity": 220.81,
        "true_track": 306.28,
        "vertical_rate": -0.33,
        "geo_altitude": 11620.5,
        "squawk": "2001",
        "spi": false,
        "position_source": 0
      }
    },
    {
      "type": "Feature",
      "geometry": {
        "type": "Point",
        "coordinates": [
          16.4248,
          42.8308
        ]
      },
      "properties": {
        "icao24": "408027",
        "callsign": "TOM2TC",
        "origin_country": "United Kingdom",
        "time_position": 1788558231,
        "last_contact": 1788558240,
        "baro_altitude": 10972.8,
        "on_ground": false,
        "velocity": 221.31,
        "true_track": 312.93,
        "vertical_rate": 0,
        "geo_altitude": 11597.64,
        "squawk": null,
        "spi": false,
        "position_source": 0
      }
    },
    {
      "type": "Feature",
      "geometry": {
        "type": "Point",
        "coordinates": [
          7.207,
          43.6605
        ]
      },
      "properties": {
        "icao24": "392aec",
        "callsign": "AFR13DT",
        "origin_country": "France",
        "time_position": 1788558289,
        "last_contact": 1788558295,
        "baro_altitude": null,
        "on_ground": true,
        "velocity": 0.45,
        "true_track": 289.69,
        "vertical_rate": null,
        "geo_altitude": null,
        "squawk": "1000",
        "spi": false,
        "position_source": 0
      }
    },
    {
      "type": "Feature",
      "geometry": {
        "type": "Point",
        "coordinates": [
          8.1043,
          45.8515
        ]
      },
      "properties": {
        "icao24": "440d4d",
        "callsign": "TAY4JU",
        "origin_country": "Austria",
        "time_position": 1788558294,
        "last_contact": 1788558294,
        "baro_altitude": 12192,
        "on_ground": false,
        "velocity": 212.1,
        "true_track": 301.11,
        "vertical_rate": 0,
        "geo_altitude": 12816.84,
        "squawk": "1000",
        "spi": false,
        "position_source": 0
      }
    },
    {
      "type": "Feature",
      "geometry": {
        "type": "Point",
        "coordinates": [
          8.5476,
          47.4733
        ]
      },
      "properties": {
        "icao24": "4b5c18",
        "callsign": "GUIDO13",
        "origin_country": "Switzerland",
        "time_position": 1788558294,
        "last_contact": 1788558294,
        "baro_altitude": null,
        "on_ground": true,
        "velocity": 6.17,
        "true_track": 213.75,
        "vertical_rate": null,
        "geo_altitude": null,
        "squawk": null,
        "spi": false,
        "position_source": 0
      }
    },
    {
      "type": "Feature",
      "geometry": {
        "type": "Point",
        "coordinates": [
          8.7252,
          45.6116
        ]
      },
      "properties": {
        "icao24": "440bcb",
        "callsign": "BCS7KV",
        "origin_country": "Austria",
        "time_position": 1788558290,
        "last_contact": 1788558293,
        "baro_altitude": 175.26,
        "on_ground": true,
        "velocity": 4.37,
        "true_track": 5.62,
        "vertical_rate": null,
        "geo_altitude": null,
        "squawk": "0450",
        "spi": false,
        "position_source": 0
      }
    },
    {
      "type": "Feature",
      "geometry": {
        "type": "Point",
        "coordinates": [
          11.0843,
          46.8426
        ]
      },
      "properties": {
        "icao24": "4ca9eb",
        "callsign": "RYR77MD",
        "origin_country": "Ireland",
        "time_position": 1788558294,
        "last_contact": 1788558294,
        "baro_altitude": 10363.2,
        "on_ground": false,
        "velocity": 210.05,
        "true_track": 325.38,
        "vertical_rate": 0,
        "geo_altitude": 10934.7,
        "squawk": "5515",
        "spi": false,
        "position_source": 0
      }
    },
    {
      "type": "Feature",
      "geometry": {
        "type": "Point",
        "coordinates": [
          11.5425,
          44.2659
        ]
      },
      "properties": {
        "icao24": "4ca9ec",
        "callsign": "RYR6507",
        "origin_country": "Ireland",
        "time_position": 1788558294,
        "last_contact": 1788558294,
        "baro_altitude": 4152.9,
        "on_ground": false,
        "velocity": 190.96,
        "true_track": 153.43,
        "vertical_rate": 14.63,
        "geo_altitude": 4465.32,
        "squawk": "7420",
        "spi": false,
        "position_source": 0
      }
    },
    {
      "type": "Feature",
      "geometry": {
        "type": "Point",
        "coordinates": [
          8.731,
          45.62
        ]
      },
      "properties": {
        "icao24": "440bc4",
        "callsign": "BCS49N",
        "origin_country": "Austria",
        "time_position": 1788558294,
        "last_contact": 1788558294,
        "baro_altitude": null,
        "on_ground": true,
        "velocity": 13.89,
        "true_track": 168.75,
        "vertical_rate": null,
        "geo_altitude": null,
        "squawk": "1000",
        "spi": false,
        "position_source": 0
      }
    },
    {
      "type": "Feature",
      "geometry": {
        "type": "Point",
        "coordinates": [
          11.0645,
          44.6156
        ]
      },
      "properties": {
        "icao24": "4ca9cf",
        "callsign": "RYR9JP",
        "origin_country": "Ireland",
        "time_position": 1788558294,
        "last_contact": 1788558294,
        "baro_altitude": 952.5,
        "on_ground": false,
        "velocity": 109.51,
        "true_track": 116.2,
        "vertical_rate": -4.88,
        "geo_altitude": 1089.66,
        "squawk": "1000",
        "spi": false,
        "position_source": 0
      }
    },
    {
      "type": "Feature",
      "geometry": {
        "type": "Point",
        "coordinates": [
          15.5161,
          45.1659
        ]
      },
      "properties": {
        "icao24": "4867eb",
        "callsign": "TRA92W",
        "origin_country": "Kingdom of the Netherlands",
        "time_position": 1788558294,
        "last_contact": 1788558294,
        "baro_altitude": 10972.8,
        "on_ground": false,
        "velocity": 226.96,
        "true_track": 331.58,
        "vertical_rate": 0,
        "geo_altitude": 11605.26,
        "squawk": "5533",
        "spi": false,
        "position_source": 0
      }
    },
    {
      "type": "Feature",
      "geometry": {
        "type": "Point",
        "coordinates": [
          11.4857,
          45.9985
        ]
      },
      "properties": {
        "icao24": "486840",
        "callsign": "TRA81H",
        "origin_country": "Kingdom of the Netherlands",
        "time_position": 1788558294,
        "last_contact": 1788558294,
        "baro_altitude": 10972.8,
        "on_ground": false,
        "velocity": 228.89,
        "true_track": 341.52,
        "vertical_rate": 0,
        "geo_altitude": 11620.5,
        "squawk": "1231",
        "spi": false,
        "position_source": 0
      }
    },
    {
      "type": "Feature",
      "geometry": {
        "type": "Point",
        "coordinates": [
          15.933,
          44.5737
        ]
      },
      "properties": {
        "icao24": "70c0f6",
        "callsign": "OMA144",
        "origin_country": "Oman",
        "time_position": 1788558295,
        "last_contact": 1788558295,
        "baro_altitude": 11277.6,
        "on_ground": false,
        "velocity": 260.43,
        "true_track": 111.19,
        "vertical_rate": 0.33,
        "geo_altitude": 11917.68,
        "squawk": "0436",
        "spi": false,
        "position_source": 0
      }
    },
    {
      "type": "Feature",
      "geometry": {
        "type": "Point",
        "coordinates": [
          8.7155,
          45.63
        ]
      },
      "properties": {
        "icao24": "4baa8d",
        "callsign": "THY6AM",
        "origin_country": "Turkey",
        "time_position": 1788558078,
        "last_contact": 1788558089,
        "baro_altitude": null,
        "on_ground": true,
        "velocity": 2.06,
        "true_track": 348.75,
        "vertical_rate": null,
        "geo_altitude": null,
        "squawk": "2340",
        "spi": false,
        "position_source": 0
      }
    },
    {
      "type": "Feature",
      "geometry": {
        "type": "Point",
        "coordinates": [
          7.1856,
          42.0806
        ]
      },
      "properties": {
        "icao24": "45d069",
        "callsign": "VKG475",
        "origin_country": "Denmark",
        "time_position": 1788558294,
        "last_contact": 1788558294,
        "baro_altitude": 10965.18,
        "on_ground": false,
        "velocity": 240.1,
        "true_track": 44.31,
        "vertical_rate": 0.33,
        "geo_altitude": 11628.12,
        "squawk": "1042",
        "spi": false,
        "position_source": 0
      }
    },
    {
      "type": "Feature",
      "geometry": {
        "type": "Point",
        "coordinates": [
          10.8479,
          45.493
        ]
      },
      "properties": {
        "icao24": "4ca84d",
        "callsign": "RYR33EL",
        "origin_country": "Ireland",
        "time_position": 1788558295,
        "last_contact": 1788558295,
        "baro_altitude": 10675.62,
        "on_ground": false,
        "velocity": 215,
        "true_track": 264.51,
        "vertical_rate": 0,
        "geo_altitude": 11292.84,
        "squawk": "0245",
        "spi": false,
        "position_source": 0
      }
    },
    {
      "type": "Feature",
      "geometry": {
        "type": "Point",
        "coordinates": [
          13.455,
          43.3122
        ]
      },
      "properties": {
        "icao24": "4ca850",
        "callsign": "RYR2TY",
        "origin_country": "Ireland",
        "time_position": 1788558294,
        "last_contact": 1788558294,
        "baro_altitude": 8290.56,
        "on_ground": false,
        "velocity": 219.6,
        "true_track": 324.15,
        "vertical_rate": 9.43,
        "geo_altitude": 8823.96,
        "squawk": "1000",
        "spi": false,
        "position_source": 0
      }
    },
    {
      "type": "Feature",
      "geometry": {
        "type": "Point",
        "coordinates": [
          9.4184,
          43.8893
        ]
      },
      "properties": {
        "icao24": "4ca88c",
        "callsign": "RYR62XJ",
        "origin_country": "Ireland",
        "time_position": 1788558294,
        "last_contact": 1788558295,
        "baro_altitude": 11277.6,
        "on_ground": false,
        "velocity": 223.62,
        "true_track": 230.41,
        "vertical_rate": 0,
        "geo_altitude": 11932.92,
        "squawk": "1000",
        "spi": false,
        "position_source": 0
      }
    },
    {
      "type": "Feature",
      "geometry": {
        "type": "Point",
        "coordinates": [
          17.4859,
          45.6714
        ]
      },
      "properties": {
        "icao24": "49d5d6",
        "callsign": "TVS4SU",
        "origin_country": "Czech Republic",
        "time_position": 1788558294,
        "last_contact": 1788558294,
        "baro_altitude": 10972.8,
        "on_ground": false,
        "velocity": 216.39,
        "true_track": 337.64,
        "vertical_rate": 0,
        "geo_altitude": 11559.54,
        "squawk": "5150",
        "spi": false,
        "position_source": 0
      }
    },
    {
      "type": "Feature",
      "geometry": {
        "type": "Point",
        "coordinates": [
          17.9916,
          47.2211
        ]
      },
      "properties": {
        "icao24": "5084e3",
        "callsign": "NPG5532",
        "origin_country": "Ukraine",
        "time_position": 1788558294,
        "last_contact": 1788558294,
        "baro_altitude": 8862.06,
        "on_ground": false,
        "velocity": 216.48,
        "true_track": 266.46,
        "vertical_rate": 10.08,
        "geo_altitude": 9372.6,
        "squawk": "4256",
        "spi": false,
        "position_source": 0
      }
    },
    {
      "type": "Feature",
      "geometry": {
        "type": "Point",
        "coordinates": [
          8.3017,
          40.422
        ]
      },
      "properties": {
        "icao24": "02a192",
        "callsign": "TAR441",
        "origin_country": "Tunisia",
        "time_position": 1788558294,
        "last_contact": 1788558294,
        "baro_altitude": 11887.2,
        "on_ground": false,
        "velocity": 231.81,
        "true_track": 151.5,
        "vertical_rate": 0,
        "geo_altitude": 12580.62,
        "squawk": "7634",
        "spi": false,
        "position_source": 0
      }
    },
    {
      "type": "Feature",
      "geometry": {
        "type": "Point",
        "coordinates": [
          8.7191,
          45.6277
        ]
      },
      "properties": {
        "icao24": "4ca808",
        "callsign": "RYR74RR",
        "origin_country": "Ireland",
        "time_position": 1788558283,
        "last_contact": 1788558286,
        "baro_altitude": null,
        "on_ground": true,
        "velocity": 0,
        "true_track": 78.75,
        "vertical_rate": null,
        "geo_altitude": null,
        "squawk": "0451",
        "spi": false,
        "position_source": 0
      }
    },
    {
      "type": "Feature",
      "geometry": {
        "type": "Point",
        "coordinates": [
          10.4048,
          39.1241
        ]
      },
      "properties": {
        "icao24": "4ca82b",
        "callsign": "MSA763",
        "origin_country": "Ireland",
        "time_position": 1788558294,
        "last_contact": 1788558294,
        "baro_altitude": 8671.56,
        "on_ground": false,
        "velocity": 242.34,
        "true_track": 98.42,
        "vertical_rate": 7.48,
        "geo_altitude": 9250.68,
        "squawk": null,
        "spi": false,
        "position_source": 0
      }
    },
    {
      "type": "Feature",
      "geometry": {
        "type": "Point",
        "coordinates": [
          11.3849,
          44.4897
        ]
      },
      "properties": {
        "icao24": "4ca760",
        "callsign": "RYR8ZZ",
        "origin_country": "Ireland",
        "time_position": 1788558295,
        "last_contact": 1788558295,
        "baro_altitude": 9334.5,
        "on_ground": false,
        "velocity": 229.53,
        "true_track": 305.33,
        "vertical_rate": -5.2,
        "geo_altitude": 9913.62,
        "squawk": "5507",
        "spi": false,
        "position_source": 0
      }
    },
    {
      "type": "Feature",
      "geometry": {
        "type": "Point",
        "coordinates": [
          16.9207,
          44.6381
        ]
      },
      "properties": {
        "icao24": "4bcde9",
        "callsign": "SXS75H",
        "origin_country": "Turkey",
        "time_position": 1788558294,
        "last_contact": 1788558294,
        "baro_altitude": 11887.2,
        "on_ground": false,
        "velocity": 242.88,
        "true_track": 128.98,
        "vertical_rate": 0.33,
        "geo_altitude": 12519.66,
        "squawk": "3441",
        "spi": false,
        "position_source": 0
      }
    },
    {
      "type": "Feature",
      "geometry": {
        "type": "Point",
        "coordinates": [
          18.2783,
          47.1648
        ]
      },
      "properties": {
        "icao24": "4bcde8",
        "callsign": "SXS94B",
        "origin_country": "Turkey",
        "time_position": 1788558294,
        "last_contact": 1788558294,
        "baro_altitude": 6758.94,
        "on_ground": false,
        "velocity": 181.62,
        "true_track": 313.05,
        "vertical_rate": -6.18,
        "geo_altitude": 7162.8,
        "squawk": "2370",
        "spi": false,
        "position_source": 0
      }
    },
    {
      "type": "Feature",
      "geometry": {
        "type": "Point",
        "coordinates": [
          12.2316,
          41.5199
        ]
      },
      "properties": {
        "icao24": "4ca739",
        "callsign": "RYR6405",
        "origin_country": "Ireland",
        "time_position": 1788558294,
        "last_contact": 1788558294,
        "baro_altitude": 10363.2,
        "on_ground": false,
        "velocity": 229.81,
        "true_track": 50.36,
        "vertical_rate": 0,
        "geo_altitude": 11010.9,
        "squawk": null,
        "spi": false,
        "position_source": 0
      }
    },
    {
      "type": "Feature",
      "geometry": {
        "type": "Point",
        "coordinates": [
          12.5016,
          44.3
        ]
      },
      "properties": {
        "icao24": "4ca73b",
        "callsign": "RYR33TQ",
        "origin_country": "Ireland",
        "time_position": 1788558294,
        "last_contact": 1788558294,
        "baro_altitude": 7383.78,
        "on_ground": false,
        "velocity": 214.37,
        "true_track": 338.61,
        "vertical_rate": -12.68,
        "geo_altitude": 7886.7,
        "squawk": "1000",
        "spi": false,
        "position_source": 0
      }
    },
    {
      "type": "Feature",
      "geometry": {
        "type": "Point",
        "coordinates": [
          14.3403,
          39.3435
        ]
      },
      "properties": {
        "icao24": "4ca783",
        "callsign": "ITY1735",
        "origin_country": "Ireland",
        "time_position": 1788558294,
        "last_contact": 1788558294,
        "baro_altitude": 9906,
        "on_ground": false,
        "velocity": 242.48,
        "true_track": 140.94,
        "vertical_rate": -4.55,
        "geo_altitude": 10538.46,
        "squawk": null,
        "spi": false,
        "position_source": 0
      }
    },
    {
      "type": "Feature",
      "geometry": {
        "type": "Point",
        "coordinates": [
          15.516,
          38.2028
        ]
      },
      "properties": {
        "icao24": "4ca6a9",
        "callsign": "RYR83TV",
        "origin_country": "Ireland",
        "time_position": 1788558294,
        "last_contact": 1788558294,
        "baro_altitude": 4937.76,
        "on_ground": false,
        "velocity": 200.78,
        "true_track": 140.93,
        "vertical_rate": -9.1,
        "geo_altitude": 5311.14,
        "squawk": "4655",
        "spi": false,
        "position_source": 0
      }
    },
    {
      "type": "Feature",
      "geometry": {
        "type": "Point",
        "coordinates": [
          8.9337,
          43.3441
        ]
      },
      "properties": {
        "icao24": "4ca6a6",
        "callsign": "RYR63DH",
        "origin_country": "Ireland",
        "time_position": 1788558294,
        "last_contact": 1788558294,
        "baro_altitude": 9593.58,
        "on_ground": false,
        "velocity": 224.41,
        "true_track": 354.21,
        "vertical_rate": -5.2,
        "geo_altitude": 10210.8,
        "squawk": "1000",
        "spi": false,
        "position_source": 0
      }
    },
    {
      "type": "Feature",
      "geometry": {
        "type": "Point",
        "coordinates": [
          18.4378,
          42.7213
        ]
      },
      "properties": {
        "icao24": "501c1c",
        "callsign": "TDR185",
        "origin_country": "Croatia",
        "time_position": 1788558294,
        "last_contact": 1788558294,
        "baro_altitude": 10363.2,
        "on_ground": false,
        "velocity": 224.31,
        "true_track": 327.08,
        "vertical_rate": 0,
        "geo_altitude": 11003.28,
        "squawk": null,
        "spi": false,
        "position_source": 0
      }
    },
    {
      "type": "Feature",
      "geometry": {
        "type": "Point",
        "coordinates": [
          18.6378,
          43.9052
        ]
      },
      "properties": {
        "icao24": "706132",
        "callsign": "JZR330",
        "origin_country": "Kuwait",
        "time_position": 1788558294,
        "last_contact": 1788558294,
        "baro_altitude": 3573.78,
        "on_ground": false,
        "velocity": 157.24,
        "true_track": 106.54,
        "vertical_rate": 13.33,
        "geo_altitude": 3848.1,
        "squawk": null,
        "spi": false,
        "position_source": 0
      }
    },
    {
      "type": "Feature",
      "geometry": {
        "type": "Point",
        "coordinates": [
          13.9245,
          44.8972
        ]
      },
      "properties": {
        "icao24": "501c5e",
        "callsign": "CTN632",
        "origin_country": "Croatia",
        "time_position": 1788558285,
        "last_contact": 1788558293,
        "baro_altitude": null,
        "on_ground": true,
        "velocity": 3.09,
        "true_track": 354.38,
        "vertical_rate": null,
        "geo_altitude": null,
        "squawk": "1000",
        "spi": false,
        "position_source": 0
      }
    },
    {
      "type": "Feature",
      "geometry": {
        "type": "Point",
        "coordinates": [
          17.1349,
          47.1755
        ]
      },
      "properties": {
        "icao24": "4bcdb3",
        "callsign": "SXS4WM",
        "origin_country": "Turkey",
        "time_position": 1788558294,
        "last_contact": 1788558294,
        "baro_altitude": 11582.4,
        "on_ground": false,
        "velocity": 212.6,
        "true_track": 305.84,
        "vertical_rate": -0.33,
        "geo_altitude": 12169.14,
        "squawk": "3204",
        "spi": false,
        "position_source": 0
      }
    },
    {
      "type": "Feature",
      "geometry": {
        "type": "Point",
        "coordinates": [
          15.4143,
          47.4038
        ]
      },
      "properties": {
        "icao24": "4bcda1",
        "callsign": "SXS6TK",
        "origin_country": "Turkey",
        "time_position": 1788558295,
        "last_contact": 1788558295,
        "baro_altitude": 11277.6,
        "on_ground": false,
        "velocity": 261.36,
        "true_track": 120,
        "vertical_rate": 0.33,
        "geo_altitude": 11856.72,
        "squawk": "3421",
        "spi": false,
        "position_source": 0
      }
    },
    {
      "type": "Feature",
      "geometry": {
        "type": "Point",
        "coordinates": [
          10.4856,
          42.4719
        ]
      },
      "properties": {
        "icao24": "4ca624",
        "callsign": "RYR9725",
        "origin_country": "Ireland",
        "time_position": 1788558293,
        "last_contact": 1788558293,
        "baro_altitude": 9144,
        "on_ground": false,
        "velocity": 220.02,
        "true_track": 303.17,
        "vertical_rate": 0,
        "geo_altitude": 9738.36,
        "squawk": null,
        "spi": false,
        "position_source": 0
      }
    },
    {
      "type": "Feature",
      "geometry": {
        "type": "Point",
        "coordinates": [
          13.4622,
          45.8279
        ]
      },
      "properties": {
        "icao24": "4ca625",
        "callsign": "RYR78ZG",
        "origin_country": "Ireland",
        "time_position": 1788558295,
        "last_contact": 1788558295,
        "baro_altitude": -38.1,
        "on_ground": false,
        "velocity": 68.42,
        "true_track": 90,
        "vertical_rate": -0.33,
        "geo_altitude": 53.34,
        "squawk": "4454",
        "spi": false,
        "position_source": 0
      }
    },
    {
      "type": "Feature",
      "geometry": {
        "type": "Point",
        "coordinates": [
          18.0836,
          46.628
        ]
      },
      "properties": {
        "icao24": "4bce14",
        "callsign": "SXS3ZX",
        "origin_country": "Turkey",
        "time_position": 1788558294,
        "last_contact": 1788558295,
        "baro_altitude": 10972.8,
        "on_ground": false,
        "velocity": 212.43,
        "true_track": 319.71,
        "vertical_rate": 0,
        "geo_altitude": 11551.92,
        "squawk": "3205",
        "spi": false,
        "position_source": 0
      }
    },
    {
      "type": "Feature",
      "geometry": {
        "type": "Point",
        "coordinates": [
          18.5714,
          47.4483
        ]
      },
      "properties": {
        "icao24": "4d012f",
        "callsign": "CLX9935",
        "origin_country": "Luxembourg",
        "time_position": 1788558294,
        "last_contact": 1788558294,
        "baro_altitude": 11887.2,
        "on_ground": false,
        "velocity": 269.38,
        "true_track": 114.36,
        "vertical_rate": 0,
        "geo_altitude": 12428.22,
        "squawk": "3507",
        "spi": false,
        "position_source": 0
      }
    },
    {
      "type": "Feature",
      "geometry": {
        "type": "Point",
        "coordinates": [
          9.2798,
          45.4345
        ]
      },
      "properties": {
        "icao24": "44dca7",
        "callsign": "OOWEG",
        "origin_country": "Belgium",
        "time_position": 1788558104,
        "last_contact": 1788558104,
        "baro_altitude": null,
        "on_ground": true,
        "velocity": 0,
        "true_track": 264.38,
        "vertical_rate": null,
        "geo_altitude": null,
        "squawk": null,
        "spi": false,
        "position_source": 0
      }
    },
    {
      "type": "Feature",
      "geometry": {
        "type": "Point",
        "coordinates": [
          17.9281,
          43.2211
        ]
      },
      "properties": {
        "icao24": "407667",
        "callsign": "EZY73HP",
        "origin_country": "United Kingdom",
        "time_position": 1788558293,
        "last_contact": 1788558293,
        "baro_altitude": 10370.82,
        "on_ground": false,
        "velocity": 225.69,
        "true_track": 308.15,
        "vertical_rate": 0,
        "geo_altitude": 10980.42,
        "squawk": "5346",
        "spi": false,
        "position_source": 0
      }
    },
    {
      "type": "Feature",
      "geometry": {
        "type": "Point",
        "coordinates": [
          6.4241,
          44.4351
        ]
      },
      "properties": {
        "icao24": "40768d",
        "callsign": "EZY27QE",
        "origin_country": "United Kingdom",
        "time_position": 1788558295,
        "last_contact": 1788558295,
        "baro_altitude": 9067.8,
        "on_ground": false,
        "velocity": 213.32,
        "true_track": 326.81,
        "vertical_rate": 6.18,
        "geo_altitude": 9646.92,
        "squawk": "4071",
        "spi": false,
        "position_source": 0
      }
    },
    {
      "type": "Feature",
      "geometry": {
        "type": "Point",
        "coordinates": [
          15.5372,
          45.6733
        ]
      },
      "properties": {
        "icao24": "407686",
        "callsign": "EZY23XZ",
        "origin_country": "United Kingdom",
        "time_position": 1788558294,
        "last_contact": 1788558294,
        "baro_altitude": 10378.44,
        "on_ground": false,
        "velocity": 224.74,
        "true_track": 307.84,
        "vertical_rate": 0,
        "geo_altitude": 10972.8,
        "squawk": "5320",
        "spi": false,
        "position_source": 0
      }
    },
    {
      "type": "Feature",
      "geometry": {
        "type": "Point",
        "coordinates": [
          7.725,
          47.5355
        ]
      },
      "properties": {
        "icao24": "400ceb",
        "callsign": "EFW6RQ",
        "origin_country": "United Kingdom",
        "time_position": 1788558294,
        "last_contact": 1788558294,
        "baro_altitude": 10363.2,
        "on_ground": false,
        "velocity": 224.3,
        "true_track": 306.61,
        "vertical_rate": -0.33,
        "geo_altitude": 10896.6,
        "squawk": "7514",
        "spi": false,
        "position_source": 0
      }
    },
    {
      "type": "Feature",
      "geometry": {
        "type": "Point",
        "coordinates": [
          10.5983,
          47.515
        ]
      },
      "properties": {
        "icao24": "76cdae",
        "callsign": "SIA337",
        "origin_country": "Singapore",
        "time_position": 1788558294,
        "last_contact": 1788558294,
        "baro_altitude": 10668,
        "on_ground": false,
        "velocity": 287.55,
        "true_track": 99.68,
        "vertical_rate": 0,
        "geo_altitude": 11216.64,
        "squawk": "0665",
        "spi": false,
        "position_source": 0
      }
    },
    {
      "type": "Feature",
      "geometry": {
        "type": "Point",
        "coordinates": [
          15.5925,
          37.9009
        ]
      },
      "properties": {
        "icao24": "4cafc3",
        "callsign": "RYR882R",
        "origin_country": "Ireland",
        "time_position": 1788558294,
        "last_contact": 1788558294,
        "baro_altitude": 1135.38,
        "on_ground": false,
        "velocity": 89.25,
        "true_track": 74.28,
        "vertical_rate": -4.23,
        "geo_altitude": 1287.78,
        "squawk": "1000",
        "spi": false,
        "position_source": 0
      }
    },
    {
      "type": "Feature",
      "geometry": {
        "type": "Point",
        "coordinates": [
          10.6036,
          38.9583
        ]
      },
      "properties": {
        "icao24": "4cafc4",
        "callsign": "RYR13QE",
        "origin_country": "Ireland",
        "time_position": 1788558291,
        "last_contact": 1788558294,
        "baro_altitude": 7254.24,
        "on_ground": false,
        "velocity": 232.97,
        "true_track": 280.69,
        "vertical_rate": -13.98,
        "geo_altitude": 7795.26,
        "squawk": null,
        "spi": false,
        "position_source": 0
      }
    },
    {
      "type": "Feature",
      "geometry": {
        "type": "Point",
        "coordinates": [
          12.6904,
          42.793
        ]
      },
      "properties": {
        "icao24": "4cafcb",
        "callsign": "MSA724",
        "origin_country": "Ireland",
        "time_position": 1788558294,
        "last_contact": 1788558295,
        "baro_altitude": 10058.4,
        "on_ground": false,
        "velocity": 232.68,
        "true_track": 141.91,
        "vertical_rate": 0,
        "geo_altitude": 10637.52,
        "squawk": "1000",
        "spi": false,
        "position_source": 0
      }
    },
    {
      "type": "Feature",
      "geometry": {
        "type": "Point",
        "coordinates": [
          18.4053,
          42.0975
        ]
      },
      "properties": {
        "icao24": "4cafd0",
        "callsign": "RYR18ZU",
        "origin_country": "Ireland",
        "time_position": 1788558293,
        "last_contact": 1788558293,
        "baro_altitude": 10972.8,
        "on_ground": false,
        "velocity": 226.49,
        "true_track": 312.42,
        "vertical_rate": 0,
        "geo_altitude": 11597.64,
        "squawk": null,
        "spi": false,
        "position_source": 0
      }
    },
    {
      "type": "Feature",
      "geometry": {
        "type": "Point",
        "coordinates": [
          8.4136,
          44.7039
        ]
      },
      "properties": {
        "icao24": "4cafb3",
        "callsign": "RYR9408",
        "origin_country": "Ireland",
        "time_position": 1788558294,
        "last_contact": 1788558294,
        "baro_altitude": 9966.96,
        "on_ground": false,
        "velocity": 219.36,
        "true_track": 225.48,
        "vertical_rate": 11.38,
        "geo_altitude": 10561.32,
        "squawk": "0452",
        "spi": false,
        "position_source": 0
      }
    },
    {
      "type": "Feature",
      "geometry": {
        "type": "Point",
        "coordinates": [
          13.1465,
          38.1944
        ]
      },
      "properties": {
        "icao24": "4cafb4",
        "callsign": null,
        "origin_country": "Ireland",
        "time_position": 1788558282,
        "last_contact": 1788558283,
        "baro_altitude": 556.26,
        "on_ground": false,
        "velocity": 93.56,
        "true_track": 66.68,
        "vertical_rate": 7.15,
        "geo_altitude": 678.18,
        "squawk": null,
        "spi": false,
        "position_source": 0
      }
    },
    {
      "type": "Feature",
      "geometry": {
        "type": "Point",
        "coordinates": [
          10.3971,
          43.6866
        ]
      },
      "properties": {
        "icao24": "4cafb5",
        "callsign": "RYR58HM",
        "origin_country": "Ireland",
        "time_position": 1788558186,
        "last_contact": 1788558186,
        "baro_altitude": null,
        "on_ground": true,
        "velocity": 40.13,
        "true_track": 36.56,
        "vertical_rate": null,
        "geo_altitude": null,
        "squawk": "4156",
        "spi": false,
        "position_source": 0
      }
    },
    {
      "type": "Feature",
      "geometry": {
        "type": "Point",
        "coordinates": [
          15.9037,
          44.7215
        ]
      },
      "properties": {
        "icao24": "4076cd",
        "callsign": "BAW5RI",
        "origin_country": "United Kingdom",
        "time_position": 1788558294,
        "last_contact": 1788558294,
        "baro_altitude": 11285.22,
        "on_ground": false,
        "velocity": 240.95,
        "true_track": 136.9,
        "vertical_rate": 0,
        "geo_altitude": 11910.06,
        "squawk": "0515",
        "spi": false,
        "position_source": 0
      }
    },
    {
      "type": "Feature",
      "geometry": {
        "type": "Point",
        "coordinates": [
          14.2087,
          35.8081
        ]
      },
      "properties": {
        "icao24": "010244",
        "callsign": "MSR891",
        "origin_country": "Egypt",
        "time_position": 1788558295,
        "last_contact": 1788558295,
        "baro_altitude": 10980.42,
        "on_ground": false,
        "velocity": 253.9,
        "true_track": 276.87,
        "vertical_rate": 0,
        "geo_altitude": 11643.36,
        "squawk": "6634",
        "spi": false,
        "position_source": 0
      }
    },
    {
      "type": "Feature",
      "geometry": {
        "type": "Point",
        "coordinates": [
          7.5285,
          47.598
        ]
      },
      "properties": {
        "icao24": "3007f1",
        "callsign": "DLH3KX",
        "origin_country": "Italy",
        "time_position": 1788558044,
        "last_contact": 1788558044,
        "baro_altitude": null,
        "on_ground": true,
        "velocity": 0,
        "true_track": 64.69,
        "vertical_rate": null,
        "geo_altitude": null,
        "squawk": "1000",
        "spi": false,
        "position_source": 0
      }
    },
    {
      "type": "Feature",
      "geometry": {
        "type": "Point",
        "coordinates": [
          16.3805,
          44.6264
        ]
      },
      "properties": {
        "icao24": "010207",
        "callsign": "MSR802",
        "origin_country": "Egypt",
        "time_position": 1788558294,
        "last_contact": 1788558294,
        "baro_altitude": 11285.22,
        "on_ground": false,
        "velocity": 250.45,
        "true_track": 132.84,
        "vertical_rate": -0.33,
        "geo_altitude": 11917.68,
        "squawk": "0643",
        "spi": false,
        "position_source": 0
      }
    },
    {
      "type": "Feature",
      "geometry": {
        "type": "Point",
        "coordinates": [
          10.025,
          44.9148
        ]
      },
      "properties": {
        "icao24": "4b95b2",
        "callsign": "TCEMR",
        "origin_country": "Turkey",
        "time_position": 1788558294,
        "last_contact": 1788558294,
        "baro_altitude": 6713.22,
        "on_ground": false,
        "velocity": 206.88,
        "true_track": 141.56,
        "vertical_rate": 7.48,
        "geo_altitude": 7139.94,
        "squawk": "0477",
        "spi": false,
        "position_source": 0
      }
    },
    {
      "type": "Feature",
      "geometry": {
        "type": "Point",
        "coordinates": [
          6.1054,
          46.2327
        ]
      },
      "properties": {
        "icao24": "4b1a1e",
        "callsign": "EZS16QR",
        "origin_country": "Switzerland",
        "time_position": 1788558245,
        "last_contact": 1788558245,
        "baro_altitude": null,
        "on_ground": true,
        "velocity": 2.06,
        "true_track": 135,
        "vertical_rate": null,
        "geo_altitude": null,
        "squawk": "5205",
        "spi": false,
        "position_source": 0
      }
    },
    {
      "type": "Feature",
      "geometry": {
        "type": "Point",
        "coordinates": [
          14.3458,
          42.1988
        ]
      },
      "properties": {
        "icao24": "01028e",
        "callsign": "NMA301",
        "origin_country": "Egypt",
        "time_position": 1788558294,
        "last_contact": 1788558294,
        "baro_altitude": 11269.98,
        "on_ground": false,
        "velocity": 241.62,
        "true_track": 127.82,
        "vertical_rate": 0,
        "geo_altitude": 11925.3,
        "squawk": "3754",
        "spi": false,
        "position_source": 0
      }
    },
    {
      "type": "Feature",
      "geometry": {
        "type": "Point",
        "coordinates": [
          18.0694,
          43.423
        ]
      },
      "properties": {
        "icao24": "010287",
        "callsign": "NMA740",
        "origin_country": "Egypt",
        "time_position": 1788558294,
        "last_contact": 1788558294,
        "baro_altitude": 10972.8,
        "on_ground": false,
        "velocity": 218.65,
        "true_track": 318.43,
        "vertical_rate": 0,
        "geo_altitude": 11597.64,
        "squawk": null,
        "spi": false,
        "position_source": 0
      }
    },
    {
      "type": "Feature",
      "geometry": {
        "type": "Point",
        "coordinates": [
          13.8598,
          44.6195
        ]
      },
      "properties": {
        "icao24": "407731",
        "callsign": "EXS58K",
        "origin_country": "United Kingdom",
        "time_position": 1788558294,
        "last_contact": 1788558294,
        "baro_altitude": 10972.8,
        "on_ground": false,
        "velocity": 220.89,
        "true_track": 316.6,
        "vertical_rate": 0,
        "geo_altitude": 11590.02,
        "squawk": "3707",
        "spi": false,
        "position_source": 0
      }
    },
    {
      "type": "Feature",
      "geometry": {
        "type": "Point",
        "coordinates": [
          9.7515,
          38.5915
        ]
      },
      "properties": {
        "icao24": "4075f4",
        "callsign": "TOM3AY",
        "origin_country": "United Kingdom",
        "time_position": 1788558293,
        "last_contact": 1788558293,
        "baro_altitude": 11018.52,
        "on_ground": false,
        "velocity": 228.82,
        "true_track": 352.51,
        "vertical_rate": 6.5,
        "geo_altitude": 11445.24,
        "squawk": null,
        "spi": false,
        "position_source": 0
      }
    },
    {
      "type": "Feature",
      "geometry": {
        "type": "Point",
        "coordinates": [
          17.305,
          43.2862
        ]
      },
      "properties": {
        "icao24": "4075df",
        "callsign": "EZY79TV",
        "origin_country": "United Kingdom",
        "time_position": 1788558288,
        "last_contact": 1788558294,
        "baro_altitude": 10363.2,
        "on_ground": false,
        "velocity": 226.44,
        "true_track": 303.98,
        "vertical_rate": 0,
        "geo_altitude": 10988.04,
        "squawk": "5336",
        "spi": false,
        "position_source": 0
      }
    },
    {
      "type": "Feature",
      "geometry": {
        "type": "Point",
        "coordinates": [
          6.3432,
          46.5607
        ]
      },
      "properties": {
        "icao24": "39a208",
        "callsign": "FPO7LQ",
        "origin_country": "France",
        "time_position": 1788558295,
        "last_contact": 1788558295,
        "baro_altitude": 11582.4,
        "on_ground": false,
        "velocity": 215.63,
        "true_track": 301.34,
        "vertical_rate": 0,
        "geo_altitude": 12184.38,
        "squawk": "1000",
        "spi": false,
        "position_source": 0
      }
    },
    {
      "type": "Feature",
      "geometry": {
        "type": "Point",
        "coordinates": [
          12.265,
          41.8375
        ]
      },
      "properties": {
        "icao24": "4d2518",
        "callsign": "RYR85BG",
        "origin_country": "Malta",
        "time_position": 1788558256,
        "last_contact": 1788558256,
        "baro_altitude": -53.34,
        "on_ground": false,
        "velocity": 78.75,
        "true_track": 162.51,
        "vertical_rate": -4.23,
        "geo_altitude": 129.54,
        "squawk": "1000",
        "spi": false,
        "position_source": 0
      }
    },
    {
      "type": "Feature",
      "geometry": {
        "type": "Point",
        "coordinates": [
          11.1885,
          41.5176
        ]
      },
      "properties": {
        "icao24": "4d2528",
        "callsign": "WMT5655",
        "origin_country": "Malta",
        "time_position": 1788558294,
        "last_contact": 1788558294,
        "baro_altitude": 10965.18,
        "on_ground": false,
        "velocity": 226.11,
        "true_track": 76.85,
        "vertical_rate": 0,
        "geo_altitude": 11643.36,
        "squawk": "0205",
        "spi": false,
        "position_source": 0
      }
    },
    {
      "type": "Feature",
      "geometry": {
        "type": "Point",
        "coordinates": [
          10.6358,
          45.3382
        ]
      },
      "properties": {
        "icao24": "4caeb0",
        "callsign": "NOS8026",
        "origin_country": "Ireland",
        "time_position": 1788558294,
        "last_contact": 1788558294,
        "baro_altitude": 1783.08,
        "on_ground": false,
        "velocity": 117.86,
        "true_track": 225.35,
        "vertical_rate": -8.78,
        "geo_altitude": 1965.96,
        "squawk": "2230",
        "spi": false,
        "position_source": 0
      }
    },
    {
      "type": "Feature",
      "geometry": {
        "type": "Point",
        "coordinates": [
          15.1835,
          42.3441
        ]
      },
      "properties": {
        "icao24": "400afb",
        "callsign": "EFW584Y",
        "origin_country": "United Kingdom",
        "time_position": 1788558294,
        "last_contact": 1788558294,
        "baro_altitude": 8732.52,
        "on_ground": false,
        "velocity": 236.07,
        "true_track": 307.92,
        "vertical_rate": 4.88,
        "geo_altitude": 9288.78,
        "squawk": null,
        "spi": false,
        "position_source": 0
      }
    },
    {
      "type": "Feature",
      "geometry": {
        "type": "Point",
        "coordinates": [
          8.7183,
          45.6382
        ]
      },
      "properties": {
        "icao24": "4caed4",
        "callsign": "BCS4285",
        "origin_country": "Ireland",
        "time_position": 1788558293,
        "last_contact": 1788558293,
        "baro_altitude": null,
        "on_ground": true,
        "velocity": 4.12,
        "true_track": 185.62,
        "vertical_rate": null,
        "geo_altitude": null,
        "squawk": "1000",
        "spi": false,
        "position_source": 0
      }
    },
    {
      "type": "Feature",
      "geometry": {
        "type": "Point",
        "coordinates": [
          6.747,
          46.108
        ]
      },
      "properties": {
        "icao24": "347257",
        "callsign": "VOE4EL",
        "origin_country": "Spain",
        "time_position": 1788558294,
        "last_contact": 1788558294,
        "baro_altitude": 11597.64,
        "on_ground": false,
        "velocity": 219.73,
        "true_track": 315.57,
        "vertical_rate": 0.33,
        "geo_altitude": 12207.24,
        "squawk": "1000",
        "spi": false,
        "position_source": 0
      }
    },
    {
      "type": "Feature",
      "geometry": {
        "type": "Point",
        "coordinates": [
          16.3098,
          42.5663
        ]
      },
      "properties": {
        "icao24": "4072dc",
        "callsign": "EXS53G",
        "origin_country": "United Kingdom",
        "time_position": 1788558277,
        "last_contact": 1788558277,
        "baro_altitude": 11582.4,
        "on_ground": false,
        "velocity": 222.07,
        "true_track": 312.75,
        "vertical_rate": 0,
        "geo_altitude": 12237.72,
        "squawk": null,
        "spi": false,
        "position_source": 0
      }
    },
    {
      "type": "Feature",
      "geometry": {
        "type": "Point",
        "coordinates": [
          9.9012,
          42.2688
        ]
      },
      "properties": {
        "icao24": "4d23a4",
        "callsign": "EWG2980",
        "origin_country": "Malta",
        "time_position": 1788558294,
        "last_contact": 1788558294,
        "baro_altitude": 10668,
        "on_ground": false,
        "velocity": 233.67,
        "true_track": 173.17,
        "vertical_rate": 0,
        "geo_altitude": 11346.18,
        "squawk": "2576",
        "spi": false,
        "position_source": 0
      }
    },
    {
      "type": "Feature",
      "geometry": {
        "type": "Point",
        "coordinates": [
          18.1834,
          42.3291
        ]
      },
      "properties": {
        "icao24": "4d23ea",
        "callsign": "CXI7F",
        "origin_country": "Malta",
        "time_position": 1788558290,
        "last_contact": 1788558290,
        "baro_altitude": 10972.8,
        "on_ground": false,
        "velocity": 224.16,
        "true_track": 320.87,
        "vertical_rate": 0,
        "geo_altitude": 11590.02,
        "squawk": null,
        "spi": false,
        "position_source": 0
      }
    },
    {
      "type": "Feature",
      "geometry": {
        "type": "Point",
        "coordinates": [
          9.8516,
          41.6928
        ]
      },
      "properties": {
        "icao24": "4d23f0",
        "callsign": "AEZ839Y",
        "origin_country": "Malta",
        "time_position": 1788558215,
        "last_contact": 1788558218,
        "baro_altitude": 4625.34,
        "on_ground": false,
        "velocity": 214.76,
        "true_track": 184.81,
        "vertical_rate": -13.66,
        "geo_altitude": 5029.2,
        "squawk": "4622",
        "spi": false,
        "position_source": 0
      }
    },
    {
      "type": "Feature",
      "geometry": {
        "type": "Point",
        "coordinates": [
          6.6855,
          44.7353
        ]
      },
      "properties": {
        "icao24": "4d2433",
        "callsign": "WZZ933H",
        "origin_country": "Malta",
        "time_position": 1788558294,
        "last_contact": 1788558294,
        "baro_altitude": 10972.8,
        "on_ground": false,
        "velocity": 248.18,
        "true_track": 13.55,
        "vertical_rate": -0.33,
        "geo_altitude": 11620.5,
        "squawk": "1000",
        "spi": false,
        "position_source": 0
      }
    },
    {
      "type": "Feature",
      "geometry": {
        "type": "Point",
        "coordinates": [
          9.7859,
          41.1543
        ]
      },
      "properties": {
        "icao24": "4d241c",
        "callsign": "WMT8154",
        "origin_country": "Malta",
        "time_position": 1788558294,
        "last_contact": 1788558294,
        "baro_altitude": 10370.82,
        "on_ground": false,
        "velocity": 237.39,
        "true_track": 70.5,
        "vertical_rate": 0,
        "geo_altitude": 11041.38,
        "squawk": "1000",
        "spi": false,
        "position_source": 0
      }
    },
    {
      "type": "Feature",
      "geometry": {
        "type": "Point",
        "coordinates": [
          12.4452,
          38.8732
        ]
      },
      "properties": {
        "icao24": "4d241f",
        "callsign": "WMT7A",
        "origin_country": "Malta",
        "time_position": 1788558203,
        "last_contact": 1788558213,
        "baro_altitude": 5059.68,
        "on_ground": false,
        "velocity": 176.24,
        "true_track": 156.43,
        "vertical_rate": -8.13,
        "geo_altitude": 5455.92,
        "squawk": "1000",
        "spi": false,
        "position_source": 0
      }
    },
    {
      "type": "Feature",
      "geometry": {
        "type": "Point",
        "coordinates": [
          10.9493,
          42.0927
        ]
      },
      "properties": {
        "icao24": "4cadc3",
        "callsign": "RYR94PB",
        "origin_country": "Ireland",
        "time_position": 1788558294,
        "last_contact": 1788558294,
        "baro_altitude": 11277.6,
        "on_ground": false,
        "velocity": 238.55,
        "true_track": 155.81,
        "vertical_rate": 0,
        "geo_altitude": 11955.78,
        "squawk": "0527",
        "spi": false,
        "position_source": 0
      }
    },
    {
      "type": "Feature",
      "geometry": {
        "type": "Point",
        "coordinates": [
          10.3553,
          46.1521
        ]
      },
      "properties": {
        "icao24": "4cadc4",
        "callsign": "RYR83CW",
        "origin_country": "Ireland",
        "time_position": 1788558294,
        "last_contact": 1788558294,
        "baro_altitude": 8503.92,
        "on_ground": false,
        "velocity": 206.03,
        "true_track": 326.51,
        "vertical_rate": 7.8,
        "geo_altitude": 9014.46,
        "squawk": "0223",
        "spi": false,
        "position_source": 0
      }
    },
    {
      "type": "Feature",
      "geometry": {
        "type": "Point",
        "coordinates": [
          16.5471,
          36.972
        ]
      },
      "properties": {
        "icao24": "4d242e",
        "callsign": "WZZ58KY",
        "origin_country": "Malta",
        "time_position": 1788558294,
        "last_contact": 1788558294,
        "baro_altitude": 11071.86,
        "on_ground": false,
        "velocity": 215.33,
        "true_track": 50.72,
        "vertical_rate": 4.88,
        "geo_altitude": 11734.8,
        "squawk": "6570",
        "spi": false,
        "position_source": 0
      }
    },
    {
      "type": "Feature",
      "geometry": {
        "type": "Point",
        "coordinates": [
          17.0544,
          46.7558
        ]
      },
      "properties": {
        "icao24": "4d242a",
        "callsign": "WMT6UU",
        "origin_country": "Malta",
        "time_position": 1788558294,
        "last_contact": 1788558294,
        "baro_altitude": 11277.6,
        "on_ground": false,
        "velocity": 244.87,
        "true_track": 78.24,
        "vertical_rate": 0.33,
        "geo_altitude": 11879.58,
        "squawk": "1000",
        "spi": false,
        "position_source": 0
      }
    },
    {
      "type": "Feature",
      "geometry": {
        "type": "Point",
        "coordinates": [
          15.4319,
          38.368
        ]
      },
      "properties": {
        "icao24": "4cada7",
        "callsign": "ITY4LI",
        "origin_country": "Ireland",
        "time_position": 1788558294,
        "last_contact": 1788558294,
        "baro_altitude": 8968.74,
        "on_ground": false,
        "velocity": 211.15,
        "true_track": 149.87,
        "vertical_rate": -10.73,
        "geo_altitude": 9578.34,
        "squawk": "7445",
        "spi": false,
        "position_source": 0
      }
    },
    {
      "type": "Feature",
      "geometry": {
        "type": "Point",
        "coordinates": [
          7.3642,
          43.6544
        ]
      },
      "properties": {
        "icao24": "4cadfe",
        "callsign": "RYR10UX",
        "origin_country": "Ireland",
        "time_position": 1788558294,
        "last_contact": 1788558295,
        "baro_altitude": 11582.4,
        "on_ground": false,
        "velocity": 233.19,
        "true_track": 327.43,
        "vertical_rate": 0,
        "geo_altitude": 12245.34,
        "squawk": "4012",
        "spi": false,
        "position_source": 0
      }
    },
    {
      "type": "Feature",
      "geometry": {
        "type": "Point",
        "coordinates": [
          11.4544,
          41.0649
        ]
      },
      "properties": {
        "icao24": "4cadfa",
        "callsign": "ITY674",
        "origin_country": "Ireland",
        "time_position": 1788558294,
        "last_contact": 1788558294,
        "baro_altitude": 4648.2,
        "on_ground": false,
        "velocity": 190.98,
        "true_track": 218.88,
        "vertical_rate": 6.5,
        "geo_altitude": 5021.58,
        "squawk": null,
        "spi": false,
        "position_source": 0
      }
    },
    {
      "type": "Feature",
      "geometry": {
        "type": "Point",
        "coordinates": [
          18.9794,
          44.8311
        ]
      },
      "properties": {
        "icao24": "4d2453",
        "callsign": "WMT4CA",
        "origin_country": "Malta",
        "time_position": 1788558294,
        "last_contact": 1788558294,
        "baro_altitude": 11269.98,
        "on_ground": false,
        "velocity": 240.32,
        "true_track": 168.64,
        "vertical_rate": -3.25,
        "geo_altitude": 11887.2,
        "squawk": "4542",
        "spi": false,
        "position_source": 0
      }
    },
    {
      "type": "Feature",
      "geometry": {
        "type": "Point",
        "coordinates": [
          9.3221,
          44.02
        ]
      },
      "properties": {
        "icao24": "4d244a",
        "callsign": "RYR3WU",
        "origin_country": "Malta",
        "time_position": 1788558295,
        "last_contact": 1788558295,
        "baro_altitude": 10668,
        "on_ground": false,
        "velocity": 227.29,
        "true_track": 218.66,
        "vertical_rate": 0,
        "geo_altitude": 11315.7,
        "squawk": "1000",
        "spi": false,
        "position_source": 0
      }
    },
    {
      "type": "Feature",
      "geometry": {
        "type": "Point",
        "coordinates": [
          11.5782,
          45.142
        ]
      },
      "properties": {
        "icao24": "4cade6",
        "callsign": "RYR1ZV",
        "origin_country": "Ireland",
        "time_position": 1788558295,
        "last_contact": 1788558295,
        "baro_altitude": 11475.72,
        "on_ground": false,
        "velocity": 236.39,
        "true_track": 348.32,
        "vertical_rate": 2.6,
        "geo_altitude": 12115.8,
        "squawk": "1264",
        "spi": false,
        "position_source": 0
      }
    },
    {
      "type": "Feature",
      "geometry": {
        "type": "Point",
        "coordinates": [
          14.1762,
          36.7867
        ]
      },
      "properties": {
        "icao24": "4cadef",
        "callsign": "RYR56M",
        "origin_country": "Ireland",
        "time_position": 1788558294,
        "last_contact": 1788558295,
        "baro_altitude": 6736.08,
        "on_ground": false,
        "velocity": 213.05,
        "true_track": 153,
        "vertical_rate": -10.4,
        "geo_altitude": 7231.38,
        "squawk": "1277",
        "spi": false,
        "position_source": 0
      }
    },
    {
      "type": "Feature",
      "geometry": {
        "type": "Point",
        "coordinates": [
          15.2166,
          42.5979
        ]
      },
      "properties": {
        "icao24": "4cadea",
        "callsign": "ITY510",
        "origin_country": "Ireland",
        "time_position": 1788558294,
        "last_contact": 1788558294,
        "baro_altitude": 10668,
        "on_ground": false,
        "velocity": 238.01,
        "true_track": 74.58,
        "vertical_rate": 0,
        "geo_altitude": 11315.7,
        "squawk": "1212",
        "spi": false,
        "position_source": 0
      }
    },
    {
      "type": "Feature",
      "geometry": {
        "type": "Point",
        "coordinates": [
          9.3787,
          47.1934
        ]
      },
      "properties": {
        "icao24": "4d244b",
        "callsign": "RYR4BN",
        "origin_country": "Malta",
        "time_position": 1788558294,
        "last_contact": 1788558294,
        "baro_altitude": 11224.26,
        "on_ground": false,
        "velocity": 231.44,
        "true_track": 352.46,
        "vertical_rate": 6.18,
        "geo_altitude": 11788.14,
        "squawk": "2746",
        "spi": false,
        "position_source": 0
      }
    },
    {
      "type": "Feature",
      "geometry": {
        "type": "Point",
        "coordinates": [
          12.3418,
          45.5067
        ]
      },
      "properties": {
        "icao24": "4d248e",
        "callsign": "WMT6767",
        "origin_country": "Malta",
        "time_position": 1788558294,
        "last_contact": 1788558294,
        "baro_altitude": null,
        "on_ground": true,
        "velocity": 3.34,
        "true_track": 225,
        "vertical_rate": null,
        "geo_altitude": null,
        "squawk": "5242",
        "spi": false,
        "position_source": 0
      }
    },
    {
      "type": "Feature",
      "geometry": {
        "type": "Point",
        "coordinates": [
          6.3455,
          43.0062
        ]
      },
      "properties": {
        "icao24": "4d248f",
        "callsign": "WZZ34SY",
        "origin_country": "Malta",
        "time_position": 1788558294,
        "last_contact": 1788558294,
        "baro_altitude": 10972.8,
        "on_ground": false,
        "velocity": 246.57,
        "true_track": 51.1,
        "vertical_rate": 0,
        "geo_altitude": 11650.98,
        "squawk": "1424",
        "spi": false,
        "position_source": 0
      }
    },
    {
      "type": "Feature",
      "geometry": {
        "type": "Point",
        "coordinates": [
          12.503,
          41.8639
        ]
      },
      "properties": {
        "icao24": "4cae05",
        "callsign": "NOS5030",
        "origin_country": "Ireland",
        "time_position": 1788558294,
        "last_contact": 1788558294,
        "baro_altitude": 1866.9,
        "on_ground": false,
        "velocity": 125.5,
        "true_track": 314.5,
        "vertical_rate": -7.15,
        "geo_altitude": 2080.26,
        "squawk": null,
        "spi": false,
        "position_source": 0
      }
    },
    {
      "type": "Feature",
      "geometry": {
        "type": "Point",
        "coordinates": [
          14.4403,
          40.1957
        ]
      },
      "properties": {
        "icao24": "4cae17",
        "callsign": "ITY810",
        "origin_country": "Ireland",
        "time_position": 1788558294,
        "last_contact": 1788558294,
        "baro_altitude": 9867.9,
        "on_ground": false,
        "velocity": 241.37,
        "true_track": 113.89,
        "vertical_rate": 4.88,
        "geo_altitude": 10523.22,
        "squawk": null,
        "spi": false,
        "position_source": 0
      }
    },
    {
      "type": "Feature",
      "geometry": {
        "type": "Point",
        "coordinates": [
          9.2796,
          45.4209
        ]
      },
      "properties": {
        "icao24": "4cae12",
        "callsign": "ITY1650",
        "origin_country": "Ireland",
        "time_position": 1788558294,
        "last_contact": 1788558294,
        "baro_altitude": 160.02,
        "on_ground": false,
        "velocity": 68.1,
        "true_track": 355.67,
        "vertical_rate": -3.9,
        "geo_altitude": 243.84,
        "squawk": "1000",
        "spi": false,
        "position_source": 0
      }
    },
    {
      "type": "Feature",
      "geometry": {
        "type": "Point",
        "coordinates": [
          11.5586,
          43.2877
        ]
      },
      "properties": {
        "icao24": "4cae14",
        "callsign": "ITY1321",
        "origin_country": "Ireland",
        "time_position": 1788558294,
        "last_contact": 1788558294,
        "baro_altitude": 8534.4,
        "on_ground": false,
        "velocity": 231.32,
        "true_track": 331.73,
        "vertical_rate": -1.3,
        "geo_altitude": 9128.76,
        "squawk": "1000",
        "spi": false,
        "position_source": 0
      }
    },
    {
      "type": "Feature",
      "geometry": {
        "type": "Point",
        "coordinates": [
          11.7595,
          45.7422
        ]
      },
      "properties": {
        "icao24": "a49e9a",
        "callsign": "UPS259",
        "origin_country": "United States",
        "time_position": 1788558294,
        "last_contact": 1788558295,
        "baro_altitude": 4846.32,
        "on_ground": false,
        "velocity": 214.02,
        "true_track": 313.05,
        "vertical_rate": 12.68,
        "geo_altitude": 5173.98,
        "squawk": "0256",
        "spi": false,
        "position_source": 0
      }
    },
    {
      "type": "Feature",
      "geometry": {
        "type": "Point",
        "coordinates": [
          12.2534,
          45.2739
        ]
      },
      "properties": {
        "icao24": "4cae54",
        "callsign": "RYR58DF",
        "origin_country": "Ireland",
        "time_position": 1788558294,
        "last_contact": 1788558294,
        "baro_altitude": 11582.4,
        "on_ground": false,
        "velocity": 237.82,
        "true_track": 9.46,
        "vertical_rate": 0,
        "geo_altitude": 12230.1,
        "squawk": "1000",
        "spi": false,
        "position_source": 0
      }
    },
    {
      "type": "Feature",
      "geometry": {
        "type": "Point",
        "coordinates": [
          17.3777,
          46.8337
        ]
      },
      "properties": {
        "icao24": "4cae92",
        "callsign": "RYR14DP",
        "origin_country": "Ireland",
        "time_position": 1788558294,
        "last_contact": 1788558294,
        "baro_altitude": 11582.4,
        "on_ground": false,
        "velocity": 213.09,
        "true_track": 309.42,
        "vertical_rate": 0,
        "geo_altitude": 12169.14,
        "squawk": "2664",
        "spi": false,
        "position_source": 0
      }
    },
    {
      "type": "Feature",
      "geometry": {
        "type": "Point",
        "coordinates": [
          14.484,
          35.8552
        ]
      },
      "properties": {
        "icao24": "4d22ab",
        "callsign": "9HNED",
        "origin_country": "Malta",
        "time_position": 1788558291,
        "last_contact": 1788558291,
        "baro_altitude": null,
        "on_ground": true,
        "velocity": 0,
        "true_track": 0,
        "vertical_rate": null,
        "geo_altitude": null,
        "squawk": null,
        "spi": false,
        "position_source": 0
      }
    },
    {
      "type": "Feature",
      "geometry": {
        "type": "Point",
        "coordinates": [
          15.9269,
          44.005
        ]
      },
      "properties": {
        "icao24": "4d22ad",
        "callsign": "RYR6YZ",
        "origin_country": "Malta",
        "time_position": 1788558294,
        "last_contact": 1788558295,
        "baro_altitude": 11277.6,
        "on_ground": false,
        "velocity": 231.12,
        "true_track": 5.75,
        "vertical_rate": 0,
        "geo_altitude": 11925.3,
        "squawk": "6566",
        "spi": false,
        "position_source": 0
      }
    },
    {
      "type": "Feature",
      "geometry": {
        "type": "Point",
        "coordinates": [
          13.6908,
          43.1097
        ]
      },
      "properties": {
        "icao24": "4d22c2",
        "callsign": "RYR64GG",
        "origin_country": "Malta",
        "time_position": 1788558295,
        "last_contact": 1788558295,
        "baro_altitude": 10363.2,
        "on_ground": false,
        "velocity": 229.65,
        "true_track": 10.45,
        "vertical_rate": 0,
        "geo_altitude": 11003.28,
        "squawk": "1000",
        "spi": false,
        "position_source": 0
      }
    },
    {
      "type": "Feature",
      "geometry": {
        "type": "Point",
        "coordinates": [
          8.1006,
          45.3411
        ]
      },
      "properties": {
        "icao24": "4cae4a",
        "callsign": "RYR38LU",
        "origin_country": "Ireland",
        "time_position": 1788558294,
        "last_contact": 1788558294,
        "baro_altitude": 11582.4,
        "on_ground": false,
        "velocity": 222.09,
        "true_track": 310.96,
        "vertical_rate": 0,
        "geo_altitude": 12214.86,
        "squawk": "0435",
        "spi": false,
        "position_source": 0
      }
    },
    {
      "type": "Feature",
      "geometry": {
        "type": "Point",
        "coordinates": [
          14.0068,
          41.0093
        ]
      },
      "properties": {
        "icao24": "4cae4c",
        "callsign": "RYR15PW",
        "origin_country": "Ireland",
        "time_position": 1788558294,
        "last_contact": 1788558294,
        "baro_altitude": 11277.6,
        "on_ground": false,
        "velocity": 236.22,
        "true_track": 140.83,
        "vertical_rate": 0,
        "geo_altitude": 11948.16,
        "squawk": "1000",
        "spi": false,
        "position_source": 0
      }
    },
    {
      "type": "Feature",
      "geometry": {
        "type": "Point",
        "coordinates": [
          16.7079,
          43.4278
        ]
      },
      "properties": {
        "icao24": "4d22bb",
        "callsign": "RYR2YU",
        "origin_country": "Malta",
        "time_position": 1788558288,
        "last_contact": 1788558293,
        "baro_altitude": 10972.8,
        "on_ground": false,
        "velocity": 226.5,
        "true_track": 344.86,
        "vertical_rate": 0,
        "geo_altitude": 11612.88,
        "squawk": null,
        "spi": false,
        "position_source": 0
      }
    },
    {
      "type": "Feature",
      "geometry": {
        "type": "Point",
        "coordinates": [
          15.5416,
          41.6371
        ]
      },
      "properties": {
        "icao24": "4d22bd",
        "callsign": "RYR7946",
        "origin_country": "Malta",
        "time_position": 1788558294,
        "last_contact": 1788558294,
        "baro_altitude": 10972.8,
        "on_ground": false,
        "velocity": 229.17,
        "true_track": 8.13,
        "vertical_rate": 0,
        "geo_altitude": 11643.36,
        "squawk": "6574",
        "spi": false,
        "position_source": 0
      }
    },
    {
      "type": "Feature",
      "geometry": {
        "type": "Point",
        "coordinates": [
          13.051,
          41.7661
        ]
      },
      "properties": {
        "icao24": "4d22c3",
        "callsign": "RYR29ZN",
        "origin_country": "Malta",
        "time_position": 1788558294,
        "last_contact": 1788558294,
        "baro_altitude": 10972.8,
        "on_ground": false,
        "velocity": 233.77,
        "true_track": 251.53,
        "vertical_rate": 0,
        "geo_altitude": 11643.36,
        "squawk": "1245",
        "spi": false,
        "position_source": 0
      }
    },
    {
      "type": "Feature",
      "geometry": {
        "type": "Point",
        "coordinates": [
          12.678,
          39.74
        ]
      },
      "properties": {
        "icao24": "4d2303",
        "callsign": "RYR13PK",
        "origin_country": "Malta",
        "time_position": 1788558293,
        "last_contact": 1788558294,
        "baro_altitude": 8001,
        "on_ground": false,
        "velocity": 239.97,
        "true_track": 342.15,
        "vertical_rate": 6.5,
        "geo_altitude": 8557.26,
        "squawk": null,
        "spi": false,
        "position_source": 0
      }
    },
    {
      "type": "Feature",
      "geometry": {
        "type": "Point",
        "coordinates": [
          7.9849,
          44.7955
        ]
      },
      "properties": {
        "icao24": "4d2300",
        "callsign": "RYR73PQ",
        "origin_country": "Malta",
        "time_position": 1788558294,
        "last_contact": 1788558294,
        "baro_altitude": 8084.82,
        "on_ground": false,
        "velocity": 208.73,
        "true_track": 201.7,
        "vertical_rate": 7.48,
        "geo_altitude": 8602.98,
        "squawk": "1000",
        "spi": false,
        "position_source": 0
      }
    },
    {
      "type": "Feature",
      "geometry": {
        "type": "Point",
        "coordinates": [
          9.0882,
          39.1737
        ]
      },
      "properties": {
        "icao24": "4d234a",
        "callsign": "RYR83CM",
        "origin_country": "Malta",
        "time_position": 1788558295,
        "last_contact": 1788558295,
        "baro_altitude": 11887.2,
        "on_ground": false,
        "velocity": 234.49,
        "true_track": 125.08,
        "vertical_rate": 0,
        "geo_altitude": 12588.24,
        "squawk": "1412",
        "spi": false,
        "position_source": 0
      }
    },
    {
      "type": "Feature",
      "geometry": {
        "type": "Point",
        "coordinates": [
          8.5934,
          43.2778
        ]
      },
      "properties": {
        "icao24": "3c56f6",
        "callsign": "EWG09NC",
        "origin_country": "Germany",
        "time_position": 1788558294,
        "last_contact": 1788558294,
        "baro_altitude": 10980.42,
        "on_ground": false,
        "velocity": 241.79,
        "true_track": 6.47,
        "vertical_rate": -0.33,
        "geo_altitude": 11650.98,
        "squawk": "0406",
        "spi": false,
        "position_source": 0
      }
    },
    {
      "type": "Feature",
      "geometry": {
        "type": "Point",
        "coordinates": [
          10.8085,
          44.3642
        ]
      },
      "properties": {
        "icao24": "4d2350",
        "callsign": "RYR56VF",
        "origin_country": "Malta",
        "time_position": 1788558294,
        "last_contact": 1788558294,
        "baro_altitude": 8427.72,
        "on_ground": false,
        "velocity": 230.67,
        "true_track": 330.18,
        "vertical_rate": -7.8,
        "geo_altitude": 8991.6,
        "squawk": "1000",
        "spi": false,
        "position_source": 0
      }
    },
    {
      "type": "Feature",
      "geometry": {
        "type": "Point",
        "coordinates": [
          9.9472,
          47.7307
        ]
      },
      "properties": {
        "icao24": "4d2369",
        "callsign": "RYR1UT",
        "origin_country": "Malta",
        "time_position": 1788558294,
        "last_contact": 1788558294,
        "baro_altitude": 11582.4,
        "on_ground": false,
        "velocity": 213.2,
        "true_track": 314.02,
        "vertical_rate": 0.65,
        "geo_altitude": 12138.66,
        "squawk": "7547",
        "spi": false,
        "position_source": 0
      }
    },
    {
      "type": "Feature",
      "geometry": {
        "type": "Point",
        "coordinates": [
          15.6456,
          47.1025
        ]
      },
      "properties": {
        "icao24": "4d2383",
        "callsign": "RYR91SU",
        "origin_country": "Malta",
        "time_position": 1788558294,
        "last_contact": 1788558294,
        "baro_altitude": 11582.4,
        "on_ground": false,
        "velocity": 208.55,
        "true_track": 263.77,
        "vertical_rate": 0,
        "geo_altitude": 12169.14,
        "squawk": "1000",
        "spi": false,
        "position_source": 0
      }
    },
    {
      "type": "Feature",
      "geometry": {
        "type": "Point",
        "coordinates": [
          16.0357,
          42.4983
        ]
      },
      "properties": {
        "icao24": "4d2384",
        "callsign": "RYR46JB",
        "origin_country": "Malta",
        "time_position": 1788558294,
        "last_contact": 1788558294,
        "baro_altitude": 11277.6,
        "on_ground": false,
        "velocity": 238.34,
        "true_track": 193.23,
        "vertical_rate": 0.33,
        "geo_altitude": 11932.92,
        "squawk": "5551",
        "spi": false,
        "position_source": 0
      }
    },
    {
      "type": "Feature",
      "geometry": {
        "type": "Point",
        "coordinates": [
          17.4737,
          44.931
        ]
      },
      "properties": {
        "icao24": "4070f0",
        "callsign": "EXS46NR",
        "origin_country": "United Kingdom",
        "time_position": 1788558295,
        "last_contact": 1788558295,
        "baro_altitude": 10972.8,
        "on_ground": false,
        "velocity": 216.46,
        "true_track": 314.33,
        "vertical_rate": 0,
        "geo_altitude": 11574.78,
        "squawk": "0070",
        "spi": false,
        "position_source": 0
      }
    },
    {
      "type": "Feature",
      "geometry": {
        "type": "Point",
        "coordinates": [
          14.4369,
          37.0282
        ]
      },
      "properties": {
        "icao24": "4cad10",
        "callsign": "RYR5PP",
        "origin_country": "Ireland",
        "time_position": 1788558294,
        "last_contact": 1788558294,
        "baro_altitude": 8702.04,
        "on_ground": false,
        "velocity": 211.59,
        "true_track": 192.21,
        "vertical_rate": -8.78,
        "geo_altitude": 9319.26,
        "squawk": "5540",
        "spi": false,
        "position_source": 0
      }
    },
    {
      "type": "Feature",
      "geometry": {
        "type": "Point",
        "coordinates": [
          16.6655,
          46.2316
        ]
      },
      "properties": {
        "icao24": "4070e9",
        "callsign": "EXS65UL",
        "origin_country": "United Kingdom",
        "time_position": 1788558294,
        "last_contact": 1788558294,
        "baro_altitude": 10972.8,
        "on_ground": false,
        "velocity": 213.8,
        "true_track": 306.98,
        "vertical_rate": 0,
        "geo_altitude": 11551.92,
        "squawk": "3233",
        "spi": false,
        "position_source": 0
      }
    },
    {
      "type": "Feature",
      "geometry": {
        "type": "Point",
        "coordinates": [
          15.5918,
          44.1381
        ]
      },
      "properties": {
        "icao24": "4070e2",
        "callsign": "EXS4CX",
        "origin_country": "United Kingdom",
        "time_position": 1788558294,
        "last_contact": 1788558294,
        "baro_altitude": 10972.8,
        "on_ground": false,
        "velocity": 218.23,
        "true_track": 302.19,
        "vertical_rate": 0,
        "geo_altitude": 11590.02,
        "squawk": "2027",
        "spi": false,
        "position_source": 0
      }
    },
    {
      "type": "Feature",
      "geometry": {
        "type": "Point",
        "coordinates": [
          9.5548,
          46.8423
        ]
      },
      "properties": {
        "icao24": "4070e7",
        "callsign": "EXS83E",
        "origin_country": "United Kingdom",
        "time_position": 1788558295,
        "last_contact": 1788558295,
        "baro_altitude": 10972.8,
        "on_ground": false,
        "velocity": 206.77,
        "true_track": 304.56,
        "vertical_rate": 0,
        "geo_altitude": 11544.3,
        "squawk": "2745",
        "spi": false,
        "position_source": 0
      }
    },
    {
      "type": "Feature",
      "geometry": {
        "type": "Point",
        "coordinates": [
          12.2585,
          41.8531
        ]
      },
      "properties": {
        "icao24": "4cad5b",
        "callsign": "ITY1752",
        "origin_country": "Ireland",
        "time_position": 1788558124,
        "last_contact": 1788558162,
        "baro_altitude": 15.24,
        "on_ground": false,
        "velocity": 70.62,
        "true_track": 162.62,
        "vertical_rate": -3.25,
        "geo_altitude": 114.3,
        "squawk": null,
        "spi": false,
        "position_source": 0
      }
    },
    {
      "type": "Feature",
      "geometry": {
        "type": "Point",
        "coordinates": [
          9.629,
          39.4126
        ]
      },
      "properties": {
        "icao24": "4d21d2",
        "callsign": "AEZ842V",
        "origin_country": "Malta",
        "time_position": 1788558247,
        "last_contact": 1788558247,
        "baro_altitude": 3520.44,
        "on_ground": false,
        "velocity": 196.72,
        "true_track": 197.35,
        "vertical_rate": -6.18,
        "geo_altitude": 3848.1,
        "squawk": "6327",
        "spi": false,
        "position_source": 0
      }
    },
    {
      "type": "Feature",
      "geometry": {
        "type": "Point",
        "coordinates": [
          15.4388,
          42.3252
        ]
      },
      "properties": {
        "icao24": "4d21c8",
        "callsign": "CXI6U",
        "origin_country": "Malta",
        "time_position": 1788558294,
        "last_contact": 1788558294,
        "baro_altitude": 11582.4,
        "on_ground": false,
        "velocity": 225.33,
        "true_track": 317.13,
        "vertical_rate": 0,
        "geo_altitude": 12230.1,
        "squawk": "5535",
        "spi": false,
        "position_source": 0
      }
    },
    {
      "type": "Feature",
      "geometry": {
        "type": "Point",
        "coordinates": [
          10.7713,
          35.7317
        ]
      },
      "properties": {
        "icao24": "4c01f5",
        "callsign": "ASL9975",
        "origin_country": "Serbia",
        "time_position": 1788558009,
        "last_contact": 1788558041,
        "baro_altitude": 952.5,
        "on_ground": false,
        "velocity": 86.06,
        "true_track": 198.11,
        "vertical_rate": 8.78,
        "geo_altitude": 815.34,
        "squawk": null,
        "spi": false,
        "position_source": 0
      }
    },
    {
      "type": "Feature",
      "geometry": {
        "type": "Point",
        "coordinates": [
          11.7311,
          41.3251
        ]
      },
      "properties": {
        "icao24": "4cad44",
        "callsign": "ITY680",
        "origin_country": "Ireland",
        "time_position": 1788558294,
        "last_contact": 1788558294,
        "baro_altitude": 3977.64,
        "on_ground": false,
        "velocity": 191.54,
        "true_track": 218.35,
        "vertical_rate": 3.25,
        "geo_altitude": 4305.3,
        "squawk": null,
        "spi": false,
        "position_source": 0
      }
    },
    {
      "type": "Feature",
      "geometry": {
        "type": "Point",
        "coordinates": [
          9.9133,
          46.7323
        ]
      },
      "properties": {
        "icao24": "4cad2b",
        "callsign": "RYR68JW",
        "origin_country": "Ireland",
        "time_position": 1788558294,
        "last_contact": 1788558294,
        "baro_altitude": 10972.8,
        "on_ground": false,
        "velocity": 215.27,
        "true_track": 307.72,
        "vertical_rate": -0.33,
        "geo_altitude": 11559.54,
        "squawk": "7516",
        "spi": false,
        "position_source": 0
      }
    },
    {
      "type": "Feature",
      "geometry": {
        "type": "Point",
        "coordinates": [
          7.0417,
          43.9996
        ]
      },
      "properties": {
        "icao24": "4cad3d",
        "callsign": "RYR8YD",
        "origin_country": "Ireland",
        "time_position": 1788558294,
        "last_contact": 1788558295,
        "baro_altitude": 10972.8,
        "on_ground": false,
        "velocity": 234.76,
        "true_track": 327.53,
        "vertical_rate": 0,
        "geo_altitude": 11628.12,
        "squawk": "4041",
        "spi": false,
        "position_source": 0
      }
    },
    {
      "type": "Feature",
      "geometry": {
        "type": "Point",
        "coordinates": [
          14.5247,
          41.8638
        ]
      },
      "properties": {
        "icao24": "4d21ee",
        "callsign": "RYR8602",
        "origin_country": "Malta",
        "time_position": 1788558295,
        "last_contact": 1788558295,
        "baro_altitude": 11277.6,
        "on_ground": false,
        "velocity": 238.41,
        "true_track": 172.06,
        "vertical_rate": 0,
        "geo_altitude": 11940.54,
        "squawk": "1000",
        "spi": false,
        "position_source": 0
      }
    },
    {
      "type": "Feature",
      "geometry": {
        "type": "Point",
        "coordinates": [
          12.3167,
          45.4777
        ]
      },
      "properties": {
        "icao24": "4d21ea",
        "callsign": "RYR11TG",
        "origin_country": "Malta",
        "time_position": 1788558294,
        "last_contact": 1788558295,
        "baro_altitude": 106.68,
        "on_ground": false,
        "velocity": 78.31,
        "true_track": 42.07,
        "vertical_rate": -3.9,
        "geo_altitude": 190.5,
        "squawk": "1000",
        "spi": false,
        "position_source": 0
      }
    },
    {
      "type": "Feature",
      "geometry": {
        "type": "Point",
        "coordinates": [
          9.8758,
          44.7667
        ]
      },
      "properties": {
        "icao24": "4d21f2",
        "callsign": "RYR1CK",
        "origin_country": "Malta",
        "time_position": 1788558294,
        "last_contact": 1788558294,
        "baro_altitude": 11277.6,
        "on_ground": false,
        "velocity": 216.64,
        "true_track": 249.71,
        "vertical_rate": 0,
        "geo_altitude": 11917.68,
        "squawk": "1000",
        "spi": false,
        "position_source": 0
      }
    },
    {
      "type": "Feature",
      "geometry": {
        "type": "Point",
        "coordinates": [
          15.3001,
          37.4982
        ]
      },
      "properties": {
        "icao24": "4d2208",
        "callsign": "RYR5WH",
        "origin_country": "Malta",
        "time_position": 1788558220,
        "last_contact": 1788558221,
        "baro_altitude": 1013.46,
        "on_ground": false,
        "velocity": 101.58,
        "true_track": 260.97,
        "vertical_rate": -5.53,
        "geo_altitude": 1165.86,
        "squawk": "4647",
        "spi": false,
        "position_source": 0
      }
    },
    {
      "type": "Feature",
      "geometry": {
        "type": "Point",
        "coordinates": [
          12.4231,
          37.9517
        ]
      },
      "properties": {
        "icao24": "4d222b",
        "callsign": "RYR5665",
        "origin_country": "Malta",
        "time_position": 1788558133,
        "last_contact": 1788558133,
        "baro_altitude": 281.94,
        "on_ground": false,
        "velocity": 80.36,
        "true_track": 127.46,
        "vertical_rate": -4.88,
        "geo_altitude": 403.86,
        "squawk": "2561",
        "spi": false,
        "position_source": 0
      }
    },
    {
      "type": "Feature",
      "geometry": {
        "type": "Point",
        "coordinates": [
          17.1242,
          47.3836
        ]
      },
      "properties": {
        "icao24": "4d2240",
        "callsign": "RYR295B",
        "origin_country": "Malta",
        "time_position": 1788558294,
        "last_contact": 1788558294,
        "baro_altitude": 10972.8,
        "on_ground": false,
        "velocity": 218.12,
        "true_track": 319.21,
        "vertical_rate": 0,
        "geo_altitude": 11536.68,
        "squawk": "1753",
        "spi": false,
        "position_source": 0
      }
    },
    {
      "type": "Feature",
      "geometry": {
        "type": "Point",
        "coordinates": [
          12.8497,
          41.1456
        ]
      },
      "properties": {
        "icao24": "4d2211",
        "callsign": "RYR5U",
        "origin_country": "Malta",
        "time_position": 1788558294,
        "last_contact": 1788558294,
        "baro_altitude": 9418.32,
        "on_ground": false,
        "velocity": 230.85,
        "true_track": 288.31,
        "vertical_rate": 4.88,
        "geo_altitude": 10020.3,
        "squawk": null,
        "spi": false,
        "position_source": 0
      }
    },
    {
      "type": "Feature",
      "geometry": {
        "type": "Point",
        "coordinates": [
          15.2669,
          44.2364
        ]
      },
      "properties": {
        "icao24": "4d2222",
        "callsign": "RYR38DU",
        "origin_country": "Malta",
        "time_position": 1788558294,
        "last_contact": 1788558294,
        "baro_altitude": 10668,
        "on_ground": false,
        "velocity": 234.71,
        "true_track": 200.26,
        "vertical_rate": 0,
        "geo_altitude": 11285.22,
        "squawk": "7373",
        "spi": false,
        "position_source": 0
      }
    },
    {
      "type": "Feature",
      "geometry": {
        "type": "Point",
        "coordinates": [
          14.8773,
          42.8091
        ]
      },
      "properties": {
        "icao24": "4d2220",
        "callsign": "RYR36VA",
        "origin_country": "Malta",
        "time_position": 1788558294,
        "last_contact": 1788558294,
        "baro_altitude": 11887.2,
        "on_ground": false,
        "velocity": 235.82,
        "true_track": 129.25,
        "vertical_rate": 0,
        "geo_altitude": 12534.9,
        "squawk": "1000",
        "spi": false,
        "position_source": 0
      }
    },
    {
      "type": "Feature",
      "geometry": {
        "type": "Point",
        "coordinates": [
          8.6368,
          43.2748
        ]
      },
      "properties": {
        "icao24": "406015",
        "callsign": "EZY17CB",
        "origin_country": "United Kingdom",
        "time_position": 1788558294,
        "last_contact": 1788558294,
        "baro_altitude": 11582.4,
        "on_ground": false,
        "velocity": 222.13,
        "true_track": 291.04,
        "vertical_rate": 0,
        "geo_altitude": 12260.58,
        "squawk": "4037",
        "spi": false,
        "position_source": 0
      }
    },
    {
      "type": "Feature",
      "geometry": {
        "type": "Point",
        "coordinates": [
          10.398,
          43.6873
        ]
      },
      "properties": {
        "icao24": "4d2289",
        "callsign": "RYR5EA",
        "origin_country": "Malta",
        "time_position": 1788558056,
        "last_contact": 1788558056,
        "baro_altitude": null,
        "on_ground": true,
        "velocity": 33.44,
        "true_track": 36.56,
        "vertical_rate": null,
        "geo_altitude": null,
        "squawk": null,
        "spi": false,
        "position_source": 0
      }
    },
    {
      "type": "Feature",
      "geometry": {
        "type": "Point",
        "coordinates": [
          12.7145,
          38.6862
        ]
      },
      "properties": {
        "icao24": "4d227f",
        "callsign": "RYR1TD",
        "origin_country": "Malta",
        "time_position": 1788558190,
        "last_contact": 1788558190,
        "baro_altitude": 3238.5,
        "on_ground": false,
        "velocity": 208.95,
        "true_track": 169.22,
        "vertical_rate": -13,
        "geo_altitude": 4533.9,
        "squawk": "1000",
        "spi": false,
        "position_source": 0
      }
    },
    {
      "type": "Feature",
      "geometry": {
        "type": "Point",
        "coordinates": [
          12.9936,
          41.6639
        ]
      },
      "properties": {
        "icao24": "4d226f",
        "callsign": "RYR9QM",
        "origin_country": "Malta",
        "time_position": 1788558294,
        "last_contact": 1788558294,
        "baro_altitude": 11277.6,
        "on_ground": false,
        "velocity": 234.75,
        "true_track": 136.86,
        "vertical_rate": 0,
        "geo_altitude": 11932.92,
        "squawk": "1000",
        "spi": false,
        "position_source": 0
      }
    },
    {
      "type": "Feature",
      "geometry": {
        "type": "Point",
        "coordinates": [
          8.2052,
          47.3993
        ]
      },
      "properties": {
        "icao24": "4d2287",
        "callsign": "RYR8428",
        "origin_country": "Malta",
        "time_position": 1788558295,
        "last_contact": 1788558295,
        "baro_altitude": 11582.4,
        "on_ground": false,
        "velocity": 209.2,
        "true_track": 302.75,
        "vertical_rate": -0.33,
        "geo_altitude": 12146.28,
        "squawk": "2767",
        "spi": false,
        "position_source": 0
      }
    },
    {
      "type": "Feature",
      "geometry": {
        "type": "Point",
        "coordinates": [
          13.9855,
          40.7828
        ]
      },
      "properties": {
        "icao24": "4d2265",
        "callsign": "RYR5QW",
        "origin_country": "Malta",
        "time_position": 1788558295,
        "last_contact": 1788558295,
        "baro_altitude": 11277.6,
        "on_ground": false,
        "velocity": 231.45,
        "true_track": 153.89,
        "vertical_rate": 0,
        "geo_altitude": 11948.16,
        "squawk": "7432",
        "spi": false,
        "position_source": 0
      }
    },
    {
      "type": "Feature",
      "geometry": {
        "type": "Point",
        "coordinates": [
          16.427,
          42.614
        ]
      },
      "properties": {
        "icao24": "4d2260",
        "callsign": "RYR63UE",
        "origin_country": "Malta",
        "time_position": 1788558261,
        "last_contact": 1788558267,
        "baro_altitude": 10972.8,
        "on_ground": false,
        "velocity": 225.49,
        "true_track": 318.05,
        "vertical_rate": 0,
        "geo_altitude": 11605.26,
        "squawk": null,
        "spi": false,
        "position_source": 0
      }
    },
    {
      "type": "Feature",
      "geometry": {
        "type": "Point",
        "coordinates": [
          18.1034,
          36.0285
        ]
      },
      "properties": {
        "icao24": "4d2190",
        "callsign": "DAH3030",
        "origin_country": "Malta",
        "time_position": 1788558295,
        "last_contact": 1788558295,
        "baro_altitude": 10668,
        "on_ground": false,
        "velocity": 220.83,
        "true_track": 92,
        "vertical_rate": 0,
        "geo_altitude": 11277.6,
        "squawk": "4117",
        "spi": false,
        "position_source": 0
      }
    },
    {
      "type": "Feature",
      "geometry": {
        "type": "Point",
        "coordinates": [
          8.7222,
          45.6303
        ]
      },
      "properties": {
        "icao24": "4b19ef",
        "callsign": "SWR3PD",
        "origin_country": "Switzerland",
        "time_position": 1788558295,
        "last_contact": 1788558295,
        "baro_altitude": null,
        "on_ground": true,
        "velocity": 9.26,
        "true_track": 258.75,
        "vertical_rate": null,
        "geo_altitude": null,
        "squawk": "1000",
        "spi": false,
        "position_source": 0
      }
    },
    {
      "type": "Feature",
      "geometry": {
        "type": "Point",
        "coordinates": [
          18.9498,
          40.0493
        ]
      },
      "properties": {
        "icao24": "4d20b1",
        "callsign": "WMT9059",
        "origin_country": "Malta",
        "time_position": 1788558267,
        "last_contact": 1788558290,
        "baro_altitude": 9753.6,
        "on_ground": false,
        "velocity": 228.81,
        "true_track": 289.98,
        "vertical_rate": 0,
        "geo_altitude": 10347.96,
        "squawk": null,
        "spi": false,
        "position_source": 0
      }
    },
    {
      "type": "Feature",
      "geometry": {
        "type": "Point",
        "coordinates": [
          14.5951,
          38.7071
        ]
      },
      "properties": {
        "icao24": "4cac53",
        "callsign": "RYR5FG",
        "origin_country": "Ireland",
        "time_position": 1788558295,
        "last_contact": 1788558295,
        "baro_altitude": 8823.96,
        "on_ground": false,
        "velocity": 226.01,
        "true_track": 325.95,
        "vertical_rate": 5.53,
        "geo_altitude": 9418.32,
        "squawk": null,
        "spi": false,
        "position_source": 0
      }
    },
    {
      "type": "Feature",
      "geometry": {
        "type": "Point",
        "coordinates": [
          14.8857,
          36.3242
        ]
      },
      "properties": {
        "icao24": "4cac86",
        "callsign": "RYR3T",
        "origin_country": "Ireland",
        "time_position": 1788558295,
        "last_contact": 1788558295,
        "baro_altitude": 3543.3,
        "on_ground": false,
        "velocity": 197.49,
        "true_track": 185.68,
        "vertical_rate": -10.08,
        "geo_altitude": 3840.48,
        "squawk": "1254",
        "spi": false,
        "position_source": 0
      }
    },
    {
      "type": "Feature",
      "geometry": {
        "type": "Point",
        "coordinates": [
          7.709,
          47.4761
        ]
      },
      "properties": {
        "icao24": "4d20be",
        "callsign": "WMT9SK",
        "origin_country": "Malta",
        "time_position": 1788558294,
        "last_contact": 1788558295,
        "baro_altitude": 10675.62,
        "on_ground": false,
        "velocity": 247.42,
        "true_track": 158.02,
        "vertical_rate": 0,
        "geo_altitude": 11254.74,
        "squawk": "2206",
        "spi": false,
        "position_source": 0
      }
    },
    {
      "type": "Feature",
      "geometry": {
        "type": "Point",
        "coordinates": [
          16.6721,
          43.1583
        ]
      },
      "properties": {
        "icao24": "408347",
        "callsign": "EXS42YS",
        "origin_country": "United Kingdom",
        "time_position": 1788558282,
        "last_contact": 1788558294,
        "baro_altitude": 10972.8,
        "on_ground": false,
        "velocity": 223.95,
        "true_track": 309.69,
        "vertical_rate": 0,
        "geo_altitude": 11620.5,
        "squawk": "2075",
        "spi": false,
        "position_source": 0
      }
    },
    {
      "type": "Feature",
      "geometry": {
        "type": "Point",
        "coordinates": [
          16.0951,
          44.0656
        ]
      },
      "properties": {
        "icao24": "408305",
        "callsign": "EXS58RH",
        "origin_country": "United Kingdom",
        "time_position": 1788558294,
        "last_contact": 1788558294,
        "baro_altitude": 10972.8,
        "on_ground": false,
        "velocity": 222.77,
        "true_track": 302.55,
        "vertical_rate": 0,
        "geo_altitude": 11605.26,
        "squawk": "5610",
        "spi": false,
        "position_source": 0
      }
    },
    {
      "type": "Feature",
      "geometry": {
        "type": "Point",
        "coordinates": [
          13.9284,
          36.4101
        ]
      },
      "properties": {
        "icao24": "4d207c",
        "callsign": "RYR64AL",
        "origin_country": "Malta",
        "time_position": 1788558294,
        "last_contact": 1788558294,
        "baro_altitude": 5798.82,
        "on_ground": false,
        "velocity": 198.49,
        "true_track": 322.48,
        "vertical_rate": 9.75,
        "geo_altitude": 6210.3,
        "squawk": "6577",
        "spi": false,
        "position_source": 0
      }
    },
    {
      "type": "Feature",
      "geometry": {
        "type": "Point",
        "coordinates": [
          14.248,
          46.3815
        ]
      },
      "properties": {
        "icao24": "4081a9",
        "callsign": "EXS6XD",
        "origin_country": "United Kingdom",
        "time_position": 1788558294,
        "last_contact": 1788558294,
        "baro_altitude": 10972.8,
        "on_ground": false,
        "velocity": 215.99,
        "true_track": 307.74,
        "vertical_rate": 0.33,
        "geo_altitude": 11590.02,
        "squawk": "5324",
        "spi": false,
        "position_source": 0
      }
    },
    {
      "type": "Feature",
      "geometry": {
        "type": "Point",
        "coordinates": [
          17.8256,
          42.3234
        ]
      },
      "properties": {
        "icao24": "39e5c4",
        "callsign": "CRL958",
        "origin_country": "France",
        "time_position": 1788558293,
        "last_contact": 1788558293,
        "baro_altitude": 10668,
        "on_ground": false,
        "velocity": 253.94,
        "true_track": 131.8,
        "vertical_rate": 0,
        "geo_altitude": 11292.84,
        "squawk": "0654",
        "spi": false,
        "position_source": 0
      }
    },
    {
      "type": "Feature",
      "geometry": {
        "type": "Point",
        "coordinates": [
          9.4537,
          44.1777
        ]
      },
      "properties": {
        "icao24": "4b18fc",
        "callsign": "SWR282",
        "origin_country": "Switzerland",
        "time_position": 1788558294,
        "last_contact": 1788558294,
        "baro_altitude": 10058.4,
        "on_ground": false,
        "velocity": 244.43,
        "true_track": 164.12,
        "vertical_rate": 0,
        "geo_altitude": 10683.24,
        "squawk": "3004",
        "spi": false,
        "position_source": 0
      }
    },
    {
      "type": "Feature",
      "geometry": {
        "type": "Point",
        "coordinates": [
          10.5868,
          36.1544
        ]
      },
      "properties": {
        "icao24": "7100b4",
        "callsign": "SVA374",
        "origin_country": "Saudi Arabia",
        "time_position": 1788558294,
        "last_contact": 1788558294,
        "baro_altitude": 11879.58,
        "on_ground": false,
        "velocity": 231.94,
        "true_track": 98.42,
        "vertical_rate": 0,
        "geo_altitude": 12557.76,
        "squawk": "6435",
        "spi": false,
        "position_source": 0
      }
    },
    {
      "type": "Feature",
      "geometry": {
        "type": "Point",
        "coordinates": [
          14.4141,
          46.9523
        ]
      },
      "properties": {
        "icao24": "4b191e",
        "callsign": "SWR176",
        "origin_country": "Switzerland",
        "time_position": 1788558294,
        "last_contact": 1788558294,
        "baro_altitude": 9448.8,
        "on_ground": false,
        "velocity": 280.08,
        "true_track": 96.43,
        "vertical_rate": 0,
        "geo_altitude": 9989.82,
        "squawk": "3077",
        "spi": false,
        "position_source": 0
      }
    },
    {
      "type": "Feature",
      "geometry": {
        "type": "Point",
        "coordinates": [
          10.3901,
          43.6797
        ]
      },
      "properties": {
        "icao24": "4caa5c",
        "callsign": "RYR54BY",
        "origin_country": "Ireland",
        "time_position": 1788558294,
        "last_contact": 1788558294,
        "baro_altitude": -53.34,
        "on_ground": false,
        "velocity": 77.89,
        "true_track": 36.95,
        "vertical_rate": -0.33,
        "geo_altitude": 60.96,
        "squawk": null,
        "spi": false,
        "position_source": 0
      }
    },
    {
      "type": "Feature",
      "geometry": {
        "type": "Point",
        "coordinates": [
          12.8017,
          46.7485
        ]
      },
      "properties": {
        "icao24": "4b193f",
        "callsign": "CSW2KP",
        "origin_country": "Switzerland",
        "time_position": 1788558294,
        "last_contact": 1788558295,
        "baro_altitude": 10668,
        "on_ground": false,
        "velocity": 257.28,
        "true_track": 117.9,
        "vertical_rate": 0.33,
        "geo_altitude": 11254.74,
        "squawk": "3054",
        "spi": false,
        "position_source": 0
      }
    },
    {
      "type": "Feature",
      "geometry": {
        "type": "Point",
        "coordinates": [
          18.6262,
          39.4208
        ]
      },
      "properties": {
        "icao24": "4692d8",
        "callsign": "AEE3RF",
        "origin_country": "Greece",
        "time_position": 1788558294,
        "last_contact": 1788558294,
        "baro_altitude": 11887.2,
        "on_ground": false,
        "velocity": 222.31,
        "true_track": 113.6,
        "vertical_rate": -0.33,
        "geo_altitude": 12512.04,
        "squawk": null,
        "spi": false,
        "position_source": 0
      }
    },
    {
      "type": "Feature",
      "geometry": {
        "type": "Point",
        "coordinates": [
          14.6386,
          35.7272
        ]
      },
      "properties": {
        "icao24": "4d2035",
        "callsign": "KMM643",
        "origin_country": "Malta",
        "time_position": 1788558294,
        "last_contact": 1788558294,
        "baro_altitude": 891.54,
        "on_ground": false,
        "velocity": 106.96,
        "true_track": 314.22,
        "vertical_rate": -5.53,
        "geo_altitude": 1028.7,
        "squawk": "1204",
        "spi": false,
        "position_source": 0
      }
    },
    {
      "type": "Feature",
      "geometry": {
        "type": "Point",
        "coordinates": [
          11.1618,
          40.6169
        ]
      },
      "properties": {
        "icao24": "4d2038",
        "callsign": "KMM103",
        "origin_country": "Malta",
        "time_position": 1788558294,
        "last_contact": 1788558295,
        "baro_altitude": 11887.2,
        "on_ground": false,
        "velocity": 235.25,
        "true_track": 162.04,
        "vertical_rate": 0,
        "geo_altitude": 12573,
        "squawk": "0466",
        "spi": false,
        "position_source": 0
      }
    },
    {
      "type": "Feature",
      "geometry": {
        "type": "Point",
        "coordinates": [
          14.7672,
          43.7135
        ]
      },
      "properties": {
        "icao24": "4d200c",
        "callsign": "WZZ66RG",
        "origin_country": "Malta",
        "time_position": 1788558294,
        "last_contact": 1788558294,
        "baro_altitude": 11285.22,
        "on_ground": false,
        "velocity": 237.93,
        "true_track": 100.34,
        "vertical_rate": 0,
        "geo_altitude": 11940.54,
        "squawk": "0414",
        "spi": false,
        "position_source": 0
      }
    },
    {
      "type": "Feature",
      "geometry": {
        "type": "Point",
        "coordinates": [
          7.1289,
          46.3705
        ]
      },
      "properties": {
        "icao24": "4d200d",
        "callsign": "WZZ5NE",
        "origin_country": "Malta",
        "time_position": 1788558294,
        "last_contact": 1788558294,
        "baro_altitude": 11582.4,
        "on_ground": false,
        "velocity": 255.53,
        "true_track": 58.17,
        "vertical_rate": -0.33,
        "geo_altitude": 12192,
        "squawk": "1000",
        "spi": false,
        "position_source": 0
      }
    },
    {
      "type": "Feature",
      "geometry": {
        "type": "Point",
        "coordinates": [
          15.9778,
          43.9768
        ]
      },
      "properties": {
        "icao24": "4082cc",
        "callsign": "TOM7WA",
        "origin_country": "United Kingdom",
        "time_position": 1788558294,
        "last_contact": 1788558294,
        "baro_altitude": 11582.4,
        "on_ground": false,
        "velocity": 222.81,
        "true_track": 302.08,
        "vertical_rate": 0,
        "geo_altitude": 12222.48,
        "squawk": "6631",
        "spi": false,
        "position_source": 0
      }
    }
  ]
}